{
	"start":	{
		"connected":	[{
				"socket":	5,
				"local_host":	"10.0.5.10",
				"local_port":	39872,
				"remote_host":	"10.0.6.10",
				"remote_port":	5204
			}],
		"version":	"iperf 3.7",
		"system_info":	"Linux ubunu2004 5.11.0-40-generic #44~20.04.2-Ubuntu SMP Tue Oct 26 18:07:44 UTC 2021 x86_64",
		"timestamp":	{
			"time":	"Fri, 19 Nov 2021 08:38:36 GMT",
			"timesecs":	1637311116
		},
		"connecting_to":	{
			"host":	"10.0.6.10",
			"port":	5204
		},
		"cookie":	"jrlkrqz5j3cfwvhm6pdbc2dyp3tp5ect7uyq",
		"tcp_mss_default":	1448,
		"target_bitrate":	1000000000,
		"sock_bufsize":	0,
		"sndbuf_actual":	87380,
		"rcvbuf_actual":	87380,
		"test_start":	{
			"protocol":	"TCP",
			"num_streams":	1,
			"blksize":	131072,
			"omit":	0,
			"duration":	10,
			"bytes":	0,
			"blocks":	0,
			"reverse":	0,
			"tos":	0
		}
	},
	"intervals":	[{
			"streams":	[{
					"socket":	5,
					"start":	0,
					"end":	1.000119,
					"seconds":	1.0001189708709717,
					"bytes":	166520,
					"bits_per_second":	1332001.5306177668,
					"retransmits":	0,
					"snd_cwnd":	28960,
					"rtt":	252610,
					"rttvar":	180210,
					"pmtu":	1500,
					"omitted":	false,
					"sender":	true
				}],
			"sum":	{
				"start":	0,
				"end":	1.000119,
				"seconds":	1.0001189708709717,
				"bytes":	166520,
				"bits_per_second":	1332001.5306177668,
				"retransmits":	0,
				"omitted":	false,
				"sender":	true
			}
		}, {
			"streams":	[{
					"socket":	5,
					"start":	1.000119,
					"end":	2.000114,
					"seconds":	0.99999499320983887,
					"bytes":	239672,
					"bits_per_second":	1917385.5999473569,
					"retransmits":	0,
					"snd_cwnd":	92672,
					"rtt":	507923,
					"rttvar":	148871,
					"pmtu":	1500,
					"omitted":	false,
					"sender":	true
				}],
			"sum":	{
				"start":	1.000119,
				"end":	2.000114,
				"seconds":	0.99999499320983887,
				"bytes":	239672,
				"bits_per_second":	1917385.5999473569,
				"retransmits":	0,
				"omitted":	false,
				"sender":	true
			}
		}, {
			"streams":	[{
					"socket":	5,
					"start":	2.000114,
					"end":	3.000105,
					"seconds":	0.99999099969863892,
					"bytes":	917504,
					"bits_per_second":	7340098.063094588,
					"retransmits":	0,
					"snd_cwnd":	279464,
					"rtt":	586173,
					"rttvar":	31080,
					"pmtu":	1500,
					"omitted":	false,
					"sender":	true
				}],
			"sum":	{
				"start":	2.000114,
				"end":	3.000105,
				"seconds":	0.99999099969863892,
				"bytes":	917504,
				"bits_per_second":	7340098.063094588,
				"retransmits":	0,
				"omitted":	false,
				"sender":	true
			}
		}, {
			"streams":	[{
					"socket":	5,
					"start":	3.000105,
					"end":	4.000208,
					"seconds":	1.0001029968261719,
					"bytes":	2490368,
					"bits_per_second":	19920892.21132772,
					"retransmits":	0,
					"snd_cwnd":	821016,
					"rtt":	601542,
					"rttvar":	46075,
					"pmtu":	1500,
					"omitted":	false,
					"sender":	true
				}],
			"sum":	{
				"start":	3.000105,
				"end":	4.000208,
				"seconds":	1.0001029968261719,
				"bytes":	2490368,
				"bits_per_second":	19920892.21132772,
				"retransmits":	0,
				"omitted":	false,
				"sender":	true
			}
		}, {
			"streams":	[{
					"socket":	5,
					"start":	4.000208,
					"end":	5.000418,
					"seconds":	1.0002100467681885,
					"bytes":	6553600,
					"bits_per_second":	52417789.812654272,
					"retransmits":	0,
					"snd_cwnd":	2195168,
					"rtt":	607761,
					"rttvar":	62896,
					"pmtu":	1500,
					"omitted":	false,
					"sender":	true
				}],
			"sum":	{
				"start":	4.000208,
				"end":	5.000418,
				"seconds":	1.0002100467681885,
				"bytes":	6553600,
				"bits_per_second":	52417789.812654272,
				"retransmits":	0,
				"omitted":	false,
				"sender":	true
			}
		}, {
			"streams":	[{
					"socket":	5,
					"start":	5.000418,
					"end":	6.000377,
					"seconds":	0.99995899200439453,
					"bytes":	6684672,
					"bits_per_second":	53479569.089934222,
					"retransmits":	0,
					"snd_cwnd":	6474008,
					"rtt":	608648,
					"rttvar":	51189,
					"pmtu":	1500,
					"omitted":	false,
					"sender":	true
				}],
			"sum":	{
				"start":	5.000418,
				"end":	6.000377,
				"seconds":	0.99995899200439453,
				"bytes":	6684672,
				"bits_per_second":	53479569.089934222,
				"retransmits":	0,
				"omitted":	false,
				"sender":	true
			}
		}, {
			"streams":	[{
					"socket":	5,
					"start":	6.000377,
					"end":	7.000208,
					"seconds":	0.99983102083206177,
					"bytes":	12845056,
					"bits_per_second":	102777815.30971354,
					"retransmits":	0,
					"snd_cwnd":	17057440,
					"rtt":	611513,
					"rttvar":	55687,
					"pmtu":	1500,
					"omitted":	false,
					"sender":	true
				}],
			"sum":	{
				"start":	6.000377,
				"end":	7.000208,
				"seconds":	0.99983102083206177,
				"bytes":	12845056,
				"bits_per_second":	102777815.30971354,
				"retransmits":	0,
				"omitted":	false,
				"sender":	true
			}
		}, {
			"streams":	[{
					"socket":	5,
					"start":	7.000208,
					"end":	8.000161,
					"seconds":	0.99995297193527222,
					"bytes":	11534336,
					"bits_per_second":	92279027.704087883,
					"retransmits":	0,
					"snd_cwnd":	17057440,
					"rtt":	644483,
					"rttvar":	113029,
					"pmtu":	1500,
					"omitted":	false,
					"sender":	true
				}],
			"sum":	{
				"start":	7.000208,
				"end":	8.000161,
				"seconds":	0.99995297193527222,
				"bytes":	11534336,
				"bits_per_second":	92279027.704087883,
				"retransmits":	0,
				"omitted":	false,
				"sender":	true
			}
		}, {
			"streams":	[{
					"socket":	5,
					"start":	8.000161,
					"end":	9.000314,
					"seconds":	1.0001529455184937,
					"bytes":	11665408,
					"bits_per_second":	93308992.807714909,
					"retransmits":	0,
					"snd_cwnd":	17057440,
					"rtt":	658204,
					"rttvar":	127208,
					"pmtu":	1500,
					"omitted":	false,
					"sender":	true
				}],
			"sum":	{
				"start":	8.000161,
				"end":	9.000314,
				"seconds":	1.0001529455184937,
				"bytes":	11665408,
				"bits_per_second":	93308992.807714909,
				"retransmits":	0,
				"omitted":	false,
				"sender":	true
			}
		}, {
			"streams":	[{
					"socket":	5,
					"start":	9.000314,
					"end":	10.000272,
					"seconds":	0.99995797872543335,
					"bytes":	12582912,
					"bits_per_second":	100667526.17775746,
					"retransmits":	0,
					"snd_cwnd":	17057440,
					"rtt":	648925,
					"rttvar":	115378,
					"pmtu":	1500,
					"omitted":	false,
					"sender":	true
				}],
			"sum":	{
				"start":	9.000314,
				"end":	10.000272,
				"seconds":	0.99995797872543335,
				"bytes":	12582912,
				"bits_per_second":	100667526.17775746,
				"retransmits":	0,
				"omitted":	false,
				"sender":	true
			}
		}],
	"end":	{
		"streams":	[{
				"sender":	{
					"socket":	5,
					"start":	0,
					"end":	10.000272,
					"seconds":	10.000272,
					"bytes":	65680048,
					"bits_per_second":	52542609.241028637,
					"retransmits":	0,
					"max_snd_cwnd":	17057440,
					"max_rtt":	658204,
					"min_rtt":	252610,
					"mean_rtt":	572778,
					"sender":	true
				},
				"receiver":	{
					"socket":	5,
					"start":	0,
					"end":	10.332317,
					"seconds":	10.000272,
					"bytes":	61941096,
					"bits_per_second":	47959113.914139494,
					"sender":	true
				}
			}],
		"sum_sent":	{
			"start":	0,
			"end":	10.000272,
			"seconds":	10.000272,
			"bytes":	65680048,
			"bits_per_second":	52542609.241028637,
			"retransmits":	0,
			"sender":	true
		},
		"sum_received":	{
			"start":	0,
			"end":	10.332317,
			"seconds":	10.332317,
			"bytes":	61941096,
			"bits_per_second":	47959113.914139494,
			"sender":	true
		},
		"cpu_utilization_percent":	{
			"host_total":	5.0864176533972953,
			"host_user":	1.5049039008098568,
			"host_system":	3.5815137525874383,
			"remote_total":	1.4486419720974055,
			"remote_user":	0.23534550215349534,
			"remote_system":	1.2132964699439102
		},
		"sender_tcp_congestion":	"cubic",
		"receiver_tcp_congestion":	"cubic"
	}
}
