{
	"start":	{
		"connected":	[{
				"socket":	5,
				"local_host":	"10.0.2.11",
				"local_port":	36538,
				"remote_host":	"10.0.6.10",
				"remote_port":	5201
			}],
		"version":	"iperf 3.7",
		"system_info":	"Linux ubunu2004 5.11.0-40-generic #44~20.04.2-Ubuntu SMP Tue Oct 26 18:07:44 UTC 2021 x86_64",
		"timestamp":	{
			"time":	"Fri, 19 Nov 2021 08:38:36 GMT",
			"timesecs":	1637311116
		},
		"connecting_to":	{
			"host":	"10.0.6.10",
			"port":	5201
		},
		"cookie":	"asvm3bxsf2f7w2sx66diowsjbmpicxeafqmh",
		"tcp_mss_default":	1448,
		"target_bitrate":	1000000000,
		"sock_bufsize":	0,
		"sndbuf_actual":	87380,
		"rcvbuf_actual":	87380,
		"test_start":	{
			"protocol":	"TCP",
			"num_streams":	1,
			"blksize":	131072,
			"omit":	0,
			"duration":	10,
			"bytes":	0,
			"blocks":	0,
			"reverse":	0,
			"tos":	0
		}
	},
	"intervals":	[{
			"streams":	[{
					"socket":	5,
					"start":	0,
					"end":	1.00013,
					"seconds":	1.0001300573349,
					"bytes":	79640,
					"bits_per_second":	637037.14864621486,
					"retransmits":	0,
					"snd_cwnd":	17376,
					"rtt":	184363,
					"rttvar":	146956,
					"pmtu":	1500,
					"omitted":	false,
					"sender":	true
				}],
			"sum":	{
				"start":	0,
				"end":	1.00013,
				"seconds":	1.0001300573349,
				"bytes":	79640,
				"bits_per_second":	637037.14864621486,
				"retransmits":	0,
				"omitted":	false,
				"sender":	true
			}
		}, {
			"streams":	[{
					"socket":	5,
					"start":	1.00013,
					"end":	2.000095,
					"seconds":	0.99996501207351685,
					"bytes":	130320,
					"bits_per_second":	1042596.478288934,
					"retransmits":	1,
					"snd_cwnd":	36200,
					"rtt":	265079,
					"rttvar":	222617,
					"pmtu":	1500,
					"omitted":	false,
					"sender":	true
				}],
			"sum":	{
				"start":	1.00013,
				"end":	2.000095,
				"seconds":	0.99996501207351685,
				"bytes":	130320,
				"bits_per_second":	1042596.478288934,
				"retransmits":	1,
				"omitted":	false,
				"sender":	true
			}
		}, {
			"streams":	[{
					"socket":	5,
					"start":	2.000095,
					"end":	3.000188,
					"seconds":	1.0000929832458496,
					"bytes":	131072,
					"bits_per_second":	1048478.5090650236,
					"retransmits":	0,
					"snd_cwnd":	69504,
					"rtt":	364228,
					"rttvar":	365261,
					"pmtu":	1500,
					"omitted":	false,
					"sender":	true
				}],
			"sum":	{
				"start":	2.000095,
				"end":	3.000188,
				"seconds":	1.0000929832458496,
				"bytes":	131072,
				"bits_per_second":	1048478.5090650236,
				"retransmits":	0,
				"omitted":	false,
				"sender":	true
			}
		}, {
			"streams":	[{
					"socket":	5,
					"start":	3.000188,
					"end":	4.000737,
					"seconds":	1.0005489587783813,
					"bytes":	0,
					"bits_per_second":	0,
					"retransmits":	0,
					"snd_cwnd":	69504,
					"rtt":	364228,
					"rttvar":	365261,
					"pmtu":	1500,
					"omitted":	false,
					"sender":	true
				}],
			"sum":	{
				"start":	3.000188,
				"end":	4.000737,
				"seconds":	1.0005489587783813,
				"bytes":	0,
				"bits_per_second":	0,
				"retransmits":	0,
				"omitted":	false,
				"sender":	true
			}
		}, {
			"streams":	[{
					"socket":	5,
					"start":	4.000737,
					"end":	5.000688,
					"seconds":	0.99995100498199463,
					"bytes":	0,
					"bits_per_second":	0,
					"retransmits":	0,
					"snd_cwnd":	69504,
					"rtt":	364228,
					"rttvar":	365261,
					"pmtu":	1500,
					"omitted":	false,
					"sender":	true
				}],
			"sum":	{
				"start":	4.000737,
				"end":	5.000688,
				"seconds":	0.99995100498199463,
				"bytes":	0,
				"bits_per_second":	0,
				"retransmits":	0,
				"omitted":	false,
				"sender":	true
			}
		}, {
			"streams":	[{
					"socket":	5,
					"start":	5.000688,
					"end":	6.000074,
					"seconds":	0.9993860125541687,
					"bytes":	0,
					"bits_per_second":	0,
					"retransmits":	1,
					"snd_cwnd":	1448,
					"rtt":	364228,
					"rttvar":	365261,
					"pmtu":	1500,
					"omitted":	false,
					"sender":	true
				}],
			"sum":	{
				"start":	5.000688,
				"end":	6.000074,
				"seconds":	0.9993860125541687,
				"bytes":	0,
				"bits_per_second":	0,
				"retransmits":	1,
				"omitted":	false,
				"sender":	true
			}
		}, {
			"streams":	[{
					"socket":	5,
					"start":	6.000074,
					"end":	7.000648,
					"seconds":	1.000573992729187,
					"bytes":	0,
					"bits_per_second":	0,
					"retransmits":	0,
					"snd_cwnd":	1448,
					"rtt":	364228,
					"rttvar":	365261,
					"pmtu":	1500,
					"omitted":	false,
					"sender":	true
				}],
			"sum":	{
				"start":	6.000074,
				"end":	7.000648,
				"seconds":	1.000573992729187,
				"bytes":	0,
				"bits_per_second":	0,
				"retransmits":	0,
				"omitted":	false,
				"sender":	true
			}
		}, {
			"streams":	[{
					"socket":	5,
					"start":	7.000648,
					"end":	8.000332,
					"seconds":	0.99968397617340088,
					"bytes":	0,
					"bits_per_second":	0,
					"retransmits":	0,
					"snd_cwnd":	1448,
					"rtt":	364228,
					"rttvar":	365261,
					"pmtu":	1500,
					"omitted":	false,
					"sender":	true
				}],
			"sum":	{
				"start":	7.000648,
				"end":	8.000332,
				"seconds":	0.99968397617340088,
				"bytes":	0,
				"bits_per_second":	0,
				"retransmits":	0,
				"omitted":	false,
				"sender":	true
			}
		}, {
			"streams":	[{
					"socket":	5,
					"start":	8.000332,
					"end":	9.000353,
					"seconds":	1.0000209808349609,
					"bytes":	0,
					"bits_per_second":	0,
					"retransmits":	0,
					"snd_cwnd":	1448,
					"rtt":	364228,
					"rttvar":	365261,
					"pmtu":	1500,
					"omitted":	false,
					"sender":	true
				}],
			"sum":	{
				"start":	8.000332,
				"end":	9.000353,
				"seconds":	1.0000209808349609,
				"bytes":	0,
				"bits_per_second":	0,
				"retransmits":	0,
				"omitted":	false,
				"sender":	true
			}
		}, {
			"streams":	[{
					"socket":	5,
					"start":	9.000353,
					"end":	10.001912,
					"seconds":	1.0015590190887451,
					"bytes":	0,
					"bits_per_second":	0,
					"retransmits":	1,
					"snd_cwnd":	1448,
					"rtt":	364228,
					"rttvar":	365261,
					"pmtu":	1500,
					"omitted":	false,
					"sender":	true
				}],
			"sum":	{
				"start":	9.000353,
				"end":	10.001912,
				"seconds":	1.0015590190887451,
				"bytes":	0,
				"bits_per_second":	0,
				"retransmits":	1,
				"omitted":	false,
				"sender":	true
			}
		}],
	"end":	{
		"streams":	[{
				"sender":	{
					"socket":	5,
					"start":	0,
					"end":	10.001912,
					"seconds":	10.001912,
					"bytes":	341032,
					"bits_per_second":	272773.44571717887,
					"retransmits":	3,
					"max_snd_cwnd":	69504,
					"max_rtt":	364228,
					"min_rtt":	184363,
					"mean_rtt":	336326,
					"sender":	true
				},
				"receiver":	{
					"socket":	5,
					"start":	0,
					"end":	10.496434,
					"seconds":	10.001912,
					"bytes":	97008,
					"bits_per_second":	73935.9672056243,
					"sender":	true
				}
			}],
		"sum_sent":	{
			"start":	0,
			"end":	10.001912,
			"seconds":	10.001912,
			"bytes":	341032,
			"bits_per_second":	272773.44571717887,
			"retransmits":	3,
			"sender":	true
		},
		"sum_received":	{
			"start":	0,
			"end":	10.496434,
			"seconds":	10.496434,
			"bytes":	97008,
			"bits_per_second":	73935.9672056243,
			"sender":	true
		},
		"cpu_utilization_percent":	{
			"host_total":	5.7588043271561364,
			"host_user":	1.7027810919674153,
			"host_system":	4.0560232351887207,
			"remote_total":	0.082322347006380109,
			"remote_user":	0,
			"remote_system":	0.082331235188954771
		},
		"sender_tcp_congestion":	"cubic",
		"receiver_tcp_congestion":	"cubic"
	}
}
