{
	"start":	{
		"connected":	[{
				"socket":	5,
				"local_host":	"10.0.3.12",
				"local_port":	47156,
				"remote_host":	"10.0.6.10",
				"remote_port":	5202
			}],
		"version":	"iperf 3.7",
		"system_info":	"Linux ubunu2004 5.11.0-40-generic #44~20.04.2-Ubuntu SMP Tue Oct 26 18:07:44 UTC 2021 x86_64",
		"timestamp":	{
			"time":	"Fri, 19 Nov 2021 08:38:36 GMT",
			"timesecs":	1637311116
		},
		"connecting_to":	{
			"host":	"10.0.6.10",
			"port":	5202
		},
		"cookie":	"5iq4eavbqasqw2gikxobvgcnghitqkn2vzgj",
		"tcp_mss_default":	1448,
		"target_bitrate":	1000000000,
		"sock_bufsize":	0,
		"sndbuf_actual":	87380,
		"rcvbuf_actual":	87380,
		"test_start":	{
			"protocol":	"TCP",
			"num_streams":	1,
			"blksize":	131072,
			"omit":	0,
			"duration":	10,
			"bytes":	0,
			"blocks":	0,
			"reverse":	0,
			"tos":	0
		}
	},
	"intervals":	[{
			"streams":	[{
					"socket":	5,
					"start":	0,
					"end":	1.000149,
					"seconds":	1.0001490116119385,
					"bytes":	79640,
					"bits_per_second":	637025.07586659992,
					"retransmits":	0,
					"snd_cwnd":	17376,
					"rtt":	195171,
					"rttvar":	162415,
					"pmtu":	1500,
					"omitted":	false,
					"sender":	true
				}],
			"sum":	{
				"start":	0,
				"end":	1.000149,
				"seconds":	1.0001490116119385,
				"bytes":	79640,
				"bits_per_second":	637025.07586659992,
				"retransmits":	0,
				"omitted":	false,
				"sender":	true
			}
		}, {
			"streams":	[{
					"socket":	5,
					"start":	1.000149,
					"end":	2.000337,
					"seconds":	1.0001879930496216,
					"bytes":	130320,
					"bits_per_second":	1042364.0428047773,
					"retransmits":	1,
					"snd_cwnd":	36200,
					"rtt":	273413,
					"rttvar":	227040,
					"pmtu":	1500,
					"omitted":	false,
					"sender":	true
				}],
			"sum":	{
				"start":	1.000149,
				"end":	2.000337,
				"seconds":	1.0001879930496216,
				"bytes":	130320,
				"bits_per_second":	1042364.0428047773,
				"retransmits":	1,
				"omitted":	false,
				"sender":	true
			}
		}, {
			"streams":	[{
					"socket":	5,
					"start":	2.000337,
					"end":	3.000161,
					"seconds":	0.99982398748397827,
					"bytes":	131072,
					"bits_per_second":	1048760.5949910288,
					"retransmits":	0,
					"snd_cwnd":	69504,
					"rtt":	370886,
					"rttvar":	365227,
					"pmtu":	1500,
					"omitted":	false,
					"sender":	true
				}],
			"sum":	{
				"start":	2.000337,
				"end":	3.000161,
				"seconds":	0.99982398748397827,
				"bytes":	131072,
				"bits_per_second":	1048760.5949910288,
				"retransmits":	0,
				"omitted":	false,
				"sender":	true
			}
		}, {
			"streams":	[{
					"socket":	5,
					"start":	3.000161,
					"end":	4.000078,
					"seconds":	0.99991697072982788,
					"bytes":	393216,
					"bits_per_second":	3145989.2091880082,
					"retransmits":	0,
					"snd_cwnd":	152040,
					"rtt":	542038,
					"rttvar":	313353,
					"pmtu":	1500,
					"omitted":	false,
					"sender":	true
				}],
			"sum":	{
				"start":	3.000161,
				"end":	4.000078,
				"seconds":	0.99991697072982788,
				"bytes":	393216,
				"bits_per_second":	3145989.2091880082,
				"retransmits":	0,
				"omitted":	false,
				"sender":	true
			}
		}, {
			"streams":	[{
					"socket":	5,
					"start":	4.000078,
					"end":	5.00084,
					"seconds":	1.0007619857788086,
					"bytes":	1048576,
					"bits_per_second":	8382220.8669045856,
					"retransmits":	0,
					"snd_cwnd":	377928,
					"rtt":	630720,
					"rttvar":	196370,
					"pmtu":	1500,
					"omitted":	false,
					"sender":	true
				}],
			"sum":	{
				"start":	4.000078,
				"end":	5.00084,
				"seconds":	1.0007619857788086,
				"bytes":	1048576,
				"bits_per_second":	8382220.8669045856,
				"retransmits":	0,
				"omitted":	false,
				"sender":	true
			}
		}, {
			"streams":	[{
					"socket":	5,
					"start":	5.00084,
					"end":	6.000468,
					"seconds":	0.99962800741195679,
					"bytes":	2359296,
					"bits_per_second":	18881391.737778395,
					"retransmits":	0,
					"snd_cwnd":	878936,
					"rtt":	661383,
					"rttvar":	154657,
					"pmtu":	1500,
					"omitted":	false,
					"sender":	true
				}],
			"sum":	{
				"start":	5.00084,
				"end":	6.000468,
				"seconds":	0.99962800741195679,
				"bytes":	2359296,
				"bits_per_second":	18881391.737778395,
				"retransmits":	0,
				"omitted":	false,
				"sender":	true
			}
		}, {
			"streams":	[{
					"socket":	5,
					"start":	6.000468,
					"end":	7.000369,
					"seconds":	0.99990099668502808,
					"bytes":	7340032,
					"bits_per_second":	58726070.075612761,
					"retransmits":	0,
					"snd_cwnd":	2397888,
					"rtt":	680425,
					"rttvar":	117064,
					"pmtu":	1500,
					"omitted":	false,
					"sender":	true
				}],
			"sum":	{
				"start":	6.000468,
				"end":	7.000369,
				"seconds":	0.99990099668502808,
				"bytes":	7340032,
				"bits_per_second":	58726070.075612761,
				"retransmits":	0,
				"omitted":	false,
				"sender":	true
			}
		}, {
			"streams":	[{
					"socket":	5,
					"start":	7.000369,
					"end":	8.000127,
					"seconds":	0.99975800514221191,
					"bytes":	5636096,
					"bits_per_second":	45099681.891105525,
					"retransmits":	0,
					"snd_cwnd":	6523240,
					"rtt":	610305,
					"rttvar":	50145,
					"pmtu":	1500,
					"omitted":	false,
					"sender":	true
				}],
			"sum":	{
				"start":	7.000369,
				"end":	8.000127,
				"seconds":	0.99975800514221191,
				"bytes":	5636096,
				"bits_per_second":	45099681.891105525,
				"retransmits":	0,
				"omitted":	false,
				"sender":	true
			}
		}, {
			"streams":	[{
					"socket":	5,
					"start":	8.000127,
					"end":	9.000725,
					"seconds":	1.0005979537963867,
					"bytes":	12582912,
					"bits_per_second":	100603139.9705262,
					"retransmits":	0,
					"snd_cwnd":	17281880,
					"rtt":	616710,
					"rttvar":	62347,
					"pmtu":	1500,
					"omitted":	false,
					"sender":	true
				}],
			"sum":	{
				"start":	8.000127,
				"end":	9.000725,
				"seconds":	1.0005979537963867,
				"bytes":	12582912,
				"bits_per_second":	100603139.9705262,
				"retransmits":	0,
				"omitted":	false,
				"sender":	true
			}
		}, {
			"streams":	[{
					"socket":	5,
					"start":	9.000725,
					"end":	10.001346,
					"seconds":	1.00062096118927,
					"bytes":	12189696,
					"bits_per_second":	97457050.95373702,
					"retransmits":	0,
					"snd_cwnd":	17281880,
					"rtt":	627283,
					"rttvar":	79035,
					"pmtu":	1500,
					"omitted":	false,
					"sender":	true
				}],
			"sum":	{
				"start":	9.000725,
				"end":	10.001346,
				"seconds":	1.00062096118927,
				"bytes":	12189696,
				"bits_per_second":	97457050.95373702,
				"retransmits":	0,
				"omitted":	false,
				"sender":	true
			}
		}],
	"end":	{
		"streams":	[{
				"sender":	{
					"socket":	5,
					"start":	0,
					"end":	10.001346,
					"seconds":	10.001346,
					"bytes":	41890856,
					"bits_per_second":	33508174.599698883,
					"retransmits":	1,
					"max_snd_cwnd":	17281880,
					"max_rtt":	680425,
					"min_rtt":	195171,
					"mean_rtt":	520833,
					"sender":	true
				},
				"receiver":	{
					"socket":	5,
					"start":	0,
					"end":	10.388412,
					"seconds":	10.001346,
					"bytes":	38515352,
					"bits_per_second":	29660242.200636629,
					"sender":	true
				}
			}],
		"sum_sent":	{
			"start":	0,
			"end":	10.001346,
			"seconds":	10.001346,
			"bytes":	41890856,
			"bits_per_second":	33508174.599698883,
			"retransmits":	1,
			"sender":	true
		},
		"sum_received":	{
			"start":	0,
			"end":	10.388412,
			"seconds":	10.388412,
			"bytes":	38515352,
			"bits_per_second":	29660242.200636629,
			"sender":	true
		},
		"cpu_utilization_percent":	{
			"host_total":	5.7521178762240925,
			"host_user":	2.0964428487671682,
			"host_system":	3.6556750274569247,
			"remote_total":	0.97442387631681693,
			"remote_user":	0,
			"remote_system":	0.9744328559406138
		},
		"sender_tcp_congestion":	"cubic",
		"receiver_tcp_congestion":	"cubic"
	}
}
