{
	"start":	{
		"connected":	[{
				"socket":	5,
				"local_host":	"10.0.4.13",
				"local_port":	43030,
				"remote_host":	"10.0.6.10",
				"remote_port":	5203
			}],
		"version":	"iperf 3.7",
		"system_info":	"Linux ubunu2004 5.11.0-40-generic #44~20.04.2-Ubuntu SMP Tue Oct 26 18:07:44 UTC 2021 x86_64",
		"timestamp":	{
			"time":	"Fri, 19 Nov 2021 08:38:36 GMT",
			"timesecs":	1637311116
		},
		"connecting_to":	{
			"host":	"10.0.6.10",
			"port":	5203
		},
		"cookie":	"spxzkz2cnpu7p7mje4t4pawdwtptidvvzueu",
		"tcp_mss_default":	1448,
		"target_bitrate":	1000000000,
		"sock_bufsize":	0,
		"sndbuf_actual":	87380,
		"rcvbuf_actual":	87380,
		"test_start":	{
			"protocol":	"TCP",
			"num_streams":	1,
			"blksize":	131072,
			"omit":	0,
			"duration":	10,
			"bytes":	0,
			"blocks":	0,
			"reverse":	0,
			"tos":	0
		}
	},
	"intervals":	[{
			"streams":	[{
					"socket":	5,
					"start":	0,
					"end":	1.001447,
					"seconds":	1.0014469623565674,
					"bytes":	79640,
					"bits_per_second":	636199.44335419731,
					"retransmits":	0,
					"snd_cwnd":	17376,
					"rtt":	329825,
					"rttvar":	182469,
					"pmtu":	1500,
					"omitted":	false,
					"sender":	true
				}],
			"sum":	{
				"start":	0,
				"end":	1.001447,
				"seconds":	1.0014469623565674,
				"bytes":	79640,
				"bits_per_second":	636199.44335419731,
				"retransmits":	0,
				"omitted":	false,
				"sender":	true
			}
		}, {
			"streams":	[{
					"socket":	5,
					"start":	1.001447,
					"end":	2.000195,
					"seconds":	0.99874800443649292,
					"bytes":	130320,
					"bits_per_second":	1043866.9167486611,
					"retransmits":	0,
					"snd_cwnd":	37648,
					"rtt":	498415,
					"rttvar":	394342,
					"pmtu":	1500,
					"omitted":	false,
					"sender":	true
				}],
			"sum":	{
				"start":	1.001447,
				"end":	2.000195,
				"seconds":	0.99874800443649292,
				"bytes":	130320,
				"bits_per_second":	1043866.9167486611,
				"retransmits":	0,
				"omitted":	false,
				"sender":	true
			}
		}, {
			"streams":	[{
					"socket":	5,
					"start":	2.000195,
					"end":	3.000138,
					"seconds":	0.99994301795959473,
					"bytes":	131072,
					"bits_per_second":	1048635.7534048709,
					"retransmits":	0,
					"snd_cwnd":	78192,
					"rtt":	627195,
					"rttvar":	445134,
					"pmtu":	1500,
					"omitted":	false,
					"sender":	true
				}],
			"sum":	{
				"start":	2.000195,
				"end":	3.000138,
				"seconds":	0.99994301795959473,
				"bytes":	131072,
				"bits_per_second":	1048635.7534048709,
				"retransmits":	0,
				"omitted":	false,
				"sender":	true
			}
		}, {
			"streams":	[{
					"socket":	5,
					"start":	3.000138,
					"end":	4.000049,
					"seconds":	0.99991101026535034,
					"bytes":	0,
					"bits_per_second":	0,
					"retransmits":	0,
					"snd_cwnd":	78192,
					"rtt":	627195,
					"rttvar":	445134,
					"pmtu":	1500,
					"omitted":	false,
					"sender":	true
				}],
			"sum":	{
				"start":	3.000138,
				"end":	4.000049,
				"seconds":	0.99991101026535034,
				"bytes":	0,
				"bits_per_second":	0,
				"retransmits":	0,
				"omitted":	false,
				"sender":	true
			}
		}, {
			"streams":	[{
					"socket":	5,
					"start":	4.000049,
					"end":	5.000074,
					"seconds":	1.0000250339508057,
					"bytes":	0,
					"bits_per_second":	0,
					"retransmits":	0,
					"snd_cwnd":	78192,
					"rtt":	627195,
					"rttvar":	445134,
					"pmtu":	1500,
					"omitted":	false,
					"sender":	true
				}],
			"sum":	{
				"start":	4.000049,
				"end":	5.000074,
				"seconds":	1.0000250339508057,
				"bytes":	0,
				"bits_per_second":	0,
				"retransmits":	0,
				"omitted":	false,
				"sender":	true
			}
		}, {
			"streams":	[{
					"socket":	5,
					"start":	5.000074,
					"end":	6.000154,
					"seconds":	1.0000799894332886,
					"bytes":	0,
					"bits_per_second":	0,
					"retransmits":	0,
					"snd_cwnd":	78192,
					"rtt":	627195,
					"rttvar":	445134,
					"pmtu":	1500,
					"omitted":	false,
					"sender":	true
				}],
			"sum":	{
				"start":	5.000074,
				"end":	6.000154,
				"seconds":	1.0000799894332886,
				"bytes":	0,
				"bits_per_second":	0,
				"retransmits":	0,
				"omitted":	false,
				"sender":	true
			}
		}, {
			"streams":	[{
					"socket":	5,
					"start":	6.000154,
					"end":	7.000122,
					"seconds":	0.99996799230575562,
					"bytes":	0,
					"bits_per_second":	0,
					"retransmits":	1,
					"snd_cwnd":	1448,
					"rtt":	627195,
					"rttvar":	445134,
					"pmtu":	1500,
					"omitted":	false,
					"sender":	true
				}],
			"sum":	{
				"start":	6.000154,
				"end":	7.000122,
				"seconds":	0.99996799230575562,
				"bytes":	0,
				"bits_per_second":	0,
				"retransmits":	1,
				"omitted":	false,
				"sender":	true
			}
		}, {
			"streams":	[{
					"socket":	5,
					"start":	7.000122,
					"end":	8.000081,
					"seconds":	0.99995899200439453,
					"bytes":	0,
					"bits_per_second":	0,
					"retransmits":	0,
					"snd_cwnd":	1448,
					"rtt":	627195,
					"rttvar":	445134,
					"pmtu":	1500,
					"omitted":	false,
					"sender":	true
				}],
			"sum":	{
				"start":	7.000122,
				"end":	8.000081,
				"seconds":	0.99995899200439453,
				"bytes":	0,
				"bits_per_second":	0,
				"retransmits":	0,
				"omitted":	false,
				"sender":	true
			}
		}, {
			"streams":	[{
					"socket":	5,
					"start":	8.000081,
					"end":	9.000119,
					"seconds":	1.0000380277633667,
					"bytes":	0,
					"bits_per_second":	0,
					"retransmits":	0,
					"snd_cwnd":	1448,
					"rtt":	627195,
					"rttvar":	445134,
					"pmtu":	1500,
					"omitted":	false,
					"sender":	true
				}],
			"sum":	{
				"start":	8.000081,
				"end":	9.000119,
				"seconds":	1.0000380277633667,
				"bytes":	0,
				"bits_per_second":	0,
				"retransmits":	0,
				"omitted":	false,
				"sender":	true
			}
		}, {
			"streams":	[{
					"socket":	5,
					"start":	9.000119,
					"end":	10.000157,
					"seconds":	1.0000380277633667,
					"bytes":	0,
					"bits_per_second":	0,
					"retransmits":	0,
					"snd_cwnd":	1448,
					"rtt":	627195,
					"rttvar":	445134,
					"pmtu":	1500,
					"omitted":	false,
					"sender":	true
				}],
			"sum":	{
				"start":	9.000119,
				"end":	10.000157,
				"seconds":	1.0000380277633667,
				"bytes":	0,
				"bits_per_second":	0,
				"retransmits":	0,
				"omitted":	false,
				"sender":	true
			}
		}],
	"end":	{
		"streams":	[{
				"sender":	{
					"socket":	5,
					"start":	0,
					"end":	10.000157,
					"seconds":	10.000157,
					"bytes":	341032,
					"bits_per_second":	272821.31670532771,
					"retransmits":	1,
					"max_snd_cwnd":	78192,
					"max_rtt":	627195,
					"min_rtt":	329825,
					"mean_rtt":	584580,
					"sender":	true
				},
				"receiver":	{
					"socket":	5,
					"start":	0,
					"end":	11.054574,
					"seconds":	10.000157,
					"bytes":	141904,
					"bits_per_second":	102693.41903179625,
					"sender":	true
				}
			}],
		"sum_sent":	{
			"start":	0,
			"end":	10.000157,
			"seconds":	10.000157,
			"bytes":	341032,
			"bits_per_second":	272821.31670532771,
			"retransmits":	1,
			"sender":	true
		},
		"sum_received":	{
			"start":	0,
			"end":	11.054574,
			"seconds":	11.054574,
			"bytes":	141904,
			"bits_per_second":	102693.41903179625,
			"sender":	true
		},
		"cpu_utilization_percent":	{
			"host_total":	10.11142444183276,
			"host_user":	3.0280743612045833,
			"host_system":	7.0833581193297013,
			"remote_total":	0.048307768302623469,
			"remote_user":	0,
			"remote_system":	0.048315659150108381
		},
		"sender_tcp_congestion":	"cubic",
		"receiver_tcp_congestion":	"cubic"
	}
}
