{
	"start":	{
		"connected":	[{
				"socket":	5,
				"local_host":	"10.0.4.13",
				"local_port":	45307,
				"remote_host":	"10.0.6.10",
				"remote_port":	5203
			}],
		"version":	"iperf 3.7",
		"system_info":	"Linux ubunu2004 5.11.0-40-generic #44~20.04.2-Ubuntu SMP Tue Oct 26 18:07:44 UTC 2021 x86_64",
		"timestamp":	{
			"time":	"Fri, 19 Nov 2021 08:49:30 GMT",
			"timesecs":	1637311770
		},
		"connecting_to":	{
			"host":	"10.0.6.10",
			"port":	5203
		},
		"cookie":	"rff5yypmczg3eticszobwblbi7vlv43uy6kc",
		"sock_bufsize":	0,
		"sndbuf_actual":	212992,
		"rcvbuf_actual":	212992,
		"test_start":	{
			"protocol":	"UDP",
			"num_streams":	1,
			"blksize":	1448,
			"omit":	0,
			"duration":	10,
			"bytes":	0,
			"blocks":	0,
			"reverse":	0,
			"tos":	0
		}
	},
	"intervals":	[{
			"streams":	[{
					"socket":	5,
					"start":	0,
					"end":	1.000009,
					"seconds":	1.0000089406967163,
					"bytes":	29511688,
					"bits_per_second":	236091393.17845625,
					"packets":	20381,
					"omitted":	false,
					"sender":	true
				}],
			"sum":	{
				"start":	0,
				"end":	1.000009,
				"seconds":	1.0000089406967163,
				"bytes":	29511688,
				"bits_per_second":	236091393.17845625,
				"packets":	20381,
				"omitted":	false,
				"sender":	true
			}
		}, {
			"streams":	[{
					"socket":	5,
					"start":	1.000009,
					"end":	2.000764,
					"seconds":	1.0007549524307251,
					"bytes":	40189240,
					"bits_per_second":	321271375.39422375,
					"packets":	27755,
					"omitted":	false,
					"sender":	true
				}],
			"sum":	{
				"start":	1.000009,
				"end":	2.000764,
				"seconds":	1.0007549524307251,
				"bytes":	40189240,
				"bits_per_second":	321271375.39422375,
				"packets":	27755,
				"omitted":	false,
				"sender":	true
			}
		}, {
			"streams":	[{
					"socket":	5,
					"start":	2.000764,
					"end":	3.000025,
					"seconds":	0.99926102161407471,
					"bytes":	14209224,
					"bits_per_second":	113757856.59725456,
					"packets":	9813,
					"omitted":	false,
					"sender":	true
				}],
			"sum":	{
				"start":	2.000764,
				"end":	3.000025,
				"seconds":	0.99926102161407471,
				"bytes":	14209224,
				"bits_per_second":	113757856.59725456,
				"packets":	9813,
				"omitted":	false,
				"sender":	true
			}
		}, {
			"streams":	[{
					"socket":	5,
					"start":	3.000025,
					"end":	4.000023,
					"seconds":	0.99999797344207764,
					"bytes":	25767160,
					"bits_per_second":	206137697.74998447,
					"packets":	17795,
					"omitted":	false,
					"sender":	true
				}],
			"sum":	{
				"start":	3.000025,
				"end":	4.000023,
				"seconds":	0.99999797344207764,
				"bytes":	25767160,
				"bits_per_second":	206137697.74998447,
				"packets":	17795,
				"omitted":	false,
				"sender":	true
			}
		}, {
			"streams":	[{
					"socket":	5,
					"start":	4.000023,
					"end":	5.002243,
					"seconds":	1.0022200345993042,
					"bytes":	24406040,
					"bits_per_second":	194815822.13436982,
					"packets":	16855,
					"omitted":	false,
					"sender":	true
				}],
			"sum":	{
				"start":	4.000023,
				"end":	5.002243,
				"seconds":	1.0022200345993042,
				"bytes":	24406040,
				"bits_per_second":	194815822.13436982,
				"packets":	16855,
				"omitted":	false,
				"sender":	true
			}
		}, {
			"streams":	[{
					"socket":	5,
					"start":	5.002243,
					"end":	6.000007,
					"seconds":	0.997763991355896,
					"bytes":	46505416,
					"bits_per_second":	372877084.38387066,
					"packets":	32117,
					"omitted":	false,
					"sender":	true
				}],
			"sum":	{
				"start":	5.002243,
				"end":	6.000007,
				"seconds":	0.997763991355896,
				"bytes":	46505416,
				"bits_per_second":	372877084.38387066,
				"packets":	32117,
				"omitted":	false,
				"sender":	true
			}
		}, {
			"streams":	[{
					"socket":	5,
					"start":	6.000007,
					"end":	7.016292,
					"seconds":	1.0162849426269531,
					"bytes":	37953528,
					"bits_per_second":	298762887.51771122,
					"packets":	26211,
					"omitted":	false,
					"sender":	true
				}],
			"sum":	{
				"start":	6.000007,
				"end":	7.016292,
				"seconds":	1.0162849426269531,
				"bytes":	37953528,
				"bits_per_second":	298762887.51771122,
				"packets":	26211,
				"omitted":	false,
				"sender":	true
			}
		}, {
			"streams":	[{
					"socket":	5,
					"start":	7.016292,
					"end":	8.006471,
					"seconds":	0.99017900228500366,
					"bytes":	42600160,
					"bits_per_second":	344181485.5834592,
					"packets":	29420,
					"omitted":	false,
					"sender":	true
				}],
			"sum":	{
				"start":	7.016292,
				"end":	8.006471,
				"seconds":	0.99017900228500366,
				"bytes":	42600160,
				"bits_per_second":	344181485.5834592,
				"packets":	29420,
				"omitted":	false,
				"sender":	true
			}
		}, {
			"streams":	[{
					"socket":	5,
					"start":	8.006471,
					"end":	9.00011,
					"seconds":	0.99363899230957031,
					"bytes":	34820056,
					"bits_per_second":	280343716.53685457,
					"packets":	24047,
					"omitted":	false,
					"sender":	true
				}],
			"sum":	{
				"start":	8.006471,
				"end":	9.00011,
				"seconds":	0.99363899230957031,
				"bytes":	34820056,
				"bits_per_second":	280343716.53685457,
				"packets":	24047,
				"omitted":	false,
				"sender":	true
			}
		}, {
			"streams":	[{
					"socket":	5,
					"start":	9.00011,
					"end":	10.00001,
					"seconds":	0.99989998340606689,
					"bytes":	111442424,
					"bits_per_second":	891628569.65259016,
					"packets":	76963,
					"omitted":	false,
					"sender":	true
				}],
			"sum":	{
				"start":	9.00011,
				"end":	10.00001,
				"seconds":	0.99989998340606689,
				"bytes":	111442424,
				"bits_per_second":	891628569.65259016,
				"packets":	76963,
				"omitted":	false,
				"sender":	true
			}
		}],
	"end":	{
		"streams":	[{
				"udp":	{
					"socket":	5,
					"start":	0,
					"end":	10.00001,
					"seconds":	10.00001,
					"bytes":	407404936,
					"bits_per_second":	325923622.87637717,
					"jitter_ms":	0.0085025378495891916,
					"lost_packets":	8048,
					"packets":	281357,
					"lost_percent":	2.8604228791179889,
					"out_of_order":	0,
					"sender":	true
				}
			}],
		"sum":	{
			"start":	0,
			"end":	10.11051,
			"seconds":	10.11051,
			"bytes":	407404936,
			"bits_per_second":	325923622.87637717,
			"jitter_ms":	0.0085025378495891916,
			"lost_packets":	8048,
			"packets":	281357,
			"lost_percent":	2.8604228791179889,
			"sender":	true
		},
		"cpu_utilization_percent":	{
			"host_total":	26.238462852085142,
			"host_user":	3.5869376473708527,
			"host_system":	22.651525204714286,
			"remote_total":	14.928997898732952,
			"remote_user":	3.2709286840325786,
			"remote_system":	11.658069214700371
		}
	}
}
