{
	"start":	{
		"connected":	[{
				"socket":	5,
				"local_host":	"10.0.3.12",
				"local_port":	55531,
				"remote_host":	"10.0.6.10",
				"remote_port":	5202
			}],
		"version":	"iperf 3.7",
		"system_info":	"Linux ubunu2004 5.11.0-40-generic #44~20.04.2-Ubuntu SMP Tue Oct 26 18:07:44 UTC 2021 x86_64",
		"timestamp":	{
			"time":	"Fri, 19 Nov 2021 08:49:30 GMT",
			"timesecs":	1637311770
		},
		"connecting_to":	{
			"host":	"10.0.6.10",
			"port":	5202
		},
		"cookie":	"tkv7mex5kvw4cgdlih4neiwr7yqtf7c5ob4x",
		"sock_bufsize":	0,
		"sndbuf_actual":	212992,
		"rcvbuf_actual":	212992,
		"test_start":	{
			"protocol":	"UDP",
			"num_streams":	1,
			"blksize":	1448,
			"omit":	0,
			"duration":	10,
			"bytes":	0,
			"blocks":	0,
			"reverse":	0,
			"tos":	0
		}
	},
	"intervals":	[{
			"streams":	[{
					"socket":	5,
					"start":	0,
					"end":	1.00004,
					"seconds":	1.0000400543212891,
					"bytes":	38994640,
					"bits_per_second":	311944625.26975507,
					"packets":	26930,
					"omitted":	false,
					"sender":	true
				}],
			"sum":	{
				"start":	0,
				"end":	1.00004,
				"seconds":	1.0000400543212891,
				"bytes":	38994640,
				"bits_per_second":	311944625.26975507,
				"packets":	26930,
				"omitted":	false,
				"sender":	true
			}
		}, {
			"streams":	[{
					"socket":	5,
					"start":	1.00004,
					"end":	2.000006,
					"seconds":	0.999966025352478,
					"bytes":	20080864,
					"bits_per_second":	160652370.107648,
					"packets":	13868,
					"omitted":	false,
					"sender":	true
				}],
			"sum":	{
				"start":	1.00004,
				"end":	2.000006,
				"seconds":	0.999966025352478,
				"bytes":	20080864,
				"bits_per_second":	160652370.107648,
				"packets":	13868,
				"omitted":	false,
				"sender":	true
			}
		}, {
			"streams":	[{
					"socket":	5,
					"start":	2.000006,
					"end":	3.000189,
					"seconds":	1.0001829862594604,
					"bytes":	29132312,
					"bits_per_second":	233015857.29987773,
					"packets":	20119,
					"omitted":	false,
					"sender":	true
				}],
			"sum":	{
				"start":	2.000006,
				"end":	3.000189,
				"seconds":	1.0001829862594604,
				"bytes":	29132312,
				"bits_per_second":	233015857.29987773,
				"packets":	20119,
				"omitted":	false,
				"sender":	true
			}
		}, {
			"streams":	[{
					"socket":	5,
					"start":	3.000189,
					"end":	4.000317,
					"seconds":	1.0001280307769775,
					"bytes":	26792344,
					"bits_per_second":	214311313.55601034,
					"packets":	18503,
					"omitted":	false,
					"sender":	true
				}],
			"sum":	{
				"start":	3.000189,
				"end":	4.000317,
				"seconds":	1.0001280307769775,
				"bytes":	26792344,
				"bits_per_second":	214311313.55601034,
				"packets":	18503,
				"omitted":	false,
				"sender":	true
			}
		}, {
			"streams":	[{
					"socket":	5,
					"start":	4.000317,
					"end":	5.013411,
					"seconds":	1.0130939483642578,
					"bytes":	29628976,
					"bits_per_second":	233968239.94725436,
					"packets":	20462,
					"omitted":	false,
					"sender":	true
				}],
			"sum":	{
				"start":	4.000317,
				"end":	5.013411,
				"seconds":	1.0130939483642578,
				"bytes":	29628976,
				"bits_per_second":	233968239.94725436,
				"packets":	20462,
				"omitted":	false,
				"sender":	true
			}
		}, {
			"streams":	[{
					"socket":	5,
					"start":	5.013411,
					"end":	6.000007,
					"seconds":	0.98659598827362061,
					"bytes":	18353400,
					"bits_per_second":	148822011.99390975,
					"packets":	12675,
					"omitted":	false,
					"sender":	true
				}],
			"sum":	{
				"start":	5.013411,
				"end":	6.000007,
				"seconds":	0.98659598827362061,
				"bytes":	18353400,
				"bits_per_second":	148822011.99390975,
				"packets":	12675,
				"omitted":	false,
				"sender":	true
			}
		}, {
			"streams":	[{
					"socket":	5,
					"start":	6.000007,
					"end":	7.007007,
					"seconds":	1.0069999694824219,
					"bytes":	40890072,
					"bits_per_second":	324846659.29844421,
					"packets":	28239,
					"omitted":	false,
					"sender":	true
				}],
			"sum":	{
				"start":	6.000007,
				"end":	7.007007,
				"seconds":	1.0069999694824219,
				"bytes":	40890072,
				"bits_per_second":	324846659.29844421,
				"packets":	28239,
				"omitted":	false,
				"sender":	true
			}
		}, {
			"streams":	[{
					"socket":	5,
					"start":	7.007007,
					"end":	8.010745,
					"seconds":	1.0037380456924438,
					"bytes":	50378816,
					"bits_per_second":	401529592.03809327,
					"packets":	34792,
					"omitted":	false,
					"sender":	true
				}],
			"sum":	{
				"start":	7.007007,
				"end":	8.010745,
				"seconds":	1.0037380456924438,
				"bytes":	50378816,
				"bits_per_second":	401529592.03809327,
				"packets":	34792,
				"omitted":	false,
				"sender":	true
			}
		}, {
			"streams":	[{
					"socket":	5,
					"start":	8.010745,
					"end":	9.000017,
					"seconds":	0.98927199840545654,
					"bytes":	27936264,
					"bits_per_second":	225913714.691439,
					"packets":	19293,
					"omitted":	false,
					"sender":	true
				}],
			"sum":	{
				"start":	8.010745,
				"end":	9.000017,
				"seconds":	0.98927199840545654,
				"bytes":	27936264,
				"bits_per_second":	225913714.691439,
				"packets":	19293,
				"omitted":	false,
				"sender":	true
			}
		}, {
			"streams":	[{
					"socket":	5,
					"start":	9.000017,
					"end":	10.000012,
					"seconds":	0.99999499320983887,
					"bytes":	29280008,
					"bits_per_second":	234241236.79671973,
					"packets":	20221,
					"omitted":	false,
					"sender":	true
				}],
			"sum":	{
				"start":	9.000017,
				"end":	10.000012,
				"seconds":	0.99999499320983887,
				"bytes":	29280008,
				"bits_per_second":	234241236.79671973,
				"packets":	20221,
				"omitted":	false,
				"sender":	true
			}
		}],
	"end":	{
		"streams":	[{
				"udp":	{
					"socket":	5,
					"start":	0,
					"end":	10.000012,
					"seconds":	10.000012,
					"bytes":	311467696,
					"bits_per_second":	249173857.79137066,
					"jitter_ms":	0.0024698499301490256,
					"lost_packets":	7589,
					"packets":	215102,
					"lost_percent":	3.5280936485946204,
					"out_of_order":	0,
					"sender":	true
				}
			}],
		"sum":	{
			"start":	0,
			"end":	10.111919,
			"seconds":	10.111919,
			"bytes":	311467696,
			"bits_per_second":	249173857.79137066,
			"jitter_ms":	0.0024698499301490256,
			"lost_packets":	7589,
			"packets":	215102,
			"lost_percent":	3.5280936485946204,
			"sender":	true
		},
		"cpu_utilization_percent":	{
			"host_total":	24.765684796252639,
			"host_user":	2.5071755503168722,
			"host_system":	22.258509245935766,
			"remote_total":	13.06159090149662,
			"remote_user":	3.5576631569823922,
			"remote_system":	9.5039277445142289
		}
	}
}
