{
	"start":	{
		"connected":	[{
				"socket":	5,
				"local_host":	"10.0.5.10",
				"local_port":	40250,
				"remote_host":	"10.0.6.10",
				"remote_port":	5204
			}],
		"version":	"iperf 3.7",
		"system_info":	"Linux ubunu2004 5.11.0-40-generic #44~20.04.2-Ubuntu SMP Tue Oct 26 18:07:44 UTC 2021 x86_64",
		"timestamp":	{
			"time":	"Fri, 19 Nov 2021 08:49:30 GMT",
			"timesecs":	1637311770
		},
		"connecting_to":	{
			"host":	"10.0.6.10",
			"port":	5204
		},
		"cookie":	"xxsnkcqndyylkmkt545v2mn7bmllf3u22xq6",
		"sock_bufsize":	0,
		"sndbuf_actual":	212992,
		"rcvbuf_actual":	212992,
		"test_start":	{
			"protocol":	"UDP",
			"num_streams":	1,
			"blksize":	1448,
			"omit":	0,
			"duration":	10,
			"bytes":	0,
			"blocks":	0,
			"reverse":	0,
			"tos":	0
		}
	},
	"intervals":	[{
			"streams":	[{
					"socket":	5,
					"start":	0,
					"end":	1.000009,
					"seconds":	1.0000089406967163,
					"bytes":	47821648,
					"bits_per_second":	382569763.55977118,
					"packets":	33026,
					"omitted":	false,
					"sender":	true
				}],
			"sum":	{
				"start":	0,
				"end":	1.000009,
				"seconds":	1.0000089406967163,
				"bytes":	47821648,
				"bits_per_second":	382569763.55977118,
				"packets":	33026,
				"omitted":	false,
				"sender":	true
			}
		}, {
			"streams":	[{
					"socket":	5,
					"start":	1.000009,
					"end":	2.000004,
					"seconds":	0.99999499320983887,
					"bytes":	37148440,
					"bits_per_second":	297189007.96300107,
					"packets":	25655,
					"omitted":	false,
					"sender":	true
				}],
			"sum":	{
				"start":	1.000009,
				"end":	2.000004,
				"seconds":	0.99999499320983887,
				"bytes":	37148440,
				"bits_per_second":	297189007.96300107,
				"packets":	25655,
				"omitted":	false,
				"sender":	true
			}
		}, {
			"streams":	[{
					"socket":	5,
					"start":	2.000004,
					"end":	3.011079,
					"seconds":	1.0110750198364258,
					"bytes":	37445280,
					"bits_per_second":	296280922.901709,
					"packets":	25860,
					"omitted":	false,
					"sender":	true
				}],
			"sum":	{
				"start":	2.000004,
				"end":	3.011079,
				"seconds":	1.0110750198364258,
				"bytes":	37445280,
				"bits_per_second":	296280922.901709,
				"packets":	25860,
				"omitted":	false,
				"sender":	true
			}
		}, {
			"streams":	[{
					"socket":	5,
					"start":	3.011079,
					"end":	4.000032,
					"seconds":	0.98895299434661865,
					"bytes":	16320408,
					"bits_per_second":	132021708.56084067,
					"packets":	11271,
					"omitted":	false,
					"sender":	true
				}],
			"sum":	{
				"start":	3.011079,
				"end":	4.000032,
				"seconds":	0.98895299434661865,
				"bytes":	16320408,
				"bits_per_second":	132021708.56084067,
				"packets":	11271,
				"omitted":	false,
				"sender":	true
			}
		}, {
			"streams":	[{
					"socket":	5,
					"start":	4.000032,
					"end":	5.000032,
					"seconds":	1,
					"bytes":	29358200,
					"bits_per_second":	234865600,
					"packets":	20275,
					"omitted":	false,
					"sender":	true
				}],
			"sum":	{
				"start":	4.000032,
				"end":	5.000032,
				"seconds":	1,
				"bytes":	29358200,
				"bits_per_second":	234865600,
				"packets":	20275,
				"omitted":	false,
				"sender":	true
			}
		}, {
			"streams":	[{
					"socket":	5,
					"start":	5.000032,
					"end":	6.001499,
					"seconds":	1.0014669895172119,
					"bytes":	41013152,
					"bits_per_second":	327624594.1547941,
					"packets":	28324,
					"omitted":	false,
					"sender":	true
				}],
			"sum":	{
				"start":	5.000032,
				"end":	6.001499,
				"seconds":	1.0014669895172119,
				"bytes":	41013152,
				"bits_per_second":	327624594.1547941,
				"packets":	28324,
				"omitted":	false,
				"sender":	true
			}
		}, {
			"streams":	[{
					"socket":	5,
					"start":	6.001499,
					"end":	7.000003,
					"seconds":	0.99850398302078247,
					"bytes":	36195656,
					"bits_per_second":	289999091.56493878,
					"packets":	24997,
					"omitted":	false,
					"sender":	true
				}],
			"sum":	{
				"start":	6.001499,
				"end":	7.000003,
				"seconds":	0.99850398302078247,
				"bytes":	36195656,
				"bits_per_second":	289999091.56493878,
				"packets":	24997,
				"omitted":	false,
				"sender":	true
			}
		}, {
			"streams":	[{
					"socket":	5,
					"start":	7.000003,
					"end":	8.000021,
					"seconds":	1.0000180006027222,
					"bytes":	22829168,
					"bits_per_second":	182630056.54890692,
					"packets":	15766,
					"omitted":	false,
					"sender":	true
				}],
			"sum":	{
				"start":	7.000003,
				"end":	8.000021,
				"seconds":	1.0000180006027222,
				"bytes":	22829168,
				"bits_per_second":	182630056.54890692,
				"packets":	15766,
				"omitted":	false,
				"sender":	true
			}
		}, {
			"streams":	[{
					"socket":	5,
					"start":	8.000021,
					"end":	9.00004,
					"seconds":	1.0000189542770386,
					"bytes":	27384576,
					"bits_per_second":	219072455.63998428,
					"packets":	18912,
					"omitted":	false,
					"sender":	true
				}],
			"sum":	{
				"start":	8.000021,
				"end":	9.00004,
				"seconds":	1.0000189542770386,
				"bytes":	27384576,
				"bits_per_second":	219072455.63998428,
				"packets":	18912,
				"omitted":	false,
				"sender":	true
			}
		}, {
			"streams":	[{
					"socket":	5,
					"start":	9.00004,
					"end":	10.000039,
					"seconds":	0.99999898672103882,
					"bytes":	16352264,
					"bits_per_second":	130818244.55537495,
					"packets":	11293,
					"omitted":	false,
					"sender":	true
				}],
			"sum":	{
				"start":	9.00004,
				"end":	10.000039,
				"seconds":	0.99999898672103882,
				"bytes":	16352264,
				"bits_per_second":	130818244.55537495,
				"packets":	11293,
				"omitted":	false,
				"sender":	true
			}
		}],
	"end":	{
		"streams":	[{
				"udp":	{
					"socket":	5,
					"start":	0,
					"end":	10.000039,
					"seconds":	10.000039,
					"bytes":	311868792,
					"bits_per_second":	249494060.57316378,
					"jitter_ms":	0.35602349448684778,
					"lost_packets":	7142,
					"packets":	215379,
					"lost_percent":	3.3160150246774291,
					"out_of_order":	0,
					"sender":	true
				}
			}],
		"sum":	{
			"start":	0,
			"end":	10.112127,
			"seconds":	10.112127,
			"bytes":	311868792,
			"bits_per_second":	249494060.57316378,
			"jitter_ms":	0.35602349448684778,
			"lost_packets":	7142,
			"packets":	215379,
			"lost_percent":	3.3160150246774291,
			"sender":	true
		},
		"cpu_utilization_percent":	{
			"host_total":	24.530623623891962,
			"host_user":	2.6445957449739708,
			"host_system":	21.886008744713937,
			"remote_total":	12.710087987291868,
			"remote_user":	2.6886805613943889,
			"remote_system":	10.021407425897481
		}
	}
}
