{
	"start":	{
		"connected":	[{
				"socket":	5,
				"local_host":	"10.0.1.10",
				"local_port":	49058,
				"remote_host":	"10.0.6.10",
				"remote_port":	5200
			}],
		"version":	"iperf 3.7",
		"system_info":	"Linux ubunu2004 5.11.0-40-generic #44~20.04.2-Ubuntu SMP Tue Oct 26 18:07:44 UTC 2021 x86_64",
		"timestamp":	{
			"time":	"Fri, 19 Nov 2021 08:49:30 GMT",
			"timesecs":	1637311770
		},
		"connecting_to":	{
			"host":	"10.0.6.10",
			"port":	5200
		},
		"cookie":	"kil5odci26344l6nuj32betlxhmd3k6vnp7b",
		"sock_bufsize":	0,
		"sndbuf_actual":	212992,
		"rcvbuf_actual":	212992,
		"test_start":	{
			"protocol":	"UDP",
			"num_streams":	1,
			"blksize":	1448,
			"omit":	0,
			"duration":	10,
			"bytes":	0,
			"blocks":	0,
			"reverse":	0,
			"tos":	0
		}
	},
	"intervals":	[{
			"streams":	[{
					"socket":	5,
					"start":	0,
					"end":	1.000004,
					"seconds":	1.0000040531158447,
					"bytes":	23159312,
					"bits_per_second":	185273745.06404826,
					"packets":	15994,
					"omitted":	false,
					"sender":	true
				}],
			"sum":	{
				"start":	0,
				"end":	1.000004,
				"seconds":	1.0000040531158447,
				"bytes":	23159312,
				"bits_per_second":	185273745.06404826,
				"packets":	15994,
				"omitted":	false,
				"sender":	true
			}
		}, {
			"streams":	[{
					"socket":	5,
					"start":	1.000004,
					"end":	2.000047,
					"seconds":	1.0000430345535278,
					"bytes":	31328928,
					"bits_per_second":	250620638.65271071,
					"packets":	21636,
					"omitted":	false,
					"sender":	true
				}],
			"sum":	{
				"start":	1.000004,
				"end":	2.000047,
				"seconds":	1.0000430345535278,
				"bytes":	31328928,
				"bits_per_second":	250620638.65271071,
				"packets":	21636,
				"omitted":	false,
				"sender":	true
			}
		}, {
			"streams":	[{
					"socket":	5,
					"start":	2.000047,
					"end":	3.013551,
					"seconds":	1.0135040283203125,
					"bytes":	27206472,
					"bits_per_second":	214751762.12246126,
					"packets":	18789,
					"omitted":	false,
					"sender":	true
				}],
			"sum":	{
				"start":	2.000047,
				"end":	3.013551,
				"seconds":	1.0135040283203125,
				"bytes":	27206472,
				"bits_per_second":	214751762.12246126,
				"packets":	18789,
				"omitted":	false,
				"sender":	true
			}
		}, {
			"streams":	[{
					"socket":	5,
					"start":	3.013551,
					"end":	4.006268,
					"seconds":	0.99271702766418457,
					"bytes":	43539912,
					"bits_per_second":	350874706.78283674,
					"packets":	30069,
					"omitted":	false,
					"sender":	true
				}],
			"sum":	{
				"start":	3.013551,
				"end":	4.006268,
				"seconds":	0.99271702766418457,
				"bytes":	43539912,
				"bits_per_second":	350874706.78283674,
				"packets":	30069,
				"omitted":	false,
				"sender":	true
			}
		}, {
			"streams":	[{
					"socket":	5,
					"start":	4.006268,
					"end":	5.00001,
					"seconds":	0.99374198913574219,
					"bytes":	31897992,
					"bits_per_second":	256790936.47027391,
					"packets":	22029,
					"omitted":	false,
					"sender":	true
				}],
			"sum":	{
				"start":	4.006268,
				"end":	5.00001,
				"seconds":	0.99374198913574219,
				"bytes":	31897992,
				"bits_per_second":	256790936.47027391,
				"packets":	22029,
				"omitted":	false,
				"sender":	true
			}
		}, {
			"streams":	[{
					"socket":	5,
					"start":	5.00001,
					"end":	6.000203,
					"seconds":	1.0001929998397827,
					"bytes":	24267032,
					"bits_per_second":	194098794.96367,
					"packets":	16759,
					"omitted":	false,
					"sender":	true
				}],
			"sum":	{
				"start":	5.00001,
				"end":	6.000203,
				"seconds":	1.0001929998397827,
				"bytes":	24267032,
				"bits_per_second":	194098794.96367,
				"packets":	16759,
				"omitted":	false,
				"sender":	true
			}
		}, {
			"streams":	[{
					"socket":	5,
					"start":	6.000203,
					"end":	7.000038,
					"seconds":	0.99983501434326172,
					"bytes":	23451808,
					"bits_per_second":	187645422.80331513,
					"packets":	16196,
					"omitted":	false,
					"sender":	true
				}],
			"sum":	{
				"start":	6.000203,
				"end":	7.000038,
				"seconds":	0.99983501434326172,
				"bytes":	23451808,
				"bits_per_second":	187645422.80331513,
				"packets":	16196,
				"omitted":	false,
				"sender":	true
			}
		}, {
			"streams":	[{
					"socket":	5,
					"start":	7.000038,
					"end":	8.00001,
					"seconds":	0.99997198581695557,
					"bytes":	22254312,
					"bits_per_second":	178039483.63068357,
					"packets":	15369,
					"omitted":	false,
					"sender":	true
				}],
			"sum":	{
				"start":	7.000038,
				"end":	8.00001,
				"seconds":	0.99997198581695557,
				"bytes":	22254312,
				"bits_per_second":	178039483.63068357,
				"packets":	15369,
				"omitted":	false,
				"sender":	true
			}
		}, {
			"streams":	[{
					"socket":	5,
					"start":	8.00001,
					"end":	9.006319,
					"seconds":	1.0063090324401855,
					"bytes":	19170072,
					"bits_per_second":	152399085.22744545,
					"packets":	13239,
					"omitted":	false,
					"sender":	true
				}],
			"sum":	{
				"start":	8.00001,
				"end":	9.006319,
				"seconds":	1.0063090324401855,
				"bytes":	19170072,
				"bits_per_second":	152399085.22744545,
				"packets":	13239,
				"omitted":	false,
				"sender":	true
			}
		}, {
			"streams":	[{
					"socket":	5,
					"start":	9.006319,
					"end":	10.006241,
					"seconds":	0.999921977519989,
					"bytes":	26850264,
					"bits_per_second":	214818872.70120132,
					"packets":	18543,
					"omitted":	false,
					"sender":	true
				}],
			"sum":	{
				"start":	9.006319,
				"end":	10.006241,
				"seconds":	0.999921977519989,
				"bytes":	26850264,
				"bits_per_second":	214818872.70120132,
				"packets":	18543,
				"omitted":	false,
				"sender":	true
			}
		}],
	"end":	{
		"streams":	[{
				"udp":	{
					"socket":	5,
					"start":	0,
					"end":	10.006241,
					"seconds":	10.006241,
					"bytes":	273126104,
					"bits_per_second":	218364601.8519842,
					"jitter_ms":	0.0024297199697468339,
					"lost_packets":	7738,
					"packets":	188623,
					"lost_percent":	4.102362914384778,
					"out_of_order":	0,
					"sender":	true
				}
			}],
		"sum":	{
			"start":	0,
			"end":	10.207369,
			"seconds":	10.207369,
			"bytes":	273126104,
			"bits_per_second":	218364601.8519842,
			"jitter_ms":	0.0024297199697468339,
			"lost_packets":	7738,
			"packets":	188623,
			"lost_percent":	4.102362914384778,
			"sender":	true
		},
		"cpu_utilization_percent":	{
			"host_total":	24.340252016761678,
			"host_user":	2.5360563637180653,
			"host_system":	21.804176692725097,
			"remote_total":	12.560644725389331,
			"remote_user":	2.91135489621151,
			"remote_system":	9.6492991036669942
		}
	}
}
