{
	"start":	{
		"connected":	[{
				"socket":	5,
				"local_host":	"10.0.3.12",
				"local_port":	47224,
				"remote_host":	"10.0.6.10",
				"remote_port":	5202
			}],
		"version":	"iperf 3.7",
		"system_info":	"Linux ubunu2004 5.11.0-40-generic #44~20.04.2-Ubuntu SMP Tue Oct 26 18:07:44 UTC 2021 x86_64",
		"timestamp":	{
			"time":	"Fri, 19 Nov 2021 08:43:10 GMT",
			"timesecs":	1637311390
		},
		"connecting_to":	{
			"host":	"10.0.6.10",
			"port":	5202
		},
		"cookie":	"qqofuothywfhukp7ekmmfry7ijdaarhp6s5d",
		"tcp_mss_default":	1448,
		"target_bitrate":	1000000000,
		"sock_bufsize":	0,
		"sndbuf_actual":	87380,
		"rcvbuf_actual":	87380,
		"test_start":	{
			"protocol":	"TCP",
			"num_streams":	1,
			"blksize":	131072,
			"omit":	0,
			"duration":	10,
			"bytes":	0,
			"blocks":	0,
			"reverse":	0,
			"tos":	0
		}
	},
	"intervals":	[{
			"streams":	[{
					"socket":	5,
					"start":	0,
					"end":	1.00004,
					"seconds":	1.0000400543212891,
					"bytes":	79640,
					"bits_per_second":	637094.481612942,
					"retransmits":	0,
					"snd_cwnd":	17376,
					"rtt":	182225,
					"rttvar":	139836,
					"pmtu":	1500,
					"omitted":	false,
					"sender":	true
				}],
			"sum":	{
				"start":	0,
				"end":	1.00004,
				"seconds":	1.0000400543212891,
				"bytes":	79640,
				"bits_per_second":	637094.481612942,
				"retransmits":	0,
				"omitted":	false,
				"sender":	true
			}
		}, {
			"streams":	[{
					"socket":	5,
					"start":	1.00004,
					"end":	2.000089,
					"seconds":	1.0000489950180054,
					"bytes":	131072,
					"bits_per_second":	1048524.6275169958,
					"retransmits":	0,
					"snd_cwnd":	36200,
					"rtt":	348924,
					"rttvar":	305493,
					"pmtu":	1500,
					"omitted":	false,
					"sender":	true
				}],
			"sum":	{
				"start":	1.00004,
				"end":	2.000089,
				"seconds":	1.0000489950180054,
				"bytes":	131072,
				"bits_per_second":	1048524.6275169958,
				"retransmits":	0,
				"omitted":	false,
				"sender":	true
			}
		}, {
			"streams":	[{
					"socket":	5,
					"start":	2.000089,
					"end":	3.001031,
					"seconds":	1.0009419918060303,
					"bytes":	262144,
					"bits_per_second":	2095178.3591535054,
					"retransmits":	0,
					"snd_cwnd":	75296,
					"rtt":	508296,
					"rttvar":	450196,
					"pmtu":	1500,
					"omitted":	false,
					"sender":	true
				}],
			"sum":	{
				"start":	2.000089,
				"end":	3.001031,
				"seconds":	1.0009419918060303,
				"bytes":	262144,
				"bits_per_second":	2095178.3591535054,
				"retransmits":	0,
				"omitted":	false,
				"sender":	true
			}
		}, {
			"streams":	[{
					"socket":	5,
					"start":	3.001031,
					"end":	4.000128,
					"seconds":	0.99909698963165283,
					"bytes":	0,
					"bits_per_second":	0,
					"retransmits":	0,
					"snd_cwnd":	75296,
					"rtt":	508296,
					"rttvar":	450196,
					"pmtu":	1500,
					"omitted":	false,
					"sender":	true
				}],
			"sum":	{
				"start":	3.001031,
				"end":	4.000128,
				"seconds":	0.99909698963165283,
				"bytes":	0,
				"bits_per_second":	0,
				"retransmits":	0,
				"omitted":	false,
				"sender":	true
			}
		}, {
			"streams":	[{
					"socket":	5,
					"start":	4.000128,
					"end":	5.000057,
					"seconds":	0.99992901086807251,
					"bytes":	0,
					"bits_per_second":	0,
					"retransmits":	0,
					"snd_cwnd":	75296,
					"rtt":	508296,
					"rttvar":	450196,
					"pmtu":	1500,
					"omitted":	false,
					"sender":	true
				}],
			"sum":	{
				"start":	4.000128,
				"end":	5.000057,
				"seconds":	0.99992901086807251,
				"bytes":	0,
				"bits_per_second":	0,
				"retransmits":	0,
				"omitted":	false,
				"sender":	true
			}
		}, {
			"streams":	[{
					"socket":	5,
					"start":	5.000057,
					"end":	6.005515,
					"seconds":	1.0054579973220825,
					"bytes":	0,
					"bits_per_second":	0,
					"retransmits":	0,
					"snd_cwnd":	75296,
					"rtt":	508296,
					"rttvar":	450196,
					"pmtu":	1500,
					"omitted":	false,
					"sender":	true
				}],
			"sum":	{
				"start":	5.000057,
				"end":	6.005515,
				"seconds":	1.0054579973220825,
				"bytes":	0,
				"bits_per_second":	0,
				"retransmits":	0,
				"omitted":	false,
				"sender":	true
			}
		}, {
			"streams":	[{
					"socket":	5,
					"start":	6.005515,
					"end":	7.000297,
					"seconds":	0.9947819709777832,
					"bytes":	0,
					"bits_per_second":	0,
					"retransmits":	1,
					"snd_cwnd":	1448,
					"rtt":	508296,
					"rttvar":	450196,
					"pmtu":	1500,
					"omitted":	false,
					"sender":	true
				}],
			"sum":	{
				"start":	6.005515,
				"end":	7.000297,
				"seconds":	0.9947819709777832,
				"bytes":	0,
				"bits_per_second":	0,
				"retransmits":	1,
				"omitted":	false,
				"sender":	true
			}
		}, {
			"streams":	[{
					"socket":	5,
					"start":	7.000297,
					"end":	8.00019,
					"seconds":	0.99989300966262817,
					"bytes":	0,
					"bits_per_second":	0,
					"retransmits":	0,
					"snd_cwnd":	1448,
					"rtt":	508296,
					"rttvar":	450196,
					"pmtu":	1500,
					"omitted":	false,
					"sender":	true
				}],
			"sum":	{
				"start":	7.000297,
				"end":	8.00019,
				"seconds":	0.99989300966262817,
				"bytes":	0,
				"bits_per_second":	0,
				"retransmits":	0,
				"omitted":	false,
				"sender":	true
			}
		}, {
			"streams":	[{
					"socket":	5,
					"start":	8.00019,
					"end":	9.03772,
					"seconds":	1.0375299453735352,
					"bytes":	0,
					"bits_per_second":	0,
					"retransmits":	0,
					"snd_cwnd":	1448,
					"rtt":	508296,
					"rttvar":	450196,
					"pmtu":	1500,
					"omitted":	false,
					"sender":	true
				}],
			"sum":	{
				"start":	8.00019,
				"end":	9.03772,
				"seconds":	1.0375299453735352,
				"bytes":	0,
				"bits_per_second":	0,
				"retransmits":	0,
				"omitted":	false,
				"sender":	true
			}
		}, {
			"streams":	[{
					"socket":	5,
					"start":	9.03772,
					"end":	10.000485,
					"seconds":	0.96276497840881348,
					"bytes":	0,
					"bits_per_second":	0,
					"retransmits":	0,
					"snd_cwnd":	1448,
					"rtt":	508296,
					"rttvar":	450196,
					"pmtu":	1500,
					"omitted":	false,
					"sender":	true
				}],
			"sum":	{
				"start":	9.03772,
				"end":	10.000485,
				"seconds":	0.96276497840881348,
				"bytes":	0,
				"bits_per_second":	0,
				"retransmits":	0,
				"omitted":	false,
				"sender":	true
			}
		}],
	"end":	{
		"streams":	[{
				"sender":	{
					"socket":	5,
					"start":	0,
					"end":	10.000485,
					"seconds":	10.000485,
					"bytes":	472856,
					"bits_per_second":	378266.45407697727,
					"retransmits":	1,
					"max_snd_cwnd":	75296,
					"max_rtt":	508296,
					"min_rtt":	182225,
					"mean_rtt":	459751,
					"sender":	true
				},
				"receiver":	{
					"socket":	5,
					"start":	0,
					"end":	10.369544,
					"seconds":	10.000485,
					"bytes":	137560,
					"bits_per_second":	106126.17102545686,
					"sender":	true
				}
			}],
		"sum_sent":	{
			"start":	0,
			"end":	10.000485,
			"seconds":	10.000485,
			"bytes":	472856,
			"bits_per_second":	378266.45407697727,
			"retransmits":	1,
			"sender":	true
		},
		"sum_received":	{
			"start":	0,
			"end":	10.369544,
			"seconds":	10.369544,
			"bytes":	137560,
			"bits_per_second":	106126.17102545686,
			"sender":	true
		},
		"cpu_utilization_percent":	{
			"host_total":	5.0766623600634224,
			"host_user":	1.5064326756832889,
			"host_system":	3.5702388989937361,
			"remote_total":	0.094949467968947682,
			"remote_user":	0,
			"remote_system":	0.094949467968947682
		},
		"sender_tcp_congestion":	"cubic",
		"receiver_tcp_congestion":	"cubic"
	}
}
