{
	"start":	{
		"connected":	[{
				"socket":	5,
				"local_host":	"10.0.1.10",
				"local_port":	33886,
				"remote_host":	"10.0.6.10",
				"remote_port":	5200
			}],
		"version":	"iperf 3.7",
		"system_info":	"Linux ubunu2004 5.11.0-40-generic #44~20.04.2-Ubuntu SMP Tue Oct 26 18:07:44 UTC 2021 x86_64",
		"timestamp":	{
			"time":	"Fri, 19 Nov 2021 08:43:10 GMT",
			"timesecs":	1637311390
		},
		"connecting_to":	{
			"host":	"10.0.6.10",
			"port":	5200
		},
		"cookie":	"io25znl2iwav2hg32aizvwervivhtlscxvid",
		"tcp_mss_default":	1448,
		"target_bitrate":	1000000000,
		"sock_bufsize":	0,
		"sndbuf_actual":	87380,
		"rcvbuf_actual":	87380,
		"test_start":	{
			"protocol":	"TCP",
			"num_streams":	1,
			"blksize":	131072,
			"omit":	0,
			"duration":	10,
			"bytes":	0,
			"blocks":	0,
			"reverse":	0,
			"tos":	0
		}
	},
	"intervals":	[{
			"streams":	[{
					"socket":	5,
					"start":	0,
					"end":	1.000622,
					"seconds":	1.000622034072876,
					"bytes":	79640,
					"bits_per_second":	636723.93601678184,
					"retransmits":	0,
					"snd_cwnd":	17376,
					"rtt":	257708,
					"rttvar":	177534,
					"pmtu":	1500,
					"omitted":	false,
					"sender":	true
				}],
			"sum":	{
				"start":	0,
				"end":	1.000622,
				"seconds":	1.000622034072876,
				"bytes":	79640,
				"bits_per_second":	636723.93601678184,
				"retransmits":	0,
				"omitted":	false,
				"sender":	true
			}
		}, {
			"streams":	[{
					"socket":	5,
					"start":	1.000622,
					"end":	2.000306,
					"seconds":	0.99968397617340088,
					"bytes":	130320,
					"bits_per_second":	1042889.5779551457,
					"retransmits":	1,
					"snd_cwnd":	36200,
					"rtt":	322260,
					"rttvar":	212073,
					"pmtu":	1500,
					"omitted":	false,
					"sender":	true
				}],
			"sum":	{
				"start":	1.000622,
				"end":	2.000306,
				"seconds":	0.99968397617340088,
				"bytes":	130320,
				"bits_per_second":	1042889.5779551457,
				"retransmits":	1,
				"omitted":	false,
				"sender":	true
			}
		}, {
			"streams":	[{
					"socket":	5,
					"start":	2.000306,
					"end":	3.000029,
					"seconds":	0.99972301721572876,
					"bytes":	131072,
					"bits_per_second":	1048866.5179684758,
					"retransmits":	0,
					"snd_cwnd":	75296,
					"rtt":	435259,
					"rttvar":	233513,
					"pmtu":	1500,
					"omitted":	false,
					"sender":	true
				}],
			"sum":	{
				"start":	2.000306,
				"end":	3.000029,
				"seconds":	0.99972301721572876,
				"bytes":	131072,
				"bits_per_second":	1048866.5179684758,
				"retransmits":	0,
				"omitted":	false,
				"sender":	true
			}
		}, {
			"streams":	[{
					"socket":	5,
					"start":	3.000029,
					"end":	4.000341,
					"seconds":	1.0003119707107544,
					"bytes":	262144,
					"bits_per_second":	2096497.9540431821,
					"retransmits":	0,
					"snd_cwnd":	120184,
					"rtt":	521863,
					"rttvar":	222258,
					"pmtu":	1500,
					"omitted":	false,
					"sender":	true
				}],
			"sum":	{
				"start":	3.000029,
				"end":	4.000341,
				"seconds":	1.0003119707107544,
				"bytes":	262144,
				"bits_per_second":	2096497.9540431821,
				"retransmits":	0,
				"omitted":	false,
				"sender":	true
			}
		}, {
			"streams":	[{
					"socket":	5,
					"start":	4.000341,
					"end":	5.000523,
					"seconds":	1.000182032585144,
					"bytes":	917504,
					"bits_per_second":	7338696.1181740221,
					"retransmits":	0,
					"snd_cwnd":	312768,
					"rtt":	614373,
					"rttvar":	140990,
					"pmtu":	1500,
					"omitted":	false,
					"sender":	true
				}],
			"sum":	{
				"start":	4.000341,
				"end":	5.000523,
				"seconds":	1.000182032585144,
				"bytes":	917504,
				"bits_per_second":	7338696.1181740221,
				"retransmits":	0,
				"omitted":	false,
				"sender":	true
			}
		}, {
			"streams":	[{
					"socket":	5,
					"start":	5.000523,
					"end":	6.000347,
					"seconds":	0.99982398748397827,
					"bytes":	4063232,
					"bits_per_second":	32511578.444721892,
					"retransmits":	0,
					"snd_cwnd":	1148264,
					"rtt":	678285,
					"rttvar":	95693,
					"pmtu":	1500,
					"omitted":	false,
					"sender":	true
				}],
			"sum":	{
				"start":	5.000523,
				"end":	6.000347,
				"seconds":	0.99982398748397827,
				"bytes":	4063232,
				"bits_per_second":	32511578.444721892,
				"retransmits":	0,
				"omitted":	false,
				"sender":	true
			}
		}, {
			"streams":	[{
					"socket":	5,
					"start":	6.000347,
					"end":	7.096952,
					"seconds":	1.0966049432754517,
					"bytes":	5373952,
					"bits_per_second":	39204287.983225986,
					"retransmits":	0,
					"snd_cwnd":	2284944,
					"rtt":	655441,
					"rttvar":	69554,
					"pmtu":	1500,
					"omitted":	false,
					"sender":	true
				}],
			"sum":	{
				"start":	6.000347,
				"end":	7.096952,
				"seconds":	1.0966049432754517,
				"bytes":	5373952,
				"bits_per_second":	39204287.983225986,
				"retransmits":	0,
				"omitted":	false,
				"sender":	true
			}
		}, {
			"streams":	[{
					"socket":	5,
					"start":	7.096952,
					"end":	8.000668,
					"seconds":	0.90371602773666382,
					"bytes":	7208960,
					"bits_per_second":	63816152.674017973,
					"retransmits":	0,
					"snd_cwnd":	7536840,
					"rtt":	613990,
					"rttvar":	45087,
					"pmtu":	1500,
					"omitted":	false,
					"sender":	true
				}],
			"sum":	{
				"start":	7.096952,
				"end":	8.000668,
				"seconds":	0.90371602773666382,
				"bytes":	7208960,
				"bits_per_second":	63816152.674017973,
				"retransmits":	0,
				"omitted":	false,
				"sender":	true
			}
		}, {
			"streams":	[{
					"socket":	5,
					"start":	8.000668,
					"end":	9.000216,
					"seconds":	0.99954801797866821,
					"bytes":	12451840,
					"bits_per_second":	99659764.4217688,
					"retransmits":	0,
					"snd_cwnd":	18643000,
					"rtt":	611574,
					"rttvar":	43530,
					"pmtu":	1500,
					"omitted":	false,
					"sender":	true
				}],
			"sum":	{
				"start":	8.000668,
				"end":	9.000216,
				"seconds":	0.99954801797866821,
				"bytes":	12451840,
				"bits_per_second":	99659764.4217688,
				"retransmits":	0,
				"omitted":	false,
				"sender":	true
			}
		}, {
			"streams":	[{
					"socket":	5,
					"start":	9.000216,
					"end":	10.000285,
					"seconds":	1.00006902217865,
					"bytes":	12058624,
					"bits_per_second":	96462333.959552452,
					"retransmits":	0,
					"snd_cwnd":	18643000,
					"rtt":	622042,
					"rttvar":	44191,
					"pmtu":	1500,
					"omitted":	false,
					"sender":	true
				}],
			"sum":	{
				"start":	9.000216,
				"end":	10.000285,
				"seconds":	1.00006902217865,
				"bytes":	12058624,
				"bits_per_second":	96462333.959552452,
				"retransmits":	0,
				"omitted":	false,
				"sender":	true
			}
		}],
	"end":	{
		"streams":	[{
				"sender":	{
					"socket":	5,
					"start":	0,
					"end":	10.000285,
					"seconds":	10.000285,
					"bytes":	42677288,
					"bits_per_second":	34140857.385564514,
					"retransmits":	1,
					"max_snd_cwnd":	18643000,
					"max_rtt":	678285,
					"min_rtt":	257708,
					"mean_rtt":	533279,
					"sender":	true
				},
				"receiver":	{
					"socket":	5,
					"start":	0,
					"end":	10.480356,
					"seconds":	10.000285,
					"bytes":	40166072,
					"bits_per_second":	30660082.157514494,
					"sender":	true
				}
			}],
		"sum_sent":	{
			"start":	0,
			"end":	10.000285,
			"seconds":	10.000285,
			"bytes":	42677288,
			"bits_per_second":	34140857.385564514,
			"retransmits":	1,
			"sender":	true
		},
		"sum_received":	{
			"start":	0,
			"end":	10.480356,
			"seconds":	10.480356,
			"bytes":	40166072,
			"bits_per_second":	30660082.157514494,
			"sender":	true
		},
		"cpu_utilization_percent":	{
			"host_total":	5.4427641002738607,
			"host_user":	1.4060999102628531,
			"host_system":	4.0366641900110078,
			"remote_total":	0.99189930084156341,
			"remote_user":	0.18357210184188277,
			"remote_system":	0.80831830758721113
		},
		"sender_tcp_congestion":	"cubic",
		"receiver_tcp_congestion":	"cubic"
	}
}
