{
	"start":	{
		"connected":	[{
				"socket":	5,
				"local_host":	"10.0.4.13",
				"local_port":	43092,
				"remote_host":	"10.0.6.10",
				"remote_port":	5203
			}],
		"version":	"iperf 3.7",
		"system_info":	"Linux ubunu2004 5.11.0-40-generic #44~20.04.2-Ubuntu SMP Tue Oct 26 18:07:44 UTC 2021 x86_64",
		"timestamp":	{
			"time":	"Fri, 19 Nov 2021 08:43:10 GMT",
			"timesecs":	1637311390
		},
		"connecting_to":	{
			"host":	"10.0.6.10",
			"port":	5203
		},
		"cookie":	"ihtbwfiuph6rgxpjmuwk7kxefcj4eungnpin",
		"tcp_mss_default":	1448,
		"target_bitrate":	1000000000,
		"sock_bufsize":	0,
		"sndbuf_actual":	87380,
		"rcvbuf_actual":	87380,
		"test_start":	{
			"protocol":	"TCP",
			"num_streams":	1,
			"blksize":	131072,
			"omit":	0,
			"duration":	10,
			"bytes":	0,
			"blocks":	0,
			"reverse":	0,
			"tos":	0
		}
	},
	"intervals":	[{
			"streams":	[{
					"socket":	5,
					"start":	0,
					"end":	1.000509,
					"seconds":	1.0005090236663818,
					"bytes":	79640,
					"bits_per_second":	636795.85583872418,
					"retransmits":	0,
					"snd_cwnd":	14480,
					"rtt":	147569,
					"rttvar":	86941,
					"pmtu":	1500,
					"omitted":	false,
					"sender":	true
				}],
			"sum":	{
				"start":	0,
				"end":	1.000509,
				"seconds":	1.0005090236663818,
				"bytes":	79640,
				"bits_per_second":	636795.85583872418,
				"retransmits":	0,
				"omitted":	false,
				"sender":	true
			}
		}, {
			"streams":	[{
					"socket":	5,
					"start":	1.000509,
					"end":	2.000186,
					"seconds":	0.99967700242996216,
					"bytes":	130320,
					"bits_per_second":	1042896.8531493674,
					"retransmits":	1,
					"snd_cwnd":	33304,
					"rtt":	236848,
					"rttvar":	203619,
					"pmtu":	1500,
					"omitted":	false,
					"sender":	true
				}],
			"sum":	{
				"start":	1.000509,
				"end":	2.000186,
				"seconds":	0.99967700242996216,
				"bytes":	130320,
				"bits_per_second":	1042896.8531493674,
				"retransmits":	1,
				"omitted":	false,
				"sender":	true
			}
		}, {
			"streams":	[{
					"socket":	5,
					"start":	2.000186,
					"end":	3.001034,
					"seconds":	1.0008480548858643,
					"bytes":	131072,
					"bits_per_second":	1047687.5034938032,
					"retransmits":	0,
					"snd_cwnd":	69504,
					"rtt":	372703,
					"rttvar":	367452,
					"pmtu":	1500,
					"omitted":	false,
					"sender":	true
				}],
			"sum":	{
				"start":	2.000186,
				"end":	3.001034,
				"seconds":	1.0008480548858643,
				"bytes":	131072,
				"bits_per_second":	1047687.5034938032,
				"retransmits":	0,
				"omitted":	false,
				"sender":	true
			}
		}, {
			"streams":	[{
					"socket":	5,
					"start":	3.001034,
					"end":	4.000283,
					"seconds":	0.99924898147583008,
					"bytes":	262144,
					"bits_per_second":	2098728.1837431886,
					"retransmits":	0,
					"snd_cwnd":	111496,
					"rtt":	531788,
					"rttvar":	482484,
					"pmtu":	1500,
					"omitted":	false,
					"sender":	true
				}],
			"sum":	{
				"start":	3.001034,
				"end":	4.000283,
				"seconds":	0.99924898147583008,
				"bytes":	262144,
				"bits_per_second":	2098728.1837431886,
				"retransmits":	0,
				"omitted":	false,
				"sender":	true
			}
		}, {
			"streams":	[{
					"socket":	5,
					"start":	4.000283,
					"end":	5.000616,
					"seconds":	1.0003329515457153,
					"bytes":	393216,
					"bits_per_second":	3144680.9736090554,
					"retransmits":	0,
					"snd_cwnd":	186792,
					"rtt":	616547,
					"rttvar":	531381,
					"pmtu":	1500,
					"omitted":	false,
					"sender":	true
				}],
			"sum":	{
				"start":	4.000283,
				"end":	5.000616,
				"seconds":	1.0003329515457153,
				"bytes":	393216,
				"bits_per_second":	3144680.9736090554,
				"retransmits":	0,
				"omitted":	false,
				"sender":	true
			}
		}, {
			"streams":	[{
					"socket":	5,
					"start":	5.000616,
					"end":	6.000285,
					"seconds":	0.99966901540756226,
					"bytes":	0,
					"bits_per_second":	0,
					"retransmits":	0,
					"snd_cwnd":	186792,
					"rtt":	616547,
					"rttvar":	531381,
					"pmtu":	1500,
					"omitted":	false,
					"sender":	true
				}],
			"sum":	{
				"start":	5.000616,
				"end":	6.000285,
				"seconds":	0.99966901540756226,
				"bytes":	0,
				"bits_per_second":	0,
				"retransmits":	0,
				"omitted":	false,
				"sender":	true
			}
		}, {
			"streams":	[{
					"socket":	5,
					"start":	6.000285,
					"end":	7.202671,
					"seconds":	1.2023860216140747,
					"bytes":	0,
					"bits_per_second":	0,
					"retransmits":	0,
					"snd_cwnd":	186792,
					"rtt":	616547,
					"rttvar":	531381,
					"pmtu":	1500,
					"omitted":	false,
					"sender":	true
				}],
			"sum":	{
				"start":	6.000285,
				"end":	7.202671,
				"seconds":	1.2023860216140747,
				"bytes":	0,
				"bits_per_second":	0,
				"retransmits":	0,
				"omitted":	false,
				"sender":	true
			}
		}, {
			"streams":	[{
					"socket":	5,
					"start":	7.202671,
					"end":	8.000241,
					"seconds":	0.797569990158081,
					"bytes":	0,
					"bits_per_second":	0,
					"retransmits":	0,
					"snd_cwnd":	186792,
					"rtt":	616547,
					"rttvar":	531381,
					"pmtu":	1500,
					"omitted":	false,
					"sender":	true
				}],
			"sum":	{
				"start":	7.202671,
				"end":	8.000241,
				"seconds":	0.797569990158081,
				"bytes":	0,
				"bits_per_second":	0,
				"retransmits":	0,
				"omitted":	false,
				"sender":	true
			}
		}, {
			"streams":	[{
					"socket":	5,
					"start":	8.000241,
					"end":	9.000057,
					"seconds":	0.99981600046157837,
					"bytes":	0,
					"bits_per_second":	0,
					"retransmits":	1,
					"snd_cwnd":	1448,
					"rtt":	616547,
					"rttvar":	531381,
					"pmtu":	1500,
					"omitted":	false,
					"sender":	true
				}],
			"sum":	{
				"start":	8.000241,
				"end":	9.000057,
				"seconds":	0.99981600046157837,
				"bytes":	0,
				"bits_per_second":	0,
				"retransmits":	1,
				"omitted":	false,
				"sender":	true
			}
		}, {
			"streams":	[{
					"socket":	5,
					"start":	9.000057,
					"end":	10.001013,
					"seconds":	1.0009560585021973,
					"bytes":	0,
					"bits_per_second":	0,
					"retransmits":	0,
					"snd_cwnd":	1448,
					"rtt":	616547,
					"rttvar":	531381,
					"pmtu":	1500,
					"omitted":	false,
					"sender":	true
				}],
			"sum":	{
				"start":	9.000057,
				"end":	10.001013,
				"seconds":	1.0009560585021973,
				"bytes":	0,
				"bits_per_second":	0,
				"retransmits":	0,
				"omitted":	false,
				"sender":	true
			}
		}],
	"end":	{
		"streams":	[{
				"sender":	{
					"socket":	5,
					"start":	0,
					"end":	10.001013,
					"seconds":	10.001013,
					"bytes":	996392,
					"bits_per_second":	797032.86057122413,
					"retransmits":	2,
					"max_snd_cwnd":	186792,
					"max_rtt":	616547,
					"min_rtt":	147569,
					"mean_rtt":	498819,
					"sender":	true
				},
				"receiver":	{
					"socket":	5,
					"start":	0,
					"end":	10.405125,
					"seconds":	10.001013,
					"bytes":	359104,
					"bits_per_second":	276097.78834949125,
					"sender":	true
				}
			}],
		"sum_sent":	{
			"start":	0,
			"end":	10.001013,
			"seconds":	10.001013,
			"bytes":	996392,
			"bits_per_second":	797032.86057122413,
			"retransmits":	2,
			"sender":	true
		},
		"sum_received":	{
			"start":	0,
			"end":	10.405125,
			"seconds":	10.405125,
			"bytes":	359104,
			"bits_per_second":	276097.78834949125,
			"sender":	true
		},
		"cpu_utilization_percent":	{
			"host_total":	5.6927250944079386,
			"host_user":	1.8433971105903488,
			"host_system":	3.849318815105307,
			"remote_total":	0.089760113807424449,
			"remote_user":	0,
			"remote_system":	0.089760113807424449
		},
		"sender_tcp_congestion":	"cubic",
		"receiver_tcp_congestion":	"cubic"
	}
}
