{
	"start":	{
		"connected":	[{
				"socket":	5,
				"local_host":	"10.0.2.11",
				"local_port":	36606,
				"remote_host":	"10.0.6.10",
				"remote_port":	5201
			}],
		"version":	"iperf 3.7",
		"system_info":	"Linux ubunu2004 5.11.0-40-generic #44~20.04.2-Ubuntu SMP Tue Oct 26 18:07:44 UTC 2021 x86_64",
		"timestamp":	{
			"time":	"Fri, 19 Nov 2021 08:43:10 GMT",
			"timesecs":	1637311390
		},
		"connecting_to":	{
			"host":	"10.0.6.10",
			"port":	5201
		},
		"cookie":	"6rbifg5fsjjn5a37iih4l7wdiaf7au5aznfn",
		"tcp_mss_default":	1448,
		"target_bitrate":	1000000000,
		"sock_bufsize":	0,
		"sndbuf_actual":	87380,
		"rcvbuf_actual":	87380,
		"test_start":	{
			"protocol":	"TCP",
			"num_streams":	1,
			"blksize":	131072,
			"omit":	0,
			"duration":	10,
			"bytes":	0,
			"blocks":	0,
			"reverse":	0,
			"tos":	0
		}
	},
	"intervals":	[{
			"streams":	[{
					"socket":	5,
					"start":	0,
					"end":	1.00011,
					"seconds":	1.0001100301742554,
					"bytes":	166520,
					"bits_per_second":	1332013.43832927,
					"retransmits":	0,
					"snd_cwnd":	28960,
					"rtt":	257932,
					"rttvar":	178018,
					"pmtu":	1500,
					"omitted":	false,
					"sender":	true
				}],
			"sum":	{
				"start":	0,
				"end":	1.00011,
				"seconds":	1.0001100301742554,
				"bytes":	166520,
				"bits_per_second":	1332013.43832927,
				"retransmits":	0,
				"omitted":	false,
				"sender":	true
			}
		}, {
			"streams":	[{
					"socket":	5,
					"start":	1.00011,
					"end":	2.000161,
					"seconds":	1.0000510215759277,
					"bytes":	236776,
					"bits_per_second":	1894111.3594534581,
					"retransmits":	0,
					"snd_cwnd":	89776,
					"rtt":	499592,
					"rttvar":	170906,
					"pmtu":	1500,
					"omitted":	false,
					"sender":	true
				}],
			"sum":	{
				"start":	1.00011,
				"end":	2.000161,
				"seconds":	1.0000510215759277,
				"bytes":	236776,
				"bits_per_second":	1894111.3594534581,
				"retransmits":	0,
				"omitted":	false,
				"sender":	true
			}
		}, {
			"streams":	[{
					"socket":	5,
					"start":	2.000161,
					"end":	3.000815,
					"seconds":	1.0006539821624756,
					"bytes":	655360,
					"bits_per_second":	5239453.4908758467,
					"retransmits":	0,
					"snd_cwnd":	220096,
					"rtt":	605917,
					"rttvar":	117688,
					"pmtu":	1500,
					"omitted":	false,
					"sender":	true
				}],
			"sum":	{
				"start":	2.000161,
				"end":	3.000815,
				"seconds":	1.0006539821624756,
				"bytes":	655360,
				"bits_per_second":	5239453.4908758467,
				"retransmits":	0,
				"omitted":	false,
				"sender":	true
			}
		}, {
			"streams":	[{
					"socket":	5,
					"start":	3.000815,
					"end":	4.000027,
					"seconds":	0.99921202659606934,
					"bytes":	2097152,
					"bits_per_second":	16790446.425223198,
					"retransmits":	0,
					"snd_cwnd":	674768,
					"rtt":	616753,
					"rttvar":	72709,
					"pmtu":	1500,
					"omitted":	false,
					"sender":	true
				}],
			"sum":	{
				"start":	3.000815,
				"end":	4.000027,
				"seconds":	0.99921202659606934,
				"bytes":	2097152,
				"bits_per_second":	16790446.425223198,
				"retransmits":	0,
				"omitted":	false,
				"sender":	true
			}
		}, {
			"streams":	[{
					"socket":	5,
					"start":	4.000027,
					"end":	5.000165,
					"seconds":	1.0001380443572998,
					"bytes":	4849664,
					"bits_per_second":	38791956.989229023,
					"retransmits":	0,
					"snd_cwnd":	1711536,
					"rtt":	610317,
					"rttvar":	48716,
					"pmtu":	1500,
					"omitted":	false,
					"sender":	true
				}],
			"sum":	{
				"start":	4.000027,
				"end":	5.000165,
				"seconds":	1.0001380443572998,
				"bytes":	4849664,
				"bits_per_second":	38791956.989229023,
				"retransmits":	0,
				"omitted":	false,
				"sender":	true
			}
		}, {
			"streams":	[{
					"socket":	5,
					"start":	5.000165,
					"end":	6.000202,
					"seconds":	1.0000369548797607,
					"bytes":	9043968,
					"bits_per_second":	72349070.348804459,
					"retransmits":	0,
					"snd_cwnd":	6342240,
					"rtt":	607172,
					"rttvar":	33483,
					"pmtu":	1500,
					"omitted":	false,
					"sender":	true
				}],
			"sum":	{
				"start":	5.000165,
				"end":	6.000202,
				"seconds":	1.0000369548797607,
				"bytes":	9043968,
				"bits_per_second":	72349070.348804459,
				"retransmits":	0,
				"omitted":	false,
				"sender":	true
			}
		}, {
			"streams":	[{
					"socket":	5,
					"start":	6.000202,
					"end":	7.000137,
					"seconds":	0.99993497133255,
					"bytes":	11403264,
					"bits_per_second":	91232044.698295459,
					"retransmits":	0,
					"snd_cwnd":	17515008,
					"rtt":	628151,
					"rttvar":	54719,
					"pmtu":	1500,
					"omitted":	false,
					"sender":	true
				}],
			"sum":	{
				"start":	6.000202,
				"end":	7.000137,
				"seconds":	0.99993497133255,
				"bytes":	11403264,
				"bits_per_second":	91232044.698295459,
				"retransmits":	0,
				"omitted":	false,
				"sender":	true
			}
		}, {
			"streams":	[{
					"socket":	5,
					"start":	7.000137,
					"end":	8.000136,
					"seconds":	0.99999898672103882,
					"bytes":	10092544,
					"bits_per_second":	80740433.8125829,
					"retransmits":	0,
					"snd_cwnd":	17515008,
					"rtt":	616508,
					"rttvar":	65480,
					"pmtu":	1500,
					"omitted":	false,
					"sender":	true
				}],
			"sum":	{
				"start":	7.000137,
				"end":	8.000136,
				"seconds":	0.99999898672103882,
				"bytes":	10092544,
				"bits_per_second":	80740433.8125829,
				"retransmits":	0,
				"omitted":	false,
				"sender":	true
			}
		}, {
			"streams":	[{
					"socket":	5,
					"start":	8.000136,
					"end":	9.000107,
					"seconds":	0.99997097253799438,
					"bytes":	15597568,
					"bits_per_second":	124784166.16764234,
					"retransmits":	0,
					"snd_cwnd":	17515008,
					"rtt":	644281,
					"rttvar":	93215,
					"pmtu":	1500,
					"omitted":	false,
					"sender":	true
				}],
			"sum":	{
				"start":	8.000136,
				"end":	9.000107,
				"seconds":	0.99997097253799438,
				"bytes":	15597568,
				"bits_per_second":	124784166.16764234,
				"retransmits":	0,
				"omitted":	false,
				"sender":	true
			}
		}, {
			"streams":	[{
					"socket":	5,
					"start":	9.000107,
					"end":	10.000234,
					"seconds":	1.0001269578933716,
					"bytes":	11272192,
					"bits_per_second":	90166088.703324676,
					"retransmits":	0,
					"snd_cwnd":	17515008,
					"rtt":	646731,
					"rttvar":	98659,
					"pmtu":	1500,
					"omitted":	false,
					"sender":	true
				}],
			"sum":	{
				"start":	9.000107,
				"end":	10.000234,
				"seconds":	1.0001269578933716,
				"bytes":	11272192,
				"bits_per_second":	90166088.703324676,
				"retransmits":	0,
				"omitted":	false,
				"sender":	true
			}
		}],
	"end":	{
		"streams":	[{
				"sender":	{
					"socket":	5,
					"start":	0,
					"end":	10.000234,
					"seconds":	10.000234,
					"bytes":	65415008,
					"bits_per_second":	52330781.85970448,
					"retransmits":	0,
					"max_snd_cwnd":	17515008,
					"max_rtt":	646731,
					"min_rtt":	257932,
					"mean_rtt":	573335,
					"sender":	true
				},
				"receiver":	{
					"socket":	5,
					"start":	0,
					"end":	10.315754,
					"seconds":	10.000234,
					"bytes":	62430520,
					"bits_per_second":	48415671.796748936,
					"sender":	true
				}
			}],
		"sum_sent":	{
			"start":	0,
			"end":	10.000234,
			"seconds":	10.000234,
			"bytes":	65415008,
			"bits_per_second":	52330781.85970448,
			"retransmits":	0,
			"sender":	true
		},
		"sum_received":	{
			"start":	0,
			"end":	10.315754,
			"seconds":	10.315754,
			"bytes":	62430520,
			"bits_per_second":	48415671.796748936,
			"sender":	true
		},
		"cpu_utilization_percent":	{
			"host_total":	5.3574592079449062,
			"host_user":	2.0696744368244637,
			"host_system":	3.2877755104592223,
			"remote_total":	1.445002442272971,
			"remote_user":	0.25776223974018714,
			"remote_system":	1.1872492681340128
		},
		"sender_tcp_congestion":	"cubic",
		"receiver_tcp_congestion":	"cubic"
	}
}
