{
	"start":	{
		"connected":	[{
				"socket":	5,
				"local_host":	"10.0.5.10",
				"local_port":	39942,
				"remote_host":	"10.0.6.10",
				"remote_port":	5204
			}],
		"version":	"iperf 3.7",
		"system_info":	"Linux ubunu2004 5.11.0-40-generic #44~20.04.2-Ubuntu SMP Tue Oct 26 18:07:44 UTC 2021 x86_64",
		"timestamp":	{
			"time":	"Fri, 19 Nov 2021 08:43:10 GMT",
			"timesecs":	1637311390
		},
		"connecting_to":	{
			"host":	"10.0.6.10",
			"port":	5204
		},
		"cookie":	"forc6hx6niqb66brikspu7zfcb6hfb5it2uy",
		"tcp_mss_default":	1448,
		"target_bitrate":	1000000000,
		"sock_bufsize":	0,
		"sndbuf_actual":	87380,
		"rcvbuf_actual":	87380,
		"test_start":	{
			"protocol":	"TCP",
			"num_streams":	1,
			"blksize":	131072,
			"omit":	0,
			"duration":	10,
			"bytes":	0,
			"blocks":	0,
			"reverse":	0,
			"tos":	0
		}
	},
	"intervals":	[{
			"streams":	[{
					"socket":	5,
					"start":	0,
					"end":	1.000044,
					"seconds":	1.0000439882278442,
					"bytes":	79640,
					"bits_per_second":	637091.975453026,
					"retransmits":	0,
					"snd_cwnd":	17376,
					"rtt":	308530,
					"rttvar":	178117,
					"pmtu":	1500,
					"omitted":	false,
					"sender":	true
				}],
			"sum":	{
				"start":	0,
				"end":	1.000044,
				"seconds":	1.0000439882278442,
				"bytes":	79640,
				"bits_per_second":	637091.975453026,
				"retransmits":	0,
				"omitted":	false,
				"sender":	true
			}
		}, {
			"streams":	[{
					"socket":	5,
					"start":	1.000044,
					"end":	2.000115,
					"seconds":	1.0000710487365723,
					"bytes":	130320,
					"bits_per_second":	1042485.932691588,
					"retransmits":	0,
					"snd_cwnd":	37648,
					"rtt":	483482,
					"rttvar":	403277,
					"pmtu":	1500,
					"omitted":	false,
					"sender":	true
				}],
			"sum":	{
				"start":	1.000044,
				"end":	2.000115,
				"seconds":	1.0000710487365723,
				"bytes":	130320,
				"bits_per_second":	1042485.932691588,
				"retransmits":	0,
				"omitted":	false,
				"sender":	true
			}
		}, {
			"streams":	[{
					"socket":	5,
					"start":	2.000115,
					"end":	3.000113,
					"seconds":	0.99999797344207764,
					"bytes":	262144,
					"bits_per_second":	2097156.2500086129,
					"retransmits":	0,
					"snd_cwnd":	78192,
					"rtt":	565092,
					"rttvar":	289792,
					"pmtu":	1500,
					"omitted":	false,
					"sender":	true
				}],
			"sum":	{
				"start":	2.000115,
				"end":	3.000113,
				"seconds":	0.99999797344207764,
				"bytes":	262144,
				"bits_per_second":	2097156.2500086129,
				"retransmits":	0,
				"omitted":	false,
				"sender":	true
			}
		}, {
			"streams":	[{
					"socket":	5,
					"start":	3.000113,
					"end":	4.000436,
					"seconds":	1.0003230571746826,
					"bytes":	131072,
					"bits_per_second":	1048237.3594002754,
					"retransmits":	0,
					"snd_cwnd":	99912,
					"rtt":	667066,
					"rttvar":	343276,
					"pmtu":	1500,
					"omitted":	false,
					"sender":	true
				}],
			"sum":	{
				"start":	3.000113,
				"end":	4.000436,
				"seconds":	1.0003230571746826,
				"bytes":	131072,
				"bits_per_second":	1048237.3594002754,
				"retransmits":	0,
				"omitted":	false,
				"sender":	true
			}
		}, {
			"streams":	[{
					"socket":	5,
					"start":	4.000436,
					"end":	5.000112,
					"seconds":	0.999675989151001,
					"bytes":	393216,
					"bits_per_second":	3146747.5803550966,
					"retransmits":	0,
					"snd_cwnd":	186792,
					"rtt":	757170,
					"rttvar":	349273,
					"pmtu":	1500,
					"omitted":	false,
					"sender":	true
				}],
			"sum":	{
				"start":	4.000436,
				"end":	5.000112,
				"seconds":	0.999675989151001,
				"bytes":	393216,
				"bits_per_second":	3146747.5803550966,
				"retransmits":	0,
				"omitted":	false,
				"sender":	true
			}
		}, {
			"streams":	[{
					"socket":	5,
					"start":	5.000112,
					"end":	6.000291,
					"seconds":	1.0001790523529053,
					"bytes":	786432,
					"bits_per_second":	6290329.7016663663,
					"retransmits":	0,
					"snd_cwnd":	375032,
					"rtt":	837531,
					"rttvar":	332171,
					"pmtu":	1500,
					"omitted":	false,
					"sender":	true
				}],
			"sum":	{
				"start":	5.000112,
				"end":	6.000291,
				"seconds":	1.0001790523529053,
				"bytes":	786432,
				"bits_per_second":	6290329.7016663663,
				"retransmits":	0,
				"omitted":	false,
				"sender":	true
			}
		}, {
			"streams":	[{
					"socket":	5,
					"start":	6.000291,
					"end":	7.000248,
					"seconds":	0.99995702505111694,
					"bytes":	0,
					"bits_per_second":	0,
					"retransmits":	0,
					"snd_cwnd":	375032,
					"rtt":	837531,
					"rttvar":	332171,
					"pmtu":	1500,
					"omitted":	false,
					"sender":	true
				}],
			"sum":	{
				"start":	6.000291,
				"end":	7.000248,
				"seconds":	0.99995702505111694,
				"bytes":	0,
				"bits_per_second":	0,
				"retransmits":	0,
				"omitted":	false,
				"sender":	true
			}
		}, {
			"streams":	[{
					"socket":	5,
					"start":	7.000248,
					"end":	8.000073,
					"seconds":	0.99982500076293945,
					"bytes":	0,
					"bits_per_second":	0,
					"retransmits":	0,
					"snd_cwnd":	375032,
					"rtt":	837531,
					"rttvar":	332171,
					"pmtu":	1500,
					"omitted":	false,
					"sender":	true
				}],
			"sum":	{
				"start":	7.000248,
				"end":	8.000073,
				"seconds":	0.99982500076293945,
				"bytes":	0,
				"bits_per_second":	0,
				"retransmits":	0,
				"omitted":	false,
				"sender":	true
			}
		}, {
			"streams":	[{
					"socket":	5,
					"start":	8.000073,
					"end":	9.000946,
					"seconds":	1.0008729696273804,
					"bytes":	0,
					"bits_per_second":	0,
					"retransmits":	0,
					"snd_cwnd":	375032,
					"rtt":	837531,
					"rttvar":	332171,
					"pmtu":	1500,
					"omitted":	false,
					"sender":	true
				}],
			"sum":	{
				"start":	8.000073,
				"end":	9.000946,
				"seconds":	1.0008729696273804,
				"bytes":	0,
				"bits_per_second":	0,
				"retransmits":	0,
				"omitted":	false,
				"sender":	true
			}
		}, {
			"streams":	[{
					"socket":	5,
					"start":	9.000946,
					"end":	10.001532,
					"seconds":	1.0005860328674316,
					"bytes":	0,
					"bits_per_second":	0,
					"retransmits":	1,
					"snd_cwnd":	1448,
					"rtt":	837531,
					"rttvar":	332171,
					"pmtu":	1500,
					"omitted":	false,
					"sender":	true
				}],
			"sum":	{
				"start":	9.000946,
				"end":	10.001532,
				"seconds":	1.0005860328674316,
				"bytes":	0,
				"bits_per_second":	0,
				"retransmits":	1,
				"omitted":	false,
				"sender":	true
			}
		}],
	"end":	{
		"streams":	[{
				"sender":	{
					"socket":	5,
					"start":	0,
					"end":	10.001532,
					"seconds":	10.001532,
					"bytes":	1782824,
					"bits_per_second":	1426040.7305600783,
					"retransmits":	1,
					"max_snd_cwnd":	375032,
					"max_rtt":	837531,
					"min_rtt":	308530,
					"mean_rtt":	696899,
					"sender":	true
				},
				"receiver":	{
					"socket":	5,
					"start":	0,
					"end":	10.542931,
					"seconds":	10.001532,
					"bytes":	757304,
					"bits_per_second":	574643.99605764286,
					"sender":	true
				}
			}],
		"sum_sent":	{
			"start":	0,
			"end":	10.001532,
			"seconds":	10.001532,
			"bytes":	1782824,
			"bits_per_second":	1426040.7305600783,
			"retransmits":	1,
			"sender":	true
		},
		"sum_received":	{
			"start":	0,
			"end":	10.542931,
			"seconds":	10.542931,
			"bytes":	757304,
			"bits_per_second":	574643.99605764286,
			"sender":	true
		},
		"cpu_utilization_percent":	{
			"host_total":	5.3975513469462344,
			"host_user":	1.5656292868560129,
			"host_system":	3.83191306707905,
			"remote_total":	0.13136247361524847,
			"remote_user":	0.032752573850450689,
			"remote_system":	0.098601095309461637
		},
		"sender_tcp_congestion":	"cubic",
		"receiver_tcp_congestion":	"cubic"
	}
}
