{
	"start":	{
		"connected":	[{
				"socket":	5,
				"local_host":	"10.0.5.10",
				"local_port":	45717,
				"remote_host":	"10.0.6.10",
				"remote_port":	5204
			}],
		"version":	"iperf 3.7",
		"system_info":	"Linux ubunu2004 5.11.0-40-generic #44~20.04.2-Ubuntu SMP Tue Oct 26 18:07:44 UTC 2021 x86_64",
		"timestamp":	{
			"time":	"Fri, 19 Nov 2021 08:50:42 GMT",
			"timesecs":	1637311842
		},
		"connecting_to":	{
			"host":	"10.0.6.10",
			"port":	5204
		},
		"cookie":	"7ha3taak7qvngvdd6h5j3zlntob255qdsxio",
		"sock_bufsize":	0,
		"sndbuf_actual":	212992,
		"rcvbuf_actual":	212992,
		"test_start":	{
			"protocol":	"UDP",
			"num_streams":	1,
			"blksize":	1448,
			"omit":	0,
			"duration":	10,
			"bytes":	0,
			"blocks":	0,
			"reverse":	0,
			"tos":	0
		}
	},
	"intervals":	[{
			"streams":	[{
					"socket":	5,
					"start":	0,
					"end":	1.002921,
					"seconds":	1.0029209852218628,
					"bytes":	29080184,
					"bits_per_second":	231963908.85024291,
					"packets":	20083,
					"omitted":	false,
					"sender":	true
				}],
			"sum":	{
				"start":	0,
				"end":	1.002921,
				"seconds":	1.0029209852218628,
				"bytes":	29080184,
				"bits_per_second":	231963908.85024291,
				"packets":	20083,
				"omitted":	false,
				"sender":	true
			}
		}, {
			"streams":	[{
					"socket":	5,
					"start":	1.002921,
					"end":	2.001558,
					"seconds":	0.99863702058792114,
					"bytes":	37365640,
					"bits_per_second":	299333104.85927683,
					"packets":	25805,
					"omitted":	false,
					"sender":	true
				}],
			"sum":	{
				"start":	1.002921,
				"end":	2.001558,
				"seconds":	0.99863702058792114,
				"bytes":	37365640,
				"bits_per_second":	299333104.85927683,
				"packets":	25805,
				"omitted":	false,
				"sender":	true
			}
		}, {
			"streams":	[{
					"socket":	5,
					"start":	2.001558,
					"end":	3.000142,
					"seconds":	0.998583972454071,
					"bytes":	24898360,
					"bits_per_second":	199469334.07161352,
					"packets":	17195,
					"omitted":	false,
					"sender":	true
				}],
			"sum":	{
				"start":	2.001558,
				"end":	3.000142,
				"seconds":	0.998583972454071,
				"bytes":	24898360,
				"bits_per_second":	199469334.07161352,
				"packets":	17195,
				"omitted":	false,
				"sender":	true
			}
		}, {
			"streams":	[{
					"socket":	5,
					"start":	3.000142,
					"end":	4.000024,
					"seconds":	0.99988198280334473,
					"bytes":	31469384,
					"bits_per_second":	251784786.93471447,
					"packets":	21733,
					"omitted":	false,
					"sender":	true
				}],
			"sum":	{
				"start":	3.000142,
				"end":	4.000024,
				"seconds":	0.99988198280334473,
				"bytes":	31469384,
				"bits_per_second":	251784786.93471447,
				"packets":	21733,
				"omitted":	false,
				"sender":	true
			}
		}, {
			"streams":	[{
					"socket":	5,
					"start":	4.000024,
					"end":	5.000063,
					"seconds":	1.0000389814376831,
					"bytes":	32364248,
					"bits_per_second":	258903891.55408546,
					"packets":	22351,
					"omitted":	false,
					"sender":	true
				}],
			"sum":	{
				"start":	4.000024,
				"end":	5.000063,
				"seconds":	1.0000389814376831,
				"bytes":	32364248,
				"bits_per_second":	258903891.55408546,
				"packets":	22351,
				"omitted":	false,
				"sender":	true
			}
		}, {
			"streams":	[{
					"socket":	5,
					"start":	5.000063,
					"end":	6.004031,
					"seconds":	1.0039680004119873,
					"bytes":	21473840,
					"bits_per_second":	171111748.51141086,
					"packets":	14830,
					"omitted":	false,
					"sender":	true
				}],
			"sum":	{
				"start":	5.000063,
				"end":	6.004031,
				"seconds":	1.0039680004119873,
				"bytes":	21473840,
				"bits_per_second":	171111748.51141086,
				"packets":	14830,
				"omitted":	false,
				"sender":	true
			}
		}, {
			"streams":	[{
					"socket":	5,
					"start":	6.004031,
					"end":	7.000038,
					"seconds":	0.99600702524185181,
					"bytes":	26575144,
					"bits_per_second":	213453466.30298707,
					"packets":	18353,
					"omitted":	false,
					"sender":	true
				}],
			"sum":	{
				"start":	6.004031,
				"end":	7.000038,
				"seconds":	0.99600702524185181,
				"bytes":	26575144,
				"bits_per_second":	213453466.30298707,
				"packets":	18353,
				"omitted":	false,
				"sender":	true
			}
		}, {
			"streams":	[{
					"socket":	5,
					"start":	7.000038,
					"end":	8.000037,
					"seconds":	0.99999898672103882,
					"bytes":	28147672,
					"bits_per_second":	225181604.17178196,
					"packets":	19439,
					"omitted":	false,
					"sender":	true
				}],
			"sum":	{
				"start":	7.000038,
				"end":	8.000037,
				"seconds":	0.99999898672103882,
				"bytes":	28147672,
				"bits_per_second":	225181604.17178196,
				"packets":	19439,
				"omitted":	false,
				"sender":	true
			}
		}, {
			"streams":	[{
					"socket":	5,
					"start":	8.000037,
					"end":	9.001422,
					"seconds":	1.001384973526001,
					"bytes":	30364560,
					"bits_per_second":	242580512.41238511,
					"packets":	20970,
					"omitted":	false,
					"sender":	true
				}],
			"sum":	{
				"start":	8.000037,
				"end":	9.001422,
				"seconds":	1.001384973526001,
				"bytes":	30364560,
				"bits_per_second":	242580512.41238511,
				"packets":	20970,
				"omitted":	false,
				"sender":	true
			}
		}, {
			"streams":	[{
					"socket":	5,
					"start":	9.001422,
					"end":	10.000039,
					"seconds":	0.99861699342727661,
					"bytes":	38399512,
					"bits_per_second":	307621538.60980862,
					"packets":	26519,
					"omitted":	false,
					"sender":	true
				}],
			"sum":	{
				"start":	9.001422,
				"end":	10.000039,
				"seconds":	0.99861699342727661,
				"bytes":	38399512,
				"bits_per_second":	307621538.60980862,
				"packets":	26519,
				"omitted":	false,
				"sender":	true
			}
		}],
	"end":	{
		"streams":	[{
				"udp":	{
					"socket":	5,
					"start":	0,
					"end":	10.000039,
					"seconds":	10.000039,
					"bytes":	300138544,
					"bits_per_second":	240109898.77139482,
					"jitter_ms":	0.00376825868539189,
					"lost_packets":	5833,
					"packets":	207278,
					"lost_percent":	2.8140950800374376,
					"out_of_order":	0,
					"sender":	true
				}
			}],
		"sum":	{
			"start":	0,
			"end":	10.233324,
			"seconds":	10.233324,
			"bytes":	300138544,
			"bits_per_second":	240109898.77139482,
			"jitter_ms":	0.00376825868539189,
			"lost_packets":	5833,
			"packets":	207278,
			"lost_percent":	2.8140950800374376,
			"sender":	true
		},
		"cpu_utilization_percent":	{
			"host_total":	24.103890254587707,
			"host_user":	2.1693510691245459,
			"host_system":	21.934529723346639,
			"remote_total":	12.003522898236634,
			"remote_user":	2.097469011894828,
			"remote_system":	9.90604462627915
		}
	}
}
