{
	"start":	{
		"connected":	[{
				"socket":	5,
				"local_host":	"10.0.3.12",
				"local_port":	44497,
				"remote_host":	"10.0.6.10",
				"remote_port":	5202
			}],
		"version":	"iperf 3.7",
		"system_info":	"Linux ubunu2004 5.11.0-40-generic #44~20.04.2-Ubuntu SMP Tue Oct 26 18:07:44 UTC 2021 x86_64",
		"timestamp":	{
			"time":	"Fri, 19 Nov 2021 08:50:42 GMT",
			"timesecs":	1637311842
		},
		"connecting_to":	{
			"host":	"10.0.6.10",
			"port":	5202
		},
		"cookie":	"nd757nwtnhxipcnzfmzqmvujbi6oa3fjm5fb",
		"sock_bufsize":	0,
		"sndbuf_actual":	212992,
		"rcvbuf_actual":	212992,
		"test_start":	{
			"protocol":	"UDP",
			"num_streams":	1,
			"blksize":	1448,
			"omit":	0,
			"duration":	10,
			"bytes":	0,
			"blocks":	0,
			"reverse":	0,
			"tos":	0
		}
	},
	"intervals":	[{
			"streams":	[{
					"socket":	5,
					"start":	0,
					"end":	1.000059,
					"seconds":	1.0000590085983276,
					"bytes":	24143952,
					"bits_per_second":	193140219.06639221,
					"packets":	16674,
					"omitted":	false,
					"sender":	true
				}],
			"sum":	{
				"start":	0,
				"end":	1.000059,
				"seconds":	1.0000590085983276,
				"bytes":	24143952,
				"bits_per_second":	193140219.06639221,
				"packets":	16674,
				"omitted":	false,
				"sender":	true
			}
		}, {
			"streams":	[{
					"socket":	5,
					"start":	1.000059,
					"end":	2.000015,
					"seconds":	0.99995601177215576,
					"bytes":	26061104,
					"bits_per_second":	208498003.45768118,
					"packets":	17998,
					"omitted":	false,
					"sender":	true
				}],
			"sum":	{
				"start":	1.000059,
				"end":	2.000015,
				"seconds":	0.99995601177215576,
				"bytes":	26061104,
				"bits_per_second":	208498003.45768118,
				"packets":	17998,
				"omitted":	false,
				"sender":	true
			}
		}, {
			"streams":	[{
					"socket":	5,
					"start":	2.000015,
					"end":	3.009054,
					"seconds":	1.009039044380188,
					"bytes":	27635080,
					"bits_per_second":	219100183.71568656,
					"packets":	19085,
					"omitted":	false,
					"sender":	true
				}],
			"sum":	{
				"start":	2.000015,
				"end":	3.009054,
				"seconds":	1.009039044380188,
				"bytes":	27635080,
				"bits_per_second":	219100183.71568656,
				"packets":	19085,
				"omitted":	false,
				"sender":	true
			}
		}, {
			"streams":	[{
					"socket":	5,
					"start":	3.009054,
					"end":	4.010226,
					"seconds":	1.0011719465255737,
					"bytes":	35153096,
					"bits_per_second":	280895573.40869462,
					"packets":	24277,
					"omitted":	false,
					"sender":	true
				}],
			"sum":	{
				"start":	3.009054,
				"end":	4.010226,
				"seconds":	1.0011719465255737,
				"bytes":	35153096,
				"bits_per_second":	280895573.40869462,
				"packets":	24277,
				"omitted":	false,
				"sender":	true
			}
		}, {
			"streams":	[{
					"socket":	5,
					"start":	4.010226,
					"end":	5.015536,
					"seconds":	1.00531005859375,
					"bytes":	33822384,
					"bits_per_second":	269149870.41758239,
					"packets":	23358,
					"omitted":	false,
					"sender":	true
				}],
			"sum":	{
				"start":	4.010226,
				"end":	5.015536,
				"seconds":	1.00531005859375,
				"bytes":	33822384,
				"bits_per_second":	269149870.41758239,
				"packets":	23358,
				"omitted":	false,
				"sender":	true
			}
		}, {
			"streams":	[{
					"socket":	5,
					"start":	5.015536,
					"end":	6.000033,
					"seconds":	0.98449701070785522,
					"bytes":	44069880,
					"bits_per_second":	358110828.33711135,
					"packets":	30435,
					"omitted":	false,
					"sender":	true
				}],
			"sum":	{
				"start":	5.015536,
				"end":	6.000033,
				"seconds":	0.98449701070785522,
				"bytes":	44069880,
				"bits_per_second":	358110828.33711135,
				"packets":	30435,
				"omitted":	false,
				"sender":	true
			}
		}, {
			"streams":	[{
					"socket":	5,
					"start":	6.000033,
					"end":	7.014953,
					"seconds":	1.0149199962615967,
					"bytes":	25124248,
					"bits_per_second":	198039239.29014164,
					"packets":	17351,
					"omitted":	false,
					"sender":	true
				}],
			"sum":	{
				"start":	6.000033,
				"end":	7.014953,
				"seconds":	1.0149199962615967,
				"bytes":	25124248,
				"bits_per_second":	198039239.29014164,
				"packets":	17351,
				"omitted":	false,
				"sender":	true
			}
		}, {
			"streams":	[{
					"socket":	5,
					"start":	7.014953,
					"end":	8.000004,
					"seconds":	0.98505097627639771,
					"bytes":	42100600,
					"bits_per_second":	341916112.07082868,
					"packets":	29075,
					"omitted":	false,
					"sender":	true
				}],
			"sum":	{
				"start":	7.014953,
				"end":	8.000004,
				"seconds":	0.98505097627639771,
				"bytes":	42100600,
				"bits_per_second":	341916112.07082868,
				"packets":	29075,
				"omitted":	false,
				"sender":	true
			}
		}, {
			"streams":	[{
					"socket":	5,
					"start":	8.000004,
					"end":	9.00717,
					"seconds":	1.0071660280227661,
					"bytes":	19125184,
					"bits_per_second":	151912860.18688226,
					"packets":	13208,
					"omitted":	false,
					"sender":	true
				}],
			"sum":	{
				"start":	8.000004,
				"end":	9.00717,
				"seconds":	1.0071660280227661,
				"bytes":	19125184,
				"bits_per_second":	151912860.18688226,
				"packets":	13208,
				"omitted":	false,
				"sender":	true
			}
		}, {
			"streams":	[{
					"socket":	5,
					"start":	9.00717,
					"end":	10.000071,
					"seconds":	0.9929010272026062,
					"bytes":	52167096,
					"bits_per_second":	420320612.5949958,
					"packets":	36027,
					"omitted":	false,
					"sender":	true
				}],
			"sum":	{
				"start":	9.00717,
				"end":	10.000071,
				"seconds":	0.9929010272026062,
				"bytes":	52167096,
				"bits_per_second":	420320612.5949958,
				"packets":	36027,
				"omitted":	false,
				"sender":	true
			}
		}],
	"end":	{
		"streams":	[{
				"udp":	{
					"socket":	5,
					"start":	0,
					"end":	10.000071,
					"seconds":	10.000071,
					"bytes":	329402624,
					"bits_per_second":	263520228.20637974,
					"jitter_ms":	0.000767860844114724,
					"lost_packets":	14023,
					"packets":	227488,
					"lost_percent":	6.164281192854129,
					"out_of_order":	0,
					"sender":	true
				}
			}],
		"sum":	{
			"start":	0,
			"end":	10.110646,
			"seconds":	10.110646,
			"bytes":	329402624,
			"bits_per_second":	263520228.20637974,
			"jitter_ms":	0.000767860844114724,
			"lost_packets":	14023,
			"packets":	227488,
			"lost_percent":	6.164281192854129,
			"sender":	true
		},
		"cpu_utilization_percent":	{
			"host_total":	24.664542772770989,
			"host_user":	2.8493449008261282,
			"host_system":	21.815188298530462,
			"remote_total":	12.414357476252674,
			"remote_user":	2.6349349025996829,
			"remote_system":	9.7794225736529921
		}
	}
}
