{
	"start":	{
		"connected":	[{
				"socket":	5,
				"local_host":	"10.0.4.13",
				"local_port":	38518,
				"remote_host":	"10.0.6.10",
				"remote_port":	5203
			}],
		"version":	"iperf 3.7",
		"system_info":	"Linux ubunu2004 5.11.0-40-generic #44~20.04.2-Ubuntu SMP Tue Oct 26 18:07:44 UTC 2021 x86_64",
		"timestamp":	{
			"time":	"Fri, 19 Nov 2021 08:50:42 GMT",
			"timesecs":	1637311842
		},
		"connecting_to":	{
			"host":	"10.0.6.10",
			"port":	5203
		},
		"cookie":	"2qhzt7yxyvksajsxzvkjz7vz7cgwboqqyi2y",
		"sock_bufsize":	0,
		"sndbuf_actual":	212992,
		"rcvbuf_actual":	212992,
		"test_start":	{
			"protocol":	"UDP",
			"num_streams":	1,
			"blksize":	1448,
			"omit":	0,
			"duration":	10,
			"bytes":	0,
			"blocks":	0,
			"reverse":	0,
			"tos":	0
		}
	},
	"intervals":	[{
			"streams":	[{
					"socket":	5,
					"start":	0,
					"end":	1.00001,
					"seconds":	1.0000100135803223,
					"bytes":	17795920,
					"bits_per_second":	142365934.40728065,
					"packets":	12290,
					"omitted":	false,
					"sender":	true
				}],
			"sum":	{
				"start":	0,
				"end":	1.00001,
				"seconds":	1.0000100135803223,
				"bytes":	17795920,
				"bits_per_second":	142365934.40728065,
				"packets":	12290,
				"omitted":	false,
				"sender":	true
			}
		}, {
			"streams":	[{
					"socket":	5,
					"start":	1.00001,
					"end":	2.003943,
					"seconds":	1.0039329528808594,
					"bytes":	31579432,
					"bits_per_second":	251645745.141689,
					"packets":	21809,
					"omitted":	false,
					"sender":	true
				}],
			"sum":	{
				"start":	1.00001,
				"end":	2.003943,
				"seconds":	1.0039329528808594,
				"bytes":	31579432,
				"bits_per_second":	251645745.141689,
				"packets":	21809,
				"omitted":	false,
				"sender":	true
			}
		}, {
			"streams":	[{
					"socket":	5,
					"start":	2.003943,
					"end":	3.000779,
					"seconds":	0.99683600664138794,
					"bytes":	57631848,
					"bits_per_second":	462518188.47657716,
					"packets":	39801,
					"omitted":	false,
					"sender":	true
				}],
			"sum":	{
				"start":	2.003943,
				"end":	3.000779,
				"seconds":	0.99683600664138794,
				"bytes":	57631848,
				"bits_per_second":	462518188.47657716,
				"packets":	39801,
				"omitted":	false,
				"sender":	true
			}
		}, {
			"streams":	[{
					"socket":	5,
					"start":	3.000779,
					"end":	4.002083,
					"seconds":	1.001304030418396,
					"bytes":	17053096,
					"bits_per_second":	136247097.64025894,
					"packets":	11777,
					"omitted":	false,
					"sender":	true
				}],
			"sum":	{
				"start":	3.000779,
				"end":	4.002083,
				"seconds":	1.001304030418396,
				"bytes":	17053096,
				"bits_per_second":	136247097.64025894,
				"packets":	11777,
				"omitted":	false,
				"sender":	true
			}
		}, {
			"streams":	[{
					"socket":	5,
					"start":	4.002083,
					"end":	5.000051,
					"seconds":	0.99796801805496216,
					"bytes":	26730080,
					"bits_per_second":	214276045.05480549,
					"packets":	18460,
					"omitted":	false,
					"sender":	true
				}],
			"sum":	{
				"start":	4.002083,
				"end":	5.000051,
				"seconds":	0.99796801805496216,
				"bytes":	26730080,
				"bits_per_second":	214276045.05480549,
				"packets":	18460,
				"omitted":	false,
				"sender":	true
			}
		}, {
			"streams":	[{
					"socket":	5,
					"start":	5.000051,
					"end":	6.005064,
					"seconds":	1.0050129890441895,
					"bytes":	40997224,
					"bits_per_second":	326341843.9118095,
					"packets":	28313,
					"omitted":	false,
					"sender":	true
				}],
			"sum":	{
				"start":	5.000051,
				"end":	6.005064,
				"seconds":	1.0050129890441895,
				"bytes":	40997224,
				"bits_per_second":	326341843.9118095,
				"packets":	28313,
				"omitted":	false,
				"sender":	true
			}
		}, {
			"streams":	[{
					"socket":	5,
					"start":	6.005064,
					"end":	7.001435,
					"seconds":	0.99637097120285034,
					"bytes":	36915312,
					"bits_per_second":	296398133.36138988,
					"packets":	25494,
					"omitted":	false,
					"sender":	true
				}],
			"sum":	{
				"start":	6.005064,
				"end":	7.001435,
				"seconds":	0.99637097120285034,
				"bytes":	36915312,
				"bits_per_second":	296398133.36138988,
				"packets":	25494,
				"omitted":	false,
				"sender":	true
			}
		}, {
			"streams":	[{
					"socket":	5,
					"start":	7.001435,
					"end":	8.000013,
					"seconds":	0.99857801198959351,
					"bytes":	33215672,
					"bits_per_second":	266103772.37383953,
					"packets":	22939,
					"omitted":	false,
					"sender":	true
				}],
			"sum":	{
				"start":	7.001435,
				"end":	8.000013,
				"seconds":	0.99857801198959351,
				"bytes":	33215672,
				"bits_per_second":	266103772.37383953,
				"packets":	22939,
				"omitted":	false,
				"sender":	true
			}
		}, {
			"streams":	[{
					"socket":	5,
					"start":	8.000013,
					"end":	9.001694,
					"seconds":	1.0016809701919556,
					"bytes":	38204032,
					"bits_per_second":	305119359.451773,
					"packets":	26384,
					"omitted":	false,
					"sender":	true
				}],
			"sum":	{
				"start":	8.000013,
				"end":	9.001694,
				"seconds":	1.0016809701919556,
				"bytes":	38204032,
				"bits_per_second":	305119359.451773,
				"packets":	26384,
				"omitted":	false,
				"sender":	true
			}
		}, {
			"streams":	[{
					"socket":	5,
					"start":	9.001694,
					"end":	10.000017,
					"seconds":	0.99832302331924438,
					"bytes":	32513392,
					"bits_per_second":	260544062.31681463,
					"packets":	22454,
					"omitted":	false,
					"sender":	true
				}],
			"sum":	{
				"start":	9.001694,
				"end":	10.000017,
				"seconds":	0.99832302331924438,
				"bytes":	32513392,
				"bits_per_second":	260544062.31681463,
				"packets":	22454,
				"omitted":	false,
				"sender":	true
			}
		}],
	"end":	{
		"streams":	[{
				"udp":	{
					"socket":	5,
					"start":	0,
					"end":	10.000017,
					"seconds":	10.000017,
					"bytes":	332636008,
					"bits_per_second":	266108354.01579818,
					"jitter_ms":	7.3770375687220652e-05,
					"lost_packets":	9633,
					"packets":	229721,
					"lost_percent":	4.1933475825022528,
					"out_of_order":	0,
					"sender":	true
				}
			}],
		"sum":	{
			"start":	0,
			"end":	10.364087,
			"seconds":	10.364087,
			"bytes":	332636008,
			"bits_per_second":	266108354.01579818,
			"jitter_ms":	7.3770375687220652e-05,
			"lost_packets":	9633,
			"packets":	229721,
			"lost_percent":	4.1933475825022528,
			"sender":	true
		},
		"cpu_utilization_percent":	{
			"host_total":	24.131440883884128,
			"host_user":	2.3874475653165912,
			"host_system":	21.743983972338153,
			"remote_total":	12.309144323887088,
			"remote_user":	2.4861421849918028,
			"remote_system":	9.8229929916717271
		}
	}
}
