{
	"start":	{
		"connected":	[{
				"socket":	5,
				"local_host":	"10.0.2.11",
				"local_port":	57938,
				"remote_host":	"10.0.6.10",
				"remote_port":	5201
			}],
		"version":	"iperf 3.7",
		"system_info":	"Linux ubunu2004 5.11.0-40-generic #44~20.04.2-Ubuntu SMP Tue Oct 26 18:07:44 UTC 2021 x86_64",
		"timestamp":	{
			"time":	"Fri, 19 Nov 2021 08:50:42 GMT",
			"timesecs":	1637311842
		},
		"connecting_to":	{
			"host":	"10.0.6.10",
			"port":	5201
		},
		"cookie":	"mtkghlfvtwkkpw3q74powza4pcne3gc7rz3b",
		"sock_bufsize":	0,
		"sndbuf_actual":	212992,
		"rcvbuf_actual":	212992,
		"test_start":	{
			"protocol":	"UDP",
			"num_streams":	1,
			"blksize":	1448,
			"omit":	0,
			"duration":	10,
			"bytes":	0,
			"blocks":	0,
			"reverse":	0,
			"tos":	0
		}
	},
	"intervals":	[{
			"streams":	[{
					"socket":	5,
					"start":	0,
					"end":	1.000005,
					"seconds":	1.0000050067901611,
					"bytes":	18049320,
					"bits_per_second":	144393837.05035734,
					"packets":	12465,
					"omitted":	false,
					"sender":	true
				}],
			"sum":	{
				"start":	0,
				"end":	1.000005,
				"seconds":	1.0000050067901611,
				"bytes":	18049320,
				"bits_per_second":	144393837.05035734,
				"packets":	12465,
				"omitted":	false,
				"sender":	true
			}
		}, {
			"streams":	[{
					"socket":	5,
					"start":	1.000005,
					"end":	2.000032,
					"seconds":	1.0000269412994385,
					"bytes":	33603736,
					"bits_per_second":	268822645.56860989,
					"packets":	23207,
					"omitted":	false,
					"sender":	true
				}],
			"sum":	{
				"start":	1.000005,
				"end":	2.000032,
				"seconds":	1.0000269412994385,
				"bytes":	33603736,
				"bits_per_second":	268822645.56860989,
				"packets":	23207,
				"omitted":	false,
				"sender":	true
			}
		}, {
			"streams":	[{
					"socket":	5,
					"start":	2.000032,
					"end":	3.005451,
					"seconds":	1.0054190158843994,
					"bytes":	37341024,
					"bits_per_second":	297118104.27339983,
					"packets":	25788,
					"omitted":	false,
					"sender":	true
				}],
			"sum":	{
				"start":	2.000032,
				"end":	3.005451,
				"seconds":	1.0054190158843994,
				"bytes":	37341024,
				"bits_per_second":	297118104.27339983,
				"packets":	25788,
				"omitted":	false,
				"sender":	true
			}
		}, {
			"streams":	[{
					"socket":	5,
					"start":	3.005451,
					"end":	4.00551,
					"seconds":	1.0000590085983276,
					"bytes":	33206984,
					"bits_per_second":	265640196.94431883,
					"packets":	22933,
					"omitted":	false,
					"sender":	true
				}],
			"sum":	{
				"start":	3.005451,
				"end":	4.00551,
				"seconds":	1.0000590085983276,
				"bytes":	33206984,
				"bits_per_second":	265640196.94431883,
				"packets":	22933,
				"omitted":	false,
				"sender":	true
			}
		}, {
			"streams":	[{
					"socket":	5,
					"start":	4.00551,
					"end":	5.000033,
					"seconds":	0.99452298879623413,
					"bytes":	32019624,
					"bits_per_second":	257567693.14106172,
					"packets":	22113,
					"omitted":	false,
					"sender":	true
				}],
			"sum":	{
				"start":	4.00551,
				"end":	5.000033,
				"seconds":	0.99452298879623413,
				"bytes":	32019624,
				"bits_per_second":	257567693.14106172,
				"packets":	22113,
				"omitted":	false,
				"sender":	true
			}
		}, {
			"streams":	[{
					"socket":	5,
					"start":	5.000033,
					"end":	6.000005,
					"seconds":	0.99997198581695557,
					"bytes":	29211952,
					"bits_per_second":	233702162.97517148,
					"packets":	20174,
					"omitted":	false,
					"sender":	true
				}],
			"sum":	{
				"start":	5.000033,
				"end":	6.000005,
				"seconds":	0.99997198581695557,
				"bytes":	29211952,
				"bits_per_second":	233702162.97517148,
				"packets":	20174,
				"omitted":	false,
				"sender":	true
			}
		}, {
			"streams":	[{
					"socket":	5,
					"start":	6.000005,
					"end":	7.000167,
					"seconds":	1.0001620054244995,
					"bytes":	37407632,
					"bits_per_second":	299212581.93864745,
					"packets":	25834,
					"omitted":	false,
					"sender":	true
				}],
			"sum":	{
				"start":	6.000005,
				"end":	7.000167,
				"seconds":	1.0001620054244995,
				"bytes":	37407632,
				"bits_per_second":	299212581.93864745,
				"packets":	25834,
				"omitted":	false,
				"sender":	true
			}
		}, {
			"streams":	[{
					"socket":	5,
					"start":	7.000167,
					"end":	8.000273,
					"seconds":	1.0001059770584106,
					"bytes":	25875760,
					"bits_per_second":	206984144.42923576,
					"packets":	17870,
					"omitted":	false,
					"sender":	true
				}],
			"sum":	{
				"start":	7.000167,
				"end":	8.000273,
				"seconds":	1.0001059770584106,
				"bytes":	25875760,
				"bits_per_second":	206984144.42923576,
				"packets":	17870,
				"omitted":	false,
				"sender":	true
			}
		}, {
			"streams":	[{
					"socket":	5,
					"start":	8.000273,
					"end":	9.010072,
					"seconds":	1.0097990036010742,
					"bytes":	36974680,
					"bits_per_second":	292927046.81342322,
					"packets":	25535,
					"omitted":	false,
					"sender":	true
				}],
			"sum":	{
				"start":	8.000273,
				"end":	9.010072,
				"seconds":	1.0097990036010742,
				"bytes":	36974680,
				"bits_per_second":	292927046.81342322,
				"packets":	25535,
				"omitted":	false,
				"sender":	true
			}
		}, {
			"streams":	[{
					"socket":	5,
					"start":	9.010072,
					"end":	10.000018,
					"seconds":	0.98994600772857666,
					"bytes":	43949696,
					"bits_per_second":	355168428.63656563,
					"packets":	30352,
					"omitted":	false,
					"sender":	true
				}],
			"sum":	{
				"start":	9.010072,
				"end":	10.000018,
				"seconds":	0.98994600772857666,
				"bytes":	43949696,
				"bits_per_second":	355168428.63656563,
				"packets":	30352,
				"omitted":	false,
				"sender":	true
			}
		}],
	"end":	{
		"streams":	[{
				"udp":	{
					"socket":	5,
					"start":	0,
					"end":	10.000018,
					"seconds":	10.000018,
					"bytes":	327640408,
					"bits_per_second":	262111854.59866169,
					"jitter_ms":	0.00085726820889092952,
					"lost_packets":	7364,
					"packets":	226271,
					"lost_percent":	3.2545045542734155,
					"out_of_order":	0,
					"sender":	true
				}
			}],
		"sum":	{
			"start":	0,
			"end":	10.136012,
			"seconds":	10.136012,
			"bytes":	327640408,
			"bits_per_second":	262111854.59866169,
			"jitter_ms":	0.00085726820889092952,
			"lost_packets":	7364,
			"packets":	226271,
			"lost_percent":	3.2545045542734155,
			"sender":	true
		},
		"cpu_utilization_percent":	{
			"host_total":	26.268693349326753,
			"host_user":	4.131756656737628,
			"host_system":	22.136946242802722,
			"remote_total":	14.318177635698465,
			"remote_user":	2.6961128441312274,
			"remote_system":	11.622064791567237
		}
	}
}
