{
	"start":	{
		"connected":	[{
				"socket":	5,
				"local_host":	"10.0.2.11",
				"local_port":	36632,
				"remote_host":	"10.0.6.10",
				"remote_port":	5201
			}],
		"version":	"iperf 3.7",
		"system_info":	"Linux ubunu2004 5.11.0-40-generic #44~20.04.2-Ubuntu SMP Tue Oct 26 18:07:44 UTC 2021 x86_64",
		"timestamp":	{
			"time":	"Fri, 19 Nov 2021 08:44:23 GMT",
			"timesecs":	1637311463
		},
		"connecting_to":	{
			"host":	"10.0.6.10",
			"port":	5201
		},
		"cookie":	"btridu6wvrdoukhh32qcejrdqtwa4l7kwvns",
		"tcp_mss_default":	1448,
		"target_bitrate":	1000000000,
		"sock_bufsize":	0,
		"sndbuf_actual":	87380,
		"rcvbuf_actual":	87380,
		"test_start":	{
			"protocol":	"TCP",
			"num_streams":	1,
			"blksize":	131072,
			"omit":	0,
			"duration":	10,
			"bytes":	0,
			"blocks":	0,
			"reverse":	0,
			"tos":	0
		}
	},
	"intervals":	[{
			"streams":	[{
					"socket":	5,
					"start":	0,
					"end":	1.000161,
					"seconds":	1.0001610517501831,
					"bytes":	79640,
					"bits_per_second":	637017.40723166824,
					"retransmits":	0,
					"snd_cwnd":	17376,
					"rtt":	295662,
					"rttvar":	171360,
					"pmtu":	1500,
					"omitted":	false,
					"sender":	true
				}],
			"sum":	{
				"start":	0,
				"end":	1.000161,
				"seconds":	1.0001610517501831,
				"bytes":	79640,
				"bits_per_second":	637017.40723166824,
				"retransmits":	0,
				"omitted":	false,
				"sender":	true
			}
		}, {
			"streams":	[{
					"socket":	5,
					"start":	1.000161,
					"end":	2.000056,
					"seconds":	0.99989497661590576,
					"bytes":	130320,
					"bits_per_second":	1042669.5046798734,
					"retransmits":	0,
					"snd_cwnd":	31856,
					"rtt":	390918,
					"rttvar":	319032,
					"pmtu":	1500,
					"omitted":	false,
					"sender":	true
				}],
			"sum":	{
				"start":	1.000161,
				"end":	2.000056,
				"seconds":	0.99989497661590576,
				"bytes":	130320,
				"bits_per_second":	1042669.5046798734,
				"retransmits":	0,
				"omitted":	false,
				"sender":	true
			}
		}, {
			"streams":	[{
					"socket":	5,
					"start":	2.000056,
					"end":	3.000339,
					"seconds":	1.0002830028533936,
					"bytes":	131072,
					"bits_per_second":	1048279.3339573366,
					"retransmits":	0,
					"snd_cwnd":	75296,
					"rtt":	547776,
					"rttvar":	340991,
					"pmtu":	1500,
					"omitted":	false,
					"sender":	true
				}],
			"sum":	{
				"start":	2.000056,
				"end":	3.000339,
				"seconds":	1.0002830028533936,
				"bytes":	131072,
				"bits_per_second":	1048279.3339573366,
				"retransmits":	0,
				"omitted":	false,
				"sender":	true
			}
		}, {
			"streams":	[{
					"socket":	5,
					"start":	3.000339,
					"end":	4.000297,
					"seconds":	0.99995797872543335,
					"bytes":	262144,
					"bits_per_second":	2097240.1287032804,
					"retransmits":	0,
					"snd_cwnd":	120184,
					"rtt":	677137,
					"rttvar":	351366,
					"pmtu":	1500,
					"omitted":	false,
					"sender":	true
				}],
			"sum":	{
				"start":	3.000339,
				"end":	4.000297,
				"seconds":	0.99995797872543335,
				"bytes":	262144,
				"bits_per_second":	2097240.1287032804,
				"retransmits":	0,
				"omitted":	false,
				"sender":	true
			}
		}, {
			"streams":	[{
					"socket":	5,
					"start":	4.000297,
					"end":	5.000175,
					"seconds":	0.99987798929214478,
					"bytes":	655360,
					"bits_per_second":	5243519.7655582484,
					"retransmits":	0,
					"snd_cwnd":	241816,
					"rtt":	778129,
					"rttvar":	372457,
					"pmtu":	1500,
					"omitted":	false,
					"sender":	true
				}],
			"sum":	{
				"start":	4.000297,
				"end":	5.000175,
				"seconds":	0.99987798929214478,
				"bytes":	655360,
				"bits_per_second":	5243519.7655582484,
				"retransmits":	0,
				"omitted":	false,
				"sender":	true
			}
		}, {
			"streams":	[{
					"socket":	5,
					"start":	5.000175,
					"end":	6.000322,
					"seconds":	1.0001469850540161,
					"bytes":	1310720,
					"bits_per_second":	10484218.976507422,
					"retransmits":	0,
					"snd_cwnd":	527072,
					"rtt":	808192,
					"rttvar":	305170,
					"pmtu":	1500,
					"omitted":	false,
					"sender":	true
				}],
			"sum":	{
				"start":	5.000175,
				"end":	6.000322,
				"seconds":	1.0001469850540161,
				"bytes":	1310720,
				"bits_per_second":	10484218.976507422,
				"retransmits":	0,
				"omitted":	false,
				"sender":	true
			}
		}, {
			"streams":	[{
					"socket":	5,
					"start":	6.000322,
					"end":	7.000387,
					"seconds":	1.0000649690628052,
					"bytes":	2359296,
					"bits_per_second":	18873141.829663139,
					"retransmits":	0,
					"snd_cwnd":	1057040,
					"rtt":	765407,
					"rttvar":	169031,
					"pmtu":	1500,
					"omitted":	false,
					"sender":	true
				}],
			"sum":	{
				"start":	6.000322,
				"end":	7.000387,
				"seconds":	1.0000649690628052,
				"bytes":	2359296,
				"bits_per_second":	18873141.829663139,
				"retransmits":	0,
				"omitted":	false,
				"sender":	true
			}
		}, {
			"streams":	[{
					"socket":	5,
					"start":	7.000387,
					"end":	8.000255,
					"seconds":	0.99986797571182251,
					"bytes":	6684672,
					"bits_per_second":	53484437.244755812,
					"retransmits":	0,
					"snd_cwnd":	2455808,
					"rtt":	691219,
					"rttvar":	92451,
					"pmtu":	1500,
					"omitted":	false,
					"sender":	true
				}],
			"sum":	{
				"start":	7.000387,
				"end":	8.000255,
				"seconds":	0.99986797571182251,
				"bytes":	6684672,
				"bits_per_second":	53484437.244755812,
				"retransmits":	0,
				"omitted":	false,
				"sender":	true
			}
		}, {
			"streams":	[{
					"socket":	5,
					"start":	8.000255,
					"end":	9.000086,
					"seconds":	0.99983102083206177,
					"bytes":	7602176,
					"bits_per_second":	60827686.61187128,
					"retransmits":	0,
					"snd_cwnd":	8544648,
					"rtt":	648427,
					"rttvar":	59006,
					"pmtu":	1500,
					"omitted":	false,
					"sender":	true
				}],
			"sum":	{
				"start":	8.000255,
				"end":	9.000086,
				"seconds":	0.99983102083206177,
				"bytes":	7602176,
				"bits_per_second":	60827686.61187128,
				"retransmits":	0,
				"omitted":	false,
				"sender":	true
			}
		}, {
			"streams":	[{
					"socket":	5,
					"start":	9.000086,
					"end":	10.000166,
					"seconds":	1.0000799894332886,
					"bytes":	11796480,
					"bits_per_second":	94364291.85377194,
					"retransmits":	0,
					"snd_cwnd":	16943048,
					"rtt":	612043,
					"rttvar":	26530,
					"pmtu":	1500,
					"omitted":	false,
					"sender":	true
				}],
			"sum":	{
				"start":	9.000086,
				"end":	10.000166,
				"seconds":	1.0000799894332886,
				"bytes":	11796480,
				"bits_per_second":	94364291.85377194,
				"retransmits":	0,
				"omitted":	false,
				"sender":	true
			}
		}],
	"end":	{
		"streams":	[{
				"sender":	{
					"socket":	5,
					"start":	0,
					"end":	10.000166,
					"seconds":	10.000166,
					"bytes":	31011880,
					"bits_per_second":	24809092.169069994,
					"retransmits":	0,
					"max_snd_cwnd":	16943048,
					"max_rtt":	808192,
					"min_rtt":	295662,
					"mean_rtt":	621491,
					"sender":	true
				},
				"receiver":	{
					"socket":	5,
					"start":	0,
					"end":	10.48536,
					"seconds":	10.000166,
					"bytes":	28489400,
					"bits_per_second":	21736516.438157585,
					"sender":	true
				}
			}],
		"sum_sent":	{
			"start":	0,
			"end":	10.000166,
			"seconds":	10.000166,
			"bytes":	31011880,
			"bits_per_second":	24809092.169069994,
			"retransmits":	0,
			"sender":	true
		},
		"sum_received":	{
			"start":	0,
			"end":	10.48536,
			"seconds":	10.48536,
			"bytes":	28489400,
			"bits_per_second":	21736516.438157585,
			"sender":	true
		},
		"cpu_utilization_percent":	{
			"host_total":	5.7660962080528115,
			"host_user":	1.9676377782779035,
			"host_system":	3.7984494239082163,
			"remote_total":	0.88052243715305756,
			"remote_user":	0.1521346366455725,
			"remote_system":	0.728387800507485
		},
		"sender_tcp_congestion":	"cubic",
		"receiver_tcp_congestion":	"cubic"
	}
}
