{
	"start":	{
		"connected":	[{
				"socket":	5,
				"local_host":	"10.0.5.10",
				"local_port":	39960,
				"remote_host":	"10.0.6.10",
				"remote_port":	5204
			}],
		"version":	"iperf 3.7",
		"system_info":	"Linux ubunu2004 5.11.0-40-generic #44~20.04.2-Ubuntu SMP Tue Oct 26 18:07:44 UTC 2021 x86_64",
		"timestamp":	{
			"time":	"Fri, 19 Nov 2021 08:44:23 GMT",
			"timesecs":	1637311463
		},
		"connecting_to":	{
			"host":	"10.0.6.10",
			"port":	5204
		},
		"cookie":	"jmoyqlmpprbvhsafftpwvbh7q4dxroyt5oua",
		"tcp_mss_default":	1448,
		"target_bitrate":	1000000000,
		"sock_bufsize":	0,
		"sndbuf_actual":	87380,
		"rcvbuf_actual":	87380,
		"test_start":	{
			"protocol":	"TCP",
			"num_streams":	1,
			"blksize":	131072,
			"omit":	0,
			"duration":	10,
			"bytes":	0,
			"blocks":	0,
			"reverse":	0,
			"tos":	0
		}
	},
	"intervals":	[{
			"streams":	[{
					"socket":	5,
					"start":	0,
					"end":	1.000159,
					"seconds":	1.0001590251922607,
					"bytes":	79640,
					"bits_per_second":	637018.69797908014,
					"retransmits":	0,
					"snd_cwnd":	14480,
					"rtt":	202132,
					"rttvar":	120042,
					"pmtu":	1500,
					"omitted":	false,
					"sender":	true
				}],
			"sum":	{
				"start":	0,
				"end":	1.000159,
				"seconds":	1.0001590251922607,
				"bytes":	79640,
				"bits_per_second":	637018.69797908014,
				"retransmits":	0,
				"omitted":	false,
				"sender":	true
			}
		}, {
			"streams":	[{
					"socket":	5,
					"start":	1.000159,
					"end":	2.000186,
					"seconds":	1.0000269412994385,
					"bytes":	131072,
					"bits_per_second":	1048547.7507610712,
					"retransmits":	1,
					"snd_cwnd":	33304,
					"rtt":	278770,
					"rttvar":	200283,
					"pmtu":	1500,
					"omitted":	false,
					"sender":	true
				}],
			"sum":	{
				"start":	1.000159,
				"end":	2.000186,
				"seconds":	1.0000269412994385,
				"bytes":	131072,
				"bits_per_second":	1048547.7507610712,
				"retransmits":	1,
				"omitted":	false,
				"sender":	true
			}
		}, {
			"streams":	[{
					"socket":	5,
					"start":	2.000186,
					"end":	3.000122,
					"seconds":	0.99993598461151123,
					"bytes":	131072,
					"bits_per_second":	1048643.1292973082,
					"retransmits":	0,
					"snd_cwnd":	69504,
					"rtt":	402463,
					"rttvar":	344460,
					"pmtu":	1500,
					"omitted":	false,
					"sender":	true
				}],
			"sum":	{
				"start":	2.000186,
				"end":	3.000122,
				"seconds":	0.99993598461151123,
				"bytes":	131072,
				"bits_per_second":	1048643.1292973082,
				"retransmits":	0,
				"omitted":	false,
				"sender":	true
			}
		}, {
			"streams":	[{
					"socket":	5,
					"start":	3.000122,
					"end":	4.000219,
					"seconds":	1.0000970363616943,
					"bytes":	393216,
					"bits_per_second":	3145422.7796174753,
					"retransmits":	0,
					"snd_cwnd":	136112,
					"rtt":	554463,
					"rttvar":	457299,
					"pmtu":	1500,
					"omitted":	false,
					"sender":	true
				}],
			"sum":	{
				"start":	3.000122,
				"end":	4.000219,
				"seconds":	1.0000970363616943,
				"bytes":	393216,
				"bits_per_second":	3145422.7796174753,
				"retransmits":	0,
				"omitted":	false,
				"sender":	true
			}
		}, {
			"streams":	[{
					"socket":	5,
					"start":	4.000219,
					"end":	5.00073,
					"seconds":	1.0005110502243042,
					"bytes":	655360,
					"bits_per_second":	5240201.9935957734,
					"retransmits":	0,
					"snd_cwnd":	275120,
					"rtt":	671108,
					"rttvar":	459475,
					"pmtu":	1500,
					"omitted":	false,
					"sender":	true
				}],
			"sum":	{
				"start":	4.000219,
				"end":	5.00073,
				"seconds":	1.0005110502243042,
				"bytes":	655360,
				"bits_per_second":	5240201.9935957734,
				"retransmits":	0,
				"omitted":	false,
				"sender":	true
			}
		}, {
			"streams":	[{
					"socket":	5,
					"start":	5.00073,
					"end":	6.000146,
					"seconds":	0.99941599369049072,
					"bytes":	131072,
					"bits_per_second":	1049188.7328398444,
					"retransmits":	0,
					"snd_cwnd":	309872,
					"rtt":	718854,
					"rttvar":	440097,
					"pmtu":	1500,
					"omitted":	false,
					"sender":	true
				}],
			"sum":	{
				"start":	5.00073,
				"end":	6.000146,
				"seconds":	0.99941599369049072,
				"bytes":	131072,
				"bits_per_second":	1049188.7328398444,
				"retransmits":	0,
				"omitted":	false,
				"sender":	true
			}
		}, {
			"streams":	[{
					"socket":	5,
					"start":	6.000146,
					"end":	7.000144,
					"seconds":	0.99999797344207764,
					"bytes":	0,
					"bits_per_second":	0,
					"retransmits":	0,
					"snd_cwnd":	309872,
					"rtt":	718854,
					"rttvar":	440097,
					"pmtu":	1500,
					"omitted":	false,
					"sender":	true
				}],
			"sum":	{
				"start":	6.000146,
				"end":	7.000144,
				"seconds":	0.99999797344207764,
				"bytes":	0,
				"bits_per_second":	0,
				"retransmits":	0,
				"omitted":	false,
				"sender":	true
			}
		}, {
			"streams":	[{
					"socket":	5,
					"start":	7.000144,
					"end":	8.000162,
					"seconds":	1.0000180006027222,
					"bytes":	0,
					"bits_per_second":	0,
					"retransmits":	0,
					"snd_cwnd":	309872,
					"rtt":	718854,
					"rttvar":	440097,
					"pmtu":	1500,
					"omitted":	false,
					"sender":	true
				}],
			"sum":	{
				"start":	7.000144,
				"end":	8.000162,
				"seconds":	1.0000180006027222,
				"bytes":	0,
				"bits_per_second":	0,
				"retransmits":	0,
				"omitted":	false,
				"sender":	true
			}
		}, {
			"streams":	[{
					"socket":	5,
					"start":	8.000162,
					"end":	9.000198,
					"seconds":	1.0000360012054443,
					"bytes":	0,
					"bits_per_second":	0,
					"retransmits":	0,
					"snd_cwnd":	309872,
					"rtt":	718854,
					"rttvar":	440097,
					"pmtu":	1500,
					"omitted":	false,
					"sender":	true
				}],
			"sum":	{
				"start":	8.000162,
				"end":	9.000198,
				"seconds":	1.0000360012054443,
				"bytes":	0,
				"bits_per_second":	0,
				"retransmits":	0,
				"omitted":	false,
				"sender":	true
			}
		}, {
			"streams":	[{
					"socket":	5,
					"start":	9.000198,
					"end":	10.000261,
					"seconds":	1.0000629425048828,
					"bytes":	0,
					"bits_per_second":	0,
					"retransmits":	1,
					"snd_cwnd":	1448,
					"rtt":	718854,
					"rttvar":	440097,
					"pmtu":	1500,
					"omitted":	false,
					"sender":	true
				}],
			"sum":	{
				"start":	9.000198,
				"end":	10.000261,
				"seconds":	1.0000629425048828,
				"bytes":	0,
				"bits_per_second":	0,
				"retransmits":	1,
				"omitted":	false,
				"sender":	true
			}
		}],
	"end":	{
		"streams":	[{
				"sender":	{
					"socket":	5,
					"start":	0,
					"end":	10.000261,
					"seconds":	10.000261,
					"bytes":	1521432,
					"bits_per_second":	1217113.8333289502,
					"retransmits":	2,
					"max_snd_cwnd":	309872,
					"max_rtt":	718854,
					"min_rtt":	202132,
					"mean_rtt":	570320,
					"sender":	true
				},
				"receiver":	{
					"socket":	5,
					"start":	0,
					"end":	10.439328,
					"seconds":	10.000261,
					"bytes":	606712,
					"bits_per_second":	464943.3373489175,
					"sender":	true
				}
			}],
		"sum_sent":	{
			"start":	0,
			"end":	10.000261,
			"seconds":	10.000261,
			"bytes":	1521432,
			"bits_per_second":	1217113.8333289502,
			"retransmits":	2,
			"sender":	true
		},
		"sum_received":	{
			"start":	0,
			"end":	10.439328,
			"seconds":	10.439328,
			"bytes":	606712,
			"bits_per_second":	464943.3373489175,
			"sender":	true
		},
		"cpu_utilization_percent":	{
			"host_total":	5.372783444690417,
			"host_user":	1.9437591658131679,
			"host_system":	3.4290060983763269,
			"remote_total":	0.14802901109120054,
			"remote_user":	0.01039766722559312,
			"remote_system":	0.13763134386560741
		},
		"sender_tcp_congestion":	"cubic",
		"receiver_tcp_congestion":	"cubic"
	}
}
