{
	"start":	{
		"connected":	[{
				"socket":	5,
				"local_host":	"10.0.1.10",
				"local_port":	33910,
				"remote_host":	"10.0.6.10",
				"remote_port":	5200
			}],
		"version":	"iperf 3.7",
		"system_info":	"Linux ubunu2004 5.11.0-40-generic #44~20.04.2-Ubuntu SMP Tue Oct 26 18:07:44 UTC 2021 x86_64",
		"timestamp":	{
			"time":	"Fri, 19 Nov 2021 08:44:23 GMT",
			"timesecs":	1637311463
		},
		"connecting_to":	{
			"host":	"10.0.6.10",
			"port":	5200
		},
		"cookie":	"bt62xzloc7ljlueirzcwd5rmbqwubn43ilfh",
		"tcp_mss_default":	1448,
		"target_bitrate":	1000000000,
		"sock_bufsize":	0,
		"sndbuf_actual":	87380,
		"rcvbuf_actual":	87380,
		"test_start":	{
			"protocol":	"TCP",
			"num_streams":	1,
			"blksize":	131072,
			"omit":	0,
			"duration":	10,
			"bytes":	0,
			"blocks":	0,
			"reverse":	0,
			"tos":	0
		}
	},
	"intervals":	[{
			"streams":	[{
					"socket":	5,
					"start":	0,
					"end":	1.000095,
					"seconds":	1.000095009803772,
					"bytes":	79640,
					"bits_per_second":	637059.47310446925,
					"retransmits":	0,
					"snd_cwnd":	17376,
					"rtt":	342163,
					"rttvar":	171334,
					"pmtu":	1500,
					"omitted":	false,
					"sender":	true
				}],
			"sum":	{
				"start":	0,
				"end":	1.000095,
				"seconds":	1.000095009803772,
				"bytes":	79640,
				"bits_per_second":	637059.47310446925,
				"retransmits":	0,
				"omitted":	false,
				"sender":	true
			}
		}, {
			"streams":	[{
					"socket":	5,
					"start":	1.000095,
					"end":	2.000195,
					"seconds":	1.0001000165939331,
					"bytes":	130320,
					"bits_per_second":	1042455.7371278465,
					"retransmits":	0,
					"snd_cwnd":	37648,
					"rtt":	507778,
					"rttvar":	382941,
					"pmtu":	1500,
					"omitted":	false,
					"sender":	true
				}],
			"sum":	{
				"start":	1.000095,
				"end":	2.000195,
				"seconds":	1.0001000165939331,
				"bytes":	130320,
				"bits_per_second":	1042455.7371278465,
				"retransmits":	0,
				"omitted":	false,
				"sender":	true
			}
		}, {
			"streams":	[{
					"socket":	5,
					"start":	2.000195,
					"end":	3.000227,
					"seconds":	1.0000319480895996,
					"bytes":	0,
					"bits_per_second":	0,
					"retransmits":	0,
					"snd_cwnd":	37648,
					"rtt":	507778,
					"rttvar":	382941,
					"pmtu":	1500,
					"omitted":	false,
					"sender":	true
				}],
			"sum":	{
				"start":	2.000195,
				"end":	3.000227,
				"seconds":	1.0000319480895996,
				"bytes":	0,
				"bits_per_second":	0,
				"retransmits":	0,
				"omitted":	false,
				"sender":	true
			}
		}, {
			"streams":	[{
					"socket":	5,
					"start":	3.000227,
					"end":	4.000412,
					"seconds":	1.0001850128173828,
					"bytes":	262144,
					"bits_per_second":	2096764.0717716943,
					"retransmits":	0,
					"snd_cwnd":	76744,
					"rtt":	707070,
					"rttvar":	685791,
					"pmtu":	1500,
					"omitted":	false,
					"sender":	true
				}],
			"sum":	{
				"start":	3.000227,
				"end":	4.000412,
				"seconds":	1.0001850128173828,
				"bytes":	262144,
				"bits_per_second":	2096764.0717716943,
				"retransmits":	0,
				"omitted":	false,
				"sender":	true
			}
		}, {
			"streams":	[{
					"socket":	5,
					"start":	4.000412,
					"end":	5.000218,
					"seconds":	0.9998059868812561,
					"bytes":	0,
					"bits_per_second":	0,
					"retransmits":	0,
					"snd_cwnd":	76744,
					"rtt":	707070,
					"rttvar":	685791,
					"pmtu":	1500,
					"omitted":	false,
					"sender":	true
				}],
			"sum":	{
				"start":	4.000412,
				"end":	5.000218,
				"seconds":	0.9998059868812561,
				"bytes":	0,
				"bits_per_second":	0,
				"retransmits":	0,
				"omitted":	false,
				"sender":	true
			}
		}, {
			"streams":	[{
					"socket":	5,
					"start":	5.000218,
					"end":	6.000124,
					"seconds":	0.99990600347518921,
					"bytes":	0,
					"bits_per_second":	0,
					"retransmits":	1,
					"snd_cwnd":	76744,
					"rtt":	707070,
					"rttvar":	685791,
					"pmtu":	1500,
					"omitted":	false,
					"sender":	true
				}],
			"sum":	{
				"start":	5.000218,
				"end":	6.000124,
				"seconds":	0.99990600347518921,
				"bytes":	0,
				"bits_per_second":	0,
				"retransmits":	1,
				"omitted":	false,
				"sender":	true
			}
		}, {
			"streams":	[{
					"socket":	5,
					"start":	6.000124,
					"end":	7.000103,
					"seconds":	0.99997901916503906,
					"bytes":	0,
					"bits_per_second":	0,
					"retransmits":	0,
					"snd_cwnd":	76744,
					"rtt":	707070,
					"rttvar":	685791,
					"pmtu":	1500,
					"omitted":	false,
					"sender":	true
				}],
			"sum":	{
				"start":	6.000124,
				"end":	7.000103,
				"seconds":	0.99997901916503906,
				"bytes":	0,
				"bits_per_second":	0,
				"retransmits":	0,
				"omitted":	false,
				"sender":	true
			}
		}, {
			"streams":	[{
					"socket":	5,
					"start":	7.000103,
					"end":	8.000092,
					"seconds":	0.99998897314071655,
					"bytes":	0,
					"bits_per_second":	0,
					"retransmits":	0,
					"snd_cwnd":	76744,
					"rtt":	707070,
					"rttvar":	685791,
					"pmtu":	1500,
					"omitted":	false,
					"sender":	true
				}],
			"sum":	{
				"start":	7.000103,
				"end":	8.000092,
				"seconds":	0.99998897314071655,
				"bytes":	0,
				"bits_per_second":	0,
				"retransmits":	0,
				"omitted":	false,
				"sender":	true
			}
		}, {
			"streams":	[{
					"socket":	5,
					"start":	8.000092,
					"end":	9.000629,
					"seconds":	1.0005370378494263,
					"bytes":	0,
					"bits_per_second":	0,
					"retransmits":	1,
					"snd_cwnd":	1448,
					"rtt":	707070,
					"rttvar":	685791,
					"pmtu":	1500,
					"omitted":	false,
					"sender":	true
				}],
			"sum":	{
				"start":	8.000092,
				"end":	9.000629,
				"seconds":	1.0005370378494263,
				"bytes":	0,
				"bits_per_second":	0,
				"retransmits":	1,
				"omitted":	false,
				"sender":	true
			}
		}, {
			"streams":	[{
					"socket":	5,
					"start":	9.000629,
					"end":	10.001888,
					"seconds":	1.0012589693069458,
					"bytes":	0,
					"bits_per_second":	0,
					"retransmits":	0,
					"snd_cwnd":	1448,
					"rtt":	707070,
					"rttvar":	685791,
					"pmtu":	1500,
					"omitted":	false,
					"sender":	true
				}],
			"sum":	{
				"start":	9.000629,
				"end":	10.001888,
				"seconds":	1.0012589693069458,
				"bytes":	0,
				"bits_per_second":	0,
				"retransmits":	0,
				"omitted":	false,
				"sender":	true
			}
		}],
	"end":	{
		"streams":	[{
				"sender":	{
					"socket":	5,
					"start":	0,
					"end":	10.001888,
					"seconds":	10.001888,
					"bytes":	472104,
					"bits_per_second":	377611.90687198262,
					"retransmits":	2,
					"max_snd_cwnd":	76744,
					"max_rtt":	707070,
					"min_rtt":	342163,
					"mean_rtt":	630720,
					"sender":	true
				},
				"receiver":	{
					"socket":	5,
					"start":	0,
					"end":	10.540916,
					"seconds":	10.001888,
					"bytes":	104256,
					"bits_per_second":	79124.812302839724,
					"sender":	true
				}
			}],
		"sum_sent":	{
			"start":	0,
			"end":	10.001888,
			"seconds":	10.001888,
			"bytes":	472104,
			"bits_per_second":	377611.90687198262,
			"retransmits":	2,
			"sender":	true
		},
		"sum_received":	{
			"start":	0,
			"end":	10.540916,
			"seconds":	10.540916,
			"bytes":	104256,
			"bits_per_second":	79124.812302839724,
			"sender":	true
		},
		"cpu_utilization_percent":	{
			"host_total":	5.9512909837745953,
			"host_user":	2.2812775532221741,
			"host_system":	3.6700045172577433,
			"remote_total":	0.048884360140042847,
			"remote_user":	0.048893069272439083,
			"remote_system":	0
		},
		"sender_tcp_congestion":	"cubic",
		"receiver_tcp_congestion":	"cubic"
	}
}
