{
	"start":	{
		"connected":	[{
				"socket":	5,
				"local_host":	"10.0.1.10",
				"local_port":	52280,
				"remote_host":	"10.0.6.10",
				"remote_port":	5200
			}],
		"version":	"iperf 3.7",
		"system_info":	"Linux ubunu2004 5.11.0-40-generic #44~20.04.2-Ubuntu SMP Tue Oct 26 18:07:44 UTC 2021 x86_64",
		"timestamp":	{
			"time":	"Fri, 19 Nov 2021 08:52:04 GMT",
			"timesecs":	1637311924
		},
		"connecting_to":	{
			"host":	"10.0.6.10",
			"port":	5200
		},
		"cookie":	"b4r4m4nqqjlwlsvy6b6jiwaush3trrlxaygp",
		"sock_bufsize":	0,
		"sndbuf_actual":	212992,
		"rcvbuf_actual":	212992,
		"test_start":	{
			"protocol":	"UDP",
			"num_streams":	1,
			"blksize":	1448,
			"omit":	0,
			"duration":	10,
			"bytes":	0,
			"blocks":	0,
			"reverse":	0,
			"tos":	0
		}
	},
	"intervals":	[{
			"streams":	[{
					"socket":	5,
					"start":	0,
					"end":	1.00131,
					"seconds":	1.0013099908828735,
					"bytes":	35635280,
					"bits_per_second":	284709273.44751424,
					"packets":	24610,
					"omitted":	false,
					"sender":	true
				}],
			"sum":	{
				"start":	0,
				"end":	1.00131,
				"seconds":	1.0013099908828735,
				"bytes":	35635280,
				"bits_per_second":	284709273.44751424,
				"packets":	24610,
				"omitted":	false,
				"sender":	true
			}
		}, {
			"streams":	[{
					"socket":	5,
					"start":	1.00131,
					"end":	2.005526,
					"seconds":	1.0042159557342529,
					"bytes":	29223536,
					"bits_per_second":	232806784.90022689,
					"packets":	20182,
					"omitted":	false,
					"sender":	true
				}],
			"sum":	{
				"start":	1.00131,
				"end":	2.005526,
				"seconds":	1.0042159557342529,
				"bytes":	29223536,
				"bits_per_second":	232806784.90022689,
				"packets":	20182,
				"omitted":	false,
				"sender":	true
			}
		}, {
			"streams":	[{
					"socket":	5,
					"start":	2.005526,
					"end":	3.000039,
					"seconds":	0.99451297521591187,
					"bytes":	50068944,
					"bits_per_second":	402761514.41165364,
					"packets":	34578,
					"omitted":	false,
					"sender":	true
				}],
			"sum":	{
				"start":	2.005526,
				"end":	3.000039,
				"seconds":	0.99451297521591187,
				"bytes":	50068944,
				"bits_per_second":	402761514.41165364,
				"packets":	34578,
				"omitted":	false,
				"sender":	true
			}
		}, {
			"streams":	[{
					"socket":	5,
					"start":	3.000039,
					"end":	4.017217,
					"seconds":	1.0171780586242676,
					"bytes":	49501328,
					"bits_per_second":	389322813.87941462,
					"packets":	34186,
					"omitted":	false,
					"sender":	true
				}],
			"sum":	{
				"start":	3.000039,
				"end":	4.017217,
				"seconds":	1.0171780586242676,
				"bytes":	49501328,
				"bits_per_second":	389322813.87941462,
				"packets":	34186,
				"omitted":	false,
				"sender":	true
			}
		}, {
			"streams":	[{
					"socket":	5,
					"start":	4.017217,
					"end":	5.004949,
					"seconds":	0.98773199319839478,
					"bytes":	33660208,
					"bits_per_second":	272626244.62333518,
					"packets":	23246,
					"omitted":	false,
					"sender":	true
				}],
			"sum":	{
				"start":	4.017217,
				"end":	5.004949,
				"seconds":	0.98773199319839478,
				"bytes":	33660208,
				"bits_per_second":	272626244.62333518,
				"packets":	23246,
				"omitted":	false,
				"sender":	true
			}
		}, {
			"streams":	[{
					"socket":	5,
					"start":	5.004949,
					"end":	6.000019,
					"seconds":	0.99506998062133789,
					"bytes":	25477560,
					"bits_per_second":	204830297.33519965,
					"packets":	17595,
					"omitted":	false,
					"sender":	true
				}],
			"sum":	{
				"start":	5.004949,
				"end":	6.000019,
				"seconds":	0.99506998062133789,
				"bytes":	25477560,
				"bits_per_second":	204830297.33519965,
				"packets":	17595,
				"omitted":	false,
				"sender":	true
			}
		}, {
			"streams":	[{
					"socket":	5,
					"start":	6.000019,
					"end":	7.000031,
					"seconds":	1.0000120401382446,
					"bytes":	33486448,
					"bits_per_second":	267888358.58712849,
					"packets":	23126,
					"omitted":	false,
					"sender":	true
				}],
			"sum":	{
				"start":	6.000019,
				"end":	7.000031,
				"seconds":	1.0000120401382446,
				"bytes":	33486448,
				"bits_per_second":	267888358.58712849,
				"packets":	23126,
				"omitted":	false,
				"sender":	true
			}
		}, {
			"streams":	[{
					"socket":	5,
					"start":	7.000031,
					"end":	8.000026,
					"seconds":	0.99999499320983887,
					"bytes":	28670400,
					"bits_per_second":	229364348.37916279,
					"packets":	19800,
					"omitted":	false,
					"sender":	true
				}],
			"sum":	{
				"start":	7.000031,
				"end":	8.000026,
				"seconds":	0.99999499320983887,
				"bytes":	28670400,
				"bits_per_second":	229364348.37916279,
				"packets":	19800,
				"omitted":	false,
				"sender":	true
			}
		}, {
			"streams":	[{
					"socket":	5,
					"start":	8.000026,
					"end":	9.000012,
					"seconds":	0.99998599290847778,
					"bytes":	22678576,
					"bits_per_second":	181431149.32271355,
					"packets":	15662,
					"omitted":	false,
					"sender":	true
				}],
			"sum":	{
				"start":	8.000026,
				"end":	9.000012,
				"seconds":	0.99998599290847778,
				"bytes":	22678576,
				"bits_per_second":	181431149.32271355,
				"packets":	15662,
				"omitted":	false,
				"sender":	true
			}
		}, {
			"streams":	[{
					"socket":	5,
					"start":	9.000012,
					"end":	10.005297,
					"seconds":	1.0052850246429443,
					"bytes":	23236056,
					"bits_per_second":	184911187.81563824,
					"packets":	16047,
					"omitted":	false,
					"sender":	true
				}],
			"sum":	{
				"start":	9.000012,
				"end":	10.005297,
				"seconds":	1.0052850246429443,
				"bytes":	23236056,
				"bits_per_second":	184911187.81563824,
				"packets":	16047,
				"omitted":	false,
				"sender":	true
			}
		}],
	"end":	{
		"streams":	[{
				"udp":	{
					"socket":	5,
					"start":	0,
					"end":	10.005297,
					"seconds":	10.005297,
					"bytes":	331638336,
					"bits_per_second":	265170208.14074785,
					"jitter_ms":	0.0017903153091326294,
					"lost_packets":	8207,
					"packets":	229032,
					"lost_percent":	3.583342065737539,
					"out_of_order":	0,
					"sender":	true
				}
			}],
		"sum":	{
			"start":	0,
			"end":	10.276455,
			"seconds":	10.276455,
			"bytes":	331638336,
			"bits_per_second":	265170208.14074785,
			"jitter_ms":	0.0017903153091326294,
			"lost_packets":	8207,
			"packets":	229032,
			"lost_percent":	3.583342065737539,
			"sender":	true
		},
		"cpu_utilization_percent":	{
			"host_total":	25.006079357703381,
			"host_user":	3.0460266241020584,
			"host_system":	21.960052733601319,
			"remote_total":	13.45666011680731,
			"remote_user":	3.1978604140600044,
			"remote_system":	10.258790495316502
		}
	}
}
