{
	"start":	{
		"connected":	[{
				"socket":	5,
				"local_host":	"10.0.2.11",
				"local_port":	35465,
				"remote_host":	"10.0.6.10",
				"remote_port":	5201
			}],
		"version":	"iperf 3.7",
		"system_info":	"Linux ubunu2004 5.11.0-40-generic #44~20.04.2-Ubuntu SMP Tue Oct 26 18:07:44 UTC 2021 x86_64",
		"timestamp":	{
			"time":	"Fri, 19 Nov 2021 08:52:04 GMT",
			"timesecs":	1637311924
		},
		"connecting_to":	{
			"host":	"10.0.6.10",
			"port":	5201
		},
		"cookie":	"nprqlhyt7do5d2m7cjvdqb35ha65e6cs6w4j",
		"sock_bufsize":	0,
		"sndbuf_actual":	212992,
		"rcvbuf_actual":	212992,
		"test_start":	{
			"protocol":	"UDP",
			"num_streams":	1,
			"blksize":	1448,
			"omit":	0,
			"duration":	10,
			"bytes":	0,
			"blocks":	0,
			"reverse":	0,
			"tos":	0
		}
	},
	"intervals":	[{
			"streams":	[{
					"socket":	5,
					"start":	0,
					"end":	1.000015,
					"seconds":	1.0000150203704834,
					"bytes":	24245312,
					"bits_per_second":	193959582.65520972,
					"packets":	16744,
					"omitted":	false,
					"sender":	true
				}],
			"sum":	{
				"start":	0,
				"end":	1.000015,
				"seconds":	1.0000150203704834,
				"bytes":	24245312,
				"bits_per_second":	193959582.65520972,
				"packets":	16744,
				"omitted":	false,
				"sender":	true
			}
		}, {
			"streams":	[{
					"socket":	5,
					"start":	1.000015,
					"end":	2.000008,
					"seconds":	0.99999302625656128,
					"bytes":	38923688,
					"bits_per_second":	311391675.56565434,
					"packets":	26881,
					"omitted":	false,
					"sender":	true
				}],
			"sum":	{
				"start":	1.000015,
				"end":	2.000008,
				"seconds":	0.99999302625656128,
				"bytes":	38923688,
				"bits_per_second":	311391675.56565434,
				"packets":	26881,
				"omitted":	false,
				"sender":	true
			}
		}, {
			"streams":	[{
					"socket":	5,
					"start":	2.000008,
					"end":	3.000013,
					"seconds":	1.0000050067901611,
					"bytes":	46299800,
					"bits_per_second":	370396545.50222027,
					"packets":	31975,
					"omitted":	false,
					"sender":	true
				}],
			"sum":	{
				"start":	2.000008,
				"end":	3.000013,
				"seconds":	1.0000050067901611,
				"bytes":	46299800,
				"bits_per_second":	370396545.50222027,
				"packets":	31975,
				"omitted":	false,
				"sender":	true
			}
		}, {
			"streams":	[{
					"socket":	5,
					"start":	3.000013,
					"end":	4.00423,
					"seconds":	1.0042170286178589,
					"bytes":	28463336,
					"bits_per_second":	226750474.75882894,
					"packets":	19657,
					"omitted":	false,
					"sender":	true
				}],
			"sum":	{
				"start":	3.000013,
				"end":	4.00423,
				"seconds":	1.0042170286178589,
				"bytes":	28463336,
				"bits_per_second":	226750474.75882894,
				"packets":	19657,
				"omitted":	false,
				"sender":	true
			}
		}, {
			"streams":	[{
					"socket":	5,
					"start":	4.00423,
					"end":	5.003612,
					"seconds":	0.99938201904296875,
					"bytes":	35309480,
					"bits_per_second":	282650512.63430309,
					"packets":	24385,
					"omitted":	false,
					"sender":	true
				}],
			"sum":	{
				"start":	4.00423,
				"end":	5.003612,
				"seconds":	0.99938201904296875,
				"bytes":	35309480,
				"bits_per_second":	282650512.63430309,
				"packets":	24385,
				"omitted":	false,
				"sender":	true
			}
		}, {
			"streams":	[{
					"socket":	5,
					"start":	5.003612,
					"end":	6.000006,
					"seconds":	0.99639397859573364,
					"bytes":	27535168,
					"bits_per_second":	221078558.01221639,
					"packets":	19016,
					"omitted":	false,
					"sender":	true
				}],
			"sum":	{
				"start":	5.003612,
				"end":	6.000006,
				"seconds":	0.99639397859573364,
				"bytes":	27535168,
				"bits_per_second":	221078558.01221639,
				"packets":	19016,
				"omitted":	false,
				"sender":	true
			}
		}, {
			"streams":	[{
					"socket":	5,
					"start":	6.000006,
					"end":	7.000156,
					"seconds":	1.0001499652862549,
					"bytes":	39148128,
					"bits_per_second":	313138064.16057086,
					"packets":	27036,
					"omitted":	false,
					"sender":	true
				}],
			"sum":	{
				"start":	6.000006,
				"end":	7.000156,
				"seconds":	1.0001499652862549,
				"bytes":	39148128,
				"bits_per_second":	313138064.16057086,
				"packets":	27036,
				"omitted":	false,
				"sender":	true
			}
		}, {
			"streams":	[{
					"socket":	5,
					"start":	7.000156,
					"end":	8.012055,
					"seconds":	1.0118989944458008,
					"bytes":	31043672,
					"bits_per_second":	245429017.48411813,
					"packets":	21439,
					"omitted":	false,
					"sender":	true
				}],
			"sum":	{
				"start":	7.000156,
				"end":	8.012055,
				"seconds":	1.0118989944458008,
				"bytes":	31043672,
				"bits_per_second":	245429017.48411813,
				"packets":	21439,
				"omitted":	false,
				"sender":	true
			}
		}, {
			"streams":	[{
					"socket":	5,
					"start":	8.012055,
					"end":	9.000477,
					"seconds":	0.9884219765663147,
					"bytes":	25927888,
					"bits_per_second":	209852784.45605633,
					"packets":	17906,
					"omitted":	false,
					"sender":	true
				}],
			"sum":	{
				"start":	8.012055,
				"end":	9.000477,
				"seconds":	0.9884219765663147,
				"bytes":	25927888,
				"bits_per_second":	209852784.45605633,
				"packets":	17906,
				"omitted":	false,
				"sender":	true
			}
		}, {
			"streams":	[{
					"socket":	5,
					"start":	9.000477,
					"end":	10.000078,
					"seconds":	0.99960100650787354,
					"bytes":	66564560,
					"bits_per_second":	532729035.41819865,
					"packets":	45970,
					"omitted":	false,
					"sender":	true
				}],
			"sum":	{
				"start":	9.000477,
				"end":	10.000078,
				"seconds":	0.99960100650787354,
				"bytes":	66564560,
				"bits_per_second":	532729035.41819865,
				"packets":	45970,
				"omitted":	false,
				"sender":	true
			}
		}],
	"end":	{
		"streams":	[{
				"udp":	{
					"socket":	5,
					"start":	0,
					"end":	10.000078,
					"seconds":	10.000078,
					"bytes":	363461032,
					"bits_per_second":	290766557.62085056,
					"jitter_ms":	0.0069954674801540155,
					"lost_packets":	10895,
					"packets":	251009,
					"lost_percent":	4.3404818153930735,
					"out_of_order":	0,
					"sender":	true
				}
			}],
		"sum":	{
			"start":	0,
			"end":	10.24112,
			"seconds":	10.24112,
			"bytes":	363461032,
			"bits_per_second":	290766557.62085056,
			"jitter_ms":	0.0069954674801540155,
			"lost_packets":	10895,
			"packets":	251009,
			"lost_percent":	4.3404818153930735,
			"sender":	true
		},
		"cpu_utilization_percent":	{
			"host_total":	24.789541371883018,
			"host_user":	2.5585317162688765,
			"host_system":	22.231018692051585,
			"remote_total":	14.323120761154872,
			"remote_user":	2.732513654121647,
			"remote_system":	11.590607107033225
		}
	}
}
