{
	"start":	{
		"connected":	[{
				"socket":	5,
				"local_host":	"10.0.5.10",
				"local_port":	36281,
				"remote_host":	"10.0.6.10",
				"remote_port":	5204
			}],
		"version":	"iperf 3.7",
		"system_info":	"Linux ubunu2004 5.11.0-40-generic #44~20.04.2-Ubuntu SMP Tue Oct 26 18:07:44 UTC 2021 x86_64",
		"timestamp":	{
			"time":	"Fri, 19 Nov 2021 08:52:04 GMT",
			"timesecs":	1637311924
		},
		"connecting_to":	{
			"host":	"10.0.6.10",
			"port":	5204
		},
		"cookie":	"ervr7sd2oegbbqc4xfmjlpvw7x5jv4flcacp",
		"sock_bufsize":	0,
		"sndbuf_actual":	212992,
		"rcvbuf_actual":	212992,
		"test_start":	{
			"protocol":	"UDP",
			"num_streams":	1,
			"blksize":	1448,
			"omit":	0,
			"duration":	10,
			"bytes":	0,
			"blocks":	0,
			"reverse":	0,
			"tos":	0
		}
	},
	"intervals":	[{
			"streams":	[{
					"socket":	5,
					"start":	0,
					"end":	1.000009,
					"seconds":	1.0000089406967163,
					"bytes":	20150368,
					"bits_per_second":	161201502.74625373,
					"packets":	13916,
					"omitted":	false,
					"sender":	true
				}],
			"sum":	{
				"start":	0,
				"end":	1.000009,
				"seconds":	1.0000089406967163,
				"bytes":	20150368,
				"bits_per_second":	161201502.74625373,
				"packets":	13916,
				"omitted":	false,
				"sender":	true
			}
		}, {
			"streams":	[{
					"socket":	5,
					"start":	1.000009,
					"end":	2.000012,
					"seconds":	1.0000029802322388,
					"bytes":	30478952,
					"bits_per_second":	243830889.32732281,
					"packets":	21049,
					"omitted":	false,
					"sender":	true
				}],
			"sum":	{
				"start":	1.000009,
				"end":	2.000012,
				"seconds":	1.0000029802322388,
				"bytes":	30478952,
				"bits_per_second":	243830889.32732281,
				"packets":	21049,
				"omitted":	false,
				"sender":	true
			}
		}, {
			"streams":	[{
					"socket":	5,
					"start":	2.000012,
					"end":	3.001502,
					"seconds":	1.0014899969100952,
					"bytes":	31470832,
					"bits_per_second":	251392082.57374272,
					"packets":	21734,
					"omitted":	false,
					"sender":	true
				}],
			"sum":	{
				"start":	2.000012,
				"end":	3.001502,
				"seconds":	1.0014899969100952,
				"bytes":	31470832,
				"bits_per_second":	251392082.57374272,
				"packets":	21734,
				"omitted":	false,
				"sender":	true
			}
		}, {
			"streams":	[{
					"socket":	5,
					"start":	3.001502,
					"end":	4.005599,
					"seconds":	1.0040969848632812,
					"bytes":	33159200,
					"bits_per_second":	264191212.60096195,
					"packets":	22900,
					"omitted":	false,
					"sender":	true
				}],
			"sum":	{
				"start":	3.001502,
				"end":	4.005599,
				"seconds":	1.0040969848632812,
				"bytes":	33159200,
				"bits_per_second":	264191212.60096195,
				"packets":	22900,
				"omitted":	false,
				"sender":	true
			}
		}, {
			"streams":	[{
					"socket":	5,
					"start":	4.005599,
					"end":	5.000027,
					"seconds":	0.99442797899246216,
					"bytes":	29628976,
					"bits_per_second":	238359954.67480376,
					"packets":	20462,
					"omitted":	false,
					"sender":	true
				}],
			"sum":	{
				"start":	4.005599,
				"end":	5.000027,
				"seconds":	0.99442797899246216,
				"bytes":	29628976,
				"bits_per_second":	238359954.67480376,
				"packets":	20462,
				"omitted":	false,
				"sender":	true
			}
		}, {
			"streams":	[{
					"socket":	5,
					"start":	5.000027,
					"end":	6.005294,
					"seconds":	1.0052670240402222,
					"bytes":	25613672,
					"bits_per_second":	203835768.10911214,
					"packets":	17689,
					"omitted":	false,
					"sender":	true
				}],
			"sum":	{
				"start":	5.000027,
				"end":	6.005294,
				"seconds":	1.0052670240402222,
				"bytes":	25613672,
				"bits_per_second":	203835768.10911214,
				"packets":	17689,
				"omitted":	false,
				"sender":	true
			}
		}, {
			"streams":	[{
					"socket":	5,
					"start":	6.005294,
					"end":	7.017605,
					"seconds":	1.0123109817504883,
					"bytes":	36388240,
					"bits_per_second":	287565703.8676194,
					"packets":	25130,
					"omitted":	false,
					"sender":	true
				}],
			"sum":	{
				"start":	6.005294,
				"end":	7.017605,
				"seconds":	1.0123109817504883,
				"bytes":	36388240,
				"bits_per_second":	287565703.8676194,
				"packets":	25130,
				"omitted":	false,
				"sender":	true
			}
		}, {
			"streams":	[{
					"socket":	5,
					"start":	7.017605,
					"end":	8.001522,
					"seconds":	0.9839169979095459,
					"bytes":	30138672,
					"bits_per_second":	245050524.09122607,
					"packets":	20814,
					"omitted":	false,
					"sender":	true
				}],
			"sum":	{
				"start":	7.017605,
				"end":	8.001522,
				"seconds":	0.9839169979095459,
				"bytes":	30138672,
				"bits_per_second":	245050524.09122607,
				"packets":	20814,
				"omitted":	false,
				"sender":	true
			}
		}, {
			"streams":	[{
					"socket":	5,
					"start":	8.001522,
					"end":	9.000007,
					"seconds":	0.9984850287437439,
					"bytes":	31317344,
					"bits_per_second":	250918886.90130726,
					"packets":	21628,
					"omitted":	false,
					"sender":	true
				}],
			"sum":	{
				"start":	8.001522,
				"end":	9.000007,
				"seconds":	0.9984850287437439,
				"bytes":	31317344,
				"bits_per_second":	250918886.90130726,
				"packets":	21628,
				"omitted":	false,
				"sender":	true
			}
		}, {
			"streams":	[{
					"socket":	5,
					"start":	9.000007,
					"end":	10.000014,
					"seconds":	1.0000070333480835,
					"bytes":	39469584,
					"bits_per_second":	315754451.18903589,
					"packets":	27258,
					"omitted":	false,
					"sender":	true
				}],
			"sum":	{
				"start":	9.000007,
				"end":	10.000014,
				"seconds":	1.0000070333480835,
				"bytes":	39469584,
				"bits_per_second":	315754451.18903589,
				"packets":	27258,
				"omitted":	false,
				"sender":	true
			}
		}],
	"end":	{
		"streams":	[{
				"udp":	{
					"socket":	5,
					"start":	0,
					"end":	10.000014,
					"seconds":	10.000014,
					"bytes":	307815840,
					"bits_per_second":	246252327.24674186,
					"jitter_ms":	0.00069276289550243119,
					"lost_packets":	8120,
					"packets":	212580,
					"lost_percent":	3.8197384514065291,
					"out_of_order":	0,
					"sender":	true
				}
			}],
		"sum":	{
			"start":	0,
			"end":	10.20736,
			"seconds":	10.20736,
			"bytes":	307815840,
			"bits_per_second":	246252327.24674186,
			"jitter_ms":	0.00069276289550243119,
			"lost_packets":	8120,
			"packets":	212580,
			"lost_percent":	3.8197384514065291,
			"sender":	true
		},
		"cpu_utilization_percent":	{
			"host_total":	24.109097880180304,
			"host_user":	3.0900744643986591,
			"host_system":	21.019023415781643,
			"remote_total":	13.483060124878312,
			"remote_user":	3.1044313615016779,
			"remote_system":	10.378637678161985
		}
	}
}
