{
	"start":	{
		"connected":	[{
				"socket":	5,
				"local_host":	"10.0.3.12",
				"local_port":	50191,
				"remote_host":	"10.0.6.10",
				"remote_port":	5202
			}],
		"version":	"iperf 3.7",
		"system_info":	"Linux ubunu2004 5.11.0-40-generic #44~20.04.2-Ubuntu SMP Tue Oct 26 18:07:44 UTC 2021 x86_64",
		"timestamp":	{
			"time":	"Fri, 19 Nov 2021 08:52:04 GMT",
			"timesecs":	1637311924
		},
		"connecting_to":	{
			"host":	"10.0.6.10",
			"port":	5202
		},
		"cookie":	"mqbv7ork6ns4lt263dqc2lyj5fw6a43irtrq",
		"sock_bufsize":	0,
		"sndbuf_actual":	212992,
		"rcvbuf_actual":	212992,
		"test_start":	{
			"protocol":	"UDP",
			"num_streams":	1,
			"blksize":	1448,
			"omit":	0,
			"duration":	10,
			"bytes":	0,
			"blocks":	0,
			"reverse":	0,
			"tos":	0
		}
	},
	"intervals":	[{
			"streams":	[{
					"socket":	5,
					"start":	0,
					"end":	1.000057,
					"seconds":	1.0000569820404053,
					"bytes":	31013264,
					"bits_per_second":	248091975.2130442,
					"packets":	21418,
					"omitted":	false,
					"sender":	true
				}],
			"sum":	{
				"start":	0,
				"end":	1.000057,
				"seconds":	1.0000569820404053,
				"bytes":	31013264,
				"bits_per_second":	248091975.2130442,
				"packets":	21418,
				"omitted":	false,
				"sender":	true
			}
		}, {
			"streams":	[{
					"socket":	5,
					"start":	1.000057,
					"end":	2.00001,
					"seconds":	0.99995297193527222,
					"bytes":	37689992,
					"bits_per_second":	301534116.56595153,
					"packets":	26029,
					"omitted":	false,
					"sender":	true
				}],
			"sum":	{
				"start":	1.000057,
				"end":	2.00001,
				"seconds":	0.99995297193527222,
				"bytes":	37689992,
				"bits_per_second":	301534116.56595153,
				"packets":	26029,
				"omitted":	false,
				"sender":	true
			}
		}, {
			"streams":	[{
					"socket":	5,
					"start":	2.00001,
					"end":	3.000016,
					"seconds":	1.0000059604644775,
					"bytes":	29544992,
					"bits_per_second":	236358527.19339469,
					"packets":	20404,
					"omitted":	false,
					"sender":	true
				}],
			"sum":	{
				"start":	2.00001,
				"end":	3.000016,
				"seconds":	1.0000059604644775,
				"bytes":	29544992,
				"bits_per_second":	236358527.19339469,
				"packets":	20404,
				"omitted":	false,
				"sender":	true
			}
		}, {
			"streams":	[{
					"socket":	5,
					"start":	3.000016,
					"end":	4.000523,
					"seconds":	1.0005069971084595,
					"bytes":	20800520,
					"bits_per_second":	166319836.32390434,
					"packets":	14365,
					"omitted":	false,
					"sender":	true
				}],
			"sum":	{
				"start":	3.000016,
				"end":	4.000523,
				"seconds":	1.0005069971084595,
				"bytes":	20800520,
				"bits_per_second":	166319836.32390434,
				"packets":	14365,
				"omitted":	false,
				"sender":	true
			}
		}, {
			"streams":	[{
					"socket":	5,
					"start":	4.000523,
					"end":	5.000312,
					"seconds":	0.99978899955749512,
					"bytes":	41003016,
					"bits_per_second":	328093355.84326583,
					"packets":	28317,
					"omitted":	false,
					"sender":	true
				}],
			"sum":	{
				"start":	4.000523,
				"end":	5.000312,
				"seconds":	0.99978899955749512,
				"bytes":	41003016,
				"bits_per_second":	328093355.84326583,
				"packets":	28317,
				"omitted":	false,
				"sender":	true
			}
		}, {
			"streams":	[{
					"socket":	5,
					"start":	5.000312,
					"end":	6.000089,
					"seconds":	0.99977701902389526,
					"bytes":	32348320,
					"bits_per_second":	258844277.34962255,
					"packets":	22340,
					"omitted":	false,
					"sender":	true
				}],
			"sum":	{
				"start":	5.000312,
				"end":	6.000089,
				"seconds":	0.99977701902389526,
				"bytes":	32348320,
				"bits_per_second":	258844277.34962255,
				"packets":	22340,
				"omitted":	false,
				"sender":	true
			}
		}, {
			"streams":	[{
					"socket":	5,
					"start":	6.000089,
					"end":	7.000005,
					"seconds":	0.99991601705551147,
					"bytes":	30406552,
					"bits_per_second":	243272846.76998585,
					"packets":	20999,
					"omitted":	false,
					"sender":	true
				}],
			"sum":	{
				"start":	6.000089,
				"end":	7.000005,
				"seconds":	0.99991601705551147,
				"bytes":	30406552,
				"bits_per_second":	243272846.76998585,
				"packets":	20999,
				"omitted":	false,
				"sender":	true
			}
		}, {
			"streams":	[{
					"socket":	5,
					"start":	7.000005,
					"end":	8.000062,
					"seconds":	1.0000569820404053,
					"bytes":	19731896,
					"bits_per_second":	157846173.60295793,
					"packets":	13627,
					"omitted":	false,
					"sender":	true
				}],
			"sum":	{
				"start":	7.000005,
				"end":	8.000062,
				"seconds":	1.0000569820404053,
				"bytes":	19731896,
				"bits_per_second":	157846173.60295793,
				"packets":	13627,
				"omitted":	false,
				"sender":	true
			}
		}, {
			"streams":	[{
					"socket":	5,
					"start":	8.000062,
					"end":	9.000021,
					"seconds":	0.99995899200439453,
					"bytes":	27701688,
					"bits_per_second":	221622592.29829103,
					"packets":	19131,
					"omitted":	false,
					"sender":	true
				}],
			"sum":	{
				"start":	8.000062,
				"end":	9.000021,
				"seconds":	0.99995899200439453,
				"bytes":	27701688,
				"bits_per_second":	221622592.29829103,
				"packets":	19131,
				"omitted":	false,
				"sender":	true
			}
		}, {
			"streams":	[{
					"socket":	5,
					"start":	9.000021,
					"end":	10.007556,
					"seconds":	1.0075349807739258,
					"bytes":	48975704,
					"bits_per_second":	388875462.86386925,
					"packets":	33823,
					"omitted":	false,
					"sender":	true
				}],
			"sum":	{
				"start":	9.000021,
				"end":	10.007556,
				"seconds":	1.0075349807739258,
				"bytes":	48975704,
				"bits_per_second":	388875462.86386925,
				"packets":	33823,
				"omitted":	false,
				"sender":	true
			}
		}],
	"end":	{
		"streams":	[{
				"udp":	{
					"socket":	5,
					"start":	0,
					"end":	10.007556,
					"seconds":	10.007556,
					"bytes":	319215944,
					"bits_per_second":	255179941.2364018,
					"jitter_ms":	0.01953672620774205,
					"lost_packets":	11190,
					"packets":	220453,
					"lost_percent":	5.075911872371889,
					"out_of_order":	0,
					"sender":	true
				}
			}],
		"sum":	{
			"start":	0,
			"end":	10.125698,
			"seconds":	10.125698,
			"bytes":	319215944,
			"bits_per_second":	255179941.2364018,
			"jitter_ms":	0.01953672620774205,
			"lost_packets":	11190,
			"packets":	220453,
			"lost_percent":	5.075911872371889,
			"sender":	true
		},
		"cpu_utilization_percent":	{
			"host_total":	25.027581324899167,
			"host_user":	2.9809901683695732,
			"host_system":	22.046600710985263,
			"remote_total":	12.802020844276118,
			"remote_user":	2.767210649125337,
			"remote_system":	10.034810195150781
		}
	}
}
