{
	"start":	{
		"connected":	[{
				"socket":	5,
				"local_host":	"10.0.3.12",
				"local_port":	46534,
				"remote_host":	"10.0.6.10",
				"remote_port":	5202
			}],
		"version":	"iperf 3.7",
		"system_info":	"Linux ubuntu 5.11.0-40-generic #44~20.04.2-Ubuntu SMP Tue Oct 26 18:07:44 UTC 2021 x86_64",
		"timestamp":	{
			"time":	"Sat, 20 Nov 2021 07:10:53 GMT",
			"timesecs":	1637392253
		},
		"connecting_to":	{
			"host":	"10.0.6.10",
			"port":	5202
		},
		"cookie":	"4jvx4zq33wpjki4u72uesgzahubrepgsno54",
		"tcp_mss_default":	1448,
		"target_bitrate":	1000000000,
		"sock_bufsize":	0,
		"sndbuf_actual":	87380,
		"rcvbuf_actual":	87380,
		"test_start":	{
			"protocol":	"TCP",
			"num_streams":	1,
			"blksize":	131072,
			"omit":	0,
			"duration":	10,
			"bytes":	0,
			"blocks":	0,
			"reverse":	0,
			"tos":	0
		}
	},
	"intervals":	[{
			"streams":	[{
					"socket":	5,
					"start":	0,
					"end":	1.000792,
					"seconds":	1.0007920265197754,
					"bytes":	79640,
					"bits_per_second":	636615.78341662639,
					"retransmits":	0,
					"snd_cwnd":	20272,
					"rtt":	218359,
					"rttvar":	200543,
					"pmtu":	1500,
					"omitted":	false,
					"sender":	true
				}],
			"sum":	{
				"start":	0,
				"end":	1.000792,
				"seconds":	1.0007920265197754,
				"bytes":	79640,
				"bits_per_second":	636615.78341662639,
				"retransmits":	0,
				"omitted":	false,
				"sender":	true
			}
		}, {
			"streams":	[{
					"socket":	5,
					"start":	1.000792,
					"end":	2.00089,
					"seconds":	1.0000979900360107,
					"bytes":	239672,
					"bits_per_second":	1917188.1346656447,
					"retransmits":	0,
					"snd_cwnd":	68056,
					"rtt":	460944,
					"rttvar":	270882,
					"pmtu":	1500,
					"omitted":	false,
					"sender":	true
				}],
			"sum":	{
				"start":	1.000792,
				"end":	2.00089,
				"seconds":	1.0000979900360107,
				"bytes":	239672,
				"bits_per_second":	1917188.1346656447,
				"retransmits":	0,
				"omitted":	false,
				"sender":	true
			}
		}, {
			"streams":	[{
					"socket":	5,
					"start":	2.00089,
					"end":	3.000759,
					"seconds":	0.99986898899078369,
					"bytes":	524288,
					"bits_per_second":	4194853.571999982,
					"retransmits":	0,
					"snd_cwnd":	170864,
					"rtt":	576172,
					"rttvar":	123791,
					"pmtu":	1500,
					"omitted":	false,
					"sender":	true
				}],
			"sum":	{
				"start":	2.00089,
				"end":	3.000759,
				"seconds":	0.99986898899078369,
				"bytes":	524288,
				"bits_per_second":	4194853.571999982,
				"retransmits":	0,
				"omitted":	false,
				"sender":	true
			}
		}, {
			"streams":	[{
					"socket":	5,
					"start":	3.000759,
					"end":	4.000236,
					"seconds":	0.99947702884674072,
					"bytes":	1441792,
					"bits_per_second":	11540371.28127801,
					"retransmits":	0,
					"snd_cwnd":	474944,
					"rtt":	605987,
					"rttvar":	58941,
					"pmtu":	1500,
					"omitted":	false,
					"sender":	true
				}],
			"sum":	{
				"start":	3.000759,
				"end":	4.000236,
				"seconds":	0.99947702884674072,
				"bytes":	1441792,
				"bits_per_second":	11540371.28127801,
				"retransmits":	0,
				"omitted":	false,
				"sender":	true
			}
		}, {
			"streams":	[{
					"socket":	5,
					"start":	4.000236,
					"end":	5.000068,
					"seconds":	0.99983197450637817,
					"bytes":	4194304,
					"bits_per_second":	33560070.947486937,
					"retransmits":	0,
					"snd_cwnd":	1401664,
					"rtt":	614547,
					"rttvar":	63640,
					"pmtu":	1500,
					"omitted":	false,
					"sender":	true
				}],
			"sum":	{
				"start":	4.000236,
				"end":	5.000068,
				"seconds":	0.99983197450637817,
				"bytes":	4194304,
				"bits_per_second":	33560070.947486937,
				"retransmits":	0,
				"omitted":	false,
				"sender":	true
			}
		}, {
			"streams":	[{
					"socket":	5,
					"start":	5.000068,
					"end":	6.000384,
					"seconds":	1.0003160238265991,
					"bytes":	8257536,
					"bits_per_second":	66039417.970426604,
					"retransmits":	0,
					"snd_cwnd":	4126800,
					"rtt":	621121,
					"rttvar":	72437,
					"pmtu":	1500,
					"omitted":	false,
					"sender":	true
				}],
			"sum":	{
				"start":	5.000068,
				"end":	6.000384,
				"seconds":	1.0003160238265991,
				"bytes":	8257536,
				"bits_per_second":	66039417.970426604,
				"retransmits":	0,
				"omitted":	false,
				"sender":	true
			}
		}, {
			"streams":	[{
					"socket":	5,
					"start":	6.000384,
					"end":	7.000438,
					"seconds":	1.0000540018081665,
					"bytes":	7471104,
					"bits_per_second":	59765604.549288176,
					"retransmits":	0,
					"snd_cwnd":	11511600,
					"rtt":	619553,
					"rttvar":	59475,
					"pmtu":	1500,
					"omitted":	false,
					"sender":	true
				}],
			"sum":	{
				"start":	6.000384,
				"end":	7.000438,
				"seconds":	1.0000540018081665,
				"bytes":	7471104,
				"bits_per_second":	59765604.549288176,
				"retransmits":	0,
				"omitted":	false,
				"sender":	true
			}
		}, {
			"streams":	[{
					"socket":	5,
					"start":	7.000438,
					"end":	8.000124,
					"seconds":	0.99968600273132324,
					"bytes":	1572864,
					"bits_per_second":	12586864.240992878,
					"retransmits":	0,
					"snd_cwnd":	13062408,
					"rtt":	647657,
					"rttvar":	100814,
					"pmtu":	1500,
					"omitted":	false,
					"sender":	true
				}],
			"sum":	{
				"start":	7.000438,
				"end":	8.000124,
				"seconds":	0.99968600273132324,
				"bytes":	1572864,
				"bits_per_second":	12586864.240992878,
				"retransmits":	0,
				"omitted":	false,
				"sender":	true
			}
		}, {
			"streams":	[{
					"socket":	5,
					"start":	8.000124,
					"end":	9.000162,
					"seconds":	1.0000380277633667,
					"bytes":	0,
					"bits_per_second":	0,
					"retransmits":	1,
					"snd_cwnd":	1448,
					"rtt":	647657,
					"rttvar":	100814,
					"pmtu":	1500,
					"omitted":	false,
					"sender":	true
				}],
			"sum":	{
				"start":	8.000124,
				"end":	9.000162,
				"seconds":	1.0000380277633667,
				"bytes":	0,
				"bits_per_second":	0,
				"retransmits":	1,
				"omitted":	false,
				"sender":	true
			}
		}, {
			"streams":	[{
					"socket":	5,
					"start":	9.000162,
					"end":	10.000452,
					"seconds":	1.0002900362014771,
					"bytes":	0,
					"bits_per_second":	0,
					"retransmits":	0,
					"snd_cwnd":	1448,
					"rtt":	647657,
					"rttvar":	100814,
					"pmtu":	1500,
					"omitted":	false,
					"sender":	true
				}],
			"sum":	{
				"start":	9.000162,
				"end":	10.000452,
				"seconds":	1.0002900362014771,
				"bytes":	0,
				"bits_per_second":	0,
				"retransmits":	0,
				"omitted":	false,
				"sender":	true
			}
		}],
	"end":	{
		"streams":	[{
				"sender":	{
					"socket":	5,
					"start":	0,
					"end":	10.000452,
					"seconds":	10.000452,
					"bytes":	23781200,
					"bits_per_second":	19024100.110675,
					"retransmits":	1,
					"max_snd_cwnd":	13062408,
					"max_rtt":	647657,
					"min_rtt":	218359,
					"mean_rtt":	565965,
					"sender":	true
				},
				"receiver":	{
					"socket":	5,
					"start":	0,
					"end":	10.41833,
					"seconds":	10.000452,
					"bytes":	15741208,
					"bits_per_second":	12087317.641119067,
					"sender":	true
				}
			}],
		"sum_sent":	{
			"start":	0,
			"end":	10.000452,
			"seconds":	10.000452,
			"bytes":	23781200,
			"bits_per_second":	19024100.110675,
			"retransmits":	1,
			"sender":	true
		},
		"sum_received":	{
			"start":	0,
			"end":	10.41833,
			"seconds":	10.41833,
			"bytes":	15741208,
			"bits_per_second":	12087317.641119067,
			"sender":	true
		},
		"cpu_utilization_percent":	{
			"host_total":	4.425792079116853,
			"host_user":	0.67993804279241576,
			"host_system":	3.7458540363244364,
			"remote_total":	0.38028374754836491,
			"remote_user":	0.18187444422249868,
			"remote_system":	0.19840029741132192
		},
		"sender_tcp_congestion":	"cubic",
		"receiver_tcp_congestion":	"cubic"
	}
}
