{
	"start":	{
		"connected":	[{
				"socket":	5,
				"local_host":	"10.0.3.12",
				"local_port":	51036,
				"remote_host":	"10.0.6.10",
				"remote_port":	5202
			}],
		"version":	"iperf 3.7",
		"system_info":	"Linux ubunu2004 5.11.0-40-generic #44~20.04.2-Ubuntu SMP Tue Oct 26 18:07:44 UTC 2021 x86_64",
		"timestamp":	{
			"time":	"Wed, 17 Nov 2021 14:03:11 GMT",
			"timesecs":	1637157791
		},
		"connecting_to":	{
			"host":	"10.0.6.10",
			"port":	5202
		},
		"cookie":	"4rx5t2tfisuzufjkgcfusoiu6i4itwnvos63",
		"tcp_mss_default":	1448,
		"target_bitrate":	1000000000,
		"sock_bufsize":	0,
		"sndbuf_actual":	87380,
		"rcvbuf_actual":	87380,
		"test_start":	{
			"protocol":	"TCP",
			"num_streams":	1,
			"blksize":	131072,
			"omit":	0,
			"duration":	10,
			"bytes":	0,
			"blocks":	0,
			"reverse":	0,
			"tos":	0
		}
	},
	"intervals":	[{
			"streams":	[{
					"socket":	5,
					"start":	0,
					"end":	1.001745,
					"seconds":	1.0017449855804443,
					"bytes":	79640,
					"bits_per_second":	636010.17142185289,
					"retransmits":	0,
					"snd_cwnd":	17376,
					"rtt":	169780,
					"rttvar":	147839,
					"pmtu":	1500,
					"omitted":	false,
					"sender":	true
				}],
			"sum":	{
				"start":	0,
				"end":	1.001745,
				"seconds":	1.0017449855804443,
				"bytes":	79640,
				"bits_per_second":	636010.17142185289,
				"retransmits":	0,
				"omitted":	false,
				"sender":	true
			}
		}, {
			"streams":	[{
					"socket":	5,
					"start":	1.001745,
					"end":	2.000209,
					"seconds":	0.99846398830413818,
					"bytes":	239672,
					"bits_per_second":	1920325.6426469691,
					"retransmits":	1,
					"snd_cwnd":	62264,
					"rtt":	381911,
					"rttvar":	302355,
					"pmtu":	1500,
					"omitted":	false,
					"sender":	true
				}],
			"sum":	{
				"start":	1.001745,
				"end":	2.000209,
				"seconds":	0.99846398830413818,
				"bytes":	239672,
				"bits_per_second":	1920325.6426469691,
				"retransmits":	1,
				"omitted":	false,
				"sender":	true
			}
		}, {
			"streams":	[{
					"socket":	5,
					"start":	2.000209,
					"end":	3.001271,
					"seconds":	1.0010620355606079,
					"bytes":	262144,
					"bits_per_second":	2094927.1129092088,
					"retransmits":	0,
					"snd_cwnd":	110048,
					"rtt":	558416,
					"rttvar":	233959,
					"pmtu":	1500,
					"omitted":	false,
					"sender":	true
				}],
			"sum":	{
				"start":	2.000209,
				"end":	3.001271,
				"seconds":	1.0010620355606079,
				"bytes":	262144,
				"bits_per_second":	2094927.1129092088,
				"retransmits":	0,
				"omitted":	false,
				"sender":	true
			}
		}, {
			"streams":	[{
					"socket":	5,
					"start":	3.001271,
					"end":	4.003549,
					"seconds":	1.0022779703140259,
					"bytes":	655360,
					"bits_per_second":	5230964.01925041,
					"retransmits":	0,
					"snd_cwnd":	249056,
					"rtt":	596835,
					"rttvar":	107729,
					"pmtu":	1500,
					"omitted":	false,
					"sender":	true
				}],
			"sum":	{
				"start":	3.001271,
				"end":	4.003549,
				"seconds":	1.0022779703140259,
				"bytes":	655360,
				"bits_per_second":	5230964.01925041,
				"retransmits":	0,
				"omitted":	false,
				"sender":	true
			}
		}, {
			"streams":	[{
					"socket":	5,
					"start":	4.003549,
					"end":	5.000108,
					"seconds":	0.9965590238571167,
					"bytes":	2490368,
					"bits_per_second":	19991735.083477087,
					"retransmits":	0,
					"snd_cwnd":	751512,
					"rtt":	693055,
					"rttvar":	206343,
					"pmtu":	1500,
					"omitted":	false,
					"sender":	true
				}],
			"sum":	{
				"start":	4.003549,
				"end":	5.000108,
				"seconds":	0.9965590238571167,
				"bytes":	2490368,
				"bits_per_second":	19991735.083477087,
				"retransmits":	0,
				"omitted":	false,
				"sender":	true
			}
		}, {
			"streams":	[{
					"socket":	5,
					"start":	5.000108,
					"end":	6.000096,
					"seconds":	0.99998801946640015,
					"bytes":	1835008,
					"bits_per_second":	14680239.877107102,
					"retransmits":	0,
					"snd_cwnd":	1191704,
					"rtt":	673880,
					"rttvar":	157107,
					"pmtu":	1500,
					"omitted":	false,
					"sender":	true
				}],
			"sum":	{
				"start":	5.000108,
				"end":	6.000096,
				"seconds":	0.99998801946640015,
				"bytes":	1835008,
				"bits_per_second":	14680239.877107102,
				"retransmits":	0,
				"omitted":	false,
				"sender":	true
			}
		}, {
			"streams":	[{
					"socket":	5,
					"start":	6.000096,
					"end":	7.005931,
					"seconds":	1.0058350563049316,
					"bytes":	7995392,
					"bits_per_second":	63592072.675391786,
					"retransmits":	0,
					"snd_cwnd":	2990120,
					"rtt":	684672,
					"rttvar":	163643,
					"pmtu":	1500,
					"omitted":	false,
					"sender":	true
				}],
			"sum":	{
				"start":	6.000096,
				"end":	7.005931,
				"seconds":	1.0058350563049316,
				"bytes":	7995392,
				"bits_per_second":	63592072.675391786,
				"retransmits":	0,
				"omitted":	false,
				"sender":	true
			}
		}, {
			"streams":	[{
					"socket":	5,
					"start":	7.005931,
					"end":	8.000186,
					"seconds":	0.994255006313324,
					"bytes":	6160384,
					"bits_per_second":	49567838.921667151,
					"retransmits":	0,
					"snd_cwnd":	8976152,
					"rtt":	697526,
					"rttvar":	158711,
					"pmtu":	1500,
					"omitted":	false,
					"sender":	true
				}],
			"sum":	{
				"start":	7.005931,
				"end":	8.000186,
				"seconds":	0.994255006313324,
				"bytes":	6160384,
				"bits_per_second":	49567838.921667151,
				"retransmits":	0,
				"omitted":	false,
				"sender":	true
			}
		}, {
			"streams":	[{
					"socket":	5,
					"start":	8.000186,
					"end":	9.000129,
					"seconds":	0.99994301795959473,
					"bytes":	12976128,
					"bits_per_second":	103814939.58708222,
					"retransmits":	0,
					"snd_cwnd":	17367312,
					"rtt":	680199,
					"rttvar":	126848,
					"pmtu":	1500,
					"omitted":	false,
					"sender":	true
				}],
			"sum":	{
				"start":	8.000186,
				"end":	9.000129,
				"seconds":	0.99994301795959473,
				"bytes":	12976128,
				"bits_per_second":	103814939.58708222,
				"retransmits":	0,
				"omitted":	false,
				"sender":	true
			}
		}, {
			"streams":	[{
					"socket":	5,
					"start":	9.000129,
					"end":	10.001333,
					"seconds":	1.0012040138244629,
					"bytes":	11141120,
					"bits_per_second":	89021776.550355121,
					"retransmits":	0,
					"snd_cwnd":	17367312,
					"rtt":	700444,
					"rttvar":	130938,
					"pmtu":	1500,
					"omitted":	false,
					"sender":	true
				}],
			"sum":	{
				"start":	9.000129,
				"end":	10.001333,
				"seconds":	1.0012040138244629,
				"bytes":	11141120,
				"bits_per_second":	89021776.550355121,
				"retransmits":	0,
				"omitted":	false,
				"sender":	true
			}
		}],
	"end":	{
		"streams":	[{
				"sender":	{
					"socket":	5,
					"start":	0,
					"end":	10.001333,
					"seconds":	10.001333,
					"bytes":	43835216,
					"bits_per_second":	35063498.835605212,
					"retransmits":	1,
					"max_snd_cwnd":	17367312,
					"max_rtt":	700444,
					"min_rtt":	169780,
					"mean_rtt":	583671,
					"sender":	true
				},
				"receiver":	{
					"socket":	5,
					"start":	0,
					"end":	10.498362,
					"seconds":	10.001333,
					"bytes":	39694024,
					"bits_per_second":	30247784.559153132,
					"sender":	true
				}
			}],
		"sum_sent":	{
			"start":	0,
			"end":	10.001333,
			"seconds":	10.001333,
			"bytes":	43835216,
			"bits_per_second":	35063498.835605212,
			"retransmits":	1,
			"sender":	true
		},
		"sum_received":	{
			"start":	0,
			"end":	10.498362,
			"seconds":	10.498362,
			"bytes":	39694024,
			"bits_per_second":	30247784.559153132,
			"sender":	true
		},
		"cpu_utilization_percent":	{
			"host_total":	5.53962983688479,
			"host_user":	1.5105166373177772,
			"host_system":	4.0294411370832561,
			"remote_total":	0.91699478693644942,
			"remote_user":	0.27447596475920527,
			"remote_system":	0.64251882217724421
		},
		"sender_tcp_congestion":	"cubic",
		"receiver_tcp_congestion":	"cubic"
	}
}
