{
	"start":	{
		"connected":	[{
				"socket":	5,
				"local_host":	"10.0.5.10",
				"local_port":	45522,
				"remote_host":	"10.0.6.10",
				"remote_port":	5204
			}],
		"version":	"iperf 3.7",
		"system_info":	"Linux ubunu2004 5.11.0-40-generic #44~20.04.2-Ubuntu SMP Tue Oct 26 18:07:44 UTC 2021 x86_64",
		"timestamp":	{
			"time":	"Wed, 17 Nov 2021 14:03:11 GMT",
			"timesecs":	1637157791
		},
		"connecting_to":	{
			"host":	"10.0.6.10",
			"port":	5204
		},
		"cookie":	"2hyl37jzivydzpctd2dbpdeanczzj3ey36wm",
		"tcp_mss_default":	1448,
		"target_bitrate":	1000000000,
		"sock_bufsize":	0,
		"sndbuf_actual":	87380,
		"rcvbuf_actual":	87380,
		"test_start":	{
			"protocol":	"TCP",
			"num_streams":	1,
			"blksize":	131072,
			"omit":	0,
			"duration":	10,
			"bytes":	0,
			"blocks":	0,
			"reverse":	0,
			"tos":	0
		}
	},
	"intervals":	[{
			"streams":	[{
					"socket":	5,
					"start":	0,
					"end":	1.000942,
					"seconds":	1.0009419918060303,
					"bytes":	144800,
					"bits_per_second":	1157309.8236291031,
					"retransmits":	0,
					"snd_cwnd":	23168,
					"rtt":	259338,
					"rttvar":	235018,
					"pmtu":	1500,
					"omitted":	false,
					"sender":	true
				}],
			"sum":	{
				"start":	0,
				"end":	1.000942,
				"seconds":	1.0009419918060303,
				"bytes":	144800,
				"bits_per_second":	1157309.8236291031,
				"retransmits":	0,
				"omitted":	false,
				"sender":	true
			}
		}, {
			"streams":	[{
					"socket":	5,
					"start":	1.000942,
					"end":	2.000122,
					"seconds":	0.999180018901825,
					"bytes":	217952,
					"bits_per_second":	1745046.9054779208,
					"retransmits":	0,
					"snd_cwnd":	75296,
					"rtt":	498230,
					"rttvar":	191439,
					"pmtu":	1500,
					"omitted":	false,
					"sender":	true
				}],
			"sum":	{
				"start":	1.000942,
				"end":	2.000122,
				"seconds":	0.999180018901825,
				"bytes":	217952,
				"bits_per_second":	1745046.9054779208,
				"retransmits":	0,
				"omitted":	false,
				"sender":	true
			}
		}, {
			"streams":	[{
					"socket":	5,
					"start":	2.000122,
					"end":	3.000248,
					"seconds":	1.0001260042190552,
					"bytes":	524288,
					"bits_per_second":	4193775.56658484,
					"retransmits":	0,
					"snd_cwnd":	181000,
					"rtt":	595101,
					"rttvar":	108581,
					"pmtu":	1500,
					"omitted":	false,
					"sender":	true
				}],
			"sum":	{
				"start":	2.000122,
				"end":	3.000248,
				"seconds":	1.0001260042190552,
				"bytes":	524288,
				"bits_per_second":	4193775.56658484,
				"retransmits":	0,
				"omitted":	false,
				"sender":	true
			}
		}, {
			"streams":	[{
					"socket":	5,
					"start":	3.000248,
					"end":	4.000266,
					"seconds":	1.0000180006027222,
					"bytes":	1048576,
					"bits_per_second":	8388457.0027180417,
					"retransmits":	0,
					"snd_cwnd":	401096,
					"rtt":	641233,
					"rttvar":	151644,
					"pmtu":	1500,
					"omitted":	false,
					"sender":	true
				}],
			"sum":	{
				"start":	3.000248,
				"end":	4.000266,
				"seconds":	1.0000180006027222,
				"bytes":	1048576,
				"bits_per_second":	8388457.0027180417,
				"retransmits":	0,
				"omitted":	false,
				"sender":	true
			}
		}, {
			"streams":	[{
					"socket":	5,
					"start":	4.000266,
					"end":	5.000063,
					"seconds":	0.999796986579895,
					"bytes":	3145728,
					"bits_per_second":	25170934.037406169,
					"retransmits":	0,
					"snd_cwnd":	1061384,
					"rtt":	705764,
					"rttvar":	195087,
					"pmtu":	1500,
					"omitted":	false,
					"sender":	true
				}],
			"sum":	{
				"start":	4.000266,
				"end":	5.000063,
				"seconds":	0.999796986579895,
				"bytes":	3145728,
				"bits_per_second":	25170934.037406169,
				"retransmits":	0,
				"omitted":	false,
				"sender":	true
			}
		}, {
			"streams":	[{
					"socket":	5,
					"start":	5.000063,
					"end":	6.000278,
					"seconds":	1.0002150535583496,
					"bytes":	5898240,
					"bits_per_second":	47175774.681786783,
					"retransmits":	0,
					"snd_cwnd":	2305216,
					"rtt":	684012,
					"rttvar":	144346,
					"pmtu":	1500,
					"omitted":	false,
					"sender":	true
				}],
			"sum":	{
				"start":	5.000063,
				"end":	6.000278,
				"seconds":	1.0002150535583496,
				"bytes":	5898240,
				"bits_per_second":	47175774.681786783,
				"retransmits":	0,
				"omitted":	false,
				"sender":	true
			}
		}, {
			"streams":	[{
					"socket":	5,
					"start":	6.000278,
					"end":	7.000268,
					"seconds":	0.99998998641967773,
					"bytes":	6684672,
					"bits_per_second":	53477911.505362324,
					"retransmits":	0,
					"snd_cwnd":	7014112,
					"rtt":	665727,
					"rttvar":	88863,
					"pmtu":	1500,
					"omitted":	false,
					"sender":	true
				}],
			"sum":	{
				"start":	6.000278,
				"end":	7.000268,
				"seconds":	0.99998998641967773,
				"bytes":	6684672,
				"bits_per_second":	53477911.505362324,
				"retransmits":	0,
				"omitted":	false,
				"sender":	true
			}
		}, {
			"streams":	[{
					"socket":	5,
					"start":	7.000268,
					"end":	8.000595,
					"seconds":	1.0003269910812378,
					"bytes":	7602176,
					"bits_per_second":	60797527.750664227,
					"retransmits":	0,
					"snd_cwnd":	14484344,
					"rtt":	713798,
					"rttvar":	112927,
					"pmtu":	1500,
					"omitted":	false,
					"sender":	true
				}],
			"sum":	{
				"start":	7.000268,
				"end":	8.000595,
				"seconds":	1.0003269910812378,
				"bytes":	7602176,
				"bits_per_second":	60797527.750664227,
				"retransmits":	0,
				"omitted":	false,
				"sender":	true
			}
		}, {
			"streams":	[{
					"socket":	5,
					"start":	8.000595,
					"end":	9.000168,
					"seconds":	0.9995729923248291,
					"bytes":	8519680,
					"bits_per_second":	68186556.182833537,
					"retransmits":	0,
					"snd_cwnd":	19840496,
					"rtt":	793877,
					"rttvar":	202318,
					"pmtu":	1500,
					"omitted":	false,
					"sender":	true
				}],
			"sum":	{
				"start":	8.000595,
				"end":	9.000168,
				"seconds":	0.9995729923248291,
				"bytes":	8519680,
				"bits_per_second":	68186556.182833537,
				"retransmits":	0,
				"omitted":	false,
				"sender":	true
			}
		}, {
			"streams":	[{
					"socket":	5,
					"start":	9.000168,
					"end":	10.000179,
					"seconds":	1.0000109672546387,
					"bytes":	11010048,
					"bits_per_second":	88079418.010594249,
					"retransmits":	0,
					"snd_cwnd":	19840496,
					"rtt":	791482,
					"rttvar":	216133,
					"pmtu":	1500,
					"omitted":	false,
					"sender":	true
				}],
			"sum":	{
				"start":	9.000168,
				"end":	10.000179,
				"seconds":	1.0000109672546387,
				"bytes":	11010048,
				"bits_per_second":	88079418.010594249,
				"retransmits":	0,
				"omitted":	false,
				"sender":	true
			}
		}],
	"end":	{
		"streams":	[{
				"sender":	{
					"socket":	5,
					"start":	0,
					"end":	10.000179,
					"seconds":	10.000179,
					"bytes":	44796160,
					"bits_per_second":	35836286.530471109,
					"retransmits":	0,
					"max_snd_cwnd":	19840496,
					"max_rtt":	793877,
					"min_rtt":	259338,
					"mean_rtt":	634856,
					"sender":	true
				},
				"receiver":	{
					"socket":	5,
					"start":	0,
					"end":	10.345608,
					"seconds":	10.000179,
					"bytes":	40659840,
					"bits_per_second":	31441237.673029944,
					"sender":	true
				}
			}],
		"sum_sent":	{
			"start":	0,
			"end":	10.000179,
			"seconds":	10.000179,
			"bytes":	44796160,
			"bits_per_second":	35836286.530471109,
			"retransmits":	0,
			"sender":	true
		},
		"sum_received":	{
			"start":	0,
			"end":	10.345608,
			"seconds":	10.345608,
			"bytes":	40659840,
			"bits_per_second":	31441237.673029944,
			"sender":	true
		},
		"cpu_utilization_percent":	{
			"host_total":	4.8637180421132964,
			"host_user":	1.4490951769752893,
			"host_system":	3.4146321157248414,
			"remote_total":	1.0191049224536779,
			"remote_user":	0.17246404930732678,
			"remote_system":	0.846649931132134
		},
		"sender_tcp_congestion":	"cubic",
		"receiver_tcp_congestion":	"cubic"
	}
}
