{
	"start":	{
		"connected":	[{
				"socket":	5,
				"local_host":	"10.0.1.10",
				"local_port":	45418,
				"remote_host":	"10.0.6.10",
				"remote_port":	5200
			}],
		"version":	"iperf 3.7",
		"system_info":	"Linux ubunu2004 5.11.0-40-generic #44~20.04.2-Ubuntu SMP Tue Oct 26 18:07:44 UTC 2021 x86_64",
		"timestamp":	{
			"time":	"Wed, 17 Nov 2021 14:03:11 GMT",
			"timesecs":	1637157791
		},
		"connecting_to":	{
			"host":	"10.0.6.10",
			"port":	5200
		},
		"cookie":	"2slvclzpklgre7cdo7jatny5hwba2zybdc67",
		"tcp_mss_default":	1448,
		"target_bitrate":	1000000000,
		"sock_bufsize":	0,
		"sndbuf_actual":	87380,
		"rcvbuf_actual":	87380,
		"test_start":	{
			"protocol":	"TCP",
			"num_streams":	1,
			"blksize":	131072,
			"omit":	0,
			"duration":	10,
			"bytes":	0,
			"blocks":	0,
			"reverse":	0,
			"tos":	0
		}
	},
	"intervals":	[{
			"streams":	[{
					"socket":	5,
					"start":	0,
					"end":	1.000042,
					"seconds":	1.0000419616699219,
					"bytes":	79640,
					"bits_per_second":	637093.26650264161,
					"retransmits":	0,
					"snd_cwnd":	14480,
					"rtt":	115986,
					"rttvar":	50740,
					"pmtu":	1500,
					"omitted":	false,
					"sender":	true
				}],
			"sum":	{
				"start":	0,
				"end":	1.000042,
				"seconds":	1.0000419616699219,
				"bytes":	79640,
				"bits_per_second":	637093.26650264161,
				"retransmits":	0,
				"omitted":	false,
				"sender":	true
			}
		}, {
			"streams":	[{
					"socket":	5,
					"start":	1.000042,
					"end":	2.000023,
					"seconds":	0.99998098611831665,
					"bytes":	130320,
					"bits_per_second":	1042579.8234894093,
					"retransmits":	1,
					"snd_cwnd":	33304,
					"rtt":	217935,
					"rttvar":	203469,
					"pmtu":	1500,
					"omitted":	false,
					"sender":	true
				}],
			"sum":	{
				"start":	1.000042,
				"end":	2.000023,
				"seconds":	0.99998098611831665,
				"bytes":	130320,
				"bits_per_second":	1042579.8234894093,
				"retransmits":	1,
				"omitted":	false,
				"sender":	true
			}
		}, {
			"streams":	[{
					"socket":	5,
					"start":	2.000023,
					"end":	3.000296,
					"seconds":	1.0002729892730713,
					"bytes":	131072,
					"bits_per_second":	1048289.8281218529,
					"retransmits":	0,
					"snd_cwnd":	69504,
					"rtt":	355987,
					"rttvar":	371177,
					"pmtu":	1500,
					"omitted":	false,
					"sender":	true
				}],
			"sum":	{
				"start":	2.000023,
				"end":	3.000296,
				"seconds":	1.0002729892730713,
				"bytes":	131072,
				"bits_per_second":	1048289.8281218529,
				"retransmits":	0,
				"omitted":	false,
				"sender":	true
			}
		}, {
			"streams":	[{
					"socket":	5,
					"start":	3.000296,
					"end":	4.00046,
					"seconds":	1.0001640319824219,
					"bytes":	524288,
					"bits_per_second":	4193616.1128354953,
					"retransmits":	0,
					"snd_cwnd":	165072,
					"rtt":	545226,
					"rttvar":	266313,
					"pmtu":	1500,
					"omitted":	false,
					"sender":	true
				}],
			"sum":	{
				"start":	3.000296,
				"end":	4.00046,
				"seconds":	1.0001640319824219,
				"bytes":	524288,
				"bits_per_second":	4193616.1128354953,
				"retransmits":	0,
				"omitted":	false,
				"sender":	true
			}
		}, {
			"streams":	[{
					"socket":	5,
					"start":	4.00046,
					"end":	5.001202,
					"seconds":	1.0007419586181641,
					"bytes":	655360,
					"bits_per_second":	5238992.8840791574,
					"retransmits":	0,
					"snd_cwnd":	304080,
					"rtt":	593947,
					"rttvar":	142810,
					"pmtu":	1500,
					"omitted":	false,
					"sender":	true
				}],
			"sum":	{
				"start":	4.00046,
				"end":	5.001202,
				"seconds":	1.0007419586181641,
				"bytes":	655360,
				"bits_per_second":	5238992.8840791574,
				"retransmits":	0,
				"omitted":	false,
				"sender":	true
			}
		}, {
			"streams":	[{
					"socket":	5,
					"start":	5.001202,
					"end":	6.000363,
					"seconds":	0.9991610050201416,
					"bytes":	1048576,
					"bits_per_second":	8395651.9098049644,
					"retransmits":	0,
					"snd_cwnd":	515488,
					"rtt":	657797,
					"rttvar":	234809,
					"pmtu":	1500,
					"omitted":	false,
					"sender":	true
				}],
			"sum":	{
				"start":	5.001202,
				"end":	6.000363,
				"seconds":	0.9991610050201416,
				"bytes":	1048576,
				"bits_per_second":	8395651.9098049644,
				"retransmits":	0,
				"omitted":	false,
				"sender":	true
			}
		}, {
			"streams":	[{
					"socket":	5,
					"start":	6.000363,
					"end":	7.000408,
					"seconds":	1.0000449419021606,
					"bytes":	0,
					"bits_per_second":	0,
					"retransmits":	0,
					"snd_cwnd":	515488,
					"rtt":	657797,
					"rttvar":	234809,
					"pmtu":	1500,
					"omitted":	false,
					"sender":	true
				}],
			"sum":	{
				"start":	6.000363,
				"end":	7.000408,
				"seconds":	1.0000449419021606,
				"bytes":	0,
				"bits_per_second":	0,
				"retransmits":	0,
				"omitted":	false,
				"sender":	true
			}
		}, {
			"streams":	[{
					"socket":	5,
					"start":	7.000408,
					"end":	8.000009,
					"seconds":	0.99960100650787354,
					"bytes":	0,
					"bits_per_second":	0,
					"retransmits":	0,
					"snd_cwnd":	515488,
					"rtt":	657797,
					"rttvar":	234809,
					"pmtu":	1500,
					"omitted":	false,
					"sender":	true
				}],
			"sum":	{
				"start":	7.000408,
				"end":	8.000009,
				"seconds":	0.99960100650787354,
				"bytes":	0,
				"bits_per_second":	0,
				"retransmits":	0,
				"omitted":	false,
				"sender":	true
			}
		}, {
			"streams":	[{
					"socket":	5,
					"start":	8.000009,
					"end":	9.000044,
					"seconds":	1.0000350475311279,
					"bytes":	0,
					"bits_per_second":	0,
					"retransmits":	1,
					"snd_cwnd":	1448,
					"rtt":	657797,
					"rttvar":	234809,
					"pmtu":	1500,
					"omitted":	false,
					"sender":	true
				}],
			"sum":	{
				"start":	8.000009,
				"end":	9.000044,
				"seconds":	1.0000350475311279,
				"bytes":	0,
				"bits_per_second":	0,
				"retransmits":	1,
				"omitted":	false,
				"sender":	true
			}
		}, {
			"streams":	[{
					"socket":	5,
					"start":	9.000044,
					"end":	10.000199,
					"seconds":	1.000154972076416,
					"bytes":	0,
					"bits_per_second":	0,
					"retransmits":	0,
					"snd_cwnd":	1448,
					"rtt":	657797,
					"rttvar":	234809,
					"pmtu":	1500,
					"omitted":	false,
					"sender":	true
				}],
			"sum":	{
				"start":	9.000044,
				"end":	10.000199,
				"seconds":	1.000154972076416,
				"bytes":	0,
				"bits_per_second":	0,
				"retransmits":	0,
				"omitted":	false,
				"sender":	true
			}
		}],
	"end":	{
		"streams":	[{
				"sender":	{
					"socket":	5,
					"start":	0,
					"end":	10.000199,
					"seconds":	10.000199,
					"bytes":	2569256,
					"bits_per_second":	2055363.8982584246,
					"retransmits":	2,
					"max_snd_cwnd":	515488,
					"max_rtt":	657797,
					"min_rtt":	115986,
					"mean_rtt":	511806,
					"sender":	true
				},
				"receiver":	{
					"socket":	5,
					"start":	0,
					"end":	10.398341,
					"seconds":	10.000199,
					"bytes":	1017944,
					"bits_per_second":	783158.77503921057,
					"sender":	true
				}
			}],
		"sum_sent":	{
			"start":	0,
			"end":	10.000199,
			"seconds":	10.000199,
			"bytes":	2569256,
			"bits_per_second":	2055363.8982584246,
			"retransmits":	2,
			"sender":	true
		},
		"sum_received":	{
			"start":	0,
			"end":	10.398341,
			"seconds":	10.398341,
			"bytes":	1017944,
			"bits_per_second":	783158.77503921057,
			"sender":	true
		},
		"cpu_utilization_percent":	{
			"host_total":	6.089862036117518,
			"host_user":	1.9056532727129509,
			"host_system":	4.1841903593863066,
			"remote_total":	0.15545314501706922,
			"remote_user":	0,
			"remote_system":	0.155444138461738
		},
		"sender_tcp_congestion":	"cubic",
		"receiver_tcp_congestion":	"cubic"
	}
}
