{
	"start":	{
		"connected":	[{
				"socket":	5,
				"local_host":	"10.0.5.10",
				"local_port":	45356,
				"remote_host":	"10.0.6.10",
				"remote_port":	5204
			}],
		"version":	"iperf 3.7",
		"system_info":	"Linux ubuntu 5.11.0-40-generic #44~20.04.2-Ubuntu SMP Tue Oct 26 18:07:44 UTC 2021 x86_64",
		"timestamp":	{
			"time":	"Sat, 20 Nov 2021 07:10:53 GMT",
			"timesecs":	1637392253
		},
		"connecting_to":	{
			"host":	"10.0.6.10",
			"port":	5204
		},
		"cookie":	"lja7fkyfirfgtsbcplwudc4csensl6gjqima",
		"tcp_mss_default":	1448,
		"target_bitrate":	1000000000,
		"sock_bufsize":	0,
		"sndbuf_actual":	87380,
		"rcvbuf_actual":	87380,
		"test_start":	{
			"protocol":	"TCP",
			"num_streams":	1,
			"blksize":	131072,
			"omit":	0,
			"duration":	10,
			"bytes":	0,
			"blocks":	0,
			"reverse":	0,
			"tos":	0
		}
	},
	"intervals":	[{
			"streams":	[{
					"socket":	5,
					"start":	0,
					"end":	1.001015,
					"seconds":	1.0010149478912354,
					"bytes":	79640,
					"bits_per_second":	636474.01204365015,
					"retransmits":	0,
					"snd_cwnd":	17376,
					"rtt":	316417,
					"rttvar":	188031,
					"pmtu":	1500,
					"omitted":	false,
					"sender":	true
				}],
			"sum":	{
				"start":	0,
				"end":	1.001015,
				"seconds":	1.0010149478912354,
				"bytes":	79640,
				"bits_per_second":	636474.01204365015,
				"retransmits":	0,
				"omitted":	false,
				"sender":	true
			}
		}, {
			"streams":	[{
					"socket":	5,
					"start":	1.001015,
					"end":	2.000509,
					"seconds":	0.99949401617050171,
					"bytes":	130320,
					"bits_per_second":	1043087.7855522366,
					"retransmits":	0,
					"snd_cwnd":	37648,
					"rtt":	489572,
					"rttvar":	405731,
					"pmtu":	1500,
					"omitted":	false,
					"sender":	true
				}],
			"sum":	{
				"start":	1.001015,
				"end":	2.000509,
				"seconds":	0.99949401617050171,
				"bytes":	130320,
				"bits_per_second":	1043087.7855522366,
				"retransmits":	0,
				"omitted":	false,
				"sender":	true
			}
		}, {
			"streams":	[{
					"socket":	5,
					"start":	2.000509,
					"end":	3.000609,
					"seconds":	1.0001000165939331,
					"bytes":	262144,
					"bits_per_second":	2096942.2709763825,
					"retransmits":	0,
					"snd_cwnd":	78192,
					"rtt":	621086,
					"rttvar":	455832,
					"pmtu":	1500,
					"omitted":	false,
					"sender":	true
				}],
			"sum":	{
				"start":	2.000509,
				"end":	3.000609,
				"seconds":	1.0001000165939331,
				"bytes":	262144,
				"bits_per_second":	2096942.2709763825,
				"retransmits":	0,
				"omitted":	false,
				"sender":	true
			}
		}, {
			"streams":	[{
					"socket":	5,
					"start":	3.000609,
					"end":	4.000421,
					"seconds":	0.99981200695037842,
					"bytes":	131072,
					"bits_per_second":	1048773.1620650978,
					"retransmits":	0,
					"snd_cwnd":	121632,
					"rtt":	721600,
					"rttvar":	430658,
					"pmtu":	1500,
					"omitted":	false,
					"sender":	true
				}],
			"sum":	{
				"start":	3.000609,
				"end":	4.000421,
				"seconds":	0.99981200695037842,
				"bytes":	131072,
				"bits_per_second":	1048773.1620650978,
				"retransmits":	0,
				"omitted":	false,
				"sender":	true
			}
		}, {
			"streams":	[{
					"socket":	5,
					"start":	4.000421,
					"end":	5.000571,
					"seconds":	1.0001499652862549,
					"bytes":	524288,
					"bits_per_second":	4193675.0943140211,
					"retransmits":	0,
					"snd_cwnd":	214304,
					"rtt":	762817,
					"rttvar":	405427,
					"pmtu":	1500,
					"omitted":	false,
					"sender":	true
				}],
			"sum":	{
				"start":	4.000421,
				"end":	5.000571,
				"seconds":	1.0001499652862549,
				"bytes":	524288,
				"bits_per_second":	4193675.0943140211,
				"retransmits":	0,
				"omitted":	false,
				"sender":	true
			}
		}, {
			"streams":	[{
					"socket":	5,
					"start":	5.000571,
					"end":	6.000621,
					"seconds":	1.0000499486923218,
					"bytes":	0,
					"bits_per_second":	0,
					"retransmits":	0,
					"snd_cwnd":	214304,
					"rtt":	762817,
					"rttvar":	405427,
					"pmtu":	1500,
					"omitted":	false,
					"sender":	true
				}],
			"sum":	{
				"start":	5.000571,
				"end":	6.000621,
				"seconds":	1.0000499486923218,
				"bytes":	0,
				"bits_per_second":	0,
				"retransmits":	0,
				"omitted":	false,
				"sender":	true
			}
		}, {
			"streams":	[{
					"socket":	5,
					"start":	6.000621,
					"end":	7.00023,
					"seconds":	0.99960899353027344,
					"bytes":	0,
					"bits_per_second":	0,
					"retransmits":	0,
					"snd_cwnd":	214304,
					"rtt":	762817,
					"rttvar":	405427,
					"pmtu":	1500,
					"omitted":	false,
					"sender":	true
				}],
			"sum":	{
				"start":	6.000621,
				"end":	7.00023,
				"seconds":	0.99960899353027344,
				"bytes":	0,
				"bits_per_second":	0,
				"retransmits":	0,
				"omitted":	false,
				"sender":	true
			}
		}, {
			"streams":	[{
					"socket":	5,
					"start":	7.00023,
					"end":	8.000325,
					"seconds":	1.000095009803772,
					"bytes":	0,
					"bits_per_second":	0,
					"retransmits":	0,
					"snd_cwnd":	214304,
					"rtt":	762817,
					"rttvar":	405427,
					"pmtu":	1500,
					"omitted":	false,
					"sender":	true
				}],
			"sum":	{
				"start":	7.00023,
				"end":	8.000325,
				"seconds":	1.000095009803772,
				"bytes":	0,
				"bits_per_second":	0,
				"retransmits":	0,
				"omitted":	false,
				"sender":	true
			}
		}, {
			"streams":	[{
					"socket":	5,
					"start":	8.000325,
					"end":	9.000057,
					"seconds":	0.99973201751708984,
					"bytes":	0,
					"bits_per_second":	0,
					"retransmits":	1,
					"snd_cwnd":	1448,
					"rtt":	762817,
					"rttvar":	405427,
					"pmtu":	1500,
					"omitted":	false,
					"sender":	true
				}],
			"sum":	{
				"start":	8.000325,
				"end":	9.000057,
				"seconds":	0.99973201751708984,
				"bytes":	0,
				"bits_per_second":	0,
				"retransmits":	1,
				"omitted":	false,
				"sender":	true
			}
		}, {
			"streams":	[{
					"socket":	5,
					"start":	9.000057,
					"end":	10.000582,
					"seconds":	1.0005249977111816,
					"bytes":	0,
					"bits_per_second":	0,
					"retransmits":	0,
					"snd_cwnd":	1448,
					"rtt":	762817,
					"rttvar":	405427,
					"pmtu":	1500,
					"omitted":	false,
					"sender":	true
				}],
			"sum":	{
				"start":	9.000057,
				"end":	10.000582,
				"seconds":	1.0005249977111816,
				"bytes":	0,
				"bits_per_second":	0,
				"retransmits":	0,
				"omitted":	false,
				"sender":	true
			}
		}],
	"end":	{
		"streams":	[{
				"sender":	{
					"socket":	5,
					"start":	0,
					"end":	10.000582,
					"seconds":	10.000582,
					"bytes":	1127464,
					"bits_per_second":	901918.70833117515,
					"retransmits":	1,
					"max_snd_cwnd":	214304,
					"max_rtt":	762817,
					"min_rtt":	316417,
					"mean_rtt":	672557,
					"sender":	true
				},
				"receiver":	{
					"socket":	5,
					"start":	0,
					"end":	10.811202,
					"seconds":	10.000582,
					"bytes":	415576,
					"bits_per_second":	307515.11256565183,
					"sender":	true
				}
			}],
		"sum_sent":	{
			"start":	0,
			"end":	10.000582,
			"seconds":	10.000582,
			"bytes":	1127464,
			"bits_per_second":	901918.70833117515,
			"retransmits":	1,
			"sender":	true
		},
		"sum_received":	{
			"start":	0,
			"end":	10.811202,
			"seconds":	10.811202,
			"bytes":	415576,
			"bits_per_second":	307515.11256565183,
			"sender":	true
		},
		"cpu_utilization_percent":	{
			"host_total":	4.99204299632386,
			"host_user":	0.830054276017911,
			"host_system":	4.1619799498417152,
			"remote_total":	0.055006753759833708,
			"remote_user":	0.055006753759833708,
			"remote_system":	0
		},
		"sender_tcp_congestion":	"cubic",
		"receiver_tcp_congestion":	"cubic"
	}
}
