{
	"start":	{
		"connected":	[{
				"socket":	5,
				"local_host":	"10.0.1.10",
				"local_port":	34336,
				"remote_host":	"10.0.6.10",
				"remote_port":	5200
			}],
		"version":	"iperf 3.7",
		"system_info":	"Linux ubuntu 5.11.0-40-generic #44~20.04.2-Ubuntu SMP Tue Oct 26 18:07:44 UTC 2021 x86_64",
		"timestamp":	{
			"time":	"Sat, 20 Nov 2021 07:10:53 GMT",
			"timesecs":	1637392253
		},
		"connecting_to":	{
			"host":	"10.0.6.10",
			"port":	5200
		},
		"cookie":	"u5wryorzzmgsmdf46w3n2ldqtslwk7iz2sxn",
		"tcp_mss_default":	1448,
		"target_bitrate":	1000000000,
		"sock_bufsize":	0,
		"sndbuf_actual":	87380,
		"rcvbuf_actual":	87380,
		"test_start":	{
			"protocol":	"TCP",
			"num_streams":	1,
			"blksize":	131072,
			"omit":	0,
			"duration":	10,
			"bytes":	0,
			"blocks":	0,
			"reverse":	0,
			"tos":	0
		}
	},
	"intervals":	[{
			"streams":	[{
					"socket":	5,
					"start":	0,
					"end":	1.000657,
					"seconds":	1.0006569623947144,
					"bytes":	79640,
					"bits_per_second":	636701.71091927576,
					"retransmits":	0,
					"snd_cwnd":	17376,
					"rtt":	266114,
					"rttvar":	188055,
					"pmtu":	1500,
					"omitted":	false,
					"sender":	true
				}],
			"sum":	{
				"start":	0,
				"end":	1.000657,
				"seconds":	1.0006569623947144,
				"bytes":	79640,
				"bits_per_second":	636701.71091927576,
				"retransmits":	0,
				"omitted":	false,
				"sender":	true
			}
		}, {
			"streams":	[{
					"socket":	5,
					"start":	1.000657,
					"end":	2.000677,
					"seconds":	1.0000200271606445,
					"bytes":	130320,
					"bits_per_second":	1042539.1209015475,
					"retransmits":	0,
					"snd_cwnd":	36200,
					"rtt":	386706,
					"rttvar":	297476,
					"pmtu":	1500,
					"omitted":	false,
					"sender":	true
				}],
			"sum":	{
				"start":	1.000657,
				"end":	2.000677,
				"seconds":	1.0000200271606445,
				"bytes":	130320,
				"bits_per_second":	1042539.1209015475,
				"retransmits":	0,
				"omitted":	false,
				"sender":	true
			}
		}, {
			"streams":	[{
					"socket":	5,
					"start":	2.000677,
					"end":	3.000428,
					"seconds":	0.99975097179412842,
					"bytes":	131072,
					"bits_per_second":	1048837.1900436881,
					"retransmits":	0,
					"snd_cwnd":	75296,
					"rtt":	542740,
					"rttvar":	437449,
					"pmtu":	1500,
					"omitted":	false,
					"sender":	true
				}],
			"sum":	{
				"start":	2.000677,
				"end":	3.000428,
				"seconds":	0.99975097179412842,
				"bytes":	131072,
				"bits_per_second":	1048837.1900436881,
				"retransmits":	0,
				"omitted":	false,
				"sender":	true
			}
		}, {
			"streams":	[{
					"socket":	5,
					"start":	3.000428,
					"end":	4.000338,
					"seconds":	0.99990999698638916,
					"bytes":	262144,
					"bits_per_second":	2097340.7669895981,
					"retransmits":	0,
					"snd_cwnd":	118736,
					"rtt":	661798,
					"rttvar":	452436,
					"pmtu":	1500,
					"omitted":	false,
					"sender":	true
				}],
			"sum":	{
				"start":	3.000428,
				"end":	4.000338,
				"seconds":	0.99990999698638916,
				"bytes":	262144,
				"bits_per_second":	2097340.7669895981,
				"retransmits":	0,
				"omitted":	false,
				"sender":	true
			}
		}, {
			"streams":	[{
					"socket":	5,
					"start":	4.000338,
					"end":	5.00039,
					"seconds":	1.0000519752502441,
					"bytes":	524288,
					"bits_per_second":	4194086.0113300155,
					"retransmits":	0,
					"snd_cwnd":	230232,
					"rtt":	710636,
					"rttvar":	437005,
					"pmtu":	1500,
					"omitted":	false,
					"sender":	true
				}],
			"sum":	{
				"start":	4.000338,
				"end":	5.00039,
				"seconds":	1.0000519752502441,
				"bytes":	524288,
				"bits_per_second":	4194086.0113300155,
				"retransmits":	0,
				"omitted":	false,
				"sender":	true
			}
		}, {
			"streams":	[{
					"socket":	5,
					"start":	5.00039,
					"end":	6.000278,
					"seconds":	0.999888002872467,
					"bytes":	0,
					"bits_per_second":	0,
					"retransmits":	0,
					"snd_cwnd":	230232,
					"rtt":	710636,
					"rttvar":	437005,
					"pmtu":	1500,
					"omitted":	false,
					"sender":	true
				}],
			"sum":	{
				"start":	5.00039,
				"end":	6.000278,
				"seconds":	0.999888002872467,
				"bytes":	0,
				"bits_per_second":	0,
				"retransmits":	0,
				"omitted":	false,
				"sender":	true
			}
		}, {
			"streams":	[{
					"socket":	5,
					"start":	6.000278,
					"end":	7.000293,
					"seconds":	1.0000150203704834,
					"bytes":	0,
					"bits_per_second":	0,
					"retransmits":	0,
					"snd_cwnd":	230232,
					"rtt":	710636,
					"rttvar":	437005,
					"pmtu":	1500,
					"omitted":	false,
					"sender":	true
				}],
			"sum":	{
				"start":	6.000278,
				"end":	7.000293,
				"seconds":	1.0000150203704834,
				"bytes":	0,
				"bits_per_second":	0,
				"retransmits":	0,
				"omitted":	false,
				"sender":	true
			}
		}, {
			"streams":	[{
					"socket":	5,
					"start":	7.000293,
					"end":	8.000114,
					"seconds":	0.9998210072517395,
					"bytes":	0,
					"bits_per_second":	0,
					"retransmits":	0,
					"snd_cwnd":	230232,
					"rtt":	710636,
					"rttvar":	437005,
					"pmtu":	1500,
					"omitted":	false,
					"sender":	true
				}],
			"sum":	{
				"start":	7.000293,
				"end":	8.000114,
				"seconds":	0.9998210072517395,
				"bytes":	0,
				"bits_per_second":	0,
				"retransmits":	0,
				"omitted":	false,
				"sender":	true
			}
		}, {
			"streams":	[{
					"socket":	5,
					"start":	8.000114,
					"end":	9.000202,
					"seconds":	1.0000879764556885,
					"bytes":	0,
					"bits_per_second":	0,
					"retransmits":	1,
					"snd_cwnd":	1448,
					"rtt":	710636,
					"rttvar":	437005,
					"pmtu":	1500,
					"omitted":	false,
					"sender":	true
				}],
			"sum":	{
				"start":	8.000114,
				"end":	9.000202,
				"seconds":	1.0000879764556885,
				"bytes":	0,
				"bits_per_second":	0,
				"retransmits":	1,
				"omitted":	false,
				"sender":	true
			}
		}, {
			"streams":	[{
					"socket":	5,
					"start":	9.000202,
					"end":	10.002763,
					"seconds":	1.0025609731674194,
					"bytes":	0,
					"bits_per_second":	0,
					"retransmits":	0,
					"snd_cwnd":	1448,
					"rtt":	710636,
					"rttvar":	437005,
					"pmtu":	1500,
					"omitted":	false,
					"sender":	true
				}],
			"sum":	{
				"start":	9.000202,
				"end":	10.002763,
				"seconds":	1.0025609731674194,
				"bytes":	0,
				"bits_per_second":	0,
				"retransmits":	0,
				"omitted":	false,
				"sender":	true
			}
		}],
	"end":	{
		"streams":	[{
				"sender":	{
					"socket":	5,
					"start":	0,
					"end":	10.002763,
					"seconds":	10.002763,
					"bytes":	1127464,
					"bits_per_second":	901722.0541964256,
					"retransmits":	1,
					"max_snd_cwnd":	230232,
					"max_rtt":	710636,
					"min_rtt":	266114,
					"mean_rtt":	612117,
					"sender":	true
				},
				"receiver":	{
					"socket":	5,
					"start":	0,
					"end":	10.561365,
					"seconds":	10.002763,
					"bytes":	447432,
					"bits_per_second":	338919.82712461881,
					"sender":	true
				}
			}],
		"sum_sent":	{
			"start":	0,
			"end":	10.002763,
			"seconds":	10.002763,
			"bytes":	1127464,
			"bits_per_second":	901722.0541964256,
			"retransmits":	1,
			"sender":	true
		},
		"sum_received":	{
			"start":	0,
			"end":	10.561365,
			"seconds":	10.561365,
			"bytes":	447432,
			"bits_per_second":	338919.82712461881,
			"sender":	true
		},
		"cpu_utilization_percent":	{
			"host_total":	5.1951827317462236,
			"host_user":	0.824760498977756,
			"host_system":	4.37041321031519,
			"remote_total":	0.068872238949304845,
			"remote_user":	0,
			"remote_system":	0.068863405777706874
		},
		"sender_tcp_congestion":	"cubic",
		"receiver_tcp_congestion":	"cubic"
	}
}
