{
	"start":	{
		"connected":	[{
				"socket":	5,
				"local_host":	"10.0.5.10",
				"local_port":	50806,
				"remote_host":	"10.0.6.10",
				"remote_port":	5204
			}],
		"version":	"iperf 3.7",
		"system_info":	"Linux ubuntu 5.11.0-40-generic #44~20.04.2-Ubuntu SMP Tue Oct 26 18:07:44 UTC 2021 x86_64",
		"timestamp":	{
			"time":	"Sat, 20 Nov 2021 07:12:51 GMT",
			"timesecs":	1637392371
		},
		"connecting_to":	{
			"host":	"10.0.6.10",
			"port":	5204
		},
		"cookie":	"3rmjau3kixxktlyqlw44qvq4m3y4m5dsspgt",
		"sock_bufsize":	0,
		"sndbuf_actual":	212992,
		"rcvbuf_actual":	212992,
		"test_start":	{
			"protocol":	"UDP",
			"num_streams":	1,
			"blksize":	1448,
			"omit":	0,
			"duration":	10,
			"bytes":	0,
			"blocks":	0,
			"reverse":	0,
			"tos":	0
		}
	},
	"intervals":	[{
			"streams":	[{
					"socket":	5,
					"start":	0,
					"end":	1.003987,
					"seconds":	1.0039869546890259,
					"bytes":	39353744,
					"bits_per_second":	313579723.84961432,
					"packets":	27178,
					"omitted":	false,
					"sender":	true
				}],
			"sum":	{
				"start":	0,
				"end":	1.003987,
				"seconds":	1.0039869546890259,
				"bytes":	39353744,
				"bits_per_second":	313579723.84961432,
				"packets":	27178,
				"omitted":	false,
				"sender":	true
			}
		}, {
			"streams":	[{
					"socket":	5,
					"start":	1.003987,
					"end":	2.000553,
					"seconds":	0.99656599760055542,
					"bytes":	53370384,
					"bits_per_second":	428434316.470765,
					"packets":	36858,
					"omitted":	false,
					"sender":	true
				}],
			"sum":	{
				"start":	1.003987,
				"end":	2.000553,
				"seconds":	0.99656599760055542,
				"bytes":	53370384,
				"bits_per_second":	428434316.470765,
				"packets":	36858,
				"omitted":	false,
				"sender":	true
			}
		}, {
			"streams":	[{
					"socket":	5,
					"start":	2.000553,
					"end":	3.00495,
					"seconds":	1.0043970346450806,
					"bytes":	57655016,
					"bits_per_second":	459220917.71506119,
					"packets":	39817,
					"omitted":	false,
					"sender":	true
				}],
			"sum":	{
				"start":	2.000553,
				"end":	3.00495,
				"seconds":	1.0043970346450806,
				"bytes":	57655016,
				"bits_per_second":	459220917.71506119,
				"packets":	39817,
				"omitted":	false,
				"sender":	true
			}
		}, {
			"streams":	[{
					"socket":	5,
					"start":	3.00495,
					"end":	4.00298,
					"seconds":	0.99803000688552856,
					"bytes":	64234728,
					"bits_per_second":	514892158.00596708,
					"packets":	44361,
					"omitted":	false,
					"sender":	true
				}],
			"sum":	{
				"start":	3.00495,
				"end":	4.00298,
				"seconds":	0.99803000688552856,
				"bytes":	64234728,
				"bits_per_second":	514892158.00596708,
				"packets":	44361,
				"omitted":	false,
				"sender":	true
			}
		}, {
			"streams":	[{
					"socket":	5,
					"start":	4.00298,
					"end":	5.000009,
					"seconds":	0.99702900648117065,
					"bytes":	59960232,
					"bits_per_second":	481111234.35911691,
					"packets":	41409,
					"omitted":	false,
					"sender":	true
				}],
			"sum":	{
				"start":	4.00298,
				"end":	5.000009,
				"seconds":	0.99702900648117065,
				"bytes":	59960232,
				"bits_per_second":	481111234.35911691,
				"packets":	41409,
				"omitted":	false,
				"sender":	true
			}
		}, {
			"streams":	[{
					"socket":	5,
					"start":	5.000009,
					"end":	6.001953,
					"seconds":	1.0019439458847046,
					"bytes":	58561464,
					"bits_per_second":	467582756.424889,
					"packets":	40443,
					"omitted":	false,
					"sender":	true
				}],
			"sum":	{
				"start":	5.000009,
				"end":	6.001953,
				"seconds":	1.0019439458847046,
				"bytes":	58561464,
				"bits_per_second":	467582756.424889,
				"packets":	40443,
				"omitted":	false,
				"sender":	true
			}
		}, {
			"streams":	[{
					"socket":	5,
					"start":	6.001953,
					"end":	7.000091,
					"seconds":	0.99813801050186157,
					"bytes":	73209432,
					"bits_per_second":	586768011.87595665,
					"packets":	50559,
					"omitted":	false,
					"sender":	true
				}],
			"sum":	{
				"start":	6.001953,
				"end":	7.000091,
				"seconds":	0.99813801050186157,
				"bytes":	73209432,
				"bits_per_second":	586768011.87595665,
				"packets":	50559,
				"omitted":	false,
				"sender":	true
			}
		}, {
			"streams":	[{
					"socket":	5,
					"start":	7.000091,
					"end":	8.00001,
					"seconds":	0.99991899728775024,
					"bytes":	60562600,
					"bits_per_second":	484540049.05816734,
					"packets":	41825,
					"omitted":	false,
					"sender":	true
				}],
			"sum":	{
				"start":	7.000091,
				"end":	8.00001,
				"seconds":	0.99991899728775024,
				"bytes":	60562600,
				"bits_per_second":	484540049.05816734,
				"packets":	41825,
				"omitted":	false,
				"sender":	true
			}
		}, {
			"streams":	[{
					"socket":	5,
					"start":	8.00001,
					"end":	9.000014,
					"seconds":	1.0000040531158447,
					"bytes":	54614216,
					"bits_per_second":	436911957.14522374,
					"packets":	37717,
					"omitted":	false,
					"sender":	true
				}],
			"sum":	{
				"start":	8.00001,
				"end":	9.000014,
				"seconds":	1.0000040531158447,
				"bytes":	54614216,
				"bits_per_second":	436911957.14522374,
				"packets":	37717,
				"omitted":	false,
				"sender":	true
			}
		}, {
			"streams":	[{
					"socket":	5,
					"start":	9.000014,
					"end":	10.00001,
					"seconds":	0.9999960064888,
					"bytes":	72659192,
					"bits_per_second":	581275857.33164656,
					"packets":	50179,
					"omitted":	false,
					"sender":	true
				}],
			"sum":	{
				"start":	9.000014,
				"end":	10.00001,
				"seconds":	0.9999960064888,
				"bytes":	72659192,
				"bits_per_second":	581275857.33164656,
				"packets":	50179,
				"omitted":	false,
				"sender":	true
			}
		}],
	"end":	{
		"streams":	[{
				"udp":	{
					"socket":	5,
					"start":	0,
					"end":	10.00001,
					"seconds":	10.00001,
					"bytes":	594181008,
					"bits_per_second":	475344331.05566895,
					"jitter_ms":	0.0001937784564312213,
					"lost_packets":	22474,
					"packets":	410346,
					"lost_percent":	5.4768414947385864,
					"out_of_order":	0,
					"sender":	true
				}
			}],
		"sum":	{
			"start":	0,
			"end":	10.4129,
			"seconds":	10.4129,
			"bytes":	594181008,
			"bits_per_second":	475344331.05566895,
			"jitter_ms":	0.0001937784564312213,
			"lost_packets":	22474,
			"packets":	410346,
			"lost_percent":	5.4768414947385864,
			"sender":	true
		},
		"cpu_utilization_percent":	{
			"host_total":	25.363991676361852,
			"host_user":	2.7591987637556792,
			"host_system":	22.60478360746135,
			"remote_total":	11.012759122698927,
			"remote_user":	1.8390998765763487,
			"remote_system":	9.173659246122579
		}
	}
}
