{
	"start":	{
		"connected":	[{
				"socket":	5,
				"local_host":	"10.0.1.10",
				"local_port":	45355,
				"remote_host":	"10.0.6.10",
				"remote_port":	5200
			}],
		"version":	"iperf 3.7",
		"system_info":	"Linux ubuntu 5.11.0-40-generic #44~20.04.2-Ubuntu SMP Tue Oct 26 18:07:44 UTC 2021 x86_64",
		"timestamp":	{
			"time":	"Sat, 20 Nov 2021 07:12:51 GMT",
			"timesecs":	1637392371
		},
		"connecting_to":	{
			"host":	"10.0.6.10",
			"port":	5200
		},
		"cookie":	"bcthzx2pazjads7ruyoeduu3nj3tgc2nnhw3",
		"sock_bufsize":	0,
		"sndbuf_actual":	212992,
		"rcvbuf_actual":	212992,
		"test_start":	{
			"protocol":	"UDP",
			"num_streams":	1,
			"blksize":	1448,
			"omit":	0,
			"duration":	10,
			"bytes":	0,
			"blocks":	0,
			"reverse":	0,
			"tos":	0
		}
	},
	"intervals":	[{
			"streams":	[{
					"socket":	5,
					"start":	0,
					"end":	1.000012,
					"seconds":	1.0000120401382446,
					"bytes":	38222856,
					"bits_per_second":	305779166.3765645,
					"packets":	26397,
					"omitted":	false,
					"sender":	true
				}],
			"sum":	{
				"start":	0,
				"end":	1.000012,
				"seconds":	1.0000120401382446,
				"bytes":	38222856,
				"bits_per_second":	305779166.3765645,
				"packets":	26397,
				"omitted":	false,
				"sender":	true
			}
		}, {
			"streams":	[{
					"socket":	5,
					"start":	1.000012,
					"end":	2.000082,
					"seconds":	1.0000699758529663,
					"bytes":	53326944,
					"bits_per_second":	426585701.30168819,
					"packets":	36828,
					"omitted":	false,
					"sender":	true
				}],
			"sum":	{
				"start":	1.000012,
				"end":	2.000082,
				"seconds":	1.0000699758529663,
				"bytes":	53326944,
				"bits_per_second":	426585701.30168819,
				"packets":	36828,
				"omitted":	false,
				"sender":	true
			}
		}, {
			"streams":	[{
					"socket":	5,
					"start":	2.000082,
					"end":	3.000193,
					"seconds":	1.0001109838485718,
					"bytes":	55233960,
					"bits_per_second":	441822644.82249147,
					"packets":	38145,
					"omitted":	false,
					"sender":	true
				}],
			"sum":	{
				"start":	2.000082,
				"end":	3.000193,
				"seconds":	1.0001109838485718,
				"bytes":	55233960,
				"bits_per_second":	441822644.82249147,
				"packets":	38145,
				"omitted":	false,
				"sender":	true
			}
		}, {
			"streams":	[{
					"socket":	5,
					"start":	3.000193,
					"end":	4.000174,
					"seconds":	0.99998098611831665,
					"bytes":	50782808,
					"bits_per_second":	406270188.77330083,
					"packets":	35071,
					"omitted":	false,
					"sender":	true
				}],
			"sum":	{
				"start":	3.000193,
				"end":	4.000174,
				"seconds":	0.99998098611831665,
				"bytes":	50782808,
				"bits_per_second":	406270188.77330083,
				"packets":	35071,
				"omitted":	false,
				"sender":	true
			}
		}, {
			"streams":	[{
					"socket":	5,
					"start":	4.000174,
					"end":	5.000003,
					"seconds":	0.9998289942741394,
					"bytes":	49240688,
					"bits_per_second":	393992879.03826386,
					"packets":	34006,
					"omitted":	false,
					"sender":	true
				}],
			"sum":	{
				"start":	4.000174,
				"end":	5.000003,
				"seconds":	0.9998289942741394,
				"bytes":	49240688,
				"bits_per_second":	393992879.03826386,
				"packets":	34006,
				"omitted":	false,
				"sender":	true
			}
		}, {
			"streams":	[{
					"socket":	5,
					"start":	5.000003,
					"end":	6.015719,
					"seconds":	1.0157159566879272,
					"bytes":	63558512,
					"bits_per_second":	500600677.435477,
					"packets":	43894,
					"omitted":	false,
					"sender":	true
				}],
			"sum":	{
				"start":	5.000003,
				"end":	6.015719,
				"seconds":	1.0157159566879272,
				"bytes":	63558512,
				"bits_per_second":	500600677.435477,
				"packets":	43894,
				"omitted":	false,
				"sender":	true
			}
		}, {
			"streams":	[{
					"socket":	5,
					"start":	6.015719,
					"end":	7.000004,
					"seconds":	0.98428499698638916,
					"bytes":	55510528,
					"bits_per_second":	451174431.55149591,
					"packets":	38336,
					"omitted":	false,
					"sender":	true
				}],
			"sum":	{
				"start":	6.015719,
				"end":	7.000004,
				"seconds":	0.98428499698638916,
				"bytes":	55510528,
				"bits_per_second":	451174431.55149591,
				"packets":	38336,
				"omitted":	false,
				"sender":	true
			}
		}, {
			"streams":	[{
					"socket":	5,
					"start":	7.000004,
					"end":	8.000031,
					"seconds":	1.0000269412994385,
					"bytes":	51076752,
					"bits_per_second":	408603007.704018,
					"packets":	35274,
					"omitted":	false,
					"sender":	true
				}],
			"sum":	{
				"start":	7.000004,
				"end":	8.000031,
				"seconds":	1.0000269412994385,
				"bytes":	51076752,
				"bits_per_second":	408603007.704018,
				"packets":	35274,
				"omitted":	false,
				"sender":	true
			}
		}, {
			"streams":	[{
					"socket":	5,
					"start":	8.000031,
					"end":	9.000004,
					"seconds":	0.99997299909591675,
					"bytes":	57946064,
					"bits_per_second":	463581029.10690171,
					"packets":	40018,
					"omitted":	false,
					"sender":	true
				}],
			"sum":	{
				"start":	8.000031,
				"end":	9.000004,
				"seconds":	0.99997299909591675,
				"bytes":	57946064,
				"bits_per_second":	463581029.10690171,
				"packets":	40018,
				"omitted":	false,
				"sender":	true
			}
		}, {
			"streams":	[{
					"socket":	5,
					"start":	9.000004,
					"end":	10.000007,
					"seconds":	1.0000029802322388,
					"bytes":	52992456,
					"bits_per_second":	423938384.56515908,
					"packets":	36597,
					"omitted":	false,
					"sender":	true
				}],
			"sum":	{
				"start":	9.000004,
				"end":	10.000007,
				"seconds":	1.0000029802322388,
				"bytes":	52992456,
				"bits_per_second":	423938384.56515908,
				"packets":	36597,
				"omitted":	false,
				"sender":	true
			}
		}],
	"end":	{
		"streams":	[{
				"udp":	{
					"socket":	5,
					"start":	0,
					"end":	10.000007,
					"seconds":	10.000007,
					"bytes":	527891568,
					"bits_per_second":	422312958.78092885,
					"jitter_ms":	0.03733893658283028,
					"lost_packets":	16562,
					"packets":	364566,
					"lost_percent":	4.5429359841565038,
					"out_of_order":	0,
					"sender":	true
				}
			}],
		"sum":	{
			"start":	0,
			"end":	10.213742,
			"seconds":	10.213742,
			"bytes":	527891568,
			"bits_per_second":	422312958.78092885,
			"jitter_ms":	0.03733893658283028,
			"lost_packets":	16562,
			"packets":	364566,
			"lost_percent":	4.5429359841565038,
			"sender":	true
		},
		"cpu_utilization_percent":	{
			"host_total":	25.863157185139489,
			"host_user":	2.0078745644665377,
			"host_system":	23.855282620672956,
			"remote_total":	11.614681634210285,
			"remote_user":	2.278088980630061,
			"remote_system":	9.3365833776337066
		}
	}
}
