{
	"start":	{
		"connected":	[{
				"socket":	5,
				"local_host":	"10.0.1.10",
				"local_port":	35611,
				"remote_host":	"10.0.6.10",
				"remote_port":	5200
			}],
		"version":	"iperf 3.7",
		"system_info":	"Linux ubunu2004 5.11.0-40-generic #44~20.04.2-Ubuntu SMP Tue Oct 26 18:07:44 UTC 2021 x86_64",
		"timestamp":	{
			"time":	"Wed, 17 Nov 2021 14:15:53 GMT",
			"timesecs":	1637158553
		},
		"connecting_to":	{
			"host":	"10.0.6.10",
			"port":	5200
		},
		"cookie":	"6eyd4wpnznsmsxsjhri5wxqhhlfn4tzc4ko4",
		"sock_bufsize":	0,
		"sndbuf_actual":	212992,
		"rcvbuf_actual":	212992,
		"test_start":	{
			"protocol":	"UDP",
			"num_streams":	1,
			"blksize":	1448,
			"omit":	0,
			"duration":	10,
			"bytes":	0,
			"blocks":	0,
			"reverse":	0,
			"tos":	0
		}
	},
	"intervals":	[{
			"streams":	[{
					"socket":	5,
					"start":	0,
					"end":	1.000019,
					"seconds":	1.0000189542770386,
					"bytes":	17403512,
					"bits_per_second":	139225457.08211565,
					"packets":	12019,
					"omitted":	false,
					"sender":	true
				}],
			"sum":	{
				"start":	0,
				"end":	1.000019,
				"seconds":	1.0000189542770386,
				"bytes":	17403512,
				"bits_per_second":	139225457.08211565,
				"packets":	12019,
				"omitted":	false,
				"sender":	true
			}
		}, {
			"streams":	[{
					"socket":	5,
					"start":	1.000019,
					"end":	2.000005,
					"seconds":	0.99998599290847778,
					"bytes":	35791664,
					"bits_per_second":	286337322.75308603,
					"packets":	24718,
					"omitted":	false,
					"sender":	true
				}],
			"sum":	{
				"start":	1.000019,
				"end":	2.000005,
				"seconds":	0.99998599290847778,
				"bytes":	35791664,
				"bits_per_second":	286337322.75308603,
				"packets":	24718,
				"omitted":	false,
				"sender":	true
			}
		}, {
			"streams":	[{
					"socket":	5,
					"start":	2.000005,
					"end":	3.000024,
					"seconds":	1.0000189542770386,
					"bytes":	51102816,
					"bits_per_second":	408814779.21141738,
					"packets":	35292,
					"omitted":	false,
					"sender":	true
				}],
			"sum":	{
				"start":	2.000005,
				"end":	3.000024,
				"seconds":	1.0000189542770386,
				"bytes":	51102816,
				"bits_per_second":	408814779.21141738,
				"packets":	35292,
				"omitted":	false,
				"sender":	true
			}
		}, {
			"streams":	[{
					"socket":	5,
					"start":	3.000024,
					"end":	4.003464,
					"seconds":	1.0034400224685669,
					"bytes":	31787944,
					"bits_per_second":	253431741.11631185,
					"packets":	21953,
					"omitted":	false,
					"sender":	true
				}],
			"sum":	{
				"start":	3.000024,
				"end":	4.003464,
				"seconds":	1.0034400224685669,
				"bytes":	31787944,
				"bits_per_second":	253431741.11631185,
				"packets":	21953,
				"omitted":	false,
				"sender":	true
			}
		}, {
			"streams":	[{
					"socket":	5,
					"start":	4.003464,
					"end":	5.000029,
					"seconds":	0.99656498432159424,
					"bytes":	42397440,
					"bits_per_second":	340348622.8556329,
					"packets":	29280,
					"omitted":	false,
					"sender":	true
				}],
			"sum":	{
				"start":	4.003464,
				"end":	5.000029,
				"seconds":	0.99656498432159424,
				"bytes":	42397440,
				"bits_per_second":	340348622.8556329,
				"packets":	29280,
				"omitted":	false,
				"sender":	true
			}
		}, {
			"streams":	[{
					"socket":	5,
					"start":	5.000029,
					"end":	6.000064,
					"seconds":	1.0000350475311279,
					"bytes":	25597744,
					"bits_per_second":	204774775.14969373,
					"packets":	17678,
					"omitted":	false,
					"sender":	true
				}],
			"sum":	{
				"start":	5.000029,
				"end":	6.000064,
				"seconds":	1.0000350475311279,
				"bytes":	25597744,
				"bits_per_second":	204774775.14969373,
				"packets":	17678,
				"omitted":	false,
				"sender":	true
			}
		}, {
			"streams":	[{
					"socket":	5,
					"start":	6.000064,
					"end":	7.000299,
					"seconds":	1.0002349615097046,
					"bytes":	32184696,
					"bits_per_second":	257417084.89310977,
					"packets":	22227,
					"omitted":	false,
					"sender":	true
				}],
			"sum":	{
				"start":	6.000064,
				"end":	7.000299,
				"seconds":	1.0002349615097046,
				"bytes":	32184696,
				"bits_per_second":	257417084.89310977,
				"packets":	22227,
				"omitted":	false,
				"sender":	true
			}
		}, {
			"streams":	[{
					"socket":	5,
					"start":	7.000299,
					"end":	8.003036,
					"seconds":	1.0027370452880859,
					"bytes":	7312400,
					"bits_per_second":	58339522.085965425,
					"packets":	5050,
					"omitted":	false,
					"sender":	true
				}],
			"sum":	{
				"start":	7.000299,
				"end":	8.003036,
				"seconds":	1.0027370452880859,
				"bytes":	7312400,
				"bits_per_second":	58339522.085965425,
				"packets":	5050,
				"omitted":	false,
				"sender":	true
			}
		}, {
			"streams":	[{
					"socket":	5,
					"start":	8.003036,
					"end":	9.000149,
					"seconds":	0.99711298942565918,
					"bytes":	30855432,
					"bits_per_second":	247558159.02286336,
					"packets":	21309,
					"omitted":	false,
					"sender":	true
				}],
			"sum":	{
				"start":	8.003036,
				"end":	9.000149,
				"seconds":	0.99711298942565918,
				"bytes":	30855432,
				"bits_per_second":	247558159.02286336,
				"packets":	21309,
				"omitted":	false,
				"sender":	true
			}
		}, {
			"streams":	[{
					"socket":	5,
					"start":	9.000149,
					"end":	10.000014,
					"seconds":	0.99986499547958374,
					"bytes":	35066216,
					"bits_per_second":	280567605.89507818,
					"packets":	24217,
					"omitted":	false,
					"sender":	true
				}],
			"sum":	{
				"start":	9.000149,
				"end":	10.000014,
				"seconds":	0.99986499547958374,
				"bytes":	35066216,
				"bits_per_second":	280567605.89507818,
				"packets":	24217,
				"omitted":	false,
				"sender":	true
			}
		}],
	"end":	{
		"streams":	[{
				"udp":	{
					"socket":	5,
					"start":	0,
					"end":	10.000014,
					"seconds":	10.000014,
					"bytes":	309499864,
					"bits_per_second":	247599544.56063762,
					"jitter_ms":	0.0021838424094403844,
					"lost_packets":	11705,
					"packets":	213743,
					"lost_percent":	5.47620272944611,
					"out_of_order":	0,
					"sender":	true
				}
			}],
		"sum":	{
			"start":	0,
			"end":	10.137304,
			"seconds":	10.137304,
			"bytes":	309499864,
			"bits_per_second":	247599544.56063762,
			"jitter_ms":	0.0021838424094403844,
			"lost_packets":	11705,
			"packets":	213743,
			"lost_percent":	5.47620272944611,
			"sender":	true
		},
		"cpu_utilization_percent":	{
			"host_total":	24.788153318090917,
			"host_user":	2.8488708577584476,
			"host_system":	21.939272909945583,
			"remote_total":	11.771256627189882,
			"remote_user":	2.4636992559913122,
			"remote_system":	9.307557371198568
		}
	}
}
