{
	"start":	{
		"connected":	[{
				"socket":	5,
				"local_host":	"10.0.3.12",
				"local_port":	58148,
				"remote_host":	"10.0.6.10",
				"remote_port":	5202
			}],
		"version":	"iperf 3.7",
		"system_info":	"Linux ubunu2004 5.11.0-40-generic #44~20.04.2-Ubuntu SMP Tue Oct 26 18:07:44 UTC 2021 x86_64",
		"timestamp":	{
			"time":	"Wed, 17 Nov 2021 14:15:53 GMT",
			"timesecs":	1637158553
		},
		"connecting_to":	{
			"host":	"10.0.6.10",
			"port":	5202
		},
		"cookie":	"uz7cvrwwcu7n3kqlds2eku43u4i5se7iiclm",
		"sock_bufsize":	0,
		"sndbuf_actual":	212992,
		"rcvbuf_actual":	212992,
		"test_start":	{
			"protocol":	"UDP",
			"num_streams":	1,
			"blksize":	1448,
			"omit":	0,
			"duration":	10,
			"bytes":	0,
			"blocks":	0,
			"reverse":	0,
			"tos":	0
		}
	},
	"intervals":	[{
			"streams":	[{
					"socket":	5,
					"start":	0,
					"end":	1.003864,
					"seconds":	1.003864049911499,
					"bytes":	29911336,
					"bits_per_second":	238369615.90675145,
					"packets":	20657,
					"omitted":	false,
					"sender":	true
				}],
			"sum":	{
				"start":	0,
				"end":	1.003864,
				"seconds":	1.003864049911499,
				"bytes":	29911336,
				"bits_per_second":	238369615.90675145,
				"packets":	20657,
				"omitted":	false,
				"sender":	true
			}
		}, {
			"streams":	[{
					"socket":	5,
					"start":	1.003864,
					"end":	2.000022,
					"seconds":	0.99615800380706787,
					"bytes":	28466232,
					"bits_per_second":	228608167.71001506,
					"packets":	19659,
					"omitted":	false,
					"sender":	true
				}],
			"sum":	{
				"start":	1.003864,
				"end":	2.000022,
				"seconds":	0.99615800380706787,
				"bytes":	28466232,
				"bits_per_second":	228608167.71001506,
				"packets":	19659,
				"omitted":	false,
				"sender":	true
			}
		}, {
			"streams":	[{
					"socket":	5,
					"start":	2.000022,
					"end":	3.000007,
					"seconds":	0.9999849796295166,
					"bytes":	33800664,
					"bits_per_second":	270409373.64897442,
					"packets":	23343,
					"omitted":	false,
					"sender":	true
				}],
			"sum":	{
				"start":	2.000022,
				"end":	3.000007,
				"seconds":	0.9999849796295166,
				"bytes":	33800664,
				"bits_per_second":	270409373.64897442,
				"packets":	23343,
				"omitted":	false,
				"sender":	true
			}
		}, {
			"streams":	[{
					"socket":	5,
					"start":	3.000007,
					"end":	4.007806,
					"seconds":	1.0077990293502808,
					"bytes":	24248208,
					"bits_per_second":	192484471.95375934,
					"packets":	16746,
					"omitted":	false,
					"sender":	true
				}],
			"sum":	{
				"start":	3.000007,
				"end":	4.007806,
				"seconds":	1.0077990293502808,
				"bytes":	24248208,
				"bits_per_second":	192484471.95375934,
				"packets":	16746,
				"omitted":	false,
				"sender":	true
			}
		}, {
			"streams":	[{
					"socket":	5,
					"start":	4.007806,
					"end":	5.000016,
					"seconds":	0.99220997095108032,
					"bytes":	31349200,
					"bits_per_second":	252762628.21628615,
					"packets":	21650,
					"omitted":	false,
					"sender":	true
				}],
			"sum":	{
				"start":	4.007806,
				"end":	5.000016,
				"seconds":	0.99220997095108032,
				"bytes":	31349200,
				"bits_per_second":	252762628.21628615,
				"packets":	21650,
				"omitted":	false,
				"sender":	true
			}
		}, {
			"streams":	[{
					"socket":	5,
					"start":	5.000016,
					"end":	6.000008,
					"seconds":	0.9999920129776001,
					"bytes":	22228248,
					"bits_per_second":	177827404.31146154,
					"packets":	15351,
					"omitted":	false,
					"sender":	true
				}],
			"sum":	{
				"start":	5.000016,
				"end":	6.000008,
				"seconds":	0.9999920129776001,
				"bytes":	22228248,
				"bits_per_second":	177827404.31146154,
				"packets":	15351,
				"omitted":	false,
				"sender":	true
			}
		}, {
			"streams":	[{
					"socket":	5,
					"start":	6.000008,
					"end":	7.016828,
					"seconds":	1.016819953918457,
					"bytes":	29584088,
					"bits_per_second":	232757729.71207815,
					"packets":	20431,
					"omitted":	false,
					"sender":	true
				}],
			"sum":	{
				"start":	6.000008,
				"end":	7.016828,
				"seconds":	1.016819953918457,
				"bytes":	29584088,
				"bits_per_second":	232757729.71207815,
				"packets":	20431,
				"omitted":	false,
				"sender":	true
			}
		}, {
			"streams":	[{
					"socket":	5,
					"start":	7.016828,
					"end":	8.003769,
					"seconds":	0.98694097995758057,
					"bytes":	30801856,
					"bits_per_second":	249675363.57705107,
					"packets":	21272,
					"omitted":	false,
					"sender":	true
				}],
			"sum":	{
				"start":	7.016828,
				"end":	8.003769,
				"seconds":	0.98694097995758057,
				"bytes":	30801856,
				"bits_per_second":	249675363.57705107,
				"packets":	21272,
				"omitted":	false,
				"sender":	true
			}
		}, {
			"streams":	[{
					"socket":	5,
					"start":	8.003769,
					"end":	9.003772,
					"seconds":	1.0000029802322388,
					"bytes":	39682440,
					"bits_per_second":	317458573.89972359,
					"packets":	27405,
					"omitted":	false,
					"sender":	true
				}],
			"sum":	{
				"start":	8.003769,
				"end":	9.003772,
				"seconds":	1.0000029802322388,
				"bytes":	39682440,
				"bits_per_second":	317458573.89972359,
				"packets":	27405,
				"omitted":	false,
				"sender":	true
			}
		}, {
			"streams":	[{
					"socket":	5,
					"start":	9.003772,
					"end":	10.000032,
					"seconds":	0.99625998735427856,
					"bytes":	33774600,
					"bits_per_second":	271211133.06733227,
					"packets":	23325,
					"omitted":	false,
					"sender":	true
				}],
			"sum":	{
				"start":	9.003772,
				"end":	10.000032,
				"seconds":	0.99625998735427856,
				"bytes":	33774600,
				"bits_per_second":	271211133.06733227,
				"packets":	23325,
				"omitted":	false,
				"sender":	true
			}
		}],
	"end":	{
		"streams":	[{
				"udp":	{
					"socket":	5,
					"start":	0,
					"end":	10.000032,
					"seconds":	10.000032,
					"bytes":	303846872,
					"bits_per_second":	243076719.75449681,
					"jitter_ms":	0.0010322626080014503,
					"lost_packets":	6950,
					"packets":	209839,
					"lost_percent":	3.3120630578681753,
					"out_of_order":	0,
					"sender":	true
				}
			}],
		"sum":	{
			"start":	0,
			"end":	10.110708,
			"seconds":	10.110708,
			"bytes":	303846872,
			"bits_per_second":	243076719.75449681,
			"jitter_ms":	0.0010322626080014503,
			"lost_packets":	6950,
			"packets":	209839,
			"lost_percent":	3.3120630578681753,
			"sender":	true
		},
		"cpu_utilization_percent":	{
			"host_total":	25.943857351176884,
			"host_user":	3.1921054067795147,
			"host_system":	22.751742369622686,
			"remote_total":	14.940306931914249,
			"remote_user":	3.4469224348332292,
			"remote_system":	11.493384497081021
		}
	}
}
