{
	"start":	{
		"connected":	[{
				"socket":	5,
				"local_host":	"10.0.2.11",
				"local_port":	45392,
				"remote_host":	"10.0.6.10",
				"remote_port":	5201
			}],
		"version":	"iperf 3.7",
		"system_info":	"Linux ubunu2004 5.11.0-40-generic #44~20.04.2-Ubuntu SMP Tue Oct 26 18:07:44 UTC 2021 x86_64",
		"timestamp":	{
			"time":	"Wed, 17 Nov 2021 14:15:53 GMT",
			"timesecs":	1637158553
		},
		"connecting_to":	{
			"host":	"10.0.6.10",
			"port":	5201
		},
		"cookie":	"evehbb6n7hvc7folg7hw52kco7lytns2snqc",
		"sock_bufsize":	0,
		"sndbuf_actual":	212992,
		"rcvbuf_actual":	212992,
		"test_start":	{
			"protocol":	"UDP",
			"num_streams":	1,
			"blksize":	1448,
			"omit":	0,
			"duration":	10,
			"bytes":	0,
			"blocks":	0,
			"reverse":	0,
			"tos":	0
		}
	},
	"intervals":	[{
			"streams":	[{
					"socket":	5,
					"start":	0,
					"end":	1.009593,
					"seconds":	1.0095930099487305,
					"bytes":	35586048,
					"bits_per_second":	281983315.25141716,
					"packets":	24576,
					"omitted":	false,
					"sender":	true
				}],
			"sum":	{
				"start":	0,
				"end":	1.009593,
				"seconds":	1.0095930099487305,
				"bytes":	35586048,
				"bits_per_second":	281983315.25141716,
				"packets":	24576,
				"omitted":	false,
				"sender":	true
			}
		}, {
			"streams":	[{
					"socket":	5,
					"start":	1.009593,
					"end":	2.000006,
					"seconds":	0.99041301012039185,
					"bytes":	39893848,
					"bits_per_second":	322240096.54437488,
					"packets":	27551,
					"omitted":	false,
					"sender":	true
				}],
			"sum":	{
				"start":	1.009593,
				"end":	2.000006,
				"seconds":	0.99041301012039185,
				"bytes":	39893848,
				"bits_per_second":	322240096.54437488,
				"packets":	27551,
				"omitted":	false,
				"sender":	true
			}
		}, {
			"streams":	[{
					"socket":	5,
					"start":	2.000006,
					"end":	3.000008,
					"seconds":	1.0000020265579224,
					"bytes":	33147616,
					"bits_per_second":	265180390.59657857,
					"packets":	22892,
					"omitted":	false,
					"sender":	true
				}],
			"sum":	{
				"start":	2.000006,
				"end":	3.000008,
				"seconds":	1.0000020265579224,
				"bytes":	33147616,
				"bits_per_second":	265180390.59657857,
				"packets":	22892,
				"omitted":	false,
				"sender":	true
			}
		}, {
			"streams":	[{
					"socket":	5,
					"start":	3.000008,
					"end":	4.005594,
					"seconds":	1.00558602809906,
					"bytes":	30683120,
					"bits_per_second":	244101402.70546728,
					"packets":	21190,
					"omitted":	false,
					"sender":	true
				}],
			"sum":	{
				"start":	3.000008,
				"end":	4.005594,
				"seconds":	1.00558602809906,
				"bytes":	30683120,
				"bits_per_second":	244101402.70546728,
				"packets":	21190,
				"omitted":	false,
				"sender":	true
			}
		}, {
			"streams":	[{
					"socket":	5,
					"start":	4.005594,
					"end":	5.000063,
					"seconds":	0.99446898698806763,
					"bytes":	43862816,
					"bits_per_second":	352854169.00005388,
					"packets":	30292,
					"omitted":	false,
					"sender":	true
				}],
			"sum":	{
				"start":	4.005594,
				"end":	5.000063,
				"seconds":	0.99446898698806763,
				"bytes":	43862816,
				"bits_per_second":	352854169.00005388,
				"packets":	30292,
				"omitted":	false,
				"sender":	true
			}
		}, {
			"streams":	[{
					"socket":	5,
					"start":	5.000063,
					"end":	6.000037,
					"seconds":	0.99997401237487793,
					"bytes":	22567080,
					"bits_per_second":	180541331.84045091,
					"packets":	15585,
					"omitted":	false,
					"sender":	true
				}],
			"sum":	{
				"start":	5.000063,
				"end":	6.000037,
				"seconds":	0.99997401237487793,
				"bytes":	22567080,
				"bits_per_second":	180541331.84045091,
				"packets":	15585,
				"omitted":	false,
				"sender":	true
			}
		}, {
			"streams":	[{
					"socket":	5,
					"start":	6.000037,
					"end":	7.001091,
					"seconds":	1.001054048538208,
					"bytes":	39077176,
					"bits_per_second":	312288241.03603643,
					"packets":	26987,
					"omitted":	false,
					"sender":	true
				}],
			"sum":	{
				"start":	6.000037,
				"end":	7.001091,
				"seconds":	1.001054048538208,
				"bytes":	39077176,
				"bits_per_second":	312288241.03603643,
				"packets":	26987,
				"omitted":	false,
				"sender":	true
			}
		}, {
			"streams":	[{
					"socket":	5,
					"start":	7.001091,
					"end":	8.000087,
					"seconds":	0.99899601936340332,
					"bytes":	35813384,
					"bits_per_second":	286795008.63534248,
					"packets":	24733,
					"omitted":	false,
					"sender":	true
				}],
			"sum":	{
				"start":	7.001091,
				"end":	8.000087,
				"seconds":	0.99899601936340332,
				"bytes":	35813384,
				"bits_per_second":	286795008.63534248,
				"packets":	24733,
				"omitted":	false,
				"sender":	true
			}
		}, {
			"streams":	[{
					"socket":	5,
					"start":	8.000087,
					"end":	9.000006,
					"seconds":	0.99991899728775024,
					"bytes":	46711032,
					"bits_per_second":	373718528.21440333,
					"packets":	32259,
					"omitted":	false,
					"sender":	true
				}],
			"sum":	{
				"start":	8.000087,
				"end":	9.000006,
				"seconds":	0.99991899728775024,
				"bytes":	46711032,
				"bits_per_second":	373718528.21440333,
				"packets":	32259,
				"omitted":	false,
				"sender":	true
			}
		}, {
			"streams":	[{
					"socket":	5,
					"start":	9.000006,
					"end":	10.000012,
					"seconds":	1.0000059604644775,
					"bytes":	41333160,
					"bits_per_second":	330663309.09309214,
					"packets":	28545,
					"omitted":	false,
					"sender":	true
				}],
			"sum":	{
				"start":	9.000006,
				"end":	10.000012,
				"seconds":	1.0000059604644775,
				"bytes":	41333160,
				"bits_per_second":	330663309.09309214,
				"packets":	28545,
				"omitted":	false,
				"sender":	true
			}
		}],
	"end":	{
		"streams":	[{
				"udp":	{
					"socket":	5,
					"start":	0,
					"end":	10.000012,
					"seconds":	10.000012,
					"bytes":	368675280,
					"bits_per_second":	294939870.07215589,
					"jitter_ms":	0.0043053523678669948,
					"lost_packets":	12748,
					"packets":	254610,
					"lost_percent":	5.0068732571383681,
					"out_of_order":	0,
					"sender":	true
				}
			}],
		"sum":	{
			"start":	0,
			"end":	10.408437,
			"seconds":	10.408437,
			"bytes":	368675280,
			"bits_per_second":	294939870.07215589,
			"jitter_ms":	0.0043053523678669948,
			"lost_packets":	12748,
			"packets":	254610,
			"lost_percent":	5.0068732571383681,
			"sender":	true
		},
		"cpu_utilization_percent":	{
			"host_total":	24.571801094077156,
			"host_user":	2.7082431128658513,
			"host_system":	21.863557981211304,
			"remote_total":	12.433101106472325,
			"remote_user":	3.1619091943559607,
			"remote_system":	9.2711919121163646
		}
	}
}
