{
	"start":	{
		"connected":	[{
				"socket":	5,
				"local_host":	"10.0.5.10",
				"local_port":	56550,
				"remote_host":	"10.0.6.10",
				"remote_port":	5204
			}],
		"version":	"iperf 3.7",
		"system_info":	"Linux ubunu2004 5.11.0-40-generic #44~20.04.2-Ubuntu SMP Tue Oct 26 18:07:44 UTC 2021 x86_64",
		"timestamp":	{
			"time":	"Wed, 17 Nov 2021 14:15:53 GMT",
			"timesecs":	1637158553
		},
		"connecting_to":	{
			"host":	"10.0.6.10",
			"port":	5204
		},
		"cookie":	"nxkz6n4okkqag6y3jp5j472lhmwv7yotgy6b",
		"sock_bufsize":	0,
		"sndbuf_actual":	212992,
		"rcvbuf_actual":	212992,
		"test_start":	{
			"protocol":	"UDP",
			"num_streams":	1,
			"blksize":	1448,
			"omit":	0,
			"duration":	10,
			"bytes":	0,
			"blocks":	0,
			"reverse":	0,
			"tos":	0
		}
	},
	"intervals":	[{
			"streams":	[{
					"socket":	5,
					"start":	0,
					"end":	1.000026,
					"seconds":	1.0000259876251221,
					"bytes":	19527728,
					"bits_per_second":	156217764.2713047,
					"packets":	13486,
					"omitted":	false,
					"sender":	true
				}],
			"sum":	{
				"start":	0,
				"end":	1.000026,
				"seconds":	1.0000259876251221,
				"bytes":	19527728,
				"bits_per_second":	156217764.2713047,
				"packets":	13486,
				"omitted":	false,
				"sender":	true
			}
		}, {
			"streams":	[{
					"socket":	5,
					"start":	1.000026,
					"end":	2.00002,
					"seconds":	0.99999397993087769,
					"bytes":	33877408,
					"bits_per_second":	271020895.56452489,
					"packets":	23396,
					"omitted":	false,
					"sender":	true
				}],
			"sum":	{
				"start":	1.000026,
				"end":	2.00002,
				"seconds":	0.99999397993087769,
				"bytes":	33877408,
				"bits_per_second":	271020895.56452489,
				"packets":	23396,
				"omitted":	false,
				"sender":	true
			}
		}, {
			"streams":	[{
					"socket":	5,
					"start":	2.00002,
					"end":	3.000013,
					"seconds":	0.99999302625656128,
					"bytes":	29248152,
					"bits_per_second":	233986847.76424435,
					"packets":	20199,
					"omitted":	false,
					"sender":	true
				}],
			"sum":	{
				"start":	2.00002,
				"end":	3.000013,
				"seconds":	0.99999302625656128,
				"bytes":	29248152,
				"bits_per_second":	233986847.76424435,
				"packets":	20199,
				"omitted":	false,
				"sender":	true
			}
		}, {
			"streams":	[{
					"socket":	5,
					"start":	3.000013,
					"end":	4.00003,
					"seconds":	1.0000170469284058,
					"bytes":	27753816,
					"bits_per_second":	222026743.12600577,
					"packets":	19167,
					"omitted":	false,
					"sender":	true
				}],
			"sum":	{
				"start":	3.000013,
				"end":	4.00003,
				"seconds":	1.0000170469284058,
				"bytes":	27753816,
				"bits_per_second":	222026743.12600577,
				"packets":	19167,
				"omitted":	false,
				"sender":	true
			}
		}, {
			"streams":	[{
					"socket":	5,
					"start":	4.00003,
					"end":	5.000061,
					"seconds":	1.0000309944152832,
					"bytes":	32029760,
					"bits_per_second":	256230138.29668555,
					"packets":	22120,
					"omitted":	false,
					"sender":	true
				}],
			"sum":	{
				"start":	4.00003,
				"end":	5.000061,
				"seconds":	1.0000309944152832,
				"bytes":	32029760,
				"bits_per_second":	256230138.29668555,
				"packets":	22120,
				"omitted":	false,
				"sender":	true
			}
		}, {
			"streams":	[{
					"socket":	5,
					"start":	5.000061,
					"end":	6.000032,
					"seconds":	0.99997097253799438,
					"bytes":	22274584,
					"bits_per_second":	178201844.74727774,
					"packets":	15383,
					"omitted":	false,
					"sender":	true
				}],
			"sum":	{
				"start":	5.000061,
				"end":	6.000032,
				"seconds":	0.99997097253799438,
				"bytes":	22274584,
				"bits_per_second":	178201844.74727774,
				"packets":	15383,
				"omitted":	false,
				"sender":	true
			}
		}, {
			"streams":	[{
					"socket":	5,
					"start":	6.000032,
					"end":	7.000267,
					"seconds":	1.0002349615097046,
					"bytes":	35562880,
					"bits_per_second":	284436208.4390505,
					"packets":	24560,
					"omitted":	false,
					"sender":	true
				}],
			"sum":	{
				"start":	6.000032,
				"end":	7.000267,
				"seconds":	1.0002349615097046,
				"bytes":	35562880,
				"bits_per_second":	284436208.4390505,
				"packets":	24560,
				"omitted":	false,
				"sender":	true
			}
		}, {
			"streams":	[{
					"socket":	5,
					"start":	7.000267,
					"end":	8.000004,
					"seconds":	0.999737024307251,
					"bytes":	62142368,
					"bits_per_second":	497269713.84748214,
					"packets":	42916,
					"omitted":	false,
					"sender":	true
				}],
			"sum":	{
				"start":	7.000267,
				"end":	8.000004,
				"seconds":	0.999737024307251,
				"bytes":	62142368,
				"bits_per_second":	497269713.84748214,
				"packets":	42916,
				"omitted":	false,
				"sender":	true
			}
		}, {
			"streams":	[{
					"socket":	5,
					"start":	8.000004,
					"end":	9.004391,
					"seconds":	1.0043870210647583,
					"bytes":	43380632,
					"bits_per_second":	345529212.06816763,
					"packets":	29959,
					"omitted":	false,
					"sender":	true
				}],
			"sum":	{
				"start":	8.000004,
				"end":	9.004391,
				"seconds":	1.0043870210647583,
				"bytes":	43380632,
				"bits_per_second":	345529212.06816763,
				"packets":	29959,
				"omitted":	false,
				"sender":	true
			}
		}, {
			"streams":	[{
					"socket":	5,
					"start":	9.004391,
					"end":	10.004372,
					"seconds":	0.99998098611831665,
					"bytes":	34029448,
					"bits_per_second":	272240760.35360676,
					"packets":	23501,
					"omitted":	false,
					"sender":	true
				}],
			"sum":	{
				"start":	9.004391,
				"end":	10.004372,
				"seconds":	0.99998098611831665,
				"bytes":	34029448,
				"bits_per_second":	272240760.35360676,
				"packets":	23501,
				"omitted":	false,
				"sender":	true
			}
		}],
	"end":	{
		"streams":	[{
				"udp":	{
					"socket":	5,
					"start":	0,
					"end":	10.004372,
					"seconds":	10.004372,
					"bytes":	339826776,
					"bits_per_second":	271742614.92875314,
					"jitter_ms":	0.00078366326069489111,
					"lost_packets":	5268,
					"packets":	234687,
					"lost_percent":	2.2446918661877309,
					"out_of_order":	0,
					"sender":	true
				}
			}],
		"sum":	{
			"start":	0,
			"end":	10.366121,
			"seconds":	10.366121,
			"bytes":	339826776,
			"bits_per_second":	271742614.92875314,
			"jitter_ms":	0.00078366326069489111,
			"lost_packets":	5268,
			"packets":	234687,
			"lost_percent":	2.2446918661877309,
			"sender":	true
		},
		"cpu_utilization_percent":	{
			"host_total":	25.735922089821905,
			"host_user":	3.7188404989819346,
			"host_system":	22.017072244788782,
			"remote_total":	14.700211438928367,
			"remote_user":	2.921169236230623,
			"remote_system":	11.779023904218439
		}
	}
}
