{
	"start":	{
		"connected":	[{
				"socket":	5,
				"local_host":	"10.0.4.13",
				"local_port":	60039,
				"remote_host":	"10.0.6.10",
				"remote_port":	5203
			}],
		"version":	"iperf 3.7",
		"system_info":	"Linux ubuntu 5.11.0-40-generic #44~20.04.2-Ubuntu SMP Tue Oct 26 18:07:44 UTC 2021 x86_64",
		"timestamp":	{
			"time":	"Sat, 20 Nov 2021 07:12:51 GMT",
			"timesecs":	1637392371
		},
		"connecting_to":	{
			"host":	"10.0.6.10",
			"port":	5203
		},
		"cookie":	"a7t7s6mam25xrax6mnberwvhrpygm4leu2pm",
		"sock_bufsize":	0,
		"sndbuf_actual":	212992,
		"rcvbuf_actual":	212992,
		"test_start":	{
			"protocol":	"UDP",
			"num_streams":	1,
			"blksize":	1448,
			"omit":	0,
			"duration":	10,
			"bytes":	0,
			"blocks":	0,
			"reverse":	0,
			"tos":	0
		}
	},
	"intervals":	[{
			"streams":	[{
					"socket":	5,
					"start":	0,
					"end":	1.000008,
					"seconds":	1.0000079870224,
					"bytes":	30225552,
					"bits_per_second":	241802484.71813822,
					"packets":	20874,
					"omitted":	false,
					"sender":	true
				}],
			"sum":	{
				"start":	0,
				"end":	1.000008,
				"seconds":	1.0000079870224,
				"bytes":	30225552,
				"bits_per_second":	241802484.71813822,
				"packets":	20874,
				"omitted":	false,
				"sender":	true
			}
		}, {
			"streams":	[{
					"socket":	5,
					"start":	1.000008,
					"end":	2.004349,
					"seconds":	1.0043410062789917,
					"bytes":	47452408,
					"bits_per_second":	377978457.14421338,
					"packets":	32771,
					"omitted":	false,
					"sender":	true
				}],
			"sum":	{
				"start":	1.000008,
				"end":	2.004349,
				"seconds":	1.0043410062789917,
				"bytes":	47452408,
				"bits_per_second":	377978457.14421338,
				"packets":	32771,
				"omitted":	false,
				"sender":	true
			}
		}, {
			"streams":	[{
					"socket":	5,
					"start":	2.004349,
					"end":	3.000094,
					"seconds":	0.99574500322341919,
					"bytes":	52484208,
					"bits_per_second":	421667859.38246012,
					"packets":	36246,
					"omitted":	false,
					"sender":	true
				}],
			"sum":	{
				"start":	2.004349,
				"end":	3.000094,
				"seconds":	0.99574500322341919,
				"bytes":	52484208,
				"bits_per_second":	421667859.38246012,
				"packets":	36246,
				"omitted":	false,
				"sender":	true
			}
		}, {
			"streams":	[{
					"socket":	5,
					"start":	3.000094,
					"end":	4.000041,
					"seconds":	0.99994701147079468,
					"bytes":	41527192,
					"bits_per_second":	332235140.65145344,
					"packets":	28679,
					"omitted":	false,
					"sender":	true
				}],
			"sum":	{
				"start":	3.000094,
				"end":	4.000041,
				"seconds":	0.99994701147079468,
				"bytes":	41527192,
				"bits_per_second":	332235140.65145344,
				"packets":	28679,
				"omitted":	false,
				"sender":	true
			}
		}, {
			"streams":	[{
					"socket":	5,
					"start":	4.000041,
					"end":	5.000182,
					"seconds":	1.0001410245895386,
					"bytes":	45856712,
					"bits_per_second":	366801967.90303451,
					"packets":	31669,
					"omitted":	false,
					"sender":	true
				}],
			"sum":	{
				"start":	4.000041,
				"end":	5.000182,
				"seconds":	1.0001410245895386,
				"bytes":	45856712,
				"bits_per_second":	366801967.90303451,
				"packets":	31669,
				"omitted":	false,
				"sender":	true
			}
		}, {
			"streams":	[{
					"socket":	5,
					"start":	5.000182,
					"end":	6.000013,
					"seconds":	0.99983102083206177,
					"bytes":	54686616,
					"bits_per_second":	437566867.68521881,
					"packets":	37767,
					"omitted":	false,
					"sender":	true
				}],
			"sum":	{
				"start":	5.000182,
				"end":	6.000013,
				"seconds":	0.99983102083206177,
				"bytes":	54686616,
				"bits_per_second":	437566867.68521881,
				"packets":	37767,
				"omitted":	false,
				"sender":	true
			}
		}, {
			"streams":	[{
					"socket":	5,
					"start":	6.000013,
					"end":	7.000009,
					"seconds":	0.9999960064888,
					"bytes":	62337848,
					"bits_per_second":	498704775.58310676,
					"packets":	43051,
					"omitted":	false,
					"sender":	true
				}],
			"sum":	{
				"start":	6.000013,
				"end":	7.000009,
				"seconds":	0.9999960064888,
				"bytes":	62337848,
				"bits_per_second":	498704775.58310676,
				"packets":	43051,
				"omitted":	false,
				"sender":	true
			}
		}, {
			"streams":	[{
					"socket":	5,
					"start":	7.000009,
					"end":	8.007888,
					"seconds":	1.0078790187835693,
					"bytes":	52300312,
					"bits_per_second":	415131665.80744869,
					"packets":	36119,
					"omitted":	false,
					"sender":	true
				}],
			"sum":	{
				"start":	7.000009,
				"end":	8.007888,
				"seconds":	1.0078790187835693,
				"bytes":	52300312,
				"bits_per_second":	415131665.80744869,
				"packets":	36119,
				"omitted":	false,
				"sender":	true
			}
		}, {
			"streams":	[{
					"socket":	5,
					"start":	8.007888,
					"end":	9.000035,
					"seconds":	0.99214702844619751,
					"bytes":	56825312,
					"bits_per_second":	458200733.32473058,
					"packets":	39244,
					"omitted":	false,
					"sender":	true
				}],
			"sum":	{
				"start":	8.007888,
				"end":	9.000035,
				"seconds":	0.99214702844619751,
				"bytes":	56825312,
				"bits_per_second":	458200733.32473058,
				"packets":	39244,
				"omitted":	false,
				"sender":	true
			}
		}, {
			"streams":	[{
					"socket":	5,
					"start":	9.000035,
					"end":	10.00007,
					"seconds":	1.0000350475311279,
					"bytes":	51818128,
					"bits_per_second":	414530495.72954744,
					"packets":	35786,
					"omitted":	false,
					"sender":	true
				}],
			"sum":	{
				"start":	9.000035,
				"end":	10.00007,
				"seconds":	1.0000350475311279,
				"bytes":	51818128,
				"bits_per_second":	414530495.72954744,
				"packets":	35786,
				"omitted":	false,
				"sender":	true
			}
		}],
	"end":	{
		"streams":	[{
				"udp":	{
					"socket":	5,
					"start":	0,
					"end":	10.00007,
					"seconds":	10.00007,
					"bytes":	495514288,
					"bits_per_second":	396408655.53941125,
					"jitter_ms":	0.0051563534702499724,
					"lost_packets":	6677,
					"packets":	342206,
					"lost_percent":	1.9511639188091383,
					"out_of_order":	0,
					"sender":	true
				}
			}],
		"sum":	{
			"start":	0,
			"end":	10.265726,
			"seconds":	10.265726,
			"bytes":	495514288,
			"bits_per_second":	396408655.53941125,
			"jitter_ms":	0.0051563534702499724,
			"lost_packets":	6677,
			"packets":	342206,
			"lost_percent":	1.9511639188091383,
			"sender":	true
		},
		"cpu_utilization_percent":	{
			"host_total":	25.3277394900329,
			"host_user":	2.2033305683635631,
			"host_system":	23.124408921669335,
			"remote_total":	12.209823071458208,
			"remote_user":	2.5924474694764581,
			"remote_system":	9.617366367185296
		}
	}
}
