{
	"start":	{
		"connected":	[{
				"socket":	5,
				"local_host":	"10.0.1.10",
				"local_port":	57680,
				"remote_host":	"10.0.6.10",
				"remote_port":	5200
			}],
		"version":	"iperf 3.7",
		"system_info":	"Linux ubunu2004 5.11.0-40-generic #44~20.04.2-Ubuntu SMP Tue Oct 26 18:07:44 UTC 2021 x86_64",
		"timestamp":	{
			"time":	"Fri, 19 Nov 2021 12:38:21 GMT",
			"timesecs":	1637325501
		},
		"connecting_to":	{
			"host":	"10.0.6.10",
			"port":	5200
		},
		"cookie":	"fcsjnccdelhnhb4wtya2v3l3av3ocpkqmfrj",
		"tcp_mss_default":	1448,
		"target_bitrate":	1000000000,
		"sock_bufsize":	0,
		"sndbuf_actual":	87380,
		"rcvbuf_actual":	87380,
		"test_start":	{
			"protocol":	"TCP",
			"num_streams":	1,
			"blksize":	131072,
			"omit":	0,
			"duration":	10,
			"bytes":	0,
			"blocks":	0,
			"reverse":	0,
			"tos":	0
		}
	},
	"intervals":	[{
			"streams":	[{
					"socket":	5,
					"start":	0,
					"end":	1.000478,
					"seconds":	1.0004780292510986,
					"bytes":	79640,
					"bits_per_second":	636815.58352352027,
					"retransmits":	0,
					"snd_cwnd":	17376,
					"rtt":	189185,
					"rttvar":	149297,
					"pmtu":	1500,
					"omitted":	false,
					"sender":	true
				}],
			"sum":	{
				"start":	0,
				"end":	1.000478,
				"seconds":	1.0004780292510986,
				"bytes":	79640,
				"bits_per_second":	636815.58352352027,
				"retransmits":	0,
				"omitted":	false,
				"sender":	true
			}
		}, {
			"streams":	[{
					"socket":	5,
					"start":	1.000478,
					"end":	2.000943,
					"seconds":	1.0004650354385376,
					"bytes":	131072,
					"bits_per_second":	1048088.601657502,
					"retransmits":	1,
					"snd_cwnd":	33304,
					"rtt":	231662,
					"rttvar":	196927,
					"pmtu":	1500,
					"omitted":	false,
					"sender":	true
				}],
			"sum":	{
				"start":	1.000478,
				"end":	2.000943,
				"seconds":	1.0004650354385376,
				"bytes":	131072,
				"bits_per_second":	1048088.601657502,
				"retransmits":	1,
				"omitted":	false,
				"sender":	true
			}
		}, {
			"streams":	[{
					"socket":	5,
					"start":	2.000943,
					"end":	3.000369,
					"seconds":	0.999426007270813,
					"bytes":	131072,
					"bits_per_second":	1049178.2206702861,
					"retransmits":	0,
					"snd_cwnd":	69504,
					"rtt":	368935,
					"rttvar":	366148,
					"pmtu":	1500,
					"omitted":	false,
					"sender":	true
				}],
			"sum":	{
				"start":	2.000943,
				"end":	3.000369,
				"seconds":	0.999426007270813,
				"bytes":	131072,
				"bits_per_second":	1049178.2206702861,
				"retransmits":	0,
				"omitted":	false,
				"sender":	true
			}
		}, {
			"streams":	[{
					"socket":	5,
					"start":	3.000369,
					"end":	4.000835,
					"seconds":	1.000465989112854,
					"bytes":	393216,
					"bits_per_second":	3144262.8077636305,
					"retransmits":	0,
					"snd_cwnd":	136112,
					"rtt":	528817,
					"rttvar":	483125,
					"pmtu":	1500,
					"omitted":	false,
					"sender":	true
				}],
			"sum":	{
				"start":	3.000369,
				"end":	4.000835,
				"seconds":	1.000465989112854,
				"bytes":	393216,
				"bits_per_second":	3144262.8077636305,
				"retransmits":	0,
				"omitted":	false,
				"sender":	true
			}
		}, {
			"streams":	[{
					"socket":	5,
					"start":	4.000835,
					"end":	5.000022,
					"seconds":	0.99918699264526367,
					"bytes":	524288,
					"bits_per_second":	4197716.7746108584,
					"retransmits":	0,
					"snd_cwnd":	275120,
					"rtt":	632764,
					"rttvar":	285756,
					"pmtu":	1500,
					"omitted":	false,
					"sender":	true
				}],
			"sum":	{
				"start":	4.000835,
				"end":	5.000022,
				"seconds":	0.99918699264526367,
				"bytes":	524288,
				"bits_per_second":	4197716.7746108584,
				"retransmits":	0,
				"omitted":	false,
				"sender":	true
			}
		}, {
			"streams":	[{
					"socket":	5,
					"start":	5.000022,
					"end":	6.00015,
					"seconds":	1.0001280307769775,
					"bytes":	1310720,
					"bits_per_second":	10484417.671859315,
					"retransmits":	0,
					"snd_cwnd":	506800,
					"rtt":	685388,
					"rttvar":	319565,
					"pmtu":	1500,
					"omitted":	false,
					"sender":	true
				}],
			"sum":	{
				"start":	5.000022,
				"end":	6.00015,
				"seconds":	1.0001280307769775,
				"bytes":	1310720,
				"bits_per_second":	10484417.671859315,
				"retransmits":	0,
				"omitted":	false,
				"sender":	true
			}
		}, {
			"streams":	[{
					"socket":	5,
					"start":	6.00015,
					"end":	7.000498,
					"seconds":	1.0003479719161987,
					"bytes":	0,
					"bits_per_second":	0,
					"retransmits":	0,
					"snd_cwnd":	506800,
					"rtt":	685388,
					"rttvar":	319565,
					"pmtu":	1500,
					"omitted":	false,
					"sender":	true
				}],
			"sum":	{
				"start":	6.00015,
				"end":	7.000498,
				"seconds":	1.0003479719161987,
				"bytes":	0,
				"bits_per_second":	0,
				"retransmits":	0,
				"omitted":	false,
				"sender":	true
			}
		}, {
			"streams":	[{
					"socket":	5,
					"start":	7.000498,
					"end":	8.000452,
					"seconds":	0.9999539852142334,
					"bytes":	0,
					"bits_per_second":	0,
					"retransmits":	0,
					"snd_cwnd":	506800,
					"rtt":	685388,
					"rttvar":	319565,
					"pmtu":	1500,
					"omitted":	false,
					"sender":	true
				}],
			"sum":	{
				"start":	7.000498,
				"end":	8.000452,
				"seconds":	0.9999539852142334,
				"bytes":	0,
				"bits_per_second":	0,
				"retransmits":	0,
				"omitted":	false,
				"sender":	true
			}
		}, {
			"streams":	[{
					"socket":	5,
					"start":	8.000452,
					"end":	9.000368,
					"seconds":	0.99991601705551147,
					"bytes":	0,
					"bits_per_second":	0,
					"retransmits":	0,
					"snd_cwnd":	506800,
					"rtt":	685388,
					"rttvar":	319565,
					"pmtu":	1500,
					"omitted":	false,
					"sender":	true
				}],
			"sum":	{
				"start":	8.000452,
				"end":	9.000368,
				"seconds":	0.99991601705551147,
				"bytes":	0,
				"bits_per_second":	0,
				"retransmits":	0,
				"omitted":	false,
				"sender":	true
			}
		}, {
			"streams":	[{
					"socket":	5,
					"start":	9.000368,
					"end":	10.000289,
					"seconds":	0.99992102384567261,
					"bytes":	0,
					"bits_per_second":	0,
					"retransmits":	1,
					"snd_cwnd":	1448,
					"rtt":	685388,
					"rttvar":	319565,
					"pmtu":	1500,
					"omitted":	false,
					"sender":	true
				}],
			"sum":	{
				"start":	9.000368,
				"end":	10.000289,
				"seconds":	0.99992102384567261,
				"bytes":	0,
				"bits_per_second":	0,
				"retransmits":	1,
				"omitted":	false,
				"sender":	true
			}
		}],
	"end":	{
		"streams":	[{
				"sender":	{
					"socket":	5,
					"start":	0,
					"end":	10.000289,
					"seconds":	10.000289,
					"bytes":	2570008,
					"bits_per_second":	2055946.9831321873,
					"retransmits":	2,
					"max_snd_cwnd":	506800,
					"max_rtt":	685388,
					"min_rtt":	189185,
					"mean_rtt":	537830,
					"sender":	true
				},
				"receiver":	{
					"socket":	5,
					"start":	0,
					"end":	10.302805,
					"seconds":	10.000289,
					"bytes":	1000568,
					"bits_per_second":	776928.61313011369,
					"sender":	true
				}
			}],
		"sum_sent":	{
			"start":	0,
			"end":	10.000289,
			"seconds":	10.000289,
			"bytes":	2570008,
			"bits_per_second":	2055946.9831321873,
			"retransmits":	2,
			"sender":	true
		},
		"sum_received":	{
			"start":	0,
			"end":	10.302805,
			"seconds":	10.302805,
			"bytes":	1000568,
			"bits_per_second":	776928.61313011369,
			"sender":	true
		},
		"cpu_utilization_percent":	{
			"host_total":	4.1054051897715107,
			"host_user":	0.73008408476117115,
			"host_system":	3.375311849263122,
			"remote_total":	0.051317443744283077,
			"remote_user":	0,
			"remote_system":	0.051308381861227409
		},
		"sender_tcp_congestion":	"cubic",
		"receiver_tcp_congestion":	"cubic"
	}
}
