{
	"start":	{
		"connected":	[{
				"socket":	5,
				"local_host":	"10.0.4.13",
				"local_port":	60196,
				"remote_host":	"10.0.6.10",
				"remote_port":	5203
			}],
		"version":	"iperf 3.7",
		"system_info":	"Linux ubunu2004 5.11.0-40-generic #44~20.04.2-Ubuntu SMP Tue Oct 26 18:07:44 UTC 2021 x86_64",
		"timestamp":	{
			"time":	"Fri, 19 Nov 2021 12:38:21 GMT",
			"timesecs":	1637325501
		},
		"connecting_to":	{
			"host":	"10.0.6.10",
			"port":	5203
		},
		"cookie":	"u4s4izcw7fwrqhyeotmbyw2yigjx6nibsy2m",
		"tcp_mss_default":	1448,
		"target_bitrate":	1000000000,
		"sock_bufsize":	0,
		"sndbuf_actual":	87380,
		"rcvbuf_actual":	87380,
		"test_start":	{
			"protocol":	"TCP",
			"num_streams":	1,
			"blksize":	131072,
			"omit":	0,
			"duration":	10,
			"bytes":	0,
			"blocks":	0,
			"reverse":	0,
			"tos":	0
		}
	},
	"intervals":	[{
			"streams":	[{
					"socket":	5,
					"start":	0,
					"end":	1.000017,
					"seconds":	1.0000170469284058,
					"bytes":	144800,
					"bits_per_second":	1158380.2531747576,
					"retransmits":	0,
					"snd_cwnd":	26064,
					"rtt":	288567,
					"rttvar":	218429,
					"pmtu":	1500,
					"omitted":	false,
					"sender":	true
				}],
			"sum":	{
				"start":	0,
				"end":	1.000017,
				"seconds":	1.0000170469284058,
				"bytes":	144800,
				"bits_per_second":	1158380.2531747576,
				"retransmits":	0,
				"omitted":	false,
				"sender":	true
			}
		}, {
			"streams":	[{
					"socket":	5,
					"start":	1.000017,
					"end":	2.000019,
					"seconds":	1.0000020265579224,
					"bytes":	217952,
					"bits_per_second":	1743612.4664683426,
					"retransmits":	0,
					"snd_cwnd":	75296,
					"rtt":	518090,
					"rttvar":	161023,
					"pmtu":	1500,
					"omitted":	false,
					"sender":	true
				}],
			"sum":	{
				"start":	1.000017,
				"end":	2.000019,
				"seconds":	1.0000020265579224,
				"bytes":	217952,
				"bits_per_second":	1743612.4664683426,
				"retransmits":	0,
				"omitted":	false,
				"sender":	true
			}
		}, {
			"streams":	[{
					"socket":	5,
					"start":	2.000019,
					"end":	3.000087,
					"seconds":	1.0000679492950439,
					"bytes":	524288,
					"bits_per_second":	4194019.0193642331,
					"retransmits":	0,
					"snd_cwnd":	170864,
					"rtt":	609936,
					"rttvar":	145215,
					"pmtu":	1500,
					"omitted":	false,
					"sender":	true
				}],
			"sum":	{
				"start":	2.000019,
				"end":	3.000087,
				"seconds":	1.0000679492950439,
				"bytes":	524288,
				"bits_per_second":	4194019.0193642331,
				"retransmits":	0,
				"omitted":	false,
				"sender":	true
			}
		}, {
			"streams":	[{
					"socket":	5,
					"start":	3.000087,
					"end":	4.00028,
					"seconds":	1.0001929998397827,
					"bytes":	917504,
					"bits_per_second":	7338615.6483556405,
					"retransmits":	0,
					"snd_cwnd":	383720,
					"rtt":	614764,
					"rttvar":	85200,
					"pmtu":	1500,
					"omitted":	false,
					"sender":	true
				}],
			"sum":	{
				"start":	3.000087,
				"end":	4.00028,
				"seconds":	1.0001929998397827,
				"bytes":	917504,
				"bits_per_second":	7338615.6483556405,
				"retransmits":	0,
				"omitted":	false,
				"sender":	true
			}
		}, {
			"streams":	[{
					"socket":	5,
					"start":	4.00028,
					"end":	5.001341,
					"seconds":	1.001060962677002,
					"bytes":	4063232,
					"bits_per_second":	32471405.051170897,
					"retransmits":	0,
					"snd_cwnd":	1239488,
					"rtt":	643568,
					"rttvar":	92945,
					"pmtu":	1500,
					"omitted":	false,
					"sender":	true
				}],
			"sum":	{
				"start":	4.00028,
				"end":	5.001341,
				"seconds":	1.001060962677002,
				"bytes":	4063232,
				"bits_per_second":	32471405.051170897,
				"retransmits":	0,
				"omitted":	false,
				"sender":	true
			}
		}, {
			"streams":	[{
					"socket":	5,
					"start":	5.001341,
					"end":	6.000104,
					"seconds":	0.99876302480697632,
					"bytes":	7733248,
					"bits_per_second":	61942605.466353133,
					"retransmits":	0,
					"snd_cwnd":	2803328,
					"rtt":	731170,
					"rttvar":	188185,
					"pmtu":	1500,
					"omitted":	false,
					"sender":	true
				}],
			"sum":	{
				"start":	5.001341,
				"end":	6.000104,
				"seconds":	0.99876302480697632,
				"bytes":	7733248,
				"bits_per_second":	61942605.466353133,
				"retransmits":	0,
				"omitted":	false,
				"sender":	true
			}
		}, {
			"streams":	[{
					"socket":	5,
					"start":	6.000104,
					"end":	7.00005,
					"seconds":	0.9999459981918335,
					"bytes":	2752512,
					"bits_per_second":	22021285.189218368,
					"retransmits":	0,
					"snd_cwnd":	5783312,
					"rtt":	666511,
					"rttvar":	135442,
					"pmtu":	1500,
					"omitted":	false,
					"sender":	true
				}],
			"sum":	{
				"start":	6.000104,
				"end":	7.00005,
				"seconds":	0.9999459981918335,
				"bytes":	2752512,
				"bits_per_second":	22021285.189218368,
				"retransmits":	0,
				"omitted":	false,
				"sender":	true
			}
		}, {
			"streams":	[{
					"socket":	5,
					"start":	7.00005,
					"end":	8.000443,
					"seconds":	1.0003930330276489,
					"bytes":	12845056,
					"bits_per_second":	102720075.61767966,
					"retransmits":	0,
					"snd_cwnd":	18353400,
					"rtt":	640674,
					"rttvar":	84322,
					"pmtu":	1500,
					"omitted":	false,
					"sender":	true
				}],
			"sum":	{
				"start":	7.00005,
				"end":	8.000443,
				"seconds":	1.0003930330276489,
				"bytes":	12845056,
				"bits_per_second":	102720075.61767966,
				"retransmits":	0,
				"omitted":	false,
				"sender":	true
			}
		}, {
			"streams":	[{
					"socket":	5,
					"start":	8.000443,
					"end":	9.000331,
					"seconds":	0.999888002872467,
					"bytes":	11272192,
					"bits_per_second":	90187636.756255686,
					"retransmits":	0,
					"snd_cwnd":	18353400,
					"rtt":	713166,
					"rttvar":	193405,
					"pmtu":	1500,
					"omitted":	false,
					"sender":	true
				}],
			"sum":	{
				"start":	8.000443,
				"end":	9.000331,
				"seconds":	0.999888002872467,
				"bytes":	11272192,
				"bits_per_second":	90187636.756255686,
				"retransmits":	0,
				"omitted":	false,
				"sender":	true
			}
		}, {
			"streams":	[{
					"socket":	5,
					"start":	9.000331,
					"end":	10.00027,
					"seconds":	0.99993902444839478,
					"bytes":	12189696,
					"bits_per_second":	97523514.550094172,
					"retransmits":	0,
					"snd_cwnd":	18353400,
					"rtt":	708800,
					"rttvar":	170128,
					"pmtu":	1500,
					"omitted":	false,
					"sender":	true
				}],
			"sum":	{
				"start":	9.000331,
				"end":	10.00027,
				"seconds":	0.99993902444839478,
				"bytes":	12189696,
				"bits_per_second":	97523514.550094172,
				"retransmits":	0,
				"omitted":	false,
				"sender":	true
			}
		}],
	"end":	{
		"streams":	[{
				"sender":	{
					"socket":	5,
					"start":	0,
					"end":	10.00027,
					"seconds":	10.00027,
					"bytes":	52660480,
					"bits_per_second":	42127246.56434276,
					"retransmits":	0,
					"max_snd_cwnd":	18353400,
					"max_rtt":	731170,
					"min_rtt":	288567,
					"mean_rtt":	613524,
					"sender":	true
				},
				"receiver":	{
					"socket":	5,
					"start":	0,
					"end":	10.239341,
					"seconds":	10.00027,
					"bytes":	46227400,
					"bits_per_second":	36117480.607394561,
					"sender":	true
				}
			}],
		"sum_sent":	{
			"start":	0,
			"end":	10.00027,
			"seconds":	10.00027,
			"bytes":	52660480,
			"bits_per_second":	42127246.56434276,
			"retransmits":	0,
			"sender":	true
		},
		"sum_received":	{
			"start":	0,
			"end":	10.239341,
			"seconds":	10.239341,
			"bytes":	46227400,
			"bits_per_second":	36117480.607394561,
			"sender":	true
		},
		"cpu_utilization_percent":	{
			"host_total":	3.8150565434607846,
			"host_user":	1.2013797837179339,
			"host_system":	2.6136767597428512,
			"remote_total":	0.39055509909915165,
			"remote_user":	0.1070487250827752,
			"remote_system":	0.28350637401637646
		},
		"sender_tcp_congestion":	"cubic",
		"receiver_tcp_congestion":	"cubic"
	}
}
