{
	"start":	{
		"connected":	[{
				"socket":	5,
				"local_host":	"10.0.3.12",
				"local_port":	58856,
				"remote_host":	"10.0.6.10",
				"remote_port":	5202
			}],
		"version":	"iperf 3.7",
		"system_info":	"Linux ubunu2004 5.11.0-40-generic #44~20.04.2-Ubuntu SMP Tue Oct 26 18:07:44 UTC 2021 x86_64",
		"timestamp":	{
			"time":	"Fri, 19 Nov 2021 12:38:21 GMT",
			"timesecs":	1637325501
		},
		"connecting_to":	{
			"host":	"10.0.6.10",
			"port":	5202
		},
		"cookie":	"hvweg26qpxott7k5j6aghfttwws2qryjb4xi",
		"tcp_mss_default":	1448,
		"target_bitrate":	1000000000,
		"sock_bufsize":	0,
		"sndbuf_actual":	87380,
		"rcvbuf_actual":	87380,
		"test_start":	{
			"protocol":	"TCP",
			"num_streams":	1,
			"blksize":	131072,
			"omit":	0,
			"duration":	10,
			"bytes":	0,
			"blocks":	0,
			"reverse":	0,
			"tos":	0
		}
	},
	"intervals":	[{
			"streams":	[{
					"socket":	5,
					"start":	0,
					"end":	1.000446,
					"seconds":	1.0004459619522095,
					"bytes":	79640,
					"bits_per_second":	636835.99537626479,
					"retransmits":	0,
					"snd_cwnd":	17376,
					"rtt":	245309,
					"rttvar":	185432,
					"pmtu":	1500,
					"omitted":	false,
					"sender":	true
				}],
			"sum":	{
				"start":	0,
				"end":	1.000446,
				"seconds":	1.0004459619522095,
				"bytes":	79640,
				"bits_per_second":	636835.99537626479,
				"retransmits":	0,
				"omitted":	false,
				"sender":	true
			}
		}, {
			"streams":	[{
					"socket":	5,
					"start":	1.000446,
					"end":	2.000943,
					"seconds":	1.0004969835281372,
					"bytes":	130320,
					"bits_per_second":	1042042.1222296268,
					"retransmits":	1,
					"snd_cwnd":	36200,
					"rtt":	312968,
					"rttvar":	221894,
					"pmtu":	1500,
					"omitted":	false,
					"sender":	true
				}],
			"sum":	{
				"start":	1.000446,
				"end":	2.000943,
				"seconds":	1.0004969835281372,
				"bytes":	130320,
				"bits_per_second":	1042042.1222296268,
				"retransmits":	1,
				"omitted":	false,
				"sender":	true
			}
		}, {
			"streams":	[{
					"socket":	5,
					"start":	2.000943,
					"end":	3.000365,
					"seconds":	0.999422013759613,
					"bytes":	131072,
					"bits_per_second":	1049182.412998369,
					"retransmits":	0,
					"snd_cwnd":	69504,
					"rtt":	426651,
					"rttvar":	331873,
					"pmtu":	1500,
					"omitted":	false,
					"sender":	true
				}],
			"sum":	{
				"start":	2.000943,
				"end":	3.000365,
				"seconds":	0.999422013759613,
				"bytes":	131072,
				"bits_per_second":	1049182.412998369,
				"retransmits":	0,
				"omitted":	false,
				"sender":	true
			}
		}, {
			"streams":	[{
					"socket":	5,
					"start":	3.000365,
					"end":	4.000618,
					"seconds":	1.0002529621124268,
					"bytes":	262144,
					"bits_per_second":	2096621.6341624625,
					"retransmits":	0,
					"snd_cwnd":	111496,
					"rtt":	507447,
					"rttvar":	309334,
					"pmtu":	1500,
					"omitted":	false,
					"sender":	true
				}],
			"sum":	{
				"start":	3.000365,
				"end":	4.000618,
				"seconds":	1.0002529621124268,
				"bytes":	262144,
				"bits_per_second":	2096621.6341624625,
				"retransmits":	0,
				"omitted":	false,
				"sender":	true
			}
		}, {
			"streams":	[{
					"socket":	5,
					"start":	4.000618,
					"end":	5.000288,
					"seconds":	0.99967002868652344,
					"bytes":	262144,
					"bits_per_second":	2097844.2284155195,
					"retransmits":	0,
					"snd_cwnd":	189688,
					"rtt":	635428,
					"rttvar":	395894,
					"pmtu":	1500,
					"omitted":	false,
					"sender":	true
				}],
			"sum":	{
				"start":	4.000618,
				"end":	5.000288,
				"seconds":	0.99967002868652344,
				"bytes":	262144,
				"bits_per_second":	2097844.2284155195,
				"retransmits":	0,
				"omitted":	false,
				"sender":	true
			}
		}, {
			"streams":	[{
					"socket":	5,
					"start":	5.000288,
					"end":	6.000766,
					"seconds":	1.0004780292510986,
					"bytes":	2359296,
					"bits_per_second":	18865349.810958154,
					"retransmits":	0,
					"snd_cwnd":	658840,
					"rtt":	739840,
					"rttvar":	305433,
					"pmtu":	1500,
					"omitted":	false,
					"sender":	true
				}],
			"sum":	{
				"start":	5.000288,
				"end":	6.000766,
				"seconds":	1.0004780292510986,
				"bytes":	2359296,
				"bits_per_second":	18865349.810958154,
				"retransmits":	0,
				"omitted":	false,
				"sender":	true
			}
		}, {
			"streams":	[{
					"socket":	5,
					"start":	6.000766,
					"end":	7.000611,
					"seconds":	0.999845027923584,
					"bytes":	2490368,
					"bits_per_second":	19926031.978550449,
					"retransmits":	0,
					"snd_cwnd":	1156952,
					"rtt":	798832,
					"rttvar":	347059,
					"pmtu":	1500,
					"omitted":	false,
					"sender":	true
				}],
			"sum":	{
				"start":	6.000766,
				"end":	7.000611,
				"seconds":	0.999845027923584,
				"bytes":	2490368,
				"bits_per_second":	19926031.978550449,
				"retransmits":	0,
				"omitted":	false,
				"sender":	true
			}
		}, {
			"streams":	[{
					"socket":	5,
					"start":	7.000611,
					"end":	8.000507,
					"seconds":	0.99989598989486694,
					"bytes":	8257536,
					"bits_per_second":	66067159.65222127,
					"retransmits":	0,
					"snd_cwnd":	3570768,
					"rtt":	665674,
					"rttvar":	132316,
					"pmtu":	1500,
					"omitted":	false,
					"sender":	true
				}],
			"sum":	{
				"start":	7.000611,
				"end":	8.000507,
				"seconds":	0.99989598989486694,
				"bytes":	8257536,
				"bits_per_second":	66067159.65222127,
				"retransmits":	0,
				"omitted":	false,
				"sender":	true
			}
		}, {
			"streams":	[{
					"socket":	5,
					"start":	8.000507,
					"end":	9.000451,
					"seconds":	0.99994397163391113,
					"bytes":	6553600,
					"bits_per_second":	52431737.664592549,
					"retransmits":	0,
					"snd_cwnd":	9866672,
					"rtt":	656383,
					"rttvar":	72464,
					"pmtu":	1500,
					"omitted":	false,
					"sender":	true
				}],
			"sum":	{
				"start":	8.000507,
				"end":	9.000451,
				"seconds":	0.99994397163391113,
				"bytes":	6553600,
				"bits_per_second":	52431737.664592549,
				"retransmits":	0,
				"omitted":	false,
				"sender":	true
			}
		}, {
			"streams":	[{
					"socket":	5,
					"start":	9.000451,
					"end":	10.000377,
					"seconds":	0.999925971031189,
					"bytes":	14548992,
					"bits_per_second":	116400553.01290858,
					"retransmits":	0,
					"snd_cwnd":	16808384,
					"rtt":	629714,
					"rttvar":	76110,
					"pmtu":	1500,
					"omitted":	false,
					"sender":	true
				}],
			"sum":	{
				"start":	9.000451,
				"end":	10.000377,
				"seconds":	0.999925971031189,
				"bytes":	14548992,
				"bits_per_second":	116400553.01290858,
				"retransmits":	0,
				"omitted":	false,
				"sender":	true
			}
		}],
	"end":	{
		"streams":	[{
				"sender":	{
					"socket":	5,
					"start":	0,
					"end":	10.000377,
					"seconds":	10.000377,
					"bytes":	35075112,
					"bits_per_second":	28059031.774502102,
					"retransmits":	1,
					"max_snd_cwnd":	16808384,
					"max_rtt":	798832,
					"min_rtt":	245309,
					"mean_rtt":	561824,
					"sender":	true
				},
				"receiver":	{
					"socket":	5,
					"start":	0,
					"end":	10.476192,
					"seconds":	10.000377,
					"bytes":	31586672,
					"bits_per_second":	24120727.836985044,
					"sender":	true
				}
			}],
		"sum_sent":	{
			"start":	0,
			"end":	10.000377,
			"seconds":	10.000377,
			"bytes":	35075112,
			"bits_per_second":	28059031.774502102,
			"retransmits":	1,
			"sender":	true
		},
		"sum_received":	{
			"start":	0,
			"end":	10.476192,
			"seconds":	10.476192,
			"bytes":	31586672,
			"bits_per_second":	24120727.836985044,
			"sender":	true
		},
		"cpu_utilization_percent":	{
			"host_total":	4.87262029512807,
			"host_user":	1.0621753347220009,
			"host_system":	3.8104449604060697,
			"remote_total":	0.33175040733313588,
			"remote_user":	0,
			"remote_system":	0.33174150582230022
		},
		"sender_tcp_congestion":	"cubic",
		"receiver_tcp_congestion":	"cubic"
	}
}
