{
	"start":	{
		"connected":	[{
				"socket":	5,
				"local_host":	"10.0.5.10",
				"local_port":	40941,
				"remote_host":	"10.0.6.10",
				"remote_port":	5204
			}],
		"version":	"iperf 3.7",
		"system_info":	"Linux ubunu2004 5.11.0-40-generic #44~20.04.2-Ubuntu SMP Tue Oct 26 18:07:44 UTC 2021 x86_64",
		"timestamp":	{
			"time":	"Fri, 19 Nov 2021 12:40:24 GMT",
			"timesecs":	1637325624
		},
		"connecting_to":	{
			"host":	"10.0.6.10",
			"port":	5204
		},
		"cookie":	"vhkwbhpnzzbawvgdf5yhxjw3wipb2drhk5ig",
		"sock_bufsize":	0,
		"sndbuf_actual":	212992,
		"rcvbuf_actual":	212992,
		"test_start":	{
			"protocol":	"UDP",
			"num_streams":	1,
			"blksize":	1448,
			"omit":	0,
			"duration":	10,
			"bytes":	0,
			"blocks":	0,
			"reverse":	0,
			"tos":	0
		}
	},
	"intervals":	[{
			"streams":	[{
					"socket":	5,
					"start":	0,
					"end":	1.000113,
					"seconds":	1.0001130104064941,
					"bytes":	82703968,
					"bits_per_second":	661556981.17663825,
					"packets":	57116,
					"omitted":	false,
					"sender":	true
				}],
			"sum":	{
				"start":	0,
				"end":	1.000113,
				"seconds":	1.0001130104064941,
				"bytes":	82703968,
				"bits_per_second":	661556981.17663825,
				"packets":	57116,
				"omitted":	false,
				"sender":	true
			}
		}, {
			"streams":	[{
					"socket":	5,
					"start":	1.000113,
					"end":	2.000003,
					"seconds":	0.9998900294303894,
					"bytes":	108248136,
					"bits_per_second":	866080331.34736681,
					"packets":	74757,
					"omitted":	false,
					"sender":	true
				}],
			"sum":	{
				"start":	1.000113,
				"end":	2.000003,
				"seconds":	0.9998900294303894,
				"bytes":	108248136,
				"bits_per_second":	866080331.34736681,
				"packets":	74757,
				"omitted":	false,
				"sender":	true
			}
		}, {
			"streams":	[{
					"socket":	5,
					"start":	2.000003,
					"end":	3.003898,
					"seconds":	1.0038950443267822,
					"bytes":	121782592,
					"bits_per_second":	970480670.76906908,
					"packets":	84104,
					"omitted":	false,
					"sender":	true
				}],
			"sum":	{
				"start":	2.000003,
				"end":	3.003898,
				"seconds":	1.0038950443267822,
				"bytes":	121782592,
				"bits_per_second":	970480670.76906908,
				"packets":	84104,
				"omitted":	false,
				"sender":	true
			}
		}, {
			"streams":	[{
					"socket":	5,
					"start":	3.003898,
					"end":	4.012197,
					"seconds":	1.0082989931106567,
					"bytes":	117125824,
					"bits_per_second":	929294384.30686533,
					"packets":	80888,
					"omitted":	false,
					"sender":	true
				}],
			"sum":	{
				"start":	3.003898,
				"end":	4.012197,
				"seconds":	1.0082989931106567,
				"bytes":	117125824,
				"bits_per_second":	929294384.30686533,
				"packets":	80888,
				"omitted":	false,
				"sender":	true
			}
		}, {
			"streams":	[{
					"socket":	5,
					"start":	4.012197,
					"end":	5.016217,
					"seconds":	1.0040199756622314,
					"bytes":	113039568,
					"bits_per_second":	900695768.92982721,
					"packets":	78066,
					"omitted":	false,
					"sender":	true
				}],
			"sum":	{
				"start":	4.012197,
				"end":	5.016217,
				"seconds":	1.0040199756622314,
				"bytes":	113039568,
				"bits_per_second":	900695768.92982721,
				"packets":	78066,
				"omitted":	false,
				"sender":	true
			}
		}, {
			"streams":	[{
					"socket":	5,
					"start":	5.016217,
					"end":	6.008548,
					"seconds":	0.99233102798461914,
					"bytes":	115102968,
					"bits_per_second":	927940090.58665907,
					"packets":	79491,
					"omitted":	false,
					"sender":	true
				}],
			"sum":	{
				"start":	5.016217,
				"end":	6.008548,
				"seconds":	0.99233102798461914,
				"bytes":	115102968,
				"bits_per_second":	927940090.58665907,
				"packets":	79491,
				"omitted":	false,
				"sender":	true
			}
		}, {
			"streams":	[{
					"socket":	5,
					"start":	6.008548,
					"end":	7.000003,
					"seconds":	0.99145501852035522,
					"bytes":	116613232,
					"bits_per_second":	940946224.05791652,
					"packets":	80534,
					"omitted":	false,
					"sender":	true
				}],
			"sum":	{
				"start":	6.008548,
				"end":	7.000003,
				"seconds":	0.99145501852035522,
				"bytes":	116613232,
				"bits_per_second":	940946224.05791652,
				"packets":	80534,
				"omitted":	false,
				"sender":	true
			}
		}, {
			"streams":	[{
					"socket":	5,
					"start":	7.000003,
					"end":	8.020087,
					"seconds":	1.020084023475647,
					"bytes":	115535920,
					"bits_per_second":	906089438.44719088,
					"packets":	79790,
					"omitted":	false,
					"sender":	true
				}],
			"sum":	{
				"start":	7.000003,
				"end":	8.020087,
				"seconds":	1.020084023475647,
				"bytes":	115535920,
				"bits_per_second":	906089438.44719088,
				"packets":	79790,
				"omitted":	false,
				"sender":	true
			}
		}, {
			"streams":	[{
					"socket":	5,
					"start":	8.020087,
					"end":	9.012234,
					"seconds":	0.99214702844619751,
					"bytes":	114213896,
					"bits_per_second":	920943309.61305606,
					"packets":	78877,
					"omitted":	false,
					"sender":	true
				}],
			"sum":	{
				"start":	8.020087,
				"end":	9.012234,
				"seconds":	0.99214702844619751,
				"bytes":	114213896,
				"bits_per_second":	920943309.61305606,
				"packets":	78877,
				"omitted":	false,
				"sender":	true
			}
		}, {
			"streams":	[{
					"socket":	5,
					"start":	9.012234,
					"end":	10.009122,
					"seconds":	0.99688798189163208,
					"bytes":	123314576,
					"bits_per_second":	989596249.4482559,
					"packets":	85162,
					"omitted":	false,
					"sender":	true
				}],
			"sum":	{
				"start":	9.012234,
				"end":	10.009122,
				"seconds":	0.99688798189163208,
				"bytes":	123314576,
				"bits_per_second":	989596249.4482559,
				"packets":	85162,
				"omitted":	false,
				"sender":	true
			}
		}],
	"end":	{
		"streams":	[{
				"udp":	{
					"socket":	5,
					"start":	0,
					"end":	10.009122,
					"seconds":	10.009122,
					"bytes":	1127680680,
					"bits_per_second":	901322357.74526477,
					"jitter_ms":	0.0025620487352748704,
					"lost_packets":	9587,
					"packets":	778785,
					"lost_percent":	1.2310201146657935,
					"out_of_order":	0,
					"sender":	true
				}
			}],
		"sum":	{
			"start":	0,
			"end":	10.342082,
			"seconds":	10.342082,
			"bytes":	1127680680,
			"bits_per_second":	901322357.74526477,
			"jitter_ms":	0.0025620487352748704,
			"lost_packets":	9587,
			"packets":	778785,
			"lost_percent":	1.2310201146657935,
			"sender":	true
		},
		"cpu_utilization_percent":	{
			"host_total":	26.095162336488663,
			"host_user":	1.984771314044963,
			"host_system":	24.110391022443704,
			"remote_total":	14.798884793922474,
			"remote_user":	0.17589596203215044,
			"remote_system":	14.622979661089383
		}
	}
}
