{
	"start":	{
		"connected":	[{
				"socket":	5,
				"local_host":	"10.0.3.12",
				"local_port":	48087,
				"remote_host":	"10.0.6.10",
				"remote_port":	5202
			}],
		"version":	"iperf 3.7",
		"system_info":	"Linux ubunu2004 5.11.0-40-generic #44~20.04.2-Ubuntu SMP Tue Oct 26 18:07:44 UTC 2021 x86_64",
		"timestamp":	{
			"time":	"Fri, 19 Nov 2021 12:40:24 GMT",
			"timesecs":	1637325624
		},
		"connecting_to":	{
			"host":	"10.0.6.10",
			"port":	5202
		},
		"cookie":	"lw3ptsmqhsxzyl2uqlo6bdbqv2m7xenqjkdo",
		"sock_bufsize":	0,
		"sndbuf_actual":	212992,
		"rcvbuf_actual":	212992,
		"test_start":	{
			"protocol":	"UDP",
			"num_streams":	1,
			"blksize":	1448,
			"omit":	0,
			"duration":	10,
			"bytes":	0,
			"blocks":	0,
			"reverse":	0,
			"tos":	0
		}
	},
	"intervals":	[{
			"streams":	[{
					"socket":	5,
					"start":	0,
					"end":	1.000004,
					"seconds":	1.0000040531158447,
					"bytes":	53793200,
					"bits_per_second":	430343855.76649952,
					"packets":	37150,
					"omitted":	false,
					"sender":	true
				}],
			"sum":	{
				"start":	0,
				"end":	1.000004,
				"seconds":	1.0000040531158447,
				"bytes":	53793200,
				"bits_per_second":	430343855.76649952,
				"packets":	37150,
				"omitted":	false,
				"sender":	true
			}
		}, {
			"streams":	[{
					"socket":	5,
					"start":	1.000004,
					"end":	2.000786,
					"seconds":	1.0007820129394531,
					"bytes":	96483136,
					"bits_per_second":	771261951.17447364,
					"packets":	66632,
					"omitted":	false,
					"sender":	true
				}],
			"sum":	{
				"start":	1.000004,
				"end":	2.000786,
				"seconds":	1.0007820129394531,
				"bytes":	96483136,
				"bits_per_second":	771261951.17447364,
				"packets":	66632,
				"omitted":	false,
				"sender":	true
			}
		}, {
			"streams":	[{
					"socket":	5,
					"start":	2.000786,
					"end":	3.004797,
					"seconds":	1.0040110349655151,
					"bytes":	98494408,
					"bits_per_second":	784807374.180966,
					"packets":	68021,
					"omitted":	false,
					"sender":	true
				}],
			"sum":	{
				"start":	2.000786,
				"end":	3.004797,
				"seconds":	1.0040110349655151,
				"bytes":	98494408,
				"bits_per_second":	784807374.180966,
				"packets":	68021,
				"omitted":	false,
				"sender":	true
			}
		}, {
			"streams":	[{
					"socket":	5,
					"start":	3.004797,
					"end":	4.000004,
					"seconds":	0.99520701169967651,
					"bytes":	87576488,
					"bits_per_second":	703986101.146385,
					"packets":	60481,
					"omitted":	false,
					"sender":	true
				}],
			"sum":	{
				"start":	3.004797,
				"end":	4.000004,
				"seconds":	0.99520701169967651,
				"bytes":	87576488,
				"bits_per_second":	703986101.146385,
				"packets":	60481,
				"omitted":	false,
				"sender":	true
			}
		}, {
			"streams":	[{
					"socket":	5,
					"start":	4.000004,
					"end":	5.000003,
					"seconds":	0.99999898672103882,
					"bytes":	96270280,
					"bits_per_second":	770163020.3899852,
					"packets":	66485,
					"omitted":	false,
					"sender":	true
				}],
			"sum":	{
				"start":	4.000004,
				"end":	5.000003,
				"seconds":	0.99999898672103882,
				"bytes":	96270280,
				"bits_per_second":	770163020.3899852,
				"packets":	66485,
				"omitted":	false,
				"sender":	true
			}
		}, {
			"streams":	[{
					"socket":	5,
					"start":	5.000003,
					"end":	6.004792,
					"seconds":	1.0047889947891235,
					"bytes":	95360936,
					"bits_per_second":	759251436.82540858,
					"packets":	65857,
					"omitted":	false,
					"sender":	true
				}],
			"sum":	{
				"start":	5.000003,
				"end":	6.004792,
				"seconds":	1.0047889947891235,
				"bytes":	95360936,
				"bits_per_second":	759251436.82540858,
				"packets":	65857,
				"omitted":	false,
				"sender":	true
			}
		}, {
			"streams":	[{
					"socket":	5,
					"start":	6.004792,
					"end":	7.000005,
					"seconds":	0.995212972164154,
					"bytes":	95194416,
					"bits_per_second":	765218450.02075219,
					"packets":	65742,
					"omitted":	false,
					"sender":	true
				}],
			"sum":	{
				"start":	6.004792,
				"end":	7.000005,
				"seconds":	0.995212972164154,
				"bytes":	95194416,
				"bits_per_second":	765218450.02075219,
				"packets":	65742,
				"omitted":	false,
				"sender":	true
			}
		}, {
			"streams":	[{
					"socket":	5,
					"start":	7.000005,
					"end":	8.000003,
					"seconds":	0.99999797344207764,
					"bytes":	90363888,
					"bits_per_second":	722912569.02419388,
					"packets":	62406,
					"omitted":	false,
					"sender":	true
				}],
			"sum":	{
				"start":	7.000005,
				"end":	8.000003,
				"seconds":	0.99999797344207764,
				"bytes":	90363888,
				"bits_per_second":	722912569.02419388,
				"packets":	62406,
				"omitted":	false,
				"sender":	true
			}
		}, {
			"streams":	[{
					"socket":	5,
					"start":	8.000003,
					"end":	9.000004,
					"seconds":	1.0000009536743164,
					"bytes":	99599232,
					"bits_per_second":	796793096.11888874,
					"packets":	68784,
					"omitted":	false,
					"sender":	true
				}],
			"sum":	{
				"start":	8.000003,
				"end":	9.000004,
				"seconds":	1.0000009536743164,
				"bytes":	99599232,
				"bits_per_second":	796793096.11888874,
				"packets":	68784,
				"omitted":	false,
				"sender":	true
			}
		}, {
			"streams":	[{
					"socket":	5,
					"start":	9.000004,
					"end":	10.000006,
					"seconds":	1.0000020265579224,
					"bytes":	194227480,
					"bits_per_second":	1553816691.1004748,
					"packets":	134135,
					"omitted":	false,
					"sender":	true
				}],
			"sum":	{
				"start":	9.000004,
				"end":	10.000006,
				"seconds":	1.0000020265579224,
				"bytes":	194227480,
				"bits_per_second":	1553816691.1004748,
				"packets":	134135,
				"omitted":	false,
				"sender":	true
			}
		}],
	"end":	{
		"streams":	[{
				"udp":	{
					"socket":	5,
					"start":	0,
					"end":	10.000006,
					"seconds":	10.000006,
					"bytes":	1007363464,
					"bits_per_second":	805890287.66582727,
					"jitter_ms":	0.0036946090815968471,
					"lost_packets":	5371,
					"packets":	695693,
					"lost_percent":	0.77203594114070428,
					"out_of_order":	0,
					"sender":	true
				}
			}],
		"sum":	{
			"start":	0,
			"end":	10.152292,
			"seconds":	10.152292,
			"bytes":	1007363464,
			"bits_per_second":	805890287.66582727,
			"jitter_ms":	0.0036946090815968471,
			"lost_packets":	5371,
			"packets":	695693,
			"lost_percent":	0.77203594114070428,
			"sender":	true
		},
		"cpu_utilization_percent":	{
			"host_total":	26.272594661571436,
			"host_user":	3.0557694576556305,
			"host_system":	23.216807080885442,
			"remote_total":	17.260213064629212,
			"remote_user":	3.8524707984121589,
			"remote_system":	13.407733387858295
		}
	}
}
