{
	"start":	{
		"connected":	[{
				"socket":	5,
				"local_host":	"10.0.5.10",
				"local_port":	42472,
				"remote_host":	"10.0.6.10",
				"remote_port":	5204
			}],
		"version":	"iperf 3.7",
		"system_info":	"Linux ubunu2004 5.11.0-40-generic #44~20.04.2-Ubuntu SMP Tue Oct 26 18:07:44 UTC 2021 x86_64",
		"timestamp":	{
			"time":	"Fri, 19 Nov 2021 12:38:42 GMT",
			"timesecs":	1637325522
		},
		"connecting_to":	{
			"host":	"10.0.6.10",
			"port":	5204
		},
		"cookie":	"32rfcy7jjhxgeeuffmsyh7qi6ga2goclac4h",
		"tcp_mss_default":	1448,
		"target_bitrate":	1000000000,
		"sock_bufsize":	0,
		"sndbuf_actual":	87380,
		"rcvbuf_actual":	87380,
		"test_start":	{
			"protocol":	"TCP",
			"num_streams":	1,
			"blksize":	131072,
			"omit":	0,
			"duration":	10,
			"bytes":	0,
			"blocks":	0,
			"reverse":	0,
			"tos":	0
		}
	},
	"intervals":	[{
			"streams":	[{
					"socket":	5,
					"start":	0,
					"end":	1.000492,
					"seconds":	1.0004919767379761,
					"bytes":	79640,
					"bits_per_second":	636806.70591410308,
					"retransmits":	0,
					"snd_cwnd":	17376,
					"rtt":	179452,
					"rttvar":	152913,
					"pmtu":	1500,
					"omitted":	false,
					"sender":	true
				}],
			"sum":	{
				"start":	0,
				"end":	1.000492,
				"seconds":	1.0004919767379761,
				"bytes":	79640,
				"bits_per_second":	636806.70591410308,
				"retransmits":	0,
				"omitted":	false,
				"sender":	true
			}
		}, {
			"streams":	[{
					"socket":	5,
					"start":	1.000492,
					"end":	2.000013,
					"seconds":	0.999521017074585,
					"bytes":	261392,
					"bits_per_second":	2092138.0984267567,
					"retransmits":	1,
					"snd_cwnd":	56472,
					"rtt":	296322,
					"rttvar":	245700,
					"pmtu":	1500,
					"omitted":	false,
					"sender":	true
				}],
			"sum":	{
				"start":	1.000492,
				"end":	2.000013,
				"seconds":	0.999521017074585,
				"bytes":	261392,
				"bits_per_second":	2092138.0984267567,
				"retransmits":	1,
				"omitted":	false,
				"sender":	true
			}
		}, {
			"streams":	[{
					"socket":	5,
					"start":	2.000013,
					"end":	3.000099,
					"seconds":	1.0000859498977661,
					"bytes":	262144,
					"bits_per_second":	2096971.7654911375,
					"retransmits":	0,
					"snd_cwnd":	111496,
					"rtt":	487694,
					"rttvar":	398621,
					"pmtu":	1500,
					"omitted":	false,
					"sender":	true
				}],
			"sum":	{
				"start":	2.000013,
				"end":	3.000099,
				"seconds":	1.0000859498977661,
				"bytes":	262144,
				"bits_per_second":	2096971.7654911375,
				"retransmits":	0,
				"omitted":	false,
				"sender":	true
			}
		}, {
			"streams":	[{
					"socket":	5,
					"start":	3.000099,
					"end":	4.000844,
					"seconds":	1.0007450580596924,
					"bytes":	0,
					"bits_per_second":	0,
					"retransmits":	0,
					"snd_cwnd":	118736,
					"rtt":	558249,
					"rttvar":	440075,
					"pmtu":	1500,
					"omitted":	false,
					"sender":	true
				}],
			"sum":	{
				"start":	3.000099,
				"end":	4.000844,
				"seconds":	1.0007450580596924,
				"bytes":	0,
				"bits_per_second":	0,
				"retransmits":	0,
				"omitted":	false,
				"sender":	true
			}
		}, {
			"streams":	[{
					"socket":	5,
					"start":	4.000844,
					"end":	5.000297,
					"seconds":	0.99945300817489624,
					"bytes":	524288,
					"bits_per_second":	4196599.50562281,
					"retransmits":	0,
					"snd_cwnd":	233128,
					"rtt":	662493,
					"rttvar":	360813,
					"pmtu":	1500,
					"omitted":	false,
					"sender":	true
				}],
			"sum":	{
				"start":	4.000844,
				"end":	5.000297,
				"seconds":	0.99945300817489624,
				"bytes":	524288,
				"bits_per_second":	4196599.50562281,
				"retransmits":	0,
				"omitted":	false,
				"sender":	true
			}
		}, {
			"streams":	[{
					"socket":	5,
					"start":	5.000297,
					"end":	6.000016,
					"seconds":	0.99971902370452881,
					"bytes":	2621440,
					"bits_per_second":	20977414.156118151,
					"retransmits":	0,
					"snd_cwnd":	794952,
					"rtt":	671462,
					"rttvar":	172461,
					"pmtu":	1500,
					"omitted":	false,
					"sender":	true
				}],
			"sum":	{
				"start":	5.000297,
				"end":	6.000016,
				"seconds":	0.99971902370452881,
				"bytes":	2621440,
				"bits_per_second":	20977414.156118151,
				"retransmits":	0,
				"omitted":	false,
				"sender":	true
			}
		}, {
			"streams":	[{
					"socket":	5,
					"start":	6.000016,
					"end":	7.000014,
					"seconds":	0.99999797344207764,
					"bytes":	4325376,
					"bits_per_second":	34603078.125142112,
					"retransmits":	0,
					"snd_cwnd":	1734704,
					"rtt":	687079,
					"rttvar":	117717,
					"pmtu":	1500,
					"omitted":	false,
					"sender":	true
				}],
			"sum":	{
				"start":	6.000016,
				"end":	7.000014,
				"seconds":	0.99999797344207764,
				"bytes":	4325376,
				"bits_per_second":	34603078.125142112,
				"retransmits":	0,
				"omitted":	false,
				"sender":	true
			}
		}, {
			"streams":	[{
					"socket":	5,
					"start":	7.000014,
					"end":	8.000666,
					"seconds":	1.0006519556045532,
					"bytes":	8257536,
					"bits_per_second":	66017247.685374342,
					"retransmits":	0,
					"snd_cwnd":	5764488,
					"rtt":	627575,
					"rttvar":	50030,
					"pmtu":	1500,
					"omitted":	false,
					"sender":	true
				}],
			"sum":	{
				"start":	7.000014,
				"end":	8.000666,
				"seconds":	1.0006519556045532,
				"bytes":	8257536,
				"bits_per_second":	66017247.685374342,
				"retransmits":	0,
				"omitted":	false,
				"sender":	true
			}
		}, {
			"streams":	[{
					"socket":	5,
					"start":	8.000666,
					"end":	9.000108,
					"seconds":	0.99944198131561279,
					"bytes":	10092544,
					"bits_per_second":	80785431.78035973,
					"retransmits":	0,
					"snd_cwnd":	15623920,
					"rtt":	634879,
					"rttvar":	88204,
					"pmtu":	1500,
					"omitted":	false,
					"sender":	true
				}],
			"sum":	{
				"start":	8.000666,
				"end":	9.000108,
				"seconds":	0.99944198131561279,
				"bytes":	10092544,
				"bits_per_second":	80785431.78035973,
				"retransmits":	0,
				"omitted":	false,
				"sender":	true
			}
		}, {
			"streams":	[{
					"socket":	5,
					"start":	9.000108,
					"end":	10.000551,
					"seconds":	1.0004429817199707,
					"bytes":	12713984,
					"bits_per_second":	101666835.45036821,
					"retransmits":	0,
					"snd_cwnd":	17221064,
					"rtt":	640355,
					"rttvar":	99575,
					"pmtu":	1500,
					"omitted":	false,
					"sender":	true
				}],
			"sum":	{
				"start":	9.000108,
				"end":	10.000551,
				"seconds":	1.0004429817199707,
				"bytes":	12713984,
				"bits_per_second":	101666835.45036821,
				"retransmits":	0,
				"omitted":	false,
				"sender":	true
			}
		}],
	"end":	{
		"streams":	[{
				"sender":	{
					"socket":	5,
					"start":	0,
					"end":	10.000551,
					"seconds":	10.000551,
					"bytes":	39138344,
					"bits_per_second":	31308950.076850768,
					"retransmits":	1,
					"max_snd_cwnd":	17221064,
					"max_rtt":	687079,
					"min_rtt":	179452,
					"mean_rtt":	544556,
					"sender":	true
				},
				"receiver":	{
					"socket":	5,
					"start":	0,
					"end":	10.399091,
					"seconds":	10.000551,
					"bytes":	36724176,
					"bits_per_second":	28251835.472927392,
					"sender":	true
				}
			}],
		"sum_sent":	{
			"start":	0,
			"end":	10.000551,
			"seconds":	10.000551,
			"bytes":	39138344,
			"bits_per_second":	31308950.076850768,
			"retransmits":	1,
			"sender":	true
		},
		"sum_received":	{
			"start":	0,
			"end":	10.399091,
			"seconds":	10.399091,
			"bytes":	36724176,
			"bits_per_second":	28251835.472927392,
			"sender":	true
		},
		"cpu_utilization_percent":	{
			"host_total":	4.5011579302350242,
			"host_user":	0.89259339310071,
			"host_system":	3.6085645371343142,
			"remote_total":	0.346746762647196,
			"remote_user":	0.052181820942501796,
			"remote_system":	0.29455595723139139
		},
		"sender_tcp_congestion":	"cubic",
		"receiver_tcp_congestion":	"cubic"
	}
}
