{
	"start":	{
		"connected":	[{
				"socket":	5,
				"local_host":	"10.0.3.12",
				"local_port":	58880,
				"remote_host":	"10.0.6.10",
				"remote_port":	5202
			}],
		"version":	"iperf 3.7",
		"system_info":	"Linux ubunu2004 5.11.0-40-generic #44~20.04.2-Ubuntu SMP Tue Oct 26 18:07:44 UTC 2021 x86_64",
		"timestamp":	{
			"time":	"Fri, 19 Nov 2021 12:38:42 GMT",
			"timesecs":	1637325522
		},
		"connecting_to":	{
			"host":	"10.0.6.10",
			"port":	5202
		},
		"cookie":	"vk327b4kbdhkqyd4p5teipsbm56mon7c2fyp",
		"tcp_mss_default":	1448,
		"target_bitrate":	1000000000,
		"sock_bufsize":	0,
		"sndbuf_actual":	87380,
		"rcvbuf_actual":	87380,
		"test_start":	{
			"protocol":	"TCP",
			"num_streams":	1,
			"blksize":	131072,
			"omit":	0,
			"duration":	10,
			"bytes":	0,
			"blocks":	0,
			"reverse":	0,
			"tos":	0
		}
	},
	"intervals":	[{
			"streams":	[{
					"socket":	5,
					"start":	0,
					"end":	1.00011,
					"seconds":	1.0001100301742554,
					"bytes":	79640,
					"bits_per_second":	637049.90528791177,
					"retransmits":	0,
					"snd_cwnd":	14480,
					"rtt":	539574,
					"rttvar":	222001,
					"pmtu":	1500,
					"omitted":	false,
					"sender":	true
				}],
			"sum":	{
				"start":	0,
				"end":	1.00011,
				"seconds":	1.0001100301742554,
				"bytes":	79640,
				"bits_per_second":	637049.90528791177,
				"retransmits":	0,
				"omitted":	false,
				"sender":	true
			}
		}, {
			"streams":	[{
					"socket":	5,
					"start":	1.00011,
					"end":	2.000923,
					"seconds":	1.0008130073547363,
					"bytes":	130320,
					"bits_per_second":	1041713.0796047563,
					"retransmits":	0,
					"snd_cwnd":	31856,
					"rtt":	603046,
					"rttvar":	256598,
					"pmtu":	1500,
					"omitted":	false,
					"sender":	true
				}],
			"sum":	{
				"start":	1.00011,
				"end":	2.000923,
				"seconds":	1.0008130073547363,
				"bytes":	130320,
				"bits_per_second":	1041713.0796047563,
				"retransmits":	0,
				"omitted":	false,
				"sender":	true
			}
		}, {
			"streams":	[{
					"socket":	5,
					"start":	2.000923,
					"end":	3.000034,
					"seconds":	0.999110996723175,
					"bytes":	131072,
					"bits_per_second":	1049509.0169551305,
					"retransmits":	0,
					"snd_cwnd":	65160,
					"rtt":	705049,
					"rttvar":	321420,
					"pmtu":	1500,
					"omitted":	false,
					"sender":	true
				}],
			"sum":	{
				"start":	2.000923,
				"end":	3.000034,
				"seconds":	0.999110996723175,
				"bytes":	131072,
				"bits_per_second":	1049509.0169551305,
				"retransmits":	0,
				"omitted":	false,
				"sender":	true
			}
		}, {
			"streams":	[{
					"socket":	5,
					"start":	3.000034,
					"end":	4.000025,
					"seconds":	0.99999099969863892,
					"bytes":	0,
					"bits_per_second":	0,
					"retransmits":	0,
					"snd_cwnd":	65160,
					"rtt":	705049,
					"rttvar":	321420,
					"pmtu":	1500,
					"omitted":	false,
					"sender":	true
				}],
			"sum":	{
				"start":	3.000034,
				"end":	4.000025,
				"seconds":	0.99999099969863892,
				"bytes":	0,
				"bits_per_second":	0,
				"retransmits":	0,
				"omitted":	false,
				"sender":	true
			}
		}, {
			"streams":	[{
					"socket":	5,
					"start":	4.000025,
					"end":	5.000398,
					"seconds":	1.0003730058670044,
					"bytes":	0,
					"bits_per_second":	0,
					"retransmits":	0,
					"snd_cwnd":	65160,
					"rtt":	705049,
					"rttvar":	321420,
					"pmtu":	1500,
					"omitted":	false,
					"sender":	true
				}],
			"sum":	{
				"start":	4.000025,
				"end":	5.000398,
				"seconds":	1.0003730058670044,
				"bytes":	0,
				"bits_per_second":	0,
				"retransmits":	0,
				"omitted":	false,
				"sender":	true
			}
		}, {
			"streams":	[{
					"socket":	5,
					"start":	5.000398,
					"end":	6.000441,
					"seconds":	1.0000430345535278,
					"bytes":	0,
					"bits_per_second":	0,
					"retransmits":	0,
					"snd_cwnd":	65160,
					"rtt":	705049,
					"rttvar":	321420,
					"pmtu":	1500,
					"omitted":	false,
					"sender":	true
				}],
			"sum":	{
				"start":	5.000398,
				"end":	6.000441,
				"seconds":	1.0000430345535278,
				"bytes":	0,
				"bits_per_second":	0,
				"retransmits":	0,
				"omitted":	false,
				"sender":	true
			}
		}, {
			"streams":	[{
					"socket":	5,
					"start":	6.000441,
					"end":	7.000143,
					"seconds":	0.999701976776123,
					"bytes":	0,
					"bits_per_second":	0,
					"retransmits":	1,
					"snd_cwnd":	1448,
					"rtt":	705049,
					"rttvar":	321420,
					"pmtu":	1500,
					"omitted":	false,
					"sender":	true
				}],
			"sum":	{
				"start":	6.000441,
				"end":	7.000143,
				"seconds":	0.999701976776123,
				"bytes":	0,
				"bits_per_second":	0,
				"retransmits":	1,
				"omitted":	false,
				"sender":	true
			}
		}, {
			"streams":	[{
					"socket":	5,
					"start":	7.000143,
					"end":	8.000612,
					"seconds":	1.0004689693450928,
					"bytes":	0,
					"bits_per_second":	0,
					"retransmits":	0,
					"snd_cwnd":	1448,
					"rtt":	705049,
					"rttvar":	321420,
					"pmtu":	1500,
					"omitted":	false,
					"sender":	true
				}],
			"sum":	{
				"start":	7.000143,
				"end":	8.000612,
				"seconds":	1.0004689693450928,
				"bytes":	0,
				"bits_per_second":	0,
				"retransmits":	0,
				"omitted":	false,
				"sender":	true
			}
		}, {
			"streams":	[{
					"socket":	5,
					"start":	8.000612,
					"end":	9.000036,
					"seconds":	0.99942398071289062,
					"bytes":	0,
					"bits_per_second":	0,
					"retransmits":	0,
					"snd_cwnd":	1448,
					"rtt":	705049,
					"rttvar":	321420,
					"pmtu":	1500,
					"omitted":	false,
					"sender":	true
				}],
			"sum":	{
				"start":	8.000612,
				"end":	9.000036,
				"seconds":	0.99942398071289062,
				"bytes":	0,
				"bits_per_second":	0,
				"retransmits":	0,
				"omitted":	false,
				"sender":	true
			}
		}, {
			"streams":	[{
					"socket":	5,
					"start":	9.000036,
					"end":	10.000541,
					"seconds":	1.0005049705505371,
					"bytes":	0,
					"bits_per_second":	0,
					"retransmits":	0,
					"snd_cwnd":	1448,
					"rtt":	705049,
					"rttvar":	321420,
					"pmtu":	1500,
					"omitted":	false,
					"sender":	true
				}],
			"sum":	{
				"start":	9.000036,
				"end":	10.000541,
				"seconds":	1.0005049705505371,
				"bytes":	0,
				"bits_per_second":	0,
				"retransmits":	0,
				"omitted":	false,
				"sender":	true
			}
		}],
	"end":	{
		"streams":	[{
				"sender":	{
					"socket":	5,
					"start":	0,
					"end":	10.000541,
					"seconds":	10.000541,
					"bytes":	341032,
					"bits_per_second":	272810.8409335055,
					"retransmits":	1,
					"max_snd_cwnd":	65160,
					"max_rtt":	705049,
					"min_rtt":	539574,
					"mean_rtt":	678301,
					"sender":	true
				},
				"receiver":	{
					"socket":	5,
					"start":	0,
					"end":	10.530998,
					"seconds":	10.000541,
					"bytes":	117288,
					"bits_per_second":	89099.247763602267,
					"sender":	true
				}
			}],
		"sum_sent":	{
			"start":	0,
			"end":	10.000541,
			"seconds":	10.000541,
			"bytes":	341032,
			"bits_per_second":	272810.8409335055,
			"retransmits":	1,
			"sender":	true
		},
		"sum_received":	{
			"start":	0,
			"end":	10.530998,
			"seconds":	10.530998,
			"bytes":	117288,
			"bits_per_second":	89099.247763602267,
			"sender":	true
		},
		"cpu_utilization_percent":	{
			"host_total":	7.924412642342002,
			"host_user":	1.8711742912208169,
			"host_system":	6.0532383511211849,
			"remote_total":	0.011035267810219134,
			"remote_user":	0.011027323052976356,
			"remote_system":	0
		},
		"sender_tcp_congestion":	"cubic",
		"receiver_tcp_congestion":	"cubic"
	}
}
