{
	"start":	{
		"connected":	[{
				"socket":	5,
				"local_host":	"10.0.2.11",
				"local_port":	41390,
				"remote_host":	"10.0.6.10",
				"remote_port":	5201
			}],
		"version":	"iperf 3.7",
		"system_info":	"Linux ubunu2004 5.11.0-40-generic #44~20.04.2-Ubuntu SMP Tue Oct 26 18:07:44 UTC 2021 x86_64",
		"timestamp":	{
			"time":	"Fri, 19 Nov 2021 12:38:42 GMT",
			"timesecs":	1637325522
		},
		"connecting_to":	{
			"host":	"10.0.6.10",
			"port":	5201
		},
		"cookie":	"smosavj3qqerys75eby73dojupw3jey2xffg",
		"tcp_mss_default":	1448,
		"target_bitrate":	1000000000,
		"sock_bufsize":	0,
		"sndbuf_actual":	87380,
		"rcvbuf_actual":	87380,
		"test_start":	{
			"protocol":	"TCP",
			"num_streams":	1,
			"blksize":	131072,
			"omit":	0,
			"duration":	10,
			"bytes":	0,
			"blocks":	0,
			"reverse":	0,
			"tos":	0
		}
	},
	"intervals":	[{
			"streams":	[{
					"socket":	5,
					"start":	0,
					"end":	1.000605,
					"seconds":	1.0006049871444702,
					"bytes":	79640,
					"bits_per_second":	636734.78364145989,
					"retransmits":	0,
					"snd_cwnd":	17376,
					"rtt":	174679,
					"rttvar":	146281,
					"pmtu":	1500,
					"omitted":	false,
					"sender":	true
				}],
			"sum":	{
				"start":	0,
				"end":	1.000605,
				"seconds":	1.0006049871444702,
				"bytes":	79640,
				"bits_per_second":	636734.78364145989,
				"retransmits":	0,
				"omitted":	false,
				"sender":	true
			}
		}, {
			"streams":	[{
					"socket":	5,
					"start":	1.000605,
					"end":	2.000187,
					"seconds":	0.99958199262619019,
					"bytes":	131072,
					"bits_per_second":	1049014.4957944755,
					"retransmits":	1,
					"snd_cwnd":	36200,
					"rtt":	252468,
					"rttvar":	218716,
					"pmtu":	1500,
					"omitted":	false,
					"sender":	true
				}],
			"sum":	{
				"start":	1.000605,
				"end":	2.000187,
				"seconds":	0.99958199262619019,
				"bytes":	131072,
				"bits_per_second":	1049014.4957944755,
				"retransmits":	1,
				"omitted":	false,
				"sender":	true
			}
		}, {
			"streams":	[{
					"socket":	5,
					"start":	2.000187,
					"end":	3.000364,
					"seconds":	1.0001770257949829,
					"bytes":	393216,
					"bits_per_second":	3145171.2235637913,
					"retransmits":	0,
					"snd_cwnd":	115840,
					"rtt":	463728,
					"rttvar":	383489,
					"pmtu":	1500,
					"omitted":	false,
					"sender":	true
				}],
			"sum":	{
				"start":	2.000187,
				"end":	3.000364,
				"seconds":	1.0001770257949829,
				"bytes":	393216,
				"bits_per_second":	3145171.2235637913,
				"retransmits":	0,
				"omitted":	false,
				"sender":	true
			}
		}, {
			"streams":	[{
					"socket":	5,
					"start":	3.000364,
					"end":	4.000819,
					"seconds":	1.0004550218582153,
					"bytes":	786432,
					"bits_per_second":	6288594.5520213768,
					"retransmits":	0,
					"snd_cwnd":	263536,
					"rtt":	595415,
					"rttvar":	365509,
					"pmtu":	1500,
					"omitted":	false,
					"sender":	true
				}],
			"sum":	{
				"start":	3.000364,
				"end":	4.000819,
				"seconds":	1.0004550218582153,
				"bytes":	786432,
				"bits_per_second":	6288594.5520213768,
				"retransmits":	0,
				"omitted":	false,
				"sender":	true
			}
		}, {
			"streams":	[{
					"socket":	5,
					"start":	4.000819,
					"end":	5.000236,
					"seconds":	0.9994170069694519,
					"bytes":	1179648,
					"bits_per_second":	9442689.0218893941,
					"retransmits":	0,
					"snd_cwnd":	529968,
					"rtt":	660835,
					"rttvar":	264281,
					"pmtu":	1500,
					"omitted":	false,
					"sender":	true
				}],
			"sum":	{
				"start":	4.000819,
				"end":	5.000236,
				"seconds":	0.9994170069694519,
				"bytes":	1179648,
				"bits_per_second":	9442689.0218893941,
				"retransmits":	0,
				"omitted":	false,
				"sender":	true
			}
		}, {
			"streams":	[{
					"socket":	5,
					"start":	5.000236,
					"end":	6.000028,
					"seconds":	0.99979197978973389,
					"bytes":	3014656,
					"bits_per_second":	24122265.918828528,
					"retransmits":	0,
					"snd_cwnd":	1217768,
					"rtt":	699514,
					"rttvar":	136803,
					"pmtu":	1500,
					"omitted":	false,
					"sender":	true
				}],
			"sum":	{
				"start":	5.000236,
				"end":	6.000028,
				"seconds":	0.99979197978973389,
				"bytes":	3014656,
				"bits_per_second":	24122265.918828528,
				"retransmits":	0,
				"omitted":	false,
				"sender":	true
			}
		}, {
			"streams":	[{
					"socket":	5,
					"start":	6.000028,
					"end":	7.000137,
					"seconds":	1.0001089572906494,
					"bytes":	7864320,
					"bits_per_second":	62907705.746820852,
					"retransmits":	0,
					"snd_cwnd":	2923512,
					"rtt":	688003,
					"rttvar":	102180,
					"pmtu":	1500,
					"omitted":	false,
					"sender":	true
				}],
			"sum":	{
				"start":	6.000028,
				"end":	7.000137,
				"seconds":	1.0001089572906494,
				"bytes":	7864320,
				"bits_per_second":	62907705.746820852,
				"retransmits":	0,
				"omitted":	false,
				"sender":	true
			}
		}, {
			"streams":	[{
					"socket":	5,
					"start":	7.000137,
					"end":	8.000651,
					"seconds":	1.000514030456543,
					"bytes":	5505024,
					"bits_per_second":	44017565.630642973,
					"retransmits":	0,
					"snd_cwnd":	8249256,
					"rtt":	677610,
					"rttvar":	94198,
					"pmtu":	1500,
					"omitted":	false,
					"sender":	true
				}],
			"sum":	{
				"start":	7.000137,
				"end":	8.000651,
				"seconds":	1.000514030456543,
				"bytes":	5505024,
				"bits_per_second":	44017565.630642973,
				"retransmits":	0,
				"omitted":	false,
				"sender":	true
			}
		}, {
			"streams":	[{
					"socket":	5,
					"start":	8.000651,
					"end":	9.000071,
					"seconds":	0.99941998720169067,
					"bytes":	14024704,
					"bits_per_second":	112262745.82935438,
					"retransmits":	0,
					"snd_cwnd":	18120272,
					"rtt":	649652,
					"rttvar":	111235,
					"pmtu":	1500,
					"omitted":	false,
					"sender":	true
				}],
			"sum":	{
				"start":	8.000651,
				"end":	9.000071,
				"seconds":	0.99941998720169067,
				"bytes":	14024704,
				"bits_per_second":	112262745.82935438,
				"retransmits":	0,
				"omitted":	false,
				"sender":	true
			}
		}, {
			"streams":	[{
					"socket":	5,
					"start":	9.000071,
					"end":	10.000525,
					"seconds":	1.0004539489746094,
					"bytes":	14024704,
					"bits_per_second":	112146723.1100384,
					"retransmits":	0,
					"snd_cwnd":	18120272,
					"rtt":	689012,
					"rttvar":	169914,
					"pmtu":	1500,
					"omitted":	false,
					"sender":	true
				}],
			"sum":	{
				"start":	9.000071,
				"end":	10.000525,
				"seconds":	1.0004539489746094,
				"bytes":	14024704,
				"bits_per_second":	112146723.1100384,
				"retransmits":	0,
				"omitted":	false,
				"sender":	true
			}
		}],
	"end":	{
		"streams":	[{
				"sender":	{
					"socket":	5,
					"start":	0,
					"end":	10.000525,
					"seconds":	10.000525,
					"bytes":	47003416,
					"bits_per_second":	37600758.760165095,
					"retransmits":	1,
					"max_snd_cwnd":	18120272,
					"max_rtt":	699514,
					"min_rtt":	174679,
					"mean_rtt":	555091,
					"sender":	true
				},
				"receiver":	{
					"socket":	5,
					"start":	0,
					"end":	10.3461,
					"seconds":	10.000525,
					"bytes":	44437672,
					"bits_per_second":	34360906.621818848,
					"sender":	true
				}
			}],
		"sum_sent":	{
			"start":	0,
			"end":	10.000525,
			"seconds":	10.000525,
			"bytes":	47003416,
			"bits_per_second":	37600758.760165095,
			"retransmits":	1,
			"sender":	true
		},
		"sum_received":	{
			"start":	0,
			"end":	10.3461,
			"seconds":	10.3461,
			"bytes":	44437672,
			"bits_per_second":	34360906.621818848,
			"sender":	true
		},
		"cpu_utilization_percent":	{
			"host_total":	3.402806116004494,
			"host_user":	0.70875736181799176,
			"host_system":	2.6940487541865026,
			"remote_total":	0.34324921100618278,
			"remote_user":	0.075263496716599487,
			"remote_system":	0.26797668664214219
		},
		"sender_tcp_congestion":	"cubic",
		"receiver_tcp_congestion":	"cubic"
	}
}
