{
	"start":	{
		"connected":	[{
				"socket":	5,
				"local_host":	"10.0.4.13",
				"local_port":	60222,
				"remote_host":	"10.0.6.10",
				"remote_port":	5203
			}],
		"version":	"iperf 3.7",
		"system_info":	"Linux ubunu2004 5.11.0-40-generic #44~20.04.2-Ubuntu SMP Tue Oct 26 18:07:44 UTC 2021 x86_64",
		"timestamp":	{
			"time":	"Fri, 19 Nov 2021 12:38:42 GMT",
			"timesecs":	1637325522
		},
		"connecting_to":	{
			"host":	"10.0.6.10",
			"port":	5203
		},
		"cookie":	"ldsgypfxjlibmovoiqagxhluswqxxl45lomc",
		"tcp_mss_default":	1448,
		"target_bitrate":	1000000000,
		"sock_bufsize":	0,
		"sndbuf_actual":	87380,
		"rcvbuf_actual":	87380,
		"test_start":	{
			"protocol":	"TCP",
			"num_streams":	1,
			"blksize":	131072,
			"omit":	0,
			"duration":	10,
			"bytes":	0,
			"blocks":	0,
			"reverse":	0,
			"tos":	0
		}
	},
	"intervals":	[{
			"streams":	[{
					"socket":	5,
					"start":	0,
					"end":	1.000483,
					"seconds":	1.0004830360412598,
					"bytes":	79640,
					"bits_per_second":	636812.39666089183,
					"retransmits":	0,
					"snd_cwnd":	17376,
					"rtt":	190902,
					"rttvar":	169398,
					"pmtu":	1500,
					"omitted":	false,
					"sender":	true
				}],
			"sum":	{
				"start":	0,
				"end":	1.000483,
				"seconds":	1.0004830360412598,
				"bytes":	79640,
				"bits_per_second":	636812.39666089183,
				"retransmits":	0,
				"omitted":	false,
				"sender":	true
			}
		}, {
			"streams":	[{
					"socket":	5,
					"start":	1.000483,
					"end":	2.000091,
					"seconds":	0.99960798025131226,
					"bytes":	130320,
					"bits_per_second":	1042968.8643921082,
					"retransmits":	1,
					"snd_cwnd":	36200,
					"rtt":	265004,
					"rttvar":	225296,
					"pmtu":	1500,
					"omitted":	false,
					"sender":	true
				}],
			"sum":	{
				"start":	1.000483,
				"end":	2.000091,
				"seconds":	0.99960798025131226,
				"bytes":	130320,
				"bits_per_second":	1042968.8643921082,
				"retransmits":	1,
				"omitted":	false,
				"sender":	true
			}
		}, {
			"streams":	[{
					"socket":	5,
					"start":	2.000091,
					"end":	3.000197,
					"seconds":	1.0001059770584106,
					"bytes":	131072,
					"bits_per_second":	1048464.8867754526,
					"retransmits":	0,
					"snd_cwnd":	75296,
					"rtt":	449299,
					"rttvar":	446132,
					"pmtu":	1500,
					"omitted":	false,
					"sender":	true
				}],
			"sum":	{
				"start":	2.000091,
				"end":	3.000197,
				"seconds":	1.0001059770584106,
				"bytes":	131072,
				"bits_per_second":	1048464.8867754526,
				"retransmits":	0,
				"omitted":	false,
				"sender":	true
			}
		}, {
			"streams":	[{
					"socket":	5,
					"start":	3.000197,
					"end":	4.000053,
					"seconds":	0.99985599517822266,
					"bytes":	262144,
					"bits_per_second":	2097454.04349572,
					"retransmits":	0,
					"snd_cwnd":	111496,
					"rtt":	524778,
					"rttvar":	485557,
					"pmtu":	1500,
					"omitted":	false,
					"sender":	true
				}],
			"sum":	{
				"start":	3.000197,
				"end":	4.000053,
				"seconds":	0.99985599517822266,
				"bytes":	262144,
				"bits_per_second":	2097454.04349572,
				"retransmits":	0,
				"omitted":	false,
				"sender":	true
			}
		}, {
			"streams":	[{
					"socket":	5,
					"start":	4.000053,
					"end":	5.000269,
					"seconds":	1.000216007232666,
					"bytes":	0,
					"bits_per_second":	0,
					"retransmits":	0,
					"snd_cwnd":	111496,
					"rtt":	524778,
					"rttvar":	485557,
					"pmtu":	1500,
					"omitted":	false,
					"sender":	true
				}],
			"sum":	{
				"start":	4.000053,
				"end":	5.000269,
				"seconds":	1.000216007232666,
				"bytes":	0,
				"bits_per_second":	0,
				"retransmits":	0,
				"omitted":	false,
				"sender":	true
			}
		}, {
			"streams":	[{
					"socket":	5,
					"start":	5.000269,
					"end":	6.00076,
					"seconds":	1.0004910230636597,
					"bytes":	0,
					"bits_per_second":	0,
					"retransmits":	0,
					"snd_cwnd":	111496,
					"rtt":	524778,
					"rttvar":	485557,
					"pmtu":	1500,
					"omitted":	false,
					"sender":	true
				}],
			"sum":	{
				"start":	5.000269,
				"end":	6.00076,
				"seconds":	1.0004910230636597,
				"bytes":	0,
				"bits_per_second":	0,
				"retransmits":	0,
				"omitted":	false,
				"sender":	true
			}
		}, {
			"streams":	[{
					"socket":	5,
					"start":	6.00076,
					"end":	7.00018,
					"seconds":	0.99941998720169067,
					"bytes":	0,
					"bits_per_second":	0,
					"retransmits":	0,
					"snd_cwnd":	111496,
					"rtt":	524778,
					"rttvar":	485557,
					"pmtu":	1500,
					"omitted":	false,
					"sender":	true
				}],
			"sum":	{
				"start":	6.00076,
				"end":	7.00018,
				"seconds":	0.99941998720169067,
				"bytes":	0,
				"bits_per_second":	0,
				"retransmits":	0,
				"omitted":	false,
				"sender":	true
			}
		}, {
			"streams":	[{
					"socket":	5,
					"start":	7.00018,
					"end":	8.000648,
					"seconds":	1.0004680156707764,
					"bytes":	0,
					"bits_per_second":	0,
					"retransmits":	1,
					"snd_cwnd":	1448,
					"rtt":	524778,
					"rttvar":	485557,
					"pmtu":	1500,
					"omitted":	false,
					"sender":	true
				}],
			"sum":	{
				"start":	7.00018,
				"end":	8.000648,
				"seconds":	1.0004680156707764,
				"bytes":	0,
				"bits_per_second":	0,
				"retransmits":	1,
				"omitted":	false,
				"sender":	true
			}
		}, {
			"streams":	[{
					"socket":	5,
					"start":	8.000648,
					"end":	9.000343,
					"seconds":	0.99969500303268433,
					"bytes":	0,
					"bits_per_second":	0,
					"retransmits":	0,
					"snd_cwnd":	1448,
					"rtt":	524778,
					"rttvar":	485557,
					"pmtu":	1500,
					"omitted":	false,
					"sender":	true
				}],
			"sum":	{
				"start":	8.000648,
				"end":	9.000343,
				"seconds":	0.99969500303268433,
				"bytes":	0,
				"bits_per_second":	0,
				"retransmits":	0,
				"omitted":	false,
				"sender":	true
			}
		}, {
			"streams":	[{
					"socket":	5,
					"start":	9.000343,
					"end":	10.000525,
					"seconds":	1.000182032585144,
					"bytes":	0,
					"bits_per_second":	0,
					"retransmits":	0,
					"snd_cwnd":	1448,
					"rtt":	524778,
					"rttvar":	485557,
					"pmtu":	1500,
					"omitted":	false,
					"sender":	true
				}],
			"sum":	{
				"start":	9.000343,
				"end":	10.000525,
				"seconds":	1.000182032585144,
				"bytes":	0,
				"bits_per_second":	0,
				"retransmits":	0,
				"omitted":	false,
				"sender":	true
			}
		}],
	"end":	{
		"streams":	[{
				"sender":	{
					"socket":	5,
					"start":	0,
					"end":	10.000525,
					"seconds":	10.000525,
					"bytes":	603176,
					"bits_per_second":	482515.46793793328,
					"retransmits":	2,
					"max_snd_cwnd":	111496,
					"max_rtt":	524778,
					"min_rtt":	190902,
					"mean_rtt":	457865,
					"sender":	true
				},
				"receiver":	{
					"socket":	5,
					"start":	0,
					"end":	10.453021,
					"seconds":	10.000525,
					"bytes":	209960,
					"bits_per_second":	160688.47465244736,
					"sender":	true
				}
			}],
		"sum_sent":	{
			"start":	0,
			"end":	10.000525,
			"seconds":	10.000525,
			"bytes":	603176,
			"bits_per_second":	482515.46793793328,
			"retransmits":	2,
			"sender":	true
		},
		"sum_received":	{
			"start":	0,
			"end":	10.453021,
			"seconds":	10.453021,
			"bytes":	209960,
			"bits_per_second":	160688.47465244736,
			"sender":	true
		},
		"cpu_utilization_percent":	{
			"host_total":	3.7920898818146878,
			"host_user":	0.98412298502121887,
			"host_system":	2.8079668967934692,
			"remote_total":	0.017067032670627636,
			"remote_user":	0.005417821790675929,
			"remote_system":	0.011649210879951709
		},
		"sender_tcp_congestion":	"cubic",
		"receiver_tcp_congestion":	"cubic"
	}
}
