{
	"start":	{
		"connected":	[{
				"socket":	5,
				"local_host":	"10.0.1.10",
				"local_port":	57702,
				"remote_host":	"10.0.6.10",
				"remote_port":	5200
			}],
		"version":	"iperf 3.7",
		"system_info":	"Linux ubunu2004 5.11.0-40-generic #44~20.04.2-Ubuntu SMP Tue Oct 26 18:07:44 UTC 2021 x86_64",
		"timestamp":	{
			"time":	"Fri, 19 Nov 2021 12:38:42 GMT",
			"timesecs":	1637325522
		},
		"connecting_to":	{
			"host":	"10.0.6.10",
			"port":	5200
		},
		"cookie":	"4a5frrwfhdrvcjbtbrmuq4qtlrsuyrsp2mqy",
		"tcp_mss_default":	1448,
		"target_bitrate":	1000000000,
		"sock_bufsize":	0,
		"sndbuf_actual":	87380,
		"rcvbuf_actual":	87380,
		"test_start":	{
			"protocol":	"TCP",
			"num_streams":	1,
			"blksize":	131072,
			"omit":	0,
			"duration":	10,
			"bytes":	0,
			"blocks":	0,
			"reverse":	0,
			"tos":	0
		}
	},
	"intervals":	[{
			"streams":	[{
					"socket":	5,
					"start":	0,
					"end":	1.000931,
					"seconds":	1.0009310245513916,
					"bytes":	166520,
					"bits_per_second":	1330920.8799847744,
					"retransmits":	0,
					"snd_cwnd":	28960,
					"rtt":	244642,
					"rttvar":	179473,
					"pmtu":	1500,
					"omitted":	false,
					"sender":	true
				}],
			"sum":	{
				"start":	0,
				"end":	1.000931,
				"seconds":	1.0009310245513916,
				"bytes":	166520,
				"bits_per_second":	1330920.8799847744,
				"retransmits":	0,
				"omitted":	false,
				"sender":	true
			}
		}, {
			"streams":	[{
					"socket":	5,
					"start":	1.000931,
					"end":	2.000338,
					"seconds":	0.99940699338912964,
					"bytes":	367848,
					"bits_per_second":	2944530.1258305246,
					"retransmits":	0,
					"snd_cwnd":	99912,
					"rtt":	514002,
					"rttvar":	148282,
					"pmtu":	1500,
					"omitted":	false,
					"sender":	true
				}],
			"sum":	{
				"start":	1.000931,
				"end":	2.000338,
				"seconds":	0.99940699338912964,
				"bytes":	367848,
				"bits_per_second":	2944530.1258305246,
				"retransmits":	0,
				"omitted":	false,
				"sender":	true
			}
		}, {
			"streams":	[{
					"socket":	5,
					"start":	2.000338,
					"end":	3.000799,
					"seconds":	1.0004609823226929,
					"bytes":	917504,
					"bits_per_second":	7336649.9340726063,
					"retransmits":	0,
					"snd_cwnd":	298288,
					"rtt":	587746,
					"rttvar":	50227,
					"pmtu":	1500,
					"omitted":	false,
					"sender":	true
				}],
			"sum":	{
				"start":	2.000338,
				"end":	3.000799,
				"seconds":	1.0004609823226929,
				"bytes":	917504,
				"bits_per_second":	7336649.9340726063,
				"retransmits":	0,
				"omitted":	false,
				"sender":	true
			}
		}, {
			"streams":	[{
					"socket":	5,
					"start":	3.000799,
					"end":	4.000246,
					"seconds":	0.99944698810577393,
					"bytes":	2621440,
					"bits_per_second":	20983123.917104177,
					"retransmits":	0,
					"snd_cwnd":	877488,
					"rtt":	609274,
					"rttvar":	60718,
					"pmtu":	1500,
					"omitted":	false,
					"sender":	true
				}],
			"sum":	{
				"start":	3.000799,
				"end":	4.000246,
				"seconds":	0.99944698810577393,
				"bytes":	2621440,
				"bits_per_second":	20983123.917104177,
				"retransmits":	0,
				"omitted":	false,
				"sender":	true
			}
		}, {
			"streams":	[{
					"socket":	5,
					"start":	4.000246,
					"end":	5.000711,
					"seconds":	1.0004650354385376,
					"bytes":	7471104,
					"bits_per_second":	59741050.294477612,
					"retransmits":	0,
					"snd_cwnd":	2423952,
					"rtt":	615810,
					"rttvar":	49739,
					"pmtu":	1500,
					"omitted":	false,
					"sender":	true
				}],
			"sum":	{
				"start":	4.000246,
				"end":	5.000711,
				"seconds":	1.0004650354385376,
				"bytes":	7471104,
				"bits_per_second":	59741050.294477612,
				"retransmits":	0,
				"omitted":	false,
				"sender":	true
			}
		}, {
			"streams":	[{
					"socket":	5,
					"start":	5.000711,
					"end":	6.000151,
					"seconds":	0.99944001436233521,
					"bytes":	6160384,
					"bits_per_second":	49310685.275537707,
					"retransmits":	0,
					"snd_cwnd":	7011216,
					"rtt":	611314,
					"rttvar":	41531,
					"pmtu":	1500,
					"omitted":	false,
					"sender":	true
				}],
			"sum":	{
				"start":	5.000711,
				"end":	6.000151,
				"seconds":	0.99944001436233521,
				"bytes":	6160384,
				"bits_per_second":	49310685.275537707,
				"retransmits":	0,
				"omitted":	false,
				"sender":	true
			}
		}, {
			"streams":	[{
					"socket":	5,
					"start":	6.000151,
					"end":	7.000612,
					"seconds":	1.0004609823226929,
					"bytes":	13631488,
					"bits_per_second":	109001656.16336444,
					"retransmits":	0,
					"snd_cwnd":	17128392,
					"rtt":	639244,
					"rttvar":	103828,
					"pmtu":	1500,
					"omitted":	false,
					"sender":	true
				}],
			"sum":	{
				"start":	6.000151,
				"end":	7.000612,
				"seconds":	1.0004609823226929,
				"bytes":	13631488,
				"bits_per_second":	109001656.16336444,
				"retransmits":	0,
				"omitted":	false,
				"sender":	true
			}
		}, {
			"streams":	[{
					"socket":	5,
					"start":	7.000612,
					"end":	8.000059,
					"seconds":	0.99944698810577393,
					"bytes":	6815744,
					"bits_per_second":	54556122.184470862,
					"retransmits":	0,
					"snd_cwnd":	17128392,
					"rtt":	691208,
					"rttvar":	181800,
					"pmtu":	1500,
					"omitted":	false,
					"sender":	true
				}],
			"sum":	{
				"start":	7.000612,
				"end":	8.000059,
				"seconds":	0.99944698810577393,
				"bytes":	6815744,
				"bits_per_second":	54556122.184470862,
				"retransmits":	0,
				"omitted":	false,
				"sender":	true
			}
		}, {
			"streams":	[{
					"socket":	5,
					"start":	8.000059,
					"end":	9.000507,
					"seconds":	1.0004479885101318,
					"bytes":	13238272,
					"bits_per_second":	105858752.49518527,
					"retransmits":	0,
					"snd_cwnd":	17128392,
					"rtt":	801351,
					"rttvar":	293172,
					"pmtu":	1500,
					"omitted":	false,
					"sender":	true
				}],
			"sum":	{
				"start":	8.000059,
				"end":	9.000507,
				"seconds":	1.0004479885101318,
				"bytes":	13238272,
				"bits_per_second":	105858752.49518527,
				"retransmits":	0,
				"omitted":	false,
				"sender":	true
			}
		}, {
			"streams":	[{
					"socket":	5,
					"start":	9.000507,
					"end":	10.00003,
					"seconds":	0.99952298402786255,
					"bytes":	12713984,
					"bits_per_second":	101760413.34249568,
					"retransmits":	0,
					"snd_cwnd":	17128392,
					"rtt":	768966,
					"rttvar":	244788,
					"pmtu":	1500,
					"omitted":	false,
					"sender":	true
				}],
			"sum":	{
				"start":	9.000507,
				"end":	10.00003,
				"seconds":	0.99952298402786255,
				"bytes":	12713984,
				"bits_per_second":	101760413.34249568,
				"retransmits":	0,
				"omitted":	false,
				"sender":	true
			}
		}],
	"end":	{
		"streams":	[{
				"sender":	{
					"socket":	5,
					"start":	0,
					"end":	10.00003,
					"seconds":	10.00003,
					"bytes":	64104288,
					"bits_per_second":	51283276.550170347,
					"retransmits":	0,
					"max_snd_cwnd":	17128392,
					"max_rtt":	801351,
					"min_rtt":	244642,
					"mean_rtt":	608355,
					"sender":	true
				},
				"receiver":	{
					"socket":	5,
					"start":	0,
					"end":	10.254321000000001,
					"seconds":	10.00003,
					"bytes":	59396960,
					"bits_per_second":	46339068.184036754,
					"sender":	true
				}
			}],
		"sum_sent":	{
			"start":	0,
			"end":	10.00003,
			"seconds":	10.00003,
			"bytes":	64104288,
			"bits_per_second":	51283276.550170347,
			"retransmits":	0,
			"sender":	true
		},
		"sum_received":	{
			"start":	0,
			"end":	10.254321000000001,
			"seconds":	10.254321000000001,
			"bytes":	59396960,
			"bits_per_second":	46339068.184036754,
			"sender":	true
		},
		"cpu_utilization_percent":	{
			"host_total":	3.4626961897648636,
			"host_user":	0.54565271082425715,
			"host_system":	2.9170434789406063,
			"remote_total":	0.38615599073305784,
			"remote_user":	0.048670302379852988,
			"remote_system":	0.33748568835320486
		},
		"sender_tcp_congestion":	"cubic",
		"receiver_tcp_congestion":	"cubic"
	}
}
