{
	"start":	{
		"connected":	[{
				"socket":	5,
				"local_host":	"10.0.3.12",
				"local_port":	46510,
				"remote_host":	"10.0.6.10",
				"remote_port":	5202
			}],
		"version":	"iperf 3.7",
		"system_info":	"Linux ubunu2004 5.11.0-40-generic #44~20.04.2-Ubuntu SMP Tue Oct 26 18:07:44 UTC 2021 x86_64",
		"timestamp":	{
			"time":	"Fri, 19 Nov 2021 12:41:10 GMT",
			"timesecs":	1637325670
		},
		"connecting_to":	{
			"host":	"10.0.6.10",
			"port":	5202
		},
		"cookie":	"ferqehvz7iocn47kljn7pzco6qyvphke3prf",
		"sock_bufsize":	0,
		"sndbuf_actual":	212992,
		"rcvbuf_actual":	212992,
		"test_start":	{
			"protocol":	"UDP",
			"num_streams":	1,
			"blksize":	1448,
			"omit":	0,
			"duration":	10,
			"bytes":	0,
			"blocks":	0,
			"reverse":	0,
			"tos":	0
		}
	},
	"intervals":	[{
			"streams":	[{
					"socket":	5,
					"start":	0,
					"end":	1.000003,
					"seconds":	1.0000029802322388,
					"bytes":	108333568,
					"bits_per_second":	866665961.13416243,
					"packets":	74816,
					"omitted":	false,
					"sender":	true
				}],
			"sum":	{
				"start":	0,
				"end":	1.000003,
				"seconds":	1.0000029802322388,
				"bytes":	108333568,
				"bits_per_second":	866665961.13416243,
				"packets":	74816,
				"omitted":	false,
				"sender":	true
			}
		}, {
			"streams":	[{
					"socket":	5,
					"start":	1.000003,
					"end":	2.00239,
					"seconds":	1.0023870468139648,
					"bytes":	87611240,
					"bits_per_second":	699220847.104661,
					"packets":	60505,
					"omitted":	false,
					"sender":	true
				}],
			"sum":	{
				"start":	1.000003,
				"end":	2.00239,
				"seconds":	1.0023870468139648,
				"bytes":	87611240,
				"bits_per_second":	699220847.104661,
				"packets":	60505,
				"omitted":	false,
				"sender":	true
			}
		}, {
			"streams":	[{
					"socket":	5,
					"start":	2.00239,
					"end":	3.000005,
					"seconds":	0.99761497974395752,
					"bytes":	91383280,
					"bits_per_second":	732814016.27272224,
					"packets":	63110,
					"omitted":	false,
					"sender":	true
				}],
			"sum":	{
				"start":	2.00239,
				"end":	3.000005,
				"seconds":	0.99761497974395752,
				"bytes":	91383280,
				"bits_per_second":	732814016.27272224,
				"packets":	63110,
				"omitted":	false,
				"sender":	true
			}
		}, {
			"streams":	[{
					"socket":	5,
					"start":	3.000005,
					"end":	4.000014,
					"seconds":	1.0000089406967163,
					"bytes":	83265792,
					"bits_per_second":	666120380.41970217,
					"packets":	57504,
					"omitted":	false,
					"sender":	true
				}],
			"sum":	{
				"start":	3.000005,
				"end":	4.000014,
				"seconds":	1.0000089406967163,
				"bytes":	83265792,
				"bits_per_second":	666120380.41970217,
				"packets":	57504,
				"omitted":	false,
				"sender":	true
			}
		}, {
			"streams":	[{
					"socket":	5,
					"start":	4.000014,
					"end":	5.000017,
					"seconds":	1.0000029802322388,
					"bytes":	64418624,
					"bits_per_second":	515347456.14489704,
					"packets":	44488,
					"omitted":	false,
					"sender":	true
				}],
			"sum":	{
				"start":	4.000014,
				"end":	5.000017,
				"seconds":	1.0000029802322388,
				"bytes":	64418624,
				"bits_per_second":	515347456.14489704,
				"packets":	44488,
				"omitted":	false,
				"sender":	true
			}
		}, {
			"streams":	[{
					"socket":	5,
					"start":	5.000017,
					"end":	6.000031,
					"seconds":	1.0000139474868774,
					"bytes":	74391000,
					"bits_per_second":	595119699.5757997,
					"packets":	51375,
					"omitted":	false,
					"sender":	true
				}],
			"sum":	{
				"start":	5.000017,
				"end":	6.000031,
				"seconds":	1.0000139474868774,
				"bytes":	74391000,
				"bits_per_second":	595119699.5757997,
				"packets":	51375,
				"omitted":	false,
				"sender":	true
			}
		}, {
			"streams":	[{
					"socket":	5,
					"start":	6.000031,
					"end":	7.000032,
					"seconds":	1.0000009536743164,
					"bytes":	63455704,
					"bits_per_second":	507645147.87186062,
					"packets":	43823,
					"omitted":	false,
					"sender":	true
				}],
			"sum":	{
				"start":	6.000031,
				"end":	7.000032,
				"seconds":	1.0000009536743164,
				"bytes":	63455704,
				"bits_per_second":	507645147.87186062,
				"packets":	43823,
				"omitted":	false,
				"sender":	true
			}
		}, {
			"streams":	[{
					"socket":	5,
					"start":	7.000032,
					"end":	8.001522,
					"seconds":	1.0014899969100952,
					"bytes":	81342848,
					"bits_per_second":	649774621.821228,
					"packets":	56176,
					"omitted":	false,
					"sender":	true
				}],
			"sum":	{
				"start":	7.000032,
				"end":	8.001522,
				"seconds":	1.0014899969100952,
				"bytes":	81342848,
				"bits_per_second":	649774621.821228,
				"packets":	56176,
				"omitted":	false,
				"sender":	true
			}
		}, {
			"streams":	[{
					"socket":	5,
					"start":	8.001522,
					"end":	9.054547,
					"seconds":	1.0530250072479248,
					"bytes":	105046608,
					"bits_per_second":	798055941.89667916,
					"packets":	72546,
					"omitted":	false,
					"sender":	true
				}],
			"sum":	{
				"start":	8.001522,
				"end":	9.054547,
				"seconds":	1.0530250072479248,
				"bytes":	105046608,
				"bits_per_second":	798055941.89667916,
				"packets":	72546,
				"omitted":	false,
				"sender":	true
			}
		}, {
			"streams":	[{
					"socket":	5,
					"start":	9.054547,
					"end":	10.006443,
					"seconds":	0.95189601182937622,
					"bytes":	77521576,
					"bits_per_second":	651512980.71743953,
					"packets":	53537,
					"omitted":	false,
					"sender":	true
				}],
			"sum":	{
				"start":	9.054547,
				"end":	10.006443,
				"seconds":	0.95189601182937622,
				"bytes":	77521576,
				"bits_per_second":	651512980.71743953,
				"packets":	53537,
				"omitted":	false,
				"sender":	true
			}
		}],
	"end":	{
		"streams":	[{
				"udp":	{
					"socket":	5,
					"start":	0,
					"end":	10.006443,
					"seconds":	10.006443,
					"bytes":	836770240,
					"bits_per_second":	668985164.85828173,
					"jitter_ms":	0.00133823507956211,
					"lost_packets":	19808,
					"packets":	577880,
					"lost_percent":	3.4277012528552642,
					"out_of_order":	0,
					"sender":	true
				}
			}],
		"sum":	{
			"start":	0,
			"end":	10.117151,
			"seconds":	10.117151,
			"bytes":	836770240,
			"bits_per_second":	668985164.85828173,
			"jitter_ms":	0.00133823507956211,
			"lost_packets":	19808,
			"packets":	577880,
			"lost_percent":	3.4277012528552642,
			"sender":	true
		},
		"cpu_utilization_percent":	{
			"host_total":	24.429047226807629,
			"host_user":	2.413705442122037,
			"host_system":	22.015341784685592,
			"remote_total":	14.566019406873544,
			"remote_user":	3.6361357280853657,
			"remote_system":	10.929883678788176
		}
	}
}
