{
	"start":	{
		"connected":	[{
				"socket":	5,
				"local_host":	"10.0.5.10",
				"local_port":	39957,
				"remote_host":	"10.0.6.10",
				"remote_port":	5204
			}],
		"version":	"iperf 3.7",
		"system_info":	"Linux ubunu2004 5.11.0-40-generic #44~20.04.2-Ubuntu SMP Tue Oct 26 18:07:44 UTC 2021 x86_64",
		"timestamp":	{
			"time":	"Fri, 19 Nov 2021 12:41:10 GMT",
			"timesecs":	1637325670
		},
		"connecting_to":	{
			"host":	"10.0.6.10",
			"port":	5204
		},
		"cookie":	"oogm7oxcoy5twr7eq4bxmy7zves6dzgx25od",
		"sock_bufsize":	0,
		"sndbuf_actual":	212992,
		"rcvbuf_actual":	212992,
		"test_start":	{
			"protocol":	"UDP",
			"num_streams":	1,
			"blksize":	1448,
			"omit":	0,
			"duration":	10,
			"bytes":	0,
			"blocks":	0,
			"reverse":	0,
			"tos":	0
		}
	},
	"intervals":	[{
			"streams":	[{
					"socket":	5,
					"start":	0,
					"end":	1.000003,
					"seconds":	1.0000029802322388,
					"bytes":	85783864,
					"bits_per_second":	686268866.75939882,
					"packets":	59243,
					"omitted":	false,
					"sender":	true
				}],
			"sum":	{
				"start":	0,
				"end":	1.000003,
				"seconds":	1.0000029802322388,
				"bytes":	85783864,
				"bits_per_second":	686268866.75939882,
				"packets":	59243,
				"omitted":	false,
				"sender":	true
			}
		}, {
			"streams":	[{
					"socket":	5,
					"start":	1.000003,
					"end":	2.007364,
					"seconds":	1.0073610544204712,
					"bytes":	95683840,
					"bits_per_second":	759877222.41294181,
					"packets":	66080,
					"omitted":	false,
					"sender":	true
				}],
			"sum":	{
				"start":	1.000003,
				"end":	2.007364,
				"seconds":	1.0073610544204712,
				"bytes":	95683840,
				"bits_per_second":	759877222.41294181,
				"packets":	66080,
				"omitted":	false,
				"sender":	true
			}
		}, {
			"streams":	[{
					"socket":	5,
					"start":	2.007364,
					"end":	3.000931,
					"seconds":	0.99356698989868164,
					"bytes":	79341712,
					"bits_per_second":	638843381.92911041,
					"packets":	54794,
					"omitted":	false,
					"sender":	true
				}],
			"sum":	{
				"start":	2.007364,
				"end":	3.000931,
				"seconds":	0.99356698989868164,
				"bytes":	79341712,
				"bits_per_second":	638843381.92911041,
				"packets":	54794,
				"omitted":	false,
				"sender":	true
			}
		}, {
			"streams":	[{
					"socket":	5,
					"start":	3.000931,
					"end":	4.000011,
					"seconds":	0.99908000230789185,
					"bytes":	69411328,
					"bits_per_second":	555801960.52094841,
					"packets":	47936,
					"omitted":	false,
					"sender":	true
				}],
			"sum":	{
				"start":	3.000931,
				"end":	4.000011,
				"seconds":	0.99908000230789185,
				"bytes":	69411328,
				"bits_per_second":	555801960.52094841,
				"packets":	47936,
				"omitted":	false,
				"sender":	true
			}
		}, {
			"streams":	[{
					"socket":	5,
					"start":	4.000011,
					"end":	5.001393,
					"seconds":	1.0013819932937622,
					"bytes":	56780424,
					"bits_per_second":	453616497.04314649,
					"packets":	39213,
					"omitted":	false,
					"sender":	true
				}],
			"sum":	{
				"start":	4.000011,
				"end":	5.001393,
				"seconds":	1.0013819932937622,
				"bytes":	56780424,
				"bits_per_second":	453616497.04314649,
				"packets":	39213,
				"omitted":	false,
				"sender":	true
			}
		}, {
			"streams":	[{
					"socket":	5,
					"start":	5.001393,
					"end":	6.000003,
					"seconds":	0.99861001968383789,
					"bytes":	65071672,
					"bits_per_second":	521297969.91703993,
					"packets":	44939,
					"omitted":	false,
					"sender":	true
				}],
			"sum":	{
				"start":	5.001393,
				"end":	6.000003,
				"seconds":	0.99861001968383789,
				"bytes":	65071672,
				"bits_per_second":	521297969.91703993,
				"packets":	44939,
				"omitted":	false,
				"sender":	true
			}
		}, {
			"streams":	[{
					"socket":	5,
					"start":	6.000003,
					"end":	7.000012,
					"seconds":	1.0000089406967163,
					"bytes":	87327432,
					"bits_per_second":	698613209.91116822,
					"packets":	60309,
					"omitted":	false,
					"sender":	true
				}],
			"sum":	{
				"start":	6.000003,
				"end":	7.000012,
				"seconds":	1.0000089406967163,
				"bytes":	87327432,
				"bits_per_second":	698613209.91116822,
				"packets":	60309,
				"omitted":	false,
				"sender":	true
			}
		}, {
			"streams":	[{
					"socket":	5,
					"start":	7.000012,
					"end":	8.000008,
					"seconds":	0.9999960064888,
					"bytes":	90694032,
					"bits_per_second":	725555153.51263177,
					"packets":	62634,
					"omitted":	false,
					"sender":	true
				}],
			"sum":	{
				"start":	7.000012,
				"end":	8.000008,
				"seconds":	0.9999960064888,
				"bytes":	90694032,
				"bits_per_second":	725555153.51263177,
				"packets":	62634,
				"omitted":	false,
				"sender":	true
			}
		}, {
			"streams":	[{
					"socket":	5,
					"start":	8.000008,
					"end":	9.000006,
					"seconds":	0.99999797344207764,
					"bytes":	77297136,
					"bits_per_second":	618378341.17952633,
					"packets":	53382,
					"omitted":	false,
					"sender":	true
				}],
			"sum":	{
				"start":	8.000008,
				"end":	9.000006,
				"seconds":	0.99999797344207764,
				"bytes":	77297136,
				"bits_per_second":	618378341.17952633,
				"packets":	53382,
				"omitted":	false,
				"sender":	true
			}
		}, {
			"streams":	[{
					"socket":	5,
					"start":	9.000006,
					"end":	10.000019,
					"seconds":	1.000012993812561,
					"bytes":	104589040,
					"bits_per_second":	836701448.05821443,
					"packets":	72230,
					"omitted":	false,
					"sender":	true
				}],
			"sum":	{
				"start":	9.000006,
				"end":	10.000019,
				"seconds":	1.000012993812561,
				"bytes":	104589040,
				"bits_per_second":	836701448.05821443,
				"packets":	72230,
				"omitted":	false,
				"sender":	true
			}
		}],
	"end":	{
		"streams":	[{
				"udp":	{
					"socket":	5,
					"start":	0,
					"end":	10.000019,
					"seconds":	10.000019,
					"bytes":	811980480,
					"bits_per_second":	649583149.79201543,
					"jitter_ms":	0.0095227221907502341,
					"lost_packets":	17550,
					"packets":	560760,
					"lost_percent":	3.1296811470147659,
					"out_of_order":	0,
					"sender":	true
				}
			}],
		"sum":	{
			"start":	0,
			"end":	10.206808,
			"seconds":	10.206808,
			"bytes":	811980480,
			"bits_per_second":	649583149.79201543,
			"jitter_ms":	0.0095227221907502341,
			"lost_packets":	17550,
			"packets":	560760,
			"lost_percent":	3.1296811470147659,
			"sender":	true
		},
		"cpu_utilization_percent":	{
			"host_total":	21.878742200765306,
			"host_user":	1.6004633761388061,
			"host_system":	20.2782697188228,
			"remote_total":	13.287819510674082,
			"remote_user":	2.1970272119667866,
			"remote_system":	11.090792298707294
		}
	}
}
