{
	"start":	{
		"connected":	[{
				"socket":	5,
				"local_host":	"10.0.2.11",
				"local_port":	38987,
				"remote_host":	"10.0.6.10",
				"remote_port":	5201
			}],
		"version":	"iperf 3.7",
		"system_info":	"Linux ubunu2004 5.11.0-40-generic #44~20.04.2-Ubuntu SMP Tue Oct 26 18:07:44 UTC 2021 x86_64",
		"timestamp":	{
			"time":	"Fri, 19 Nov 2021 12:41:10 GMT",
			"timesecs":	1637325670
		},
		"connecting_to":	{
			"host":	"10.0.6.10",
			"port":	5201
		},
		"cookie":	"zr7k6r4ag3nz6hy56k6plj3kf2nw7offhjot",
		"sock_bufsize":	0,
		"sndbuf_actual":	212992,
		"rcvbuf_actual":	212992,
		"test_start":	{
			"protocol":	"UDP",
			"num_streams":	1,
			"blksize":	1448,
			"omit":	0,
			"duration":	10,
			"bytes":	0,
			"blocks":	0,
			"reverse":	0,
			"tos":	0
		}
	},
	"intervals":	[{
			"streams":	[{
					"socket":	5,
					"start":	0,
					"end":	1.000007,
					"seconds":	1.0000070333480835,
					"bytes":	98439384,
					"bits_per_second":	787509533.17133415,
					"packets":	67983,
					"omitted":	false,
					"sender":	true
				}],
			"sum":	{
				"start":	0,
				"end":	1.000007,
				"seconds":	1.0000070333480835,
				"bytes":	98439384,
				"bits_per_second":	787509533.17133415,
				"packets":	67983,
				"omitted":	false,
				"sender":	true
			}
		}, {
			"streams":	[{
					"socket":	5,
					"start":	1.000007,
					"end":	2.000012,
					"seconds":	1.0000050067901611,
					"bytes":	86727960,
					"bits_per_second":	693820206.187818,
					"packets":	59895,
					"omitted":	false,
					"sender":	true
				}],
			"sum":	{
				"start":	1.000007,
				"end":	2.000012,
				"seconds":	1.0000050067901611,
				"bytes":	86727960,
				"bits_per_second":	693820206.187818,
				"packets":	59895,
				"omitted":	false,
				"sender":	true
			}
		}, {
			"streams":	[{
					"socket":	5,
					"start":	2.000012,
					"end":	3.000006,
					"seconds":	0.99999397993087769,
					"bytes":	95486912,
					"bits_per_second":	763899894.73016882,
					"packets":	65944,
					"omitted":	false,
					"sender":	true
				}],
			"sum":	{
				"start":	2.000012,
				"end":	3.000006,
				"seconds":	0.99999397993087769,
				"bytes":	95486912,
				"bits_per_second":	763899894.73016882,
				"packets":	65944,
				"omitted":	false,
				"sender":	true
			}
		}, {
			"streams":	[{
					"socket":	5,
					"start":	3.000006,
					"end":	4.000648,
					"seconds":	1.000641942024231,
					"bytes":	82611296,
					"bits_per_second":	660466386.87067568,
					"packets":	57052,
					"omitted":	false,
					"sender":	true
				}],
			"sum":	{
				"start":	3.000006,
				"end":	4.000648,
				"seconds":	1.000641942024231,
				"bytes":	82611296,
				"bits_per_second":	660466386.87067568,
				"packets":	57052,
				"omitted":	false,
				"sender":	true
			}
		}, {
			"streams":	[{
					"socket":	5,
					"start":	4.000648,
					"end":	5.000014,
					"seconds":	0.99936598539352417,
					"bytes":	64102960,
					"bits_per_second":	513149023.97649992,
					"packets":	44270,
					"omitted":	false,
					"sender":	true
				}],
			"sum":	{
				"start":	4.000648,
				"end":	5.000014,
				"seconds":	0.99936598539352417,
				"bytes":	64102960,
				"bits_per_second":	513149023.97649992,
				"packets":	44270,
				"omitted":	false,
				"sender":	true
			}
		}, {
			"streams":	[{
					"socket":	5,
					"start":	5.000014,
					"end":	6.009003,
					"seconds":	1.0089889764785767,
					"bytes":	62204632,
					"bits_per_second":	493203659.90199304,
					"packets":	42959,
					"omitted":	false,
					"sender":	true
				}],
			"sum":	{
				"start":	5.000014,
				"end":	6.009003,
				"seconds":	1.0089889764785767,
				"bytes":	62204632,
				"bits_per_second":	493203659.90199304,
				"packets":	42959,
				"omitted":	false,
				"sender":	true
			}
		}, {
			"streams":	[{
					"socket":	5,
					"start":	6.009003,
					"end":	7.000007,
					"seconds":	0.99100399017333984,
					"bytes":	77588184,
					"bits_per_second":	626340033.09253109,
					"packets":	53583,
					"omitted":	false,
					"sender":	true
				}],
			"sum":	{
				"start":	6.009003,
				"end":	7.000007,
				"seconds":	0.99100399017333984,
				"bytes":	77588184,
				"bits_per_second":	626340033.09253109,
				"packets":	53583,
				"omitted":	false,
				"sender":	true
			}
		}, {
			"streams":	[{
					"socket":	5,
					"start":	7.000007,
					"end":	8.00001,
					"seconds":	1.0000029802322388,
					"bytes":	73684376,
					"bits_per_second":	589473251.23281276,
					"packets":	50887,
					"omitted":	false,
					"sender":	true
				}],
			"sum":	{
				"start":	7.000007,
				"end":	8.00001,
				"seconds":	1.0000029802322388,
				"bytes":	73684376,
				"bits_per_second":	589473251.23281276,
				"packets":	50887,
				"omitted":	false,
				"sender":	true
			}
		}, {
			"streams":	[{
					"socket":	5,
					"start":	8.00001,
					"end":	9.000013,
					"seconds":	1.0000029802322388,
					"bytes":	63519416,
					"bits_per_second":	508153813.58362252,
					"packets":	43867,
					"omitted":	false,
					"sender":	true
				}],
			"sum":	{
				"start":	8.00001,
				"end":	9.000013,
				"seconds":	1.0000029802322388,
				"bytes":	63519416,
				"bits_per_second":	508153813.58362252,
				"packets":	43867,
				"omitted":	false,
				"sender":	true
			}
		}, {
			"streams":	[{
					"socket":	5,
					"start":	9.000013,
					"end":	10.000011,
					"seconds":	0.99999797344207764,
					"bytes":	75352472,
					"bits_per_second":	602820997.65166855,
					"packets":	52039,
					"omitted":	false,
					"sender":	true
				}],
			"sum":	{
				"start":	9.000013,
				"end":	10.000011,
				"seconds":	0.99999797344207764,
				"bytes":	75352472,
				"bits_per_second":	602820997.65166855,
				"packets":	52039,
				"omitted":	false,
				"sender":	true
			}
		}],
	"end":	{
		"streams":	[{
				"udp":	{
					"socket":	5,
					"start":	0,
					"end":	10.000011,
					"seconds":	10.000011,
					"bytes":	779717592,
					"bits_per_second":	623773387.44927382,
					"jitter_ms":	0.00031122632438582929,
					"lost_packets":	27957,
					"packets":	538479,
					"lost_percent":	5.191845921567972,
					"out_of_order":	0,
					"sender":	true
				}
			}],
		"sum":	{
			"start":	0,
			"end":	10.155519,
			"seconds":	10.155519,
			"bytes":	779717592,
			"bits_per_second":	623773387.44927382,
			"jitter_ms":	0.00031122632438582929,
			"lost_packets":	27957,
			"packets":	538479,
			"lost_percent":	5.191845921567972,
			"sender":	true
		},
		"cpu_utilization_percent":	{
			"host_total":	23.39175661718323,
			"host_user":	2.0900004780717607,
			"host_system":	21.301746634702706,
			"remote_total":	13.24573472949227,
			"remote_user":	2.1783371548061514,
			"remote_system":	11.067388274813107
		}
	}
}
