{
	"start":	{
		"connected":	[{
				"socket":	5,
				"local_host":	"10.0.1.10",
				"local_port":	34233,
				"remote_host":	"10.0.6.10",
				"remote_port":	5200
			}],
		"version":	"iperf 3.7",
		"system_info":	"Linux ubunu2004 5.11.0-40-generic #44~20.04.2-Ubuntu SMP Tue Oct 26 18:07:44 UTC 2021 x86_64",
		"timestamp":	{
			"time":	"Fri, 19 Nov 2021 12:41:10 GMT",
			"timesecs":	1637325670
		},
		"connecting_to":	{
			"host":	"10.0.6.10",
			"port":	5200
		},
		"cookie":	"fvj2cdajvc5blxwiolla5jopirkzxorulmur",
		"sock_bufsize":	0,
		"sndbuf_actual":	212992,
		"rcvbuf_actual":	212992,
		"test_start":	{
			"protocol":	"UDP",
			"num_streams":	1,
			"blksize":	1448,
			"omit":	0,
			"duration":	10,
			"bytes":	0,
			"blocks":	0,
			"reverse":	0,
			"tos":	0
		}
	},
	"intervals":	[{
			"streams":	[{
					"socket":	5,
					"start":	0,
					"end":	1.000011,
					"seconds":	1.0000109672546387,
					"bytes":	70364112,
					"bits_per_second":	562906722.458637,
					"packets":	48594,
					"omitted":	false,
					"sender":	true
				}],
			"sum":	{
				"start":	0,
				"end":	1.000011,
				"seconds":	1.0000109672546387,
				"bytes":	70364112,
				"bits_per_second":	562906722.458637,
				"packets":	48594,
				"omitted":	false,
				"sender":	true
			}
		}, {
			"streams":	[{
					"socket":	5,
					"start":	1.000011,
					"end":	2.000004,
					"seconds":	0.99999302625656128,
					"bytes":	87685088,
					"bits_per_second":	701485595.98057234,
					"packets":	60556,
					"omitted":	false,
					"sender":	true
				}],
			"sum":	{
				"start":	1.000011,
				"end":	2.000004,
				"seconds":	0.99999302625656128,
				"bytes":	87685088,
				"bits_per_second":	701485595.98057234,
				"packets":	60556,
				"omitted":	false,
				"sender":	true
			}
		}, {
			"streams":	[{
					"socket":	5,
					"start":	2.000004,
					"end":	3.000019,
					"seconds":	1.0000150203704834,
					"bytes":	84070880,
					"bits_per_second":	672556937.94562089,
					"packets":	58060,
					"omitted":	false,
					"sender":	true
				}],
			"sum":	{
				"start":	2.000004,
				"end":	3.000019,
				"seconds":	1.0000150203704834,
				"bytes":	84070880,
				"bits_per_second":	672556937.94562089,
				"packets":	58060,
				"omitted":	false,
				"sender":	true
			}
		}, {
			"streams":	[{
					"socket":	5,
					"start":	3.000019,
					"end":	4.000007,
					"seconds":	0.99998801946640015,
					"bytes":	76800472,
					"bits_per_second":	614411136.97327065,
					"packets":	53039,
					"omitted":	false,
					"sender":	true
				}],
			"sum":	{
				"start":	3.000019,
				"end":	4.000007,
				"seconds":	0.99998801946640015,
				"bytes":	76800472,
				"bits_per_second":	614411136.97327065,
				"packets":	53039,
				"omitted":	false,
				"sender":	true
			}
		}, {
			"streams":	[{
					"socket":	5,
					"start":	4.000007,
					"end":	5.00001,
					"seconds":	1.0000029802322388,
					"bytes":	70912904,
					"bits_per_second":	567301541.30965745,
					"packets":	48973,
					"omitted":	false,
					"sender":	true
				}],
			"sum":	{
				"start":	4.000007,
				"end":	5.00001,
				"seconds":	1.0000029802322388,
				"bytes":	70912904,
				"bits_per_second":	567301541.30965745,
				"packets":	48973,
				"omitted":	false,
				"sender":	true
			}
		}, {
			"streams":	[{
					"socket":	5,
					"start":	5.00001,
					"end":	6.000006,
					"seconds":	0.9999960064888,
					"bytes":	68919008,
					"bits_per_second":	551354265.83943582,
					"packets":	47596,
					"omitted":	false,
					"sender":	true
				}],
			"sum":	{
				"start":	5.00001,
				"end":	6.000006,
				"seconds":	0.9999960064888,
				"bytes":	68919008,
				"bits_per_second":	551354265.83943582,
				"packets":	47596,
				"omitted":	false,
				"sender":	true
			}
		}, {
			"streams":	[{
					"socket":	5,
					"start":	6.000006,
					"end":	7.012843,
					"seconds":	1.0128370523452759,
					"bytes":	96358608,
					"bits_per_second":	761098601.41373563,
					"packets":	66546,
					"omitted":	false,
					"sender":	true
				}],
			"sum":	{
				"start":	6.000006,
				"end":	7.012843,
				"seconds":	1.0128370523452759,
				"bytes":	96358608,
				"bits_per_second":	761098601.41373563,
				"packets":	66546,
				"omitted":	false,
				"sender":	true
			}
		}, {
			"streams":	[{
					"socket":	5,
					"start":	7.012843,
					"end":	8.011827,
					"seconds":	0.99898397922515869,
					"bytes":	86942264,
					"bits_per_second":	696245511.904485,
					"packets":	60043,
					"omitted":	false,
					"sender":	true
				}],
			"sum":	{
				"start":	7.012843,
				"end":	8.011827,
				"seconds":	0.99898397922515869,
				"bytes":	86942264,
				"bits_per_second":	696245511.904485,
				"packets":	60043,
				"omitted":	false,
				"sender":	true
			}
		}, {
			"streams":	[{
					"socket":	5,
					"start":	8.011827,
					"end":	9.000012,
					"seconds":	0.98818498849868774,
					"bytes":	72818472,
					"bits_per_second":	589512877.42697132,
					"packets":	50289,
					"omitted":	false,
					"sender":	true
				}],
			"sum":	{
				"start":	8.011827,
				"end":	9.000012,
				"seconds":	0.98818498849868774,
				"bytes":	72818472,
				"bits_per_second":	589512877.42697132,
				"packets":	50289,
				"omitted":	false,
				"sender":	true
			}
		}, {
			"streams":	[{
					"socket":	5,
					"start":	9.000012,
					"end":	10.000008,
					"seconds":	0.9999960064888,
					"bytes":	100043768,
					"bits_per_second":	800353340.220028,
					"packets":	69091,
					"omitted":	false,
					"sender":	true
				}],
			"sum":	{
				"start":	9.000012,
				"end":	10.000008,
				"seconds":	0.9999960064888,
				"bytes":	100043768,
				"bits_per_second":	800353340.220028,
				"packets":	69091,
				"omitted":	false,
				"sender":	true
			}
		}],
	"end":	{
		"streams":	[{
				"udp":	{
					"socket":	5,
					"start":	0,
					"end":	10.000008,
					"seconds":	10.000008,
					"bytes":	814915576,
					"bits_per_second":	651931939.25444865,
					"jitter_ms":	0.00019910734294413998,
					"lost_packets":	22677,
					"packets":	562787,
					"lost_percent":	4.0294107717484593,
					"out_of_order":	0,
					"sender":	true
				}
			}],
		"sum":	{
			"start":	0,
			"end":	10.246397,
			"seconds":	10.246397,
			"bytes":	814915576,
			"bits_per_second":	651931939.25444865,
			"jitter_ms":	0.00019910734294413998,
			"lost_packets":	22677,
			"packets":	562787,
			"lost_percent":	4.0294107717484593,
			"sender":	true
		},
		"cpu_utilization_percent":	{
			"host_total":	23.35954827170525,
			"host_user":	2.7017930068013851,
			"host_system":	20.657745841962,
			"remote_total":	14.25220183641899,
			"remote_user":	3.0757749674860739,
			"remote_system":	11.176436090125726
		}
	}
}
