{
	"start":	{
		"connected":	[{
				"socket":	5,
				"local_host":	"10.0.2.11",
				"local_port":	41410,
				"remote_host":	"10.0.6.10",
				"remote_port":	5201
			}],
		"version":	"iperf 3.7",
		"system_info":	"Linux ubunu2004 5.11.0-40-generic #44~20.04.2-Ubuntu SMP Tue Oct 26 18:07:44 UTC 2021 x86_64",
		"timestamp":	{
			"time":	"Fri, 19 Nov 2021 12:39:30 GMT",
			"timesecs":	1637325570
		},
		"connecting_to":	{
			"host":	"10.0.6.10",
			"port":	5201
		},
		"cookie":	"3dsvkzjg64p5rlhzy2hberhaol3nbambvcjl",
		"tcp_mss_default":	1448,
		"target_bitrate":	1000000000,
		"sock_bufsize":	0,
		"sndbuf_actual":	87380,
		"rcvbuf_actual":	87380,
		"test_start":	{
			"protocol":	"TCP",
			"num_streams":	1,
			"blksize":	131072,
			"omit":	0,
			"duration":	10,
			"bytes":	0,
			"blocks":	0,
			"reverse":	0,
			"tos":	0
		}
	},
	"intervals":	[{
			"streams":	[{
					"socket":	5,
					"start":	0,
					"end":	1.000012,
					"seconds":	1.0000120401382446,
					"bytes":	79640,
					"bits_per_second":	637112.32907948049,
					"retransmits":	1,
					"snd_cwnd":	5792,
					"rtt":	247190,
					"rttvar":	164985,
					"pmtu":	1500,
					"omitted":	false,
					"sender":	true
				}],
			"sum":	{
				"start":	0,
				"end":	1.000012,
				"seconds":	1.0000120401382446,
				"bytes":	79640,
				"bits_per_second":	637112.32907948049,
				"retransmits":	1,
				"omitted":	false,
				"sender":	true
			}
		}, {
			"streams":	[{
					"socket":	5,
					"start":	1.000012,
					"end":	2.000385,
					"seconds":	1.0003730058670044,
					"bytes":	130320,
					"bits_per_second":	1042171.2640041031,
					"retransmits":	0,
					"snd_cwnd":	36200,
					"rtt":	312856,
					"rttvar":	206710,
					"pmtu":	1500,
					"omitted":	false,
					"sender":	true
				}],
			"sum":	{
				"start":	1.000012,
				"end":	2.000385,
				"seconds":	1.0003730058670044,
				"bytes":	130320,
				"bits_per_second":	1042171.2640041031,
				"retransmits":	0,
				"omitted":	false,
				"sender":	true
			}
		}, {
			"streams":	[{
					"socket":	5,
					"start":	2.000385,
					"end":	3.000837,
					"seconds":	1.0004520416259766,
					"bytes":	0,
					"bits_per_second":	0,
					"retransmits":	0,
					"snd_cwnd":	36200,
					"rtt":	312856,
					"rttvar":	206710,
					"pmtu":	1500,
					"omitted":	false,
					"sender":	true
				}],
			"sum":	{
				"start":	2.000385,
				"end":	3.000837,
				"seconds":	1.0004520416259766,
				"bytes":	0,
				"bits_per_second":	0,
				"retransmits":	0,
				"omitted":	false,
				"sender":	true
			}
		}, {
			"streams":	[{
					"socket":	5,
					"start":	3.000837,
					"end":	4.000298,
					"seconds":	0.99946099519729614,
					"bytes":	0,
					"bits_per_second":	0,
					"retransmits":	1,
					"snd_cwnd":	1448,
					"rtt":	312856,
					"rttvar":	206710,
					"pmtu":	1500,
					"omitted":	false,
					"sender":	true
				}],
			"sum":	{
				"start":	3.000837,
				"end":	4.000298,
				"seconds":	0.99946099519729614,
				"bytes":	0,
				"bits_per_second":	0,
				"retransmits":	1,
				"omitted":	false,
				"sender":	true
			}
		}, {
			"streams":	[{
					"socket":	5,
					"start":	4.000298,
					"end":	5.000756,
					"seconds":	1.0004580020904541,
					"bytes":	0,
					"bits_per_second":	0,
					"retransmits":	0,
					"snd_cwnd":	1448,
					"rtt":	312856,
					"rttvar":	206710,
					"pmtu":	1500,
					"omitted":	false,
					"sender":	true
				}],
			"sum":	{
				"start":	4.000298,
				"end":	5.000756,
				"seconds":	1.0004580020904541,
				"bytes":	0,
				"bits_per_second":	0,
				"retransmits":	0,
				"omitted":	false,
				"sender":	true
			}
		}, {
			"streams":	[{
					"socket":	5,
					"start":	5.000756,
					"end":	6.000173,
					"seconds":	0.9994170069694519,
					"bytes":	0,
					"bits_per_second":	0,
					"retransmits":	1,
					"snd_cwnd":	1448,
					"rtt":	312856,
					"rttvar":	206710,
					"pmtu":	1500,
					"omitted":	false,
					"sender":	true
				}],
			"sum":	{
				"start":	5.000756,
				"end":	6.000173,
				"seconds":	0.9994170069694519,
				"bytes":	0,
				"bits_per_second":	0,
				"retransmits":	1,
				"omitted":	false,
				"sender":	true
			}
		}, {
			"streams":	[{
					"socket":	5,
					"start":	6.000173,
					"end":	7.00067,
					"seconds":	1.0004969835281372,
					"bytes":	0,
					"bits_per_second":	0,
					"retransmits":	0,
					"snd_cwnd":	1448,
					"rtt":	312856,
					"rttvar":	206710,
					"pmtu":	1500,
					"omitted":	false,
					"sender":	true
				}],
			"sum":	{
				"start":	6.000173,
				"end":	7.00067,
				"seconds":	1.0004969835281372,
				"bytes":	0,
				"bits_per_second":	0,
				"retransmits":	0,
				"omitted":	false,
				"sender":	true
			}
		}, {
			"streams":	[{
					"socket":	5,
					"start":	7.00067,
					"end":	8.000655,
					"seconds":	0.9999849796295166,
					"bytes":	0,
					"bits_per_second":	0,
					"retransmits":	0,
					"snd_cwnd":	1448,
					"rtt":	312856,
					"rttvar":	206710,
					"pmtu":	1500,
					"omitted":	false,
					"sender":	true
				}],
			"sum":	{
				"start":	7.00067,
				"end":	8.000655,
				"seconds":	0.9999849796295166,
				"bytes":	0,
				"bits_per_second":	0,
				"retransmits":	0,
				"omitted":	false,
				"sender":	true
			}
		}, {
			"streams":	[{
					"socket":	5,
					"start":	8.000655,
					"end":	9.000064,
					"seconds":	0.999409019947052,
					"bytes":	0,
					"bits_per_second":	0,
					"retransmits":	0,
					"snd_cwnd":	1448,
					"rtt":	312856,
					"rttvar":	206710,
					"pmtu":	1500,
					"omitted":	false,
					"sender":	true
				}],
			"sum":	{
				"start":	8.000655,
				"end":	9.000064,
				"seconds":	0.999409019947052,
				"bytes":	0,
				"bits_per_second":	0,
				"retransmits":	0,
				"omitted":	false,
				"sender":	true
			}
		}, {
			"streams":	[{
					"socket":	5,
					"start":	9.000064,
					"end":	10.000514,
					"seconds":	1.0004500150680542,
					"bytes":	0,
					"bits_per_second":	0,
					"retransmits":	0,
					"snd_cwnd":	1448,
					"rtt":	312856,
					"rttvar":	206710,
					"pmtu":	1500,
					"omitted":	false,
					"sender":	true
				}],
			"sum":	{
				"start":	9.000064,
				"end":	10.000514,
				"seconds":	1.0004500150680542,
				"bytes":	0,
				"bits_per_second":	0,
				"retransmits":	0,
				"omitted":	false,
				"sender":	true
			}
		}],
	"end":	{
		"streams":	[{
				"sender":	{
					"socket":	5,
					"start":	0,
					"end":	10.000514,
					"seconds":	10.000514,
					"bytes":	209960,
					"bits_per_second":	167959.3668885419,
					"retransmits":	3,
					"max_snd_cwnd":	36200,
					"max_rtt":	312856,
					"min_rtt":	247190,
					"mean_rtt":	306289,
					"sender":	true
				},
				"receiver":	{
					"socket":	5,
					"start":	0,
					"end":	10.779995,
					"seconds":	10.000514,
					"bytes":	59368,
					"bits_per_second":	44057.905407191749,
					"sender":	true
				}
			}],
		"sum_sent":	{
			"start":	0,
			"end":	10.000514,
			"seconds":	10.000514,
			"bytes":	209960,
			"bits_per_second":	167959.3668885419,
			"retransmits":	3,
			"sender":	true
		},
		"sum_received":	{
			"start":	0,
			"end":	10.779995,
			"seconds":	10.779995,
			"bytes":	59368,
			"bits_per_second":	44057.905407191749,
			"sender":	true
		},
		"cpu_utilization_percent":	{
			"host_total":	4.5624607964509787,
			"host_user":	1.146132285921357,
			"host_system":	3.4163285105296217,
			"remote_total":	0.0188061089303833,
			"remote_user":	0.018814763375358166,
			"remote_system":	0
		},
		"sender_tcp_congestion":	"cubic",
		"receiver_tcp_congestion":	"cubic"
	}
}
