{
	"start":	{
		"connected":	[{
				"socket":	5,
				"local_host":	"10.0.3.12",
				"local_port":	58894,
				"remote_host":	"10.0.6.10",
				"remote_port":	5202
			}],
		"version":	"iperf 3.7",
		"system_info":	"Linux ubunu2004 5.11.0-40-generic #44~20.04.2-Ubuntu SMP Tue Oct 26 18:07:44 UTC 2021 x86_64",
		"timestamp":	{
			"time":	"Fri, 19 Nov 2021 12:39:30 GMT",
			"timesecs":	1637325570
		},
		"connecting_to":	{
			"host":	"10.0.6.10",
			"port":	5202
		},
		"cookie":	"3bvo2uuszvcd7d2uz5xvogrdfl7hlu5hv5zb",
		"tcp_mss_default":	1448,
		"target_bitrate":	1000000000,
		"sock_bufsize":	0,
		"sndbuf_actual":	87380,
		"rcvbuf_actual":	87380,
		"test_start":	{
			"protocol":	"TCP",
			"num_streams":	1,
			"blksize":	131072,
			"omit":	0,
			"duration":	10,
			"bytes":	0,
			"blocks":	0,
			"reverse":	0,
			"tos":	0
		}
	},
	"intervals":	[{
			"streams":	[{
					"socket":	5,
					"start":	0,
					"end":	1.000451,
					"seconds":	1.0004509687423706,
					"bytes":	79640,
					"bits_per_second":	636832.80830933643,
					"retransmits":	0,
					"snd_cwnd":	17376,
					"rtt":	258707,
					"rttvar":	181300,
					"pmtu":	1500,
					"omitted":	false,
					"sender":	true
				}],
			"sum":	{
				"start":	0,
				"end":	1.000451,
				"seconds":	1.0004509687423706,
				"bytes":	79640,
				"bits_per_second":	636832.80830933643,
				"retransmits":	0,
				"omitted":	false,
				"sender":	true
			}
		}, {
			"streams":	[{
					"socket":	5,
					"start":	1.000451,
					"end":	2.000433,
					"seconds":	0.99998199939727783,
					"bytes":	130320,
					"bits_per_second":	1042578.7670461922,
					"retransmits":	1,
					"snd_cwnd":	33304,
					"rtt":	292368,
					"rttvar":	203298,
					"pmtu":	1500,
					"omitted":	false,
					"sender":	true
				}],
			"sum":	{
				"start":	1.000451,
				"end":	2.000433,
				"seconds":	0.99998199939727783,
				"bytes":	130320,
				"bits_per_second":	1042578.7670461922,
				"retransmits":	1,
				"omitted":	false,
				"sender":	true
			}
		}, {
			"streams":	[{
					"socket":	5,
					"start":	2.000433,
					"end":	3.000918,
					"seconds":	1.0004849433898926,
					"bytes":	0,
					"bits_per_second":	0,
					"retransmits":	0,
					"snd_cwnd":	33304,
					"rtt":	292368,
					"rttvar":	203298,
					"pmtu":	1500,
					"omitted":	false,
					"sender":	true
				}],
			"sum":	{
				"start":	2.000433,
				"end":	3.000918,
				"seconds":	1.0004849433898926,
				"bytes":	0,
				"bits_per_second":	0,
				"retransmits":	0,
				"omitted":	false,
				"sender":	true
			}
		}, {
			"streams":	[{
					"socket":	5,
					"start":	3.000918,
					"end":	4.000359,
					"seconds":	0.99944102764129639,
					"bytes":	0,
					"bits_per_second":	0,
					"retransmits":	1,
					"snd_cwnd":	1448,
					"rtt":	292368,
					"rttvar":	203298,
					"pmtu":	1500,
					"omitted":	false,
					"sender":	true
				}],
			"sum":	{
				"start":	3.000918,
				"end":	4.000359,
				"seconds":	0.99944102764129639,
				"bytes":	0,
				"bits_per_second":	0,
				"retransmits":	1,
				"omitted":	false,
				"sender":	true
			}
		}, {
			"streams":	[{
					"socket":	5,
					"start":	4.000359,
					"end":	5.000804,
					"seconds":	1.0004450082778931,
					"bytes":	0,
					"bits_per_second":	0,
					"retransmits":	0,
					"snd_cwnd":	1448,
					"rtt":	292368,
					"rttvar":	203298,
					"pmtu":	1500,
					"omitted":	false,
					"sender":	true
				}],
			"sum":	{
				"start":	4.000359,
				"end":	5.000804,
				"seconds":	1.0004450082778931,
				"bytes":	0,
				"bits_per_second":	0,
				"retransmits":	0,
				"omitted":	false,
				"sender":	true
			}
		}, {
			"streams":	[{
					"socket":	5,
					"start":	5.000804,
					"end":	6.00023,
					"seconds":	0.999426007270813,
					"bytes":	0,
					"bits_per_second":	0,
					"retransmits":	1,
					"snd_cwnd":	1448,
					"rtt":	292368,
					"rttvar":	203298,
					"pmtu":	1500,
					"omitted":	false,
					"sender":	true
				}],
			"sum":	{
				"start":	5.000804,
				"end":	6.00023,
				"seconds":	0.999426007270813,
				"bytes":	0,
				"bits_per_second":	0,
				"retransmits":	1,
				"omitted":	false,
				"sender":	true
			}
		}, {
			"streams":	[{
					"socket":	5,
					"start":	6.00023,
					"end":	7.000399,
					"seconds":	1.000169038772583,
					"bytes":	0,
					"bits_per_second":	0,
					"retransmits":	0,
					"snd_cwnd":	1448,
					"rtt":	292368,
					"rttvar":	203298,
					"pmtu":	1500,
					"omitted":	false,
					"sender":	true
				}],
			"sum":	{
				"start":	6.00023,
				"end":	7.000399,
				"seconds":	1.000169038772583,
				"bytes":	0,
				"bits_per_second":	0,
				"retransmits":	0,
				"omitted":	false,
				"sender":	true
			}
		}, {
			"streams":	[{
					"socket":	5,
					"start":	7.000399,
					"end":	8.000134,
					"seconds":	0.99973499774932861,
					"bytes":	0,
					"bits_per_second":	0,
					"retransmits":	0,
					"snd_cwnd":	1448,
					"rtt":	292368,
					"rttvar":	203298,
					"pmtu":	1500,
					"omitted":	false,
					"sender":	true
				}],
			"sum":	{
				"start":	7.000399,
				"end":	8.000134,
				"seconds":	0.99973499774932861,
				"bytes":	0,
				"bits_per_second":	0,
				"retransmits":	0,
				"omitted":	false,
				"sender":	true
			}
		}, {
			"streams":	[{
					"socket":	5,
					"start":	8.000134,
					"end":	9.00011,
					"seconds":	0.99997597932815552,
					"bytes":	0,
					"bits_per_second":	0,
					"retransmits":	0,
					"snd_cwnd":	1448,
					"rtt":	292368,
					"rttvar":	203298,
					"pmtu":	1500,
					"omitted":	false,
					"sender":	true
				}],
			"sum":	{
				"start":	8.000134,
				"end":	9.00011,
				"seconds":	0.99997597932815552,
				"bytes":	0,
				"bits_per_second":	0,
				"retransmits":	0,
				"omitted":	false,
				"sender":	true
			}
		}, {
			"streams":	[{
					"socket":	5,
					"start":	9.00011,
					"end":	10.000035,
					"seconds":	0.99992501735687256,
					"bytes":	0,
					"bits_per_second":	0,
					"retransmits":	0,
					"snd_cwnd":	1448,
					"rtt":	292368,
					"rttvar":	203298,
					"pmtu":	1500,
					"omitted":	false,
					"sender":	true
				}],
			"sum":	{
				"start":	9.00011,
				"end":	10.000035,
				"seconds":	0.99992501735687256,
				"bytes":	0,
				"bits_per_second":	0,
				"retransmits":	0,
				"omitted":	false,
				"sender":	true
			}
		}],
	"end":	{
		"streams":	[{
				"sender":	{
					"socket":	5,
					"start":	0,
					"end":	10.000035,
					"seconds":	10.000035,
					"bytes":	209960,
					"bits_per_second":	167967.4121140576,
					"retransmits":	3,
					"max_snd_cwnd":	33304,
					"max_rtt":	292368,
					"min_rtt":	258707,
					"mean_rtt":	289001,
					"sender":	true
				},
				"receiver":	{
					"socket":	5,
					"start":	0,
					"end":	10.464574,
					"seconds":	10.000035,
					"bytes":	53576,
					"bits_per_second":	40957.997907989375,
					"sender":	true
				}
			}],
		"sum_sent":	{
			"start":	0,
			"end":	10.000035,
			"seconds":	10.000035,
			"bytes":	209960,
			"bits_per_second":	167967.4121140576,
			"retransmits":	3,
			"sender":	true
		},
		"sum_received":	{
			"start":	0,
			"end":	10.464574,
			"seconds":	10.464574,
			"bytes":	53576,
			"bits_per_second":	40957.997907989375,
			"sender":	true
		},
		"cpu_utilization_percent":	{
			"host_total":	4.2237905963987634,
			"host_user":	1.3187291572395696,
			"host_system":	2.9050614391591933,
			"remote_total":	0.012474549294622963,
			"remote_user":	0.012474549294622963,
			"remote_system":	0
		},
		"sender_tcp_congestion":	"cubic",
		"receiver_tcp_congestion":	"cubic"
	}
}
