{
	"start":	{
		"connected":	[{
				"socket":	5,
				"local_host":	"10.0.1.10",
				"local_port":	36229,
				"remote_host":	"10.0.6.10",
				"remote_port":	5200
			}],
		"version":	"iperf 3.7",
		"system_info":	"Linux ubunu2004 5.11.0-40-generic #44~20.04.2-Ubuntu SMP Tue Oct 26 18:07:44 UTC 2021 x86_64",
		"timestamp":	{
			"time":	"Fri, 19 Nov 2021 12:41:56 GMT",
			"timesecs":	1637325716
		},
		"connecting_to":	{
			"host":	"10.0.6.10",
			"port":	5200
		},
		"cookie":	"xaxmw6feieksnz5iit7qhhtkvqziajmie2iw",
		"sock_bufsize":	0,
		"sndbuf_actual":	212992,
		"rcvbuf_actual":	212992,
		"test_start":	{
			"protocol":	"UDP",
			"num_streams":	1,
			"blksize":	1448,
			"omit":	0,
			"duration":	10,
			"bytes":	0,
			"blocks":	0,
			"reverse":	0,
			"tos":	0
		}
	},
	"intervals":	[{
			"streams":	[{
					"socket":	5,
					"start":	0,
					"end":	1.000036,
					"seconds":	1.0000360012054443,
					"bytes":	27074704,
					"bits_per_second":	216589834.50487083,
					"packets":	18698,
					"omitted":	false,
					"sender":	true
				}],
			"sum":	{
				"start":	0,
				"end":	1.000036,
				"seconds":	1.0000360012054443,
				"bytes":	27074704,
				"bits_per_second":	216589834.50487083,
				"packets":	18698,
				"omitted":	false,
				"sender":	true
			}
		}, {
			"streams":	[{
					"socket":	5,
					"start":	1.000036,
					"end":	2.000064,
					"seconds":	1.0000280141830444,
					"bytes":	51121640,
					"bits_per_second":	408961663.27310693,
					"packets":	35305,
					"omitted":	false,
					"sender":	true
				}],
			"sum":	{
				"start":	1.000036,
				"end":	2.000064,
				"seconds":	1.0000280141830444,
				"bytes":	51121640,
				"bits_per_second":	408961663.27310693,
				"packets":	35305,
				"omitted":	false,
				"sender":	true
			}
		}, {
			"streams":	[{
					"socket":	5,
					"start":	2.000064,
					"end":	3.000085,
					"seconds":	1.0000209808349609,
					"bytes":	50436736,
					"bits_per_second":	403485422.53894055,
					"packets":	34832,
					"omitted":	false,
					"sender":	true
				}],
			"sum":	{
				"start":	2.000064,
				"end":	3.000085,
				"seconds":	1.0000209808349609,
				"bytes":	50436736,
				"bits_per_second":	403485422.53894055,
				"packets":	34832,
				"omitted":	false,
				"sender":	true
			}
		}, {
			"streams":	[{
					"socket":	5,
					"start":	3.000085,
					"end":	4.000007,
					"seconds":	0.999921977519989,
					"bytes":	57536280,
					"bits_per_second":	460326155.78828853,
					"packets":	39735,
					"omitted":	false,
					"sender":	true
				}],
			"sum":	{
				"start":	3.000085,
				"end":	4.000007,
				"seconds":	0.999921977519989,
				"bytes":	57536280,
				"bits_per_second":	460326155.78828853,
				"packets":	39735,
				"omitted":	false,
				"sender":	true
			}
		}, {
			"streams":	[{
					"socket":	5,
					"start":	4.000007,
					"end":	5.00011,
					"seconds":	1.0001029968261719,
					"bytes":	53190832,
					"bits_per_second":	425482832.61864966,
					"packets":	36734,
					"omitted":	false,
					"sender":	true
				}],
			"sum":	{
				"start":	4.000007,
				"end":	5.00011,
				"seconds":	1.0001029968261719,
				"bytes":	53190832,
				"bits_per_second":	425482832.61864966,
				"packets":	36734,
				"omitted":	false,
				"sender":	true
			}
		}, {
			"streams":	[{
					"socket":	5,
					"start":	5.00011,
					"end":	6.000012,
					"seconds":	0.99990200996398926,
					"bytes":	58241456,
					"bits_per_second":	465977309.13330215,
					"packets":	40222,
					"omitted":	false,
					"sender":	true
				}],
			"sum":	{
				"start":	5.00011,
				"end":	6.000012,
				"seconds":	0.99990200996398926,
				"bytes":	58241456,
				"bits_per_second":	465977309.13330215,
				"packets":	40222,
				"omitted":	false,
				"sender":	true
			}
		}, {
			"streams":	[{
					"socket":	5,
					"start":	6.000012,
					"end":	7.000018,
					"seconds":	1.0000059604644775,
					"bytes":	55109432,
					"bits_per_second":	440872828.19316846,
					"packets":	38059,
					"omitted":	false,
					"sender":	true
				}],
			"sum":	{
				"start":	6.000012,
				"end":	7.000018,
				"seconds":	1.0000059604644775,
				"bytes":	55109432,
				"bits_per_second":	440872828.19316846,
				"packets":	38059,
				"omitted":	false,
				"sender":	true
			}
		}, {
			"streams":	[{
					"socket":	5,
					"start":	7.000018,
					"end":	8.000006,
					"seconds":	0.99998801946640015,
					"bytes":	55232512,
					"bits_per_second":	441865389.78314888,
					"packets":	38144,
					"omitted":	false,
					"sender":	true
				}],
			"sum":	{
				"start":	7.000018,
				"end":	8.000006,
				"seconds":	0.99998801946640015,
				"bytes":	55232512,
				"bits_per_second":	441865389.78314888,
				"packets":	38144,
				"omitted":	false,
				"sender":	true
			}
		}, {
			"streams":	[{
					"socket":	5,
					"start":	8.000006,
					"end":	9.000004,
					"seconds":	0.99999797344207764,
					"bytes":	57484152,
					"bits_per_second":	459874147.96159786,
					"packets":	39699,
					"omitted":	false,
					"sender":	true
				}],
			"sum":	{
				"start":	8.000006,
				"end":	9.000004,
				"seconds":	0.99999797344207764,
				"bytes":	57484152,
				"bits_per_second":	459874147.96159786,
				"packets":	39699,
				"omitted":	false,
				"sender":	true
			}
		}, {
			"streams":	[{
					"socket":	5,
					"start":	9.000004,
					"end":	10.000005,
					"seconds":	1.0000009536743164,
					"bytes":	90207504,
					"bits_per_second":	721659343.77201867,
					"packets":	62298,
					"omitted":	false,
					"sender":	true
				}],
			"sum":	{
				"start":	9.000004,
				"end":	10.000005,
				"seconds":	1.0000009536743164,
				"bytes":	90207504,
				"bits_per_second":	721659343.77201867,
				"packets":	62298,
				"omitted":	false,
				"sender":	true
			}
		}],
	"end":	{
		"streams":	[{
				"udp":	{
					"socket":	5,
					"start":	0,
					"end":	10.000005,
					"seconds":	10.000005,
					"bytes":	555635248,
					"bits_per_second":	444507976.14601195,
					"jitter_ms":	0.0094446132717984216,
					"lost_packets":	6103,
					"packets":	383726,
					"lost_percent":	1.5904577745578876,
					"out_of_order":	0,
					"sender":	true
				}
			}],
		"sum":	{
			"start":	0,
			"end":	10.302936,
			"seconds":	10.302936,
			"bytes":	555635248,
			"bits_per_second":	444507976.14601195,
			"jitter_ms":	0.0094446132717984216,
			"lost_packets":	6103,
			"packets":	383726,
			"lost_percent":	1.5904577745578876,
			"sender":	true
		},
		"cpu_utilization_percent":	{
			"host_total":	21.318903261195178,
			"host_user":	1.2149979548823675,
			"host_system":	20.103895918579816,
			"remote_total":	10.50718595746538,
			"remote_user":	1.2776280942569762,
			"remote_system":	9.2295578632084023
		}
	}
}
