{
	"start":	{
		"connected":	[{
				"socket":	5,
				"local_host":	"10.0.5.10",
				"local_port":	59597,
				"remote_host":	"10.0.6.10",
				"remote_port":	5204
			}],
		"version":	"iperf 3.7",
		"system_info":	"Linux ubunu2004 5.11.0-40-generic #44~20.04.2-Ubuntu SMP Tue Oct 26 18:07:44 UTC 2021 x86_64",
		"timestamp":	{
			"time":	"Fri, 19 Nov 2021 12:41:56 GMT",
			"timesecs":	1637325716
		},
		"connecting_to":	{
			"host":	"10.0.6.10",
			"port":	5204
		},
		"cookie":	"ohj2nnxodecthpkchub7nlzljsix3xldje65",
		"sock_bufsize":	0,
		"sndbuf_actual":	212992,
		"rcvbuf_actual":	212992,
		"test_start":	{
			"protocol":	"UDP",
			"num_streams":	1,
			"blksize":	1448,
			"omit":	0,
			"duration":	10,
			"bytes":	0,
			"blocks":	0,
			"reverse":	0,
			"tos":	0
		}
	},
	"intervals":	[{
			"streams":	[{
					"socket":	5,
					"start":	0,
					"end":	1.000008,
					"seconds":	1.0000079870224,
					"bytes":	28230208,
					"bits_per_second":	225839860.21197769,
					"packets":	19496,
					"omitted":	false,
					"sender":	true
				}],
			"sum":	{
				"start":	0,
				"end":	1.000008,
				"seconds":	1.0000079870224,
				"bytes":	28230208,
				"bits_per_second":	225839860.21197769,
				"packets":	19496,
				"omitted":	false,
				"sender":	true
			}
		}, {
			"streams":	[{
					"socket":	5,
					"start":	1.000008,
					"end":	2.000085,
					"seconds":	1.0000770092010498,
					"bytes":	50649592,
					"bits_per_second":	405165534.52589327,
					"packets":	34979,
					"omitted":	false,
					"sender":	true
				}],
			"sum":	{
				"start":	1.000008,
				"end":	2.000085,
				"seconds":	1.0000770092010498,
				"bytes":	50649592,
				"bits_per_second":	405165534.52589327,
				"packets":	34979,
				"omitted":	false,
				"sender":	true
			}
		}, {
			"streams":	[{
					"socket":	5,
					"start":	2.000085,
					"end":	3.000014,
					"seconds":	0.99992901086807251,
					"bytes":	50782808,
					"bits_per_second":	406291306.26714158,
					"packets":	35071,
					"omitted":	false,
					"sender":	true
				}],
			"sum":	{
				"start":	2.000085,
				"end":	3.000014,
				"seconds":	0.99992901086807251,
				"bytes":	50782808,
				"bits_per_second":	406291306.26714158,
				"packets":	35071,
				"omitted":	false,
				"sender":	true
			}
		}, {
			"streams":	[{
					"socket":	5,
					"start":	3.000014,
					"end":	4.000054,
					"seconds":	1.0000400543212891,
					"bytes":	57801264,
					"bits_per_second":	462391591.21864396,
					"packets":	39918,
					"omitted":	false,
					"sender":	true
				}],
			"sum":	{
				"start":	3.000014,
				"end":	4.000054,
				"seconds":	1.0000400543212891,
				"bytes":	57801264,
				"bits_per_second":	462391591.21864396,
				"packets":	39918,
				"omitted":	false,
				"sender":	true
			}
		}, {
			"streams":	[{
					"socket":	5,
					"start":	4.000054,
					"end":	5.000014,
					"seconds":	0.99996000528335571,
					"bytes":	53116984,
					"bits_per_second":	424952867.86953759,
					"packets":	36683,
					"omitted":	false,
					"sender":	true
				}],
			"sum":	{
				"start":	4.000054,
				"end":	5.000014,
				"seconds":	0.99996000528335571,
				"bytes":	53116984,
				"bits_per_second":	424952867.86953759,
				"packets":	36683,
				"omitted":	false,
				"sender":	true
			}
		}, {
			"streams":	[{
					"socket":	5,
					"start":	5.000014,
					"end":	6.000005,
					"seconds":	0.99999099969863892,
					"bytes":	57756376,
					"bits_per_second":	462055166.63574517,
					"packets":	39887,
					"omitted":	false,
					"sender":	true
				}],
			"sum":	{
				"start":	5.000014,
				"end":	6.000005,
				"seconds":	0.99999099969863892,
				"bytes":	57756376,
				"bits_per_second":	462055166.63574517,
				"packets":	39887,
				"omitted":	false,
				"sender":	true
			}
		}, {
			"streams":	[{
					"socket":	5,
					"start":	6.000005,
					"end":	7.000011,
					"seconds":	1.0000059604644775,
					"bytes":	54567880,
					"bits_per_second":	436540438.01622617,
					"packets":	37685,
					"omitted":	false,
					"sender":	true
				}],
			"sum":	{
				"start":	6.000005,
				"end":	7.000011,
				"seconds":	1.0000059604644775,
				"bytes":	54567880,
				"bits_per_second":	436540438.01622617,
				"packets":	37685,
				"omitted":	false,
				"sender":	true
			}
		}, {
			"streams":	[{
					"socket":	5,
					"start":	7.000011,
					"end":	8.000013,
					"seconds":	1.0000020265579224,
					"bytes":	55148528,
					"bits_per_second":	441187329.90832132,
					"packets":	38086,
					"omitted":	false,
					"sender":	true
				}],
			"sum":	{
				"start":	7.000011,
				"end":	8.000013,
				"seconds":	1.0000020265579224,
				"bytes":	55148528,
				"bits_per_second":	441187329.90832132,
				"packets":	38086,
				"omitted":	false,
				"sender":	true
			}
		}, {
			"streams":	[{
					"socket":	5,
					"start":	8.000013,
					"end":	9.006898,
					"seconds":	1.0068850517272949,
					"bytes":	78264400,
					"bits_per_second":	621833841.83319592,
					"packets":	54050,
					"omitted":	false,
					"sender":	true
				}],
			"sum":	{
				"start":	8.000013,
				"end":	9.006898,
				"seconds":	1.0068850517272949,
				"bytes":	78264400,
				"bits_per_second":	621833841.83319592,
				"packets":	54050,
				"omitted":	false,
				"sender":	true
			}
		}, {
			"streams":	[{
					"socket":	5,
					"start":	9.006898,
					"end":	10.000014,
					"seconds":	0.993116021156311,
					"bytes":	98996864,
					"bits_per_second":	797464641.72220564,
					"packets":	68368,
					"omitted":	false,
					"sender":	true
				}],
			"sum":	{
				"start":	9.006898,
				"end":	10.000014,
				"seconds":	0.993116021156311,
				"bytes":	98996864,
				"bits_per_second":	797464641.72220564,
				"packets":	68368,
				"omitted":	false,
				"sender":	true
			}
		}],
	"end":	{
		"streams":	[{
				"udp":	{
					"socket":	5,
					"start":	0,
					"end":	10.000014,
					"seconds":	10.000014,
					"bytes":	585314904,
					"bits_per_second":	468251267.64822531,
					"jitter_ms":	0.00067073771929896157,
					"lost_packets":	1749,
					"packets":	404223,
					"lost_percent":	0.43268196020513428,
					"out_of_order":	0,
					"sender":	true
				}
			}],
		"sum":	{
			"start":	0,
			"end":	10.391501,
			"seconds":	10.391501,
			"bytes":	585314904,
			"bits_per_second":	468251267.64822531,
			"jitter_ms":	0.00067073771929896157,
			"lost_packets":	1749,
			"packets":	404223,
			"lost_percent":	0.43268196020513428,
			"sender":	true
		},
		"cpu_utilization_percent":	{
			"host_total":	20.84095640859119,
			"host_user":	1.1694615796541592,
			"host_system":	19.671494828937028,
			"remote_total":	10.847652540841041,
			"remote_user":	1.1357892665261751,
			"remote_system":	9.7118450436401336
		}
	}
}
