{
	"start":	{
		"connected":	[{
				"socket":	5,
				"local_host":	"10.0.4.13",
				"local_port":	55795,
				"remote_host":	"10.0.6.10",
				"remote_port":	5203
			}],
		"version":	"iperf 3.7",
		"system_info":	"Linux ubunu2004 5.11.0-40-generic #44~20.04.2-Ubuntu SMP Tue Oct 26 18:07:44 UTC 2021 x86_64",
		"timestamp":	{
			"time":	"Fri, 19 Nov 2021 12:41:56 GMT",
			"timesecs":	1637325716
		},
		"connecting_to":	{
			"host":	"10.0.6.10",
			"port":	5203
		},
		"cookie":	"3t7hx7r27bjb2c46dfkgng3kphr6luaamzb7",
		"sock_bufsize":	0,
		"sndbuf_actual":	212992,
		"rcvbuf_actual":	212992,
		"test_start":	{
			"protocol":	"UDP",
			"num_streams":	1,
			"blksize":	1448,
			"omit":	0,
			"duration":	10,
			"bytes":	0,
			"blocks":	0,
			"reverse":	0,
			"tos":	0
		}
	},
	"intervals":	[{
			"streams":	[{
					"socket":	5,
					"start":	0,
					"end":	1.000002,
					"seconds":	1.0000020265579224,
					"bytes":	69989080,
					"bits_per_second":	559911505.30690312,
					"packets":	48335,
					"omitted":	false,
					"sender":	true
				}],
			"sum":	{
				"start":	0,
				"end":	1.000002,
				"seconds":	1.0000020265579224,
				"bytes":	69989080,
				"bits_per_second":	559911505.30690312,
				"packets":	48335,
				"omitted":	false,
				"sender":	true
			}
		}, {
			"streams":	[{
					"socket":	5,
					"start":	1.000002,
					"end":	2.009355,
					"seconds":	1.0093530416488647,
					"bytes":	105541824,
					"bits_per_second":	836510672.83723342,
					"packets":	72888,
					"omitted":	false,
					"sender":	true
				}],
			"sum":	{
				"start":	1.000002,
				"end":	2.009355,
				"seconds":	1.0093530416488647,
				"bytes":	105541824,
				"bits_per_second":	836510672.83723342,
				"packets":	72888,
				"omitted":	false,
				"sender":	true
			}
		}, {
			"streams":	[{
					"socket":	5,
					"start":	2.009355,
					"end":	3.000001,
					"seconds":	0.99064600467681885,
					"bytes":	103546480,
					"bits_per_second":	836193590.93891668,
					"packets":	71510,
					"omitted":	false,
					"sender":	true
				}],
			"sum":	{
				"start":	2.009355,
				"end":	3.000001,
				"seconds":	0.99064600467681885,
				"bytes":	103546480,
				"bits_per_second":	836193590.93891668,
				"packets":	71510,
				"omitted":	false,
				"sender":	true
			}
		}, {
			"streams":	[{
					"socket":	5,
					"start":	3.000001,
					"end":	4.013667,
					"seconds":	1.013666033744812,
					"bytes":	117835344,
					"bits_per_second":	929973700.03355372,
					"packets":	81378,
					"omitted":	false,
					"sender":	true
				}],
			"sum":	{
				"start":	3.000001,
				"end":	4.013667,
				"seconds":	1.013666033744812,
				"bytes":	117835344,
				"bits_per_second":	929973700.03355372,
				"packets":	81378,
				"omitted":	false,
				"sender":	true
			}
		}, {
			"streams":	[{
					"socket":	5,
					"start":	4.013667,
					"end":	5.006783,
					"seconds":	0.993116021156311,
					"bytes":	111718992,
					"bits_per_second":	899947153.16281092,
					"packets":	77154,
					"omitted":	false,
					"sender":	true
				}],
			"sum":	{
				"start":	4.013667,
				"end":	5.006783,
				"seconds":	0.993116021156311,
				"bytes":	111718992,
				"bits_per_second":	899947153.16281092,
				"packets":	77154,
				"omitted":	false,
				"sender":	true
			}
		}, {
			"streams":	[{
					"socket":	5,
					"start":	5.006783,
					"end":	6.008381,
					"seconds":	1.0015980005264282,
					"bytes":	112379280,
					"bits_per_second":	897599874.9273442,
					"packets":	77610,
					"omitted":	false,
					"sender":	true
				}],
			"sum":	{
				"start":	5.006783,
				"end":	6.008381,
				"seconds":	1.0015980005264282,
				"bytes":	112379280,
				"bits_per_second":	897599874.9273442,
				"packets":	77610,
				"omitted":	false,
				"sender":	true
			}
		}, {
			"streams":	[{
					"socket":	5,
					"start":	6.008381,
					"end":	7.000001,
					"seconds":	0.99162000417709351,
					"bytes":	116358384,
					"bits_per_second":	938733656.117083,
					"packets":	80358,
					"omitted":	false,
					"sender":	true
				}],
			"sum":	{
				"start":	6.008381,
				"end":	7.000001,
				"seconds":	0.99162000417709351,
				"bytes":	116358384,
				"bits_per_second":	938733656.117083,
				"packets":	80358,
				"omitted":	false,
				"sender":	true
			}
		}, {
			"streams":	[{
					"socket":	5,
					"start":	7.000001,
					"end":	8.009567,
					"seconds":	1.0095659494400024,
					"bytes":	112612408,
					"bits_per_second":	892362964.99472976,
					"packets":	77771,
					"omitted":	false,
					"sender":	true
				}],
			"sum":	{
				"start":	7.000001,
				"end":	8.009567,
				"seconds":	1.0095659494400024,
				"bytes":	112612408,
				"bits_per_second":	892362964.99472976,
				"packets":	77771,
				"omitted":	false,
				"sender":	true
			}
		}, {
			"streams":	[{
					"socket":	5,
					"start":	8.009567,
					"end":	9.000037,
					"seconds":	0.99046999216079712,
					"bytes":	111860896,
					"bits_per_second":	903497506.31791,
					"packets":	77252,
					"omitted":	false,
					"sender":	true
				}],
			"sum":	{
				"start":	8.009567,
				"end":	9.000037,
				"seconds":	0.99046999216079712,
				"bytes":	111860896,
				"bits_per_second":	903497506.31791,
				"packets":	77252,
				"omitted":	false,
				"sender":	true
			}
		}, {
			"streams":	[{
					"socket":	5,
					"start":	9.000037,
					"end":	10.00001,
					"seconds":	0.99997299909591675,
					"bytes":	46767504,
					"bits_per_second":	374150134.39189148,
					"packets":	32298,
					"omitted":	false,
					"sender":	true
				}],
			"sum":	{
				"start":	9.000037,
				"end":	10.00001,
				"seconds":	0.99997299909591675,
				"bytes":	46767504,
				"bits_per_second":	374150134.39189148,
				"packets":	32298,
				"omitted":	false,
				"sender":	true
			}
		}],
	"end":	{
		"streams":	[{
				"udp":	{
					"socket":	5,
					"start":	0,
					"end":	10.00001,
					"seconds":	10.00001,
					"bytes":	1008610192,
					"bits_per_second":	806887346.71265328,
					"jitter_ms":	0.0041020227505329234,
					"lost_packets":	11749,
					"packets":	696554,
					"lost_percent":	1.6867321126574537,
					"out_of_order":	0,
					"sender":	true
				}
			}],
		"sum":	{
			"start":	0,
			"end":	10.119005,
			"seconds":	10.119005,
			"bytes":	1008610192,
			"bits_per_second":	806887346.71265328,
			"jitter_ms":	0.0041020227505329234,
			"lost_packets":	11749,
			"packets":	696554,
			"lost_percent":	1.6867321126574537,
			"sender":	true
		},
		"cpu_utilization_percent":	{
			"host_total":	25.68941803403866,
			"host_user":	2.6449542610116969,
			"host_system":	23.044463773026962,
			"remote_total":	14.246760595818934,
			"remote_user":	0.13515082323386504,
			"remote_system":	14.111619119761446
		}
	}
}
