{
	"start":	{
		"connected":	[{
				"socket":	5,
				"local_host":	"10.0.2.11",
				"local_port":	49116,
				"remote_host":	"10.0.6.10",
				"remote_port":	5201
			}],
		"version":	"iperf 3.7",
		"system_info":	"Linux ubuntu 5.11.0-40-generic #44~20.04.2-Ubuntu SMP Tue Oct 26 18:07:44 UTC 2021 x86_64",
		"timestamp":	{
			"time":	"Sat, 20 Nov 2021 13:26:51 GMT",
			"timesecs":	1637414811
		},
		"connecting_to":	{
			"host":	"10.0.6.10",
			"port":	5201
		},
		"cookie":	"ikoucuid6ohbvbgqv24pybmm36uwsdn2hqss",
		"tcp_mss_default":	1448,
		"target_bitrate":	1000000000,
		"sock_bufsize":	0,
		"sndbuf_actual":	87380,
		"rcvbuf_actual":	87380,
		"test_start":	{
			"protocol":	"TCP",
			"num_streams":	1,
			"blksize":	131072,
			"omit":	0,
			"duration":	10,
			"bytes":	0,
			"blocks":	0,
			"reverse":	0,
			"tos":	0
		}
	},
	"intervals":	[{
			"streams":	[{
					"socket":	5,
					"start":	0,
					"end":	1.000134,
					"seconds":	1.0001339912414551,
					"bytes":	144800,
					"bits_per_second":	1158244.8053406235,
					"retransmits":	0,
					"snd_cwnd":	26064,
					"rtt":	248380,
					"rttvar":	194410,
					"pmtu":	1500,
					"omitted":	false,
					"sender":	true
				}],
			"sum":	{
				"start":	0,
				"end":	1.000134,
				"seconds":	1.0001339912414551,
				"bytes":	144800,
				"bits_per_second":	1158244.8053406235,
				"retransmits":	0,
				"omitted":	false,
				"sender":	true
			}
		}, {
			"streams":	[{
					"socket":	5,
					"start":	1.000134,
					"end":	2.000552,
					"seconds":	1.000417947769165,
					"bytes":	213608,
					"bits_per_second":	1708150.0824836269,
					"retransmits":	0,
					"snd_cwnd":	75296,
					"rtt":	483917,
					"rttvar":	256579,
					"pmtu":	1500,
					"omitted":	false,
					"sender":	true
				}],
			"sum":	{
				"start":	1.000134,
				"end":	2.000552,
				"seconds":	1.000417947769165,
				"bytes":	213608,
				"bits_per_second":	1708150.0824836269,
				"retransmits":	0,
				"omitted":	false,
				"sender":	true
			}
		}, {
			"streams":	[{
					"socket":	5,
					"start":	2.000552,
					"end":	3.000826,
					"seconds":	1.0002739429473877,
					"bytes":	262144,
					"bits_per_second":	2096577.6573371219,
					"retransmits":	0,
					"snd_cwnd":	130320,
					"rtt":	557886,
					"rttvar":	163320,
					"pmtu":	1500,
					"omitted":	false,
					"sender":	true
				}],
			"sum":	{
				"start":	2.000552,
				"end":	3.000826,
				"seconds":	1.0002739429473877,
				"bytes":	262144,
				"bits_per_second":	2096577.6573371219,
				"retransmits":	0,
				"omitted":	false,
				"sender":	true
			}
		}, {
			"streams":	[{
					"socket":	5,
					"start":	3.000826,
					"end":	4.000703,
					"seconds":	0.99987697601318359,
					"bytes":	1179648,
					"bits_per_second":	9438345.1428484228,
					"retransmits":	0,
					"snd_cwnd":	372136,
					"rtt":	643631,
					"rttvar":	149960,
					"pmtu":	1500,
					"omitted":	false,
					"sender":	true
				}],
			"sum":	{
				"start":	3.000826,
				"end":	4.000703,
				"seconds":	0.99987697601318359,
				"bytes":	1179648,
				"bits_per_second":	9438345.1428484228,
				"retransmits":	0,
				"omitted":	false,
				"sender":	true
			}
		}, {
			"streams":	[{
					"socket":	5,
					"start":	4.000703,
					"end":	5.000871,
					"seconds":	1.0001679658889771,
					"bytes":	2359296,
					"bits_per_second":	18871198.282404434,
					"retransmits":	0,
					"snd_cwnd":	890520,
					"rtt":	661123,
					"rttvar":	117142,
					"pmtu":	1500,
					"omitted":	false,
					"sender":	true
				}],
			"sum":	{
				"start":	4.000703,
				"end":	5.000871,
				"seconds":	1.0001679658889771,
				"bytes":	2359296,
				"bits_per_second":	18871198.282404434,
				"retransmits":	0,
				"omitted":	false,
				"sender":	true
			}
		}, {
			"streams":	[{
					"socket":	5,
					"start":	5.000871,
					"end":	6.000497,
					"seconds":	0.99962598085403442,
					"bytes":	9568256,
					"bits_per_second":	76574688.399557784,
					"retransmits":	0,
					"snd_cwnd":	2997360,
					"rtt":	657341,
					"rttvar":	129443,
					"pmtu":	1500,
					"omitted":	false,
					"sender":	true
				}],
			"sum":	{
				"start":	5.000871,
				"end":	6.000497,
				"seconds":	0.99962598085403442,
				"bytes":	9568256,
				"bits_per_second":	76574688.399557784,
				"retransmits":	0,
				"omitted":	false,
				"sender":	true
			}
		}, {
			"streams":	[{
					"socket":	5,
					"start":	6.000497,
					"end":	7.000624,
					"seconds":	1.0001269578933716,
					"bytes":	4194304,
					"bits_per_second":	33550172.540771969,
					"retransmits":	0,
					"snd_cwnd":	7315296,
					"rtt":	637578,
					"rttvar":	80693,
					"pmtu":	1500,
					"omitted":	false,
					"sender":	true
				}],
			"sum":	{
				"start":	6.000497,
				"end":	7.000624,
				"seconds":	1.0001269578933716,
				"bytes":	4194304,
				"bits_per_second":	33550172.540771969,
				"retransmits":	0,
				"omitted":	false,
				"sender":	true
			}
		}, {
			"streams":	[{
					"socket":	5,
					"start":	7.000624,
					"end":	8.000255,
					"seconds":	0.99963098764419556,
					"bytes":	6291456,
					"bits_per_second":	50350227.856196508,
					"retransmits":	0,
					"snd_cwnd":	13462056,
					"rtt":	657790,
					"rttvar":	71964,
					"pmtu":	1500,
					"omitted":	false,
					"sender":	true
				}],
			"sum":	{
				"start":	7.000624,
				"end":	8.000255,
				"seconds":	0.99963098764419556,
				"bytes":	6291456,
				"bits_per_second":	50350227.856196508,
				"retransmits":	0,
				"omitted":	false,
				"sender":	true
			}
		}, {
			"streams":	[{
					"socket":	5,
					"start":	8.000255,
					"end":	9.000463,
					"seconds":	1.0002080202102661,
					"bytes":	0,
					"bits_per_second":	0,
					"retransmits":	0,
					"snd_cwnd":	13462056,
					"rtt":	657790,
					"rttvar":	71964,
					"pmtu":	1500,
					"omitted":	false,
					"sender":	true
				}],
			"sum":	{
				"start":	8.000255,
				"end":	9.000463,
				"seconds":	1.0002080202102661,
				"bytes":	0,
				"bits_per_second":	0,
				"retransmits":	0,
				"omitted":	false,
				"sender":	true
			}
		}, {
			"streams":	[{
					"socket":	5,
					"start":	9.000463,
					"end":	10.000106,
					"seconds":	0.99964302778244019,
					"bytes":	0,
					"bits_per_second":	0,
					"retransmits":	1,
					"snd_cwnd":	1448,
					"rtt":	657790,
					"rttvar":	71964,
					"pmtu":	1500,
					"omitted":	false,
					"sender":	true
				}],
			"sum":	{
				"start":	9.000463,
				"end":	10.000106,
				"seconds":	0.99964302778244019,
				"bytes":	0,
				"bits_per_second":	0,
				"retransmits":	1,
				"omitted":	false,
				"sender":	true
			}
		}],
	"end":	{
		"streams":	[{
				"sender":	{
					"socket":	5,
					"start":	0,
					"end":	10.000106,
					"seconds":	10.000106,
					"bytes":	24213512,
					"bits_per_second":	19370604.271594718,
					"retransmits":	1,
					"max_snd_cwnd":	13462056,
					"max_rtt":	661123,
					"min_rtt":	248380,
					"mean_rtt":	586322,
					"sender":	true
				},
				"receiver":	{
					"socket":	5,
					"start":	0,
					"end":	10.295779,
					"seconds":	10.000106,
					"bytes":	21835160,
					"bits_per_second":	16966300.461577509,
					"sender":	true
				}
			}],
		"sum_sent":	{
			"start":	0,
			"end":	10.000106,
			"seconds":	10.000106,
			"bytes":	24213512,
			"bits_per_second":	19370604.271594718,
			"retransmits":	1,
			"sender":	true
		},
		"sum_received":	{
			"start":	0,
			"end":	10.295779,
			"seconds":	10.295779,
			"bytes":	21835160,
			"bits_per_second":	16966300.461577509,
			"sender":	true
		},
		"cpu_utilization_percent":	{
			"host_total":	4.79754021641197,
			"host_user":	0.636293402950646,
			"host_system":	4.161237507661,
			"remote_total":	0.39763766622110364,
			"remote_user":	0.39763766622110364,
			"remote_system":	0
		},
		"sender_tcp_congestion":	"cubic",
		"receiver_tcp_congestion":	"cubic"
	}
}
