{
	"start":	{
		"connected":	[{
				"socket":	5,
				"local_host":	"10.0.1.10",
				"local_port":	34670,
				"remote_host":	"10.0.6.10",
				"remote_port":	5200
			}],
		"version":	"iperf 3.7",
		"system_info":	"Linux ubuntu 5.11.0-40-generic #44~20.04.2-Ubuntu SMP Tue Oct 26 18:07:44 UTC 2021 x86_64",
		"timestamp":	{
			"time":	"Sat, 20 Nov 2021 13:26:51 GMT",
			"timesecs":	1637414811
		},
		"connecting_to":	{
			"host":	"10.0.6.10",
			"port":	5200
		},
		"cookie":	"cf5a2nnfwt4ugeboaxy7fcyc4oqxq2t6ojau",
		"tcp_mss_default":	1448,
		"target_bitrate":	1000000000,
		"sock_bufsize":	0,
		"sndbuf_actual":	87380,
		"rcvbuf_actual":	87380,
		"test_start":	{
			"protocol":	"TCP",
			"num_streams":	1,
			"blksize":	131072,
			"omit":	0,
			"duration":	10,
			"bytes":	0,
			"blocks":	0,
			"reverse":	0,
			"tos":	0
		}
	},
	"intervals":	[{
			"streams":	[{
					"socket":	5,
					"start":	0,
					"end":	1.000286,
					"seconds":	1.0002859830856323,
					"bytes":	79640,
					"bits_per_second":	636937.84654928779,
					"retransmits":	0,
					"snd_cwnd":	17376,
					"rtt":	174262,
					"rttvar":	152983,
					"pmtu":	1500,
					"omitted":	false,
					"sender":	true
				}],
			"sum":	{
				"start":	0,
				"end":	1.000286,
				"seconds":	1.0002859830856323,
				"bytes":	79640,
				"bits_per_second":	636937.84654928779,
				"retransmits":	0,
				"omitted":	false,
				"sender":	true
			}
		}, {
			"streams":	[{
					"socket":	5,
					"start":	1.000286,
					"end":	2.000498,
					"seconds":	1.0002119541168213,
					"bytes":	131072,
					"bits_per_second":	1048353.7970968201,
					"retransmits":	1,
					"snd_cwnd":	33304,
					"rtt":	218479,
					"rttvar":	203172,
					"pmtu":	1500,
					"omitted":	false,
					"sender":	true
				}],
			"sum":	{
				"start":	1.000286,
				"end":	2.000498,
				"seconds":	1.0002119541168213,
				"bytes":	131072,
				"bits_per_second":	1048353.7970968201,
				"retransmits":	1,
				"omitted":	false,
				"sender":	true
			}
		}, {
			"streams":	[{
					"socket":	5,
					"start":	2.000498,
					"end":	3.000715,
					"seconds":	1.0002169609069824,
					"bytes":	131072,
					"bits_per_second":	1048348.5493478997,
					"retransmits":	0,
					"snd_cwnd":	75296,
					"rtt":	410968,
					"rttvar":	323220,
					"pmtu":	1500,
					"omitted":	false,
					"sender":	true
				}],
			"sum":	{
				"start":	2.000498,
				"end":	3.000715,
				"seconds":	1.0002169609069824,
				"bytes":	131072,
				"bits_per_second":	1048348.5493478997,
				"retransmits":	0,
				"omitted":	false,
				"sender":	true
			}
		}, {
			"streams":	[{
					"socket":	5,
					"start":	3.000715,
					"end":	4.000624,
					"seconds":	0.999908983707428,
					"bytes":	786432,
					"bits_per_second":	6292028.6771229487,
					"retransmits":	0,
					"snd_cwnd":	222992,
					"rtt":	566036,
					"rttvar":	212845,
					"pmtu":	1500,
					"omitted":	false,
					"sender":	true
				}],
			"sum":	{
				"start":	3.000715,
				"end":	4.000624,
				"seconds":	0.999908983707428,
				"bytes":	786432,
				"bits_per_second":	6292028.6771229487,
				"retransmits":	0,
				"omitted":	false,
				"sender":	true
			}
		}, {
			"streams":	[{
					"socket":	5,
					"start":	4.000624,
					"end":	5.00012,
					"seconds":	0.9994959831237793,
					"bytes":	1572864,
					"bits_per_second":	12589257.198086919,
					"retransmits":	0,
					"snd_cwnd":	550240,
					"rtt":	652959,
					"rttvar":	201996,
					"pmtu":	1500,
					"omitted":	false,
					"sender":	true
				}],
			"sum":	{
				"start":	4.000624,
				"end":	5.00012,
				"seconds":	0.9994959831237793,
				"bytes":	1572864,
				"bits_per_second":	12589257.198086919,
				"retransmits":	0,
				"omitted":	false,
				"sender":	true
			}
		}, {
			"streams":	[{
					"socket":	5,
					"start":	5.00012,
					"end":	6.000093,
					"seconds":	0.99997299909591675,
					"bytes":	2490368,
					"bits_per_second":	19923481.95202519,
					"retransmits":	0,
					"snd_cwnd":	1058488,
					"rtt":	722864,
					"rttvar":	291308,
					"pmtu":	1500,
					"omitted":	false,
					"sender":	true
				}],
			"sum":	{
				"start":	5.00012,
				"end":	6.000093,
				"seconds":	0.99997299909591675,
				"bytes":	2490368,
				"bits_per_second":	19923481.95202519,
				"retransmits":	0,
				"omitted":	false,
				"sender":	true
			}
		}, {
			"streams":	[{
					"socket":	5,
					"start":	6.000093,
					"end":	7.000202,
					"seconds":	1.0001089572906494,
					"bytes":	4980736,
					"bits_per_second":	39841546.972986542,
					"retransmits":	0,
					"snd_cwnd":	2119872,
					"rtt":	829562,
					"rttvar":	340020,
					"pmtu":	1500,
					"omitted":	false,
					"sender":	true
				}],
			"sum":	{
				"start":	6.000093,
				"end":	7.000202,
				"seconds":	1.0001089572906494,
				"bytes":	4980736,
				"bits_per_second":	39841546.972986542,
				"retransmits":	0,
				"omitted":	false,
				"sender":	true
			}
		}, {
			"streams":	[{
					"socket":	5,
					"start":	7.000202,
					"end":	8.000319,
					"seconds":	1.0001169443130493,
					"bytes":	6422528,
					"bits_per_second":	51374216.077592358,
					"retransmits":	0,
					"snd_cwnd":	5931008,
					"rtt":	778611,
					"rttvar":	161833,
					"pmtu":	1500,
					"omitted":	false,
					"sender":	true
				}],
			"sum":	{
				"start":	7.000202,
				"end":	8.000319,
				"seconds":	1.0001169443130493,
				"bytes":	6422528,
				"bits_per_second":	51374216.077592358,
				"retransmits":	0,
				"omitted":	false,
				"sender":	true
			}
		}, {
			"streams":	[{
					"socket":	5,
					"start":	8.000319,
					"end":	9.000536,
					"seconds":	1.0002169609069824,
					"bytes":	3276800,
					"bits_per_second":	26208713.733697493,
					"retransmits":	0,
					"snd_cwnd":	9018144,
					"rtt":	813205,
					"rttvar":	190563,
					"pmtu":	1500,
					"omitted":	false,
					"sender":	true
				}],
			"sum":	{
				"start":	8.000319,
				"end":	9.000536,
				"seconds":	1.0002169609069824,
				"bytes":	3276800,
				"bits_per_second":	26208713.733697493,
				"retransmits":	0,
				"omitted":	false,
				"sender":	true
			}
		}, {
			"streams":	[{
					"socket":	5,
					"start":	9.000536,
					"end":	10.000505,
					"seconds":	0.9999690055847168,
					"bytes":	8388608,
					"bits_per_second":	67110944.064470381,
					"retransmits":	0,
					"snd_cwnd":	17410752,
					"rtt":	870016,
					"rttvar":	205654,
					"pmtu":	1500,
					"omitted":	false,
					"sender":	true
				}],
			"sum":	{
				"start":	9.000536,
				"end":	10.000505,
				"seconds":	0.9999690055847168,
				"bytes":	8388608,
				"bits_per_second":	67110944.064470381,
				"retransmits":	0,
				"omitted":	false,
				"sender":	true
			}
		}],
	"end":	{
		"streams":	[{
				"sender":	{
					"socket":	5,
					"start":	0,
					"end":	10.000505,
					"seconds":	10.000505,
					"bytes":	28260120,
					"bits_per_second":	22606954.348805383,
					"retransmits":	1,
					"max_snd_cwnd":	17410752,
					"max_rtt":	870016,
					"min_rtt":	174262,
					"mean_rtt":	603696,
					"sender":	true
				},
				"receiver":	{
					"socket":	5,
					"start":	0,
					"end":	10.358786,
					"seconds":	10.000505,
					"bytes":	25775848,
					"bits_per_second":	19906462.398199942,
					"sender":	true
				}
			}],
		"sum_sent":	{
			"start":	0,
			"end":	10.000505,
			"seconds":	10.000505,
			"bytes":	28260120,
			"bits_per_second":	22606954.348805383,
			"retransmits":	1,
			"sender":	true
		},
		"sum_received":	{
			"start":	0,
			"end":	10.358786,
			"seconds":	10.358786,
			"bytes":	25775848,
			"bits_per_second":	19906462.398199942,
			"sender":	true
		},
		"cpu_utilization_percent":	{
			"host_total":	4.7371397942256079,
			"host_user":	0.64762465019417081,
			"host_system":	4.089515144031437,
			"remote_total":	0.41804593617988922,
			"remote_user":	0,
			"remote_system":	0.41803688560755364
		},
		"sender_tcp_congestion":	"cubic",
		"receiver_tcp_congestion":	"cubic"
	}
}
