{
	"start":	{
		"connected":	[{
				"socket":	5,
				"local_host":	"10.0.1.10",
				"local_port":	38800,
				"remote_host":	"10.0.6.10",
				"remote_port":	5200
			}],
		"version":	"iperf 3.7",
		"system_info":	"Linux ubunu2004 5.4.0-26-generic #30-Ubuntu SMP Mon Apr 20 16:58:30 UTC 2020 x86_64",
		"timestamp":	{
			"time":	"Wed, 17 Nov 2021 09:05:52 GMT",
			"timesecs":	1637139952
		},
		"connecting_to":	{
			"host":	"10.0.6.10",
			"port":	5200
		},
		"cookie":	"jxdfdq6dtrgxzvc7wscp3wj2crxlo22bkkco",
		"tcp_mss_default":	1448,
		"target_bitrate":	1000000000000,
		"sock_bufsize":	0,
		"sndbuf_actual":	87380,
		"rcvbuf_actual":	87380,
		"test_start":	{
			"protocol":	"TCP",
			"num_streams":	1,
			"blksize":	131072,
			"omit":	0,
			"duration":	10,
			"bytes":	0,
			"blocks":	0,
			"reverse":	0,
			"tos":	0
		}
	},
	"intervals":	[{
			"streams":	[{
					"socket":	5,
					"start":	0,
					"end":	1.000117,
					"seconds":	1.0001169443130493,
					"bytes":	188240,
					"bits_per_second":	1505743.9118126049,
					"retransmits":	0,
					"snd_cwnd":	30408,
					"rtt":	237061,
					"rttvar":	249516,
					"pmtu":	1500,
					"omitted":	false,
					"sender":	true
				}],
			"sum":	{
				"start":	0,
				"end":	1.000117,
				"seconds":	1.0001169443130493,
				"bytes":	188240,
				"bits_per_second":	1505743.9118126049,
				"retransmits":	0,
				"omitted":	false,
				"sender":	true
			}
		}, {
			"streams":	[{
					"socket":	5,
					"start":	1.000117,
					"end":	2.000093,
					"seconds":	0.99997597932815552,
					"bytes":	131072,
					"bits_per_second":	1048601.1881050351,
					"retransmits":	0,
					"snd_cwnd":	68056,
					"rtt":	408909,
					"rttvar":	317625,
					"pmtu":	1500,
					"omitted":	false,
					"sender":	true
				}],
			"sum":	{
				"start":	1.000117,
				"end":	2.000093,
				"seconds":	0.99997597932815552,
				"bytes":	131072,
				"bits_per_second":	1048601.1881050351,
				"retransmits":	0,
				"omitted":	false,
				"sender":	true
			}
		}, {
			"streams":	[{
					"socket":	5,
					"start":	2.000093,
					"end":	3.000353,
					"seconds":	1.0002599954605103,
					"bytes":	262144,
					"bits_per_second":	2096606.8917256768,
					"retransmits":	0,
					"snd_cwnd":	121632,
					"rtt":	534020,
					"rttvar":	135137,
					"pmtu":	1500,
					"omitted":	false,
					"sender":	true
				}],
			"sum":	{
				"start":	2.000093,
				"end":	3.000353,
				"seconds":	1.0002599954605103,
				"bytes":	262144,
				"bits_per_second":	2096606.8917256768,
				"retransmits":	0,
				"omitted":	false,
				"sender":	true
			}
		}, {
			"streams":	[{
					"socket":	5,
					"start":	3.000353,
					"end":	4.000081,
					"seconds":	0.99972802400588989,
					"bytes":	1572864,
					"bits_per_second":	12586335.181023061,
					"retransmits":	0,
					"snd_cwnd":	437296,
					"rtt":	604715,
					"rttvar":	72869,
					"pmtu":	1500,
					"omitted":	false,
					"sender":	true
				}],
			"sum":	{
				"start":	3.000353,
				"end":	4.000081,
				"seconds":	0.99972802400588989,
				"bytes":	1572864,
				"bits_per_second":	12586335.181023061,
				"retransmits":	0,
				"omitted":	false,
				"sender":	true
			}
		}, {
			"streams":	[{
					"socket":	5,
					"start":	4.000081,
					"end":	5.001314,
					"seconds":	1.0012329816818237,
					"bytes":	3407872,
					"bits_per_second":	27229402.645331305,
					"retransmits":	0,
					"snd_cwnd":	1180120,
					"rtt":	622338,
					"rttvar":	66554,
					"pmtu":	1500,
					"omitted":	false,
					"sender":	true
				}],
			"sum":	{
				"start":	4.000081,
				"end":	5.001314,
				"seconds":	1.0012329816818237,
				"bytes":	3407872,
				"bits_per_second":	27229402.645331305,
				"retransmits":	0,
				"omitted":	false,
				"sender":	true
			}
		}, {
			"streams":	[{
					"socket":	5,
					"start":	5.001314,
					"end":	6.000094,
					"seconds":	0.9987800121307373,
					"bytes":	7208960,
					"bits_per_second":	57742124.691669293,
					"retransmits":	0,
					"snd_cwnd":	2684592,
					"rtt":	690322,
					"rttvar":	110506,
					"pmtu":	1500,
					"omitted":	false,
					"sender":	true
				}],
			"sum":	{
				"start":	5.001314,
				"end":	6.000094,
				"seconds":	0.9987800121307373,
				"bytes":	7208960,
				"bits_per_second":	57742124.691669293,
				"retransmits":	0,
				"omitted":	false,
				"sender":	true
			}
		}, {
			"streams":	[{
					"socket":	5,
					"start":	6.000094,
					"end":	7.001235,
					"seconds":	1.0011409521102905,
					"bytes":	5767168,
					"bits_per_second":	46084763.491841741,
					"retransmits":	0,
					"snd_cwnd":	7838024,
					"rtt":	653636,
					"rttvar":	89213,
					"pmtu":	1500,
					"omitted":	false,
					"sender":	true
				}],
			"sum":	{
				"start":	6.000094,
				"end":	7.001235,
				"seconds":	1.0011409521102905,
				"bytes":	5767168,
				"bits_per_second":	46084763.491841741,
				"retransmits":	0,
				"omitted":	false,
				"sender":	true
			}
		}, {
			"streams":	[{
					"socket":	5,
					"start":	7.001235,
					"end":	8.000635,
					"seconds":	0.99940001964569092,
					"bytes":	12189696,
					"bits_per_second":	97576111.750099927,
					"retransmits":	0,
					"snd_cwnd":	17229752,
					"rtt":	664103,
					"rttvar":	79033,
					"pmtu":	1500,
					"omitted":	false,
					"sender":	true
				}],
			"sum":	{
				"start":	7.001235,
				"end":	8.000635,
				"seconds":	0.99940001964569092,
				"bytes":	12189696,
				"bits_per_second":	97576111.750099927,
				"retransmits":	0,
				"omitted":	false,
				"sender":	true
			}
		}, {
			"streams":	[{
					"socket":	5,
					"start":	8.000635,
					"end":	9.000069,
					"seconds":	0.99943399429321289,
					"bytes":	11010048,
					"bits_per_second":	88130266.2336289,
					"retransmits":	0,
					"snd_cwnd":	17229752,
					"rtt":	652043,
					"rttvar":	93138,
					"pmtu":	1500,
					"omitted":	false,
					"sender":	true
				}],
			"sum":	{
				"start":	8.000635,
				"end":	9.000069,
				"seconds":	0.99943399429321289,
				"bytes":	11010048,
				"bits_per_second":	88130266.2336289,
				"retransmits":	0,
				"omitted":	false,
				"sender":	true
			}
		}, {
			"streams":	[{
					"socket":	5,
					"start":	9.000069,
					"end":	10.000525,
					"seconds":	1.0004559755325317,
					"bytes":	11534336,
					"bits_per_second":	92232632.176426545,
					"retransmits":	0,
					"snd_cwnd":	17229752,
					"rtt":	661505,
					"rttvar":	88834,
					"pmtu":	1500,
					"omitted":	false,
					"sender":	true
				}],
			"sum":	{
				"start":	9.000069,
				"end":	10.000525,
				"seconds":	1.0004559755325317,
				"bytes":	11534336,
				"bits_per_second":	92232632.176426545,
				"retransmits":	0,
				"omitted":	false,
				"sender":	true
			}
		}],
	"end":	{
		"streams":	[{
				"sender":	{
					"socket":	5,
					"start":	0,
					"end":	10.000525,
					"seconds":	10.000525,
					"bytes":	53272400,
					"bits_per_second":	42615682.67665948,
					"retransmits":	0,
					"max_snd_cwnd":	17229752,
					"max_rtt":	690322,
					"min_rtt":	237061,
					"mean_rtt":	572865,
					"sender":	true
				},
				"receiver":	{
					"socket":	5,
					"start":	0,
					"end":	10.444434,
					"seconds":	10.000525,
					"bytes":	50943536,
					"bits_per_second":	39020619.786577232,
					"sender":	true
				}
			}],
		"sum_sent":	{
			"start":	0,
			"end":	10.000525,
			"seconds":	10.000525,
			"bytes":	53272400,
			"bits_per_second":	42615682.67665948,
			"retransmits":	0,
			"sender":	true
		},
		"sum_received":	{
			"start":	0,
			"end":	10.444434,
			"seconds":	10.444434,
			"bytes":	50943536,
			"bits_per_second":	39020619.786577232,
			"sender":	true
		},
		"cpu_utilization_percent":	{
			"host_total":	2.6720799163212177,
			"host_user":	0.50230399350307242,
			"host_system":	2.1697667442925175,
			"remote_total":	0.25764560037637224,
			"remote_user":	0.25764560037637224,
			"remote_system":	0
		},
		"sender_tcp_congestion":	"cubic",
		"receiver_tcp_congestion":	"cubic"
	}
}
