{
	"start":	{
		"connected":	[{
				"socket":	5,
				"local_host":	"10.0.5.10",
				"local_port":	45692,
				"remote_host":	"10.0.6.10",
				"remote_port":	5204
			}],
		"version":	"iperf 3.7",
		"system_info":	"Linux ubuntu 5.11.0-40-generic #44~20.04.2-Ubuntu SMP Tue Oct 26 18:07:44 UTC 2021 x86_64",
		"timestamp":	{
			"time":	"Sat, 20 Nov 2021 13:26:51 GMT",
			"timesecs":	1637414811
		},
		"connecting_to":	{
			"host":	"10.0.6.10",
			"port":	5204
		},
		"cookie":	"idauvgzwxvlyldlhbajvzb4thp2ltedcjbtz",
		"tcp_mss_default":	1448,
		"target_bitrate":	1000000000,
		"sock_bufsize":	0,
		"sndbuf_actual":	87380,
		"rcvbuf_actual":	87380,
		"test_start":	{
			"protocol":	"TCP",
			"num_streams":	1,
			"blksize":	131072,
			"omit":	0,
			"duration":	10,
			"bytes":	0,
			"blocks":	0,
			"reverse":	0,
			"tos":	0
		}
	},
	"intervals":	[{
			"streams":	[{
					"socket":	5,
					"start":	0,
					"end":	1.000565,
					"seconds":	1.0005650520324707,
					"bytes":	79640,
					"bits_per_second":	636760.19735628739,
					"retransmits":	0,
					"snd_cwnd":	17376,
					"rtt":	202343,
					"rttvar":	164151,
					"pmtu":	1500,
					"omitted":	false,
					"sender":	true
				}],
			"sum":	{
				"start":	0,
				"end":	1.000565,
				"seconds":	1.0005650520324707,
				"bytes":	79640,
				"bits_per_second":	636760.19735628739,
				"retransmits":	0,
				"omitted":	false,
				"sender":	true
			}
		}, {
			"streams":	[{
					"socket":	5,
					"start":	1.000565,
					"end":	2.000104,
					"seconds":	0.99953901767730713,
					"bytes":	108600,
					"bits_per_second":	869200.68615118822,
					"retransmits":	0,
					"snd_cwnd":	41992,
					"rtt":	438760,
					"rttvar":	327358,
					"pmtu":	1500,
					"omitted":	false,
					"sender":	true
				}],
			"sum":	{
				"start":	1.000565,
				"end":	2.000104,
				"seconds":	0.99953901767730713,
				"bytes":	108600,
				"bits_per_second":	869200.68615118822,
				"retransmits":	0,
				"omitted":	false,
				"sender":	true
			}
		}, {
			"streams":	[{
					"socket":	5,
					"start":	2.000104,
					"end":	3.000362,
					"seconds":	1.0002579689025879,
					"bytes":	262144,
					"bits_per_second":	2096611.1395251832,
					"retransmits":	0,
					"snd_cwnd":	83984,
					"rtt":	586688,
					"rttvar":	306757,
					"pmtu":	1500,
					"omitted":	false,
					"sender":	true
				}],
			"sum":	{
				"start":	2.000104,
				"end":	3.000362,
				"seconds":	1.0002579689025879,
				"bytes":	262144,
				"bits_per_second":	2096611.1395251832,
				"retransmits":	0,
				"omitted":	false,
				"sender":	true
			}
		}, {
			"streams":	[{
					"socket":	5,
					"start":	3.000362,
					"end":	4.000301,
					"seconds":	0.99993902444839478,
					"bytes":	131072,
					"bits_per_second":	1048639.9413988621,
					"retransmits":	0,
					"snd_cwnd":	99912,
					"rtt":	635316,
					"rttvar":	263867,
					"pmtu":	1500,
					"omitted":	false,
					"sender":	true
				}],
			"sum":	{
				"start":	3.000362,
				"end":	4.000301,
				"seconds":	0.99993902444839478,
				"bytes":	131072,
				"bits_per_second":	1048639.9413988621,
				"retransmits":	0,
				"omitted":	false,
				"sender":	true
			}
		}, {
			"streams":	[{
					"socket":	5,
					"start":	4.000301,
					"end":	5.000386,
					"seconds":	1.0000849962234497,
					"bytes":	1048576,
					"bits_per_second":	8387895.0605971571,
					"retransmits":	0,
					"snd_cwnd":	317112,
					"rtt":	731376,
					"rttvar":	287301,
					"pmtu":	1500,
					"omitted":	false,
					"sender":	true
				}],
			"sum":	{
				"start":	4.000301,
				"end":	5.000386,
				"seconds":	1.0000849962234497,
				"bytes":	1048576,
				"bits_per_second":	8387895.0605971571,
				"retransmits":	0,
				"omitted":	false,
				"sender":	true
			}
		}, {
			"streams":	[{
					"socket":	5,
					"start":	5.000386,
					"end":	6.000421,
					"seconds":	1.0000350475311279,
					"bytes":	2621440,
					"bits_per_second":	20970785.025759034,
					"retransmits":	0,
					"snd_cwnd":	886176,
					"rtt":	684262,
					"rttvar":	169907,
					"pmtu":	1500,
					"omitted":	false,
					"sender":	true
				}],
			"sum":	{
				"start":	5.000386,
				"end":	6.000421,
				"seconds":	1.0000350475311279,
				"bytes":	2621440,
				"bits_per_second":	20970785.025759034,
				"retransmits":	0,
				"omitted":	false,
				"sender":	true
			}
		}, {
			"streams":	[{
					"socket":	5,
					"start":	6.000421,
					"end":	7.00028,
					"seconds":	0.99985897541046143,
					"bytes":	5242880,
					"bits_per_second":	41948955.8342781,
					"retransmits":	0,
					"snd_cwnd":	1931632,
					"rtt":	737107,
					"rttvar":	217016,
					"pmtu":	1500,
					"omitted":	false,
					"sender":	true
				}],
			"sum":	{
				"start":	6.000421,
				"end":	7.00028,
				"seconds":	0.99985897541046143,
				"bytes":	5242880,
				"bits_per_second":	41948955.8342781,
				"retransmits":	0,
				"omitted":	false,
				"sender":	true
			}
		}, {
			"streams":	[{
					"socket":	5,
					"start":	7.00028,
					"end":	8.000296,
					"seconds":	1.0000159740447998,
					"bytes":	5373952,
					"bits_per_second":	42990929.26097,
					"retransmits":	0,
					"snd_cwnd":	4161552,
					"rtt":	717337,
					"rttvar":	182690,
					"pmtu":	1500,
					"omitted":	false,
					"sender":	true
				}],
			"sum":	{
				"start":	7.00028,
				"end":	8.000296,
				"seconds":	1.0000159740447998,
				"bytes":	5373952,
				"bits_per_second":	42990929.26097,
				"retransmits":	0,
				"omitted":	false,
				"sender":	true
			}
		}, {
			"streams":	[{
					"socket":	5,
					"start":	8.000296,
					"end":	9.000556,
					"seconds":	1.0002599954605103,
					"bytes":	5111808,
					"bits_per_second":	40883834.3886507,
					"retransmits":	0,
					"snd_cwnd":	9283128,
					"rtt":	655160,
					"rttvar":	104024,
					"pmtu":	1500,
					"omitted":	false,
					"sender":	true
				}],
			"sum":	{
				"start":	8.000296,
				"end":	9.000556,
				"seconds":	1.0002599954605103,
				"bytes":	5111808,
				"bits_per_second":	40883834.3886507,
				"retransmits":	0,
				"omitted":	false,
				"sender":	true
			}
		}, {
			"streams":	[{
					"socket":	5,
					"start":	9.000556,
					"end":	10.000512,
					"seconds":	0.99995601177215576,
					"bytes":	13107200,
					"bits_per_second":	104862212.70290463,
					"retransmits":	0,
					"snd_cwnd":	17684424,
					"rtt":	651516,
					"rttvar":	82746,
					"pmtu":	1500,
					"omitted":	false,
					"sender":	true
				}],
			"sum":	{
				"start":	9.000556,
				"end":	10.000512,
				"seconds":	0.99995601177215576,
				"bytes":	13107200,
				"bits_per_second":	104862212.70290463,
				"retransmits":	0,
				"omitted":	false,
				"sender":	true
			}
		}],
	"end":	{
		"streams":	[{
				"sender":	{
					"socket":	5,
					"start":	0,
					"end":	10.000512,
					"seconds":	10.000512,
					"bytes":	33087312,
					"bits_per_second":	26468494.413086049,
					"retransmits":	0,
					"max_snd_cwnd":	17684424,
					"max_rtt":	737107,
					"min_rtt":	202343,
					"mean_rtt":	603986,
					"sender":	true
				},
				"receiver":	{
					"socket":	5,
					"start":	0,
					"end":	10.437208,
					"seconds":	10.000512,
					"bytes":	30473160,
					"bits_per_second":	23357326.9786326,
					"sender":	true
				}
			}],
		"sum_sent":	{
			"start":	0,
			"end":	10.000512,
			"seconds":	10.000512,
			"bytes":	33087312,
			"bits_per_second":	26468494.413086049,
			"retransmits":	0,
			"sender":	true
		},
		"sum_received":	{
			"start":	0,
			"end":	10.437208,
			"seconds":	10.437208,
			"bytes":	30473160,
			"bits_per_second":	23357326.9786326,
			"sender":	true
		},
		"cpu_utilization_percent":	{
			"host_total":	5.0924318961231947,
			"host_user":	0.85327533224746321,
			"host_system":	4.2391657319785807,
			"remote_total":	0.43284001013568368,
			"remote_user":	0.43284898612195832,
			"remote_system":	0
		},
		"sender_tcp_congestion":	"cubic",
		"receiver_tcp_congestion":	"cubic"
	}
}
