{
	"start":	{
		"connected":	[{
				"socket":	5,
				"local_host":	"10.0.2.11",
				"local_port":	60174,
				"remote_host":	"10.0.6.10",
				"remote_port":	5201
			}],
		"version":	"iperf 3.7",
		"system_info":	"Linux ubunu2004 5.4.0-26-generic #30-Ubuntu SMP Mon Apr 20 16:58:30 UTC 2020 x86_64",
		"timestamp":	{
			"time":	"Wed, 17 Nov 2021 09:06:07 GMT",
			"timesecs":	1637139967
		},
		"connecting_to":	{
			"host":	"10.0.6.10",
			"port":	5201
		},
		"cookie":	"lj7w3nctxso2h7r3w7baw3d7nsqpzarw6fua",
		"tcp_mss_default":	1448,
		"target_bitrate":	1000000000000,
		"sock_bufsize":	0,
		"sndbuf_actual":	87380,
		"rcvbuf_actual":	87380,
		"test_start":	{
			"protocol":	"TCP",
			"num_streams":	1,
			"blksize":	131072,
			"omit":	0,
			"duration":	10,
			"bytes":	0,
			"blocks":	0,
			"reverse":	0,
			"tos":	0
		}
	},
	"intervals":	[{
			"streams":	[{
					"socket":	5,
					"start":	0,
					"end":	1.000787,
					"seconds":	1.0007870197296143,
					"bytes":	166520,
					"bits_per_second":	1331112.3882880833,
					"retransmits":	0,
					"snd_cwnd":	37648,
					"rtt":	344250,
					"rttvar":	64202,
					"pmtu":	1500,
					"omitted":	false,
					"sender":	true
				}],
			"sum":	{
				"start":	0,
				"end":	1.000787,
				"seconds":	1.0007870197296143,
				"bytes":	166520,
				"bits_per_second":	1331112.3882880833,
				"retransmits":	0,
				"omitted":	false,
				"sender":	true
			}
		}, {
			"streams":	[{
					"socket":	5,
					"start":	1.000787,
					"end":	2.000223,
					"seconds":	0.99943602085113525,
					"bytes":	108600,
					"bits_per_second":	869290.26158184337,
					"retransmits":	0,
					"snd_cwnd":	53576,
					"rtt":	510941,
					"rttvar":	32318,
					"pmtu":	1500,
					"omitted":	false,
					"sender":	true
				}],
			"sum":	{
				"start":	1.000787,
				"end":	2.000223,
				"seconds":	0.99943602085113525,
				"bytes":	108600,
				"bits_per_second":	869290.26158184337,
				"retransmits":	0,
				"omitted":	false,
				"sender":	true
			}
		}, {
			"streams":	[{
					"socket":	5,
					"start":	2.000223,
					"end":	3.000686,
					"seconds":	1.0004630088806152,
					"bytes":	131072,
					"bits_per_second":	1048090.7246867795,
					"retransmits":	0,
					"snd_cwnd":	59368,
					"rtt":	545154,
					"rttvar":	12128,
					"pmtu":	1500,
					"omitted":	false,
					"sender":	true
				}],
			"sum":	{
				"start":	2.000223,
				"end":	3.000686,
				"seconds":	1.0004630088806152,
				"bytes":	131072,
				"bits_per_second":	1048090.7246867795,
				"retransmits":	0,
				"omitted":	false,
				"sender":	true
			}
		}, {
			"streams":	[{
					"socket":	5,
					"start":	3.000686,
					"end":	4.000173,
					"seconds":	0.99948698282241821,
					"bytes":	131072,
					"bits_per_second":	1049114.2136128286,
					"retransmits":	0,
					"snd_cwnd":	63712,
					"rtt":	550326,
					"rttvar":	10716,
					"pmtu":	1500,
					"omitted":	false,
					"sender":	true
				}],
			"sum":	{
				"start":	3.000686,
				"end":	4.000173,
				"seconds":	0.99948698282241821,
				"bytes":	131072,
				"bits_per_second":	1049114.2136128286,
				"retransmits":	0,
				"omitted":	false,
				"sender":	true
			}
		}, {
			"streams":	[{
					"socket":	5,
					"start":	4.000173,
					"end":	5.000154,
					"seconds":	0.99998098611831665,
					"bytes":	131072,
					"bits_per_second":	1048595.9378790965,
					"retransmits":	0,
					"snd_cwnd":	72400,
					"rtt":	547831,
					"rttvar":	14814,
					"pmtu":	1500,
					"omitted":	false,
					"sender":	true
				}],
			"sum":	{
				"start":	4.000173,
				"end":	5.000154,
				"seconds":	0.99998098611831665,
				"bytes":	131072,
				"bits_per_second":	1048595.9378790965,
				"retransmits":	0,
				"omitted":	false,
				"sender":	true
			}
		}, {
			"streams":	[{
					"socket":	5,
					"start":	5.000154,
					"end":	6.000658,
					"seconds":	1.0005040168762207,
					"bytes":	262144,
					"bits_per_second":	2096095.5324774606,
					"retransmits":	0,
					"snd_cwnd":	92672,
					"rtt":	550075,
					"rttvar":	7641,
					"pmtu":	1500,
					"omitted":	false,
					"sender":	true
				}],
			"sum":	{
				"start":	5.000154,
				"end":	6.000658,
				"seconds":	1.0005040168762207,
				"bytes":	262144,
				"bits_per_second":	2096095.5324774606,
				"retransmits":	0,
				"omitted":	false,
				"sender":	true
			}
		}, {
			"streams":	[{
					"socket":	5,
					"start":	6.000658,
					"end":	7.000132,
					"seconds":	0.99947398900985718,
					"bytes":	262144,
					"bits_per_second":	2098255.7055612551,
					"retransmits":	0,
					"snd_cwnd":	127424,
					"rtt":	559185,
					"rttvar":	10235,
					"pmtu":	1500,
					"omitted":	false,
					"sender":	true
				}],
			"sum":	{
				"start":	6.000658,
				"end":	7.000132,
				"seconds":	0.99947398900985718,
				"bytes":	262144,
				"bits_per_second":	2098255.7055612551,
				"retransmits":	0,
				"omitted":	false,
				"sender":	true
			}
		}, {
			"streams":	[{
					"socket":	5,
					"start":	7.000132,
					"end":	8.000982,
					"seconds":	1.0008499622344971,
					"bytes":	393216,
					"bits_per_second":	3143056.5206565522,
					"retransmits":	0,
					"snd_cwnd":	179552,
					"rtt":	563970,
					"rttvar":	6812,
					"pmtu":	1500,
					"omitted":	false,
					"sender":	true
				}],
			"sum":	{
				"start":	7.000132,
				"end":	8.000982,
				"seconds":	1.0008499622344971,
				"bytes":	393216,
				"bits_per_second":	3143056.5206565522,
				"retransmits":	0,
				"omitted":	false,
				"sender":	true
			}
		}, {
			"streams":	[{
					"socket":	5,
					"start":	8.000982,
					"end":	9.000395,
					"seconds":	0.999413013458252,
					"bytes":	655360,
					"bits_per_second":	5245959.3075120673,
					"retransmits":	0,
					"snd_cwnd":	249056,
					"rtt":	575460,
					"rttvar":	10069,
					"pmtu":	1500,
					"omitted":	false,
					"sender":	true
				}],
			"sum":	{
				"start":	8.000982,
				"end":	9.000395,
				"seconds":	0.999413013458252,
				"bytes":	655360,
				"bits_per_second":	5245959.3075120673,
				"retransmits":	0,
				"omitted":	false,
				"sender":	true
			}
		}, {
			"streams":	[{
					"socket":	5,
					"start":	9.000395,
					"end":	10.000054,
					"seconds":	0.99965900182724,
					"bytes":	786432,
					"bits_per_second":	6293602.1068185037,
					"retransmits":	0,
					"snd_cwnd":	350416,
					"rtt":	581770,
					"rttvar":	12034,
					"pmtu":	1500,
					"omitted":	false,
					"sender":	true
				}],
			"sum":	{
				"start":	9.000395,
				"end":	10.000054,
				"seconds":	0.99965900182724,
				"bytes":	786432,
				"bits_per_second":	6293602.1068185037,
				"retransmits":	0,
				"omitted":	false,
				"sender":	true
			}
		}],
	"end":	{
		"streams":	[{
				"sender":	{
					"socket":	5,
					"start":	0,
					"end":	10.000054,
					"seconds":	10.000054,
					"bytes":	3027632,
					"bits_per_second":	2422092.5207003881,
					"retransmits":	0,
					"max_snd_cwnd":	350416,
					"max_rtt":	581770,
					"min_rtt":	344250,
					"mean_rtt":	532896,
					"sender":	true
				},
				"receiver":	{
					"socket":	5,
					"start":	0,
					"end":	10.424772,
					"seconds":	10.000054,
					"bytes":	2080776,
					"bits_per_second":	1596793.4838287109,
					"sender":	true
				}
			}],
		"sum_sent":	{
			"start":	0,
			"end":	10.000054,
			"seconds":	10.000054,
			"bytes":	3027632,
			"bits_per_second":	2422092.5207003881,
			"retransmits":	0,
			"sender":	true
		},
		"sum_received":	{
			"start":	0,
			"end":	10.424772,
			"seconds":	10.424772,
			"bytes":	2080776,
			"bits_per_second":	1596793.4838287109,
			"sender":	true
		},
		"cpu_utilization_percent":	{
			"host_total":	5.828942386353023,
			"host_user":	1.0169741266773602,
			"host_system":	4.8119601099302853,
			"remote_total":	0.055212212389406788,
			"remote_user":	0.044699486649580213,
			"remote_system":	0.010512725739826582
		},
		"sender_tcp_congestion":	"cubic",
		"receiver_tcp_congestion":	"cubic"
	}
}
