{
	"start":	{
		"connected":	[{
				"socket":	5,
				"local_host":	"10.0.3.12",
				"local_port":	45856,
				"remote_host":	"10.0.6.10",
				"remote_port":	5202
			}],
		"version":	"iperf 3.7",
		"system_info":	"Linux ubunu2004 5.4.0-26-generic #30-Ubuntu SMP Mon Apr 20 16:58:30 UTC 2020 x86_64",
		"timestamp":	{
			"time":	"Wed, 17 Nov 2021 09:06:08 GMT",
			"timesecs":	1637139968
		},
		"connecting_to":	{
			"host":	"10.0.6.10",
			"port":	5202
		},
		"cookie":	"qjnu7bklhylm2zbcha5vgwpf65ddgudixfud",
		"tcp_mss_default":	1448,
		"target_bitrate":	1000000000000,
		"sock_bufsize":	0,
		"sndbuf_actual":	87380,
		"rcvbuf_actual":	87380,
		"test_start":	{
			"protocol":	"TCP",
			"num_streams":	1,
			"blksize":	131072,
			"omit":	0,
			"duration":	10,
			"bytes":	0,
			"blocks":	0,
			"reverse":	0,
			"tos":	0
		}
	},
	"intervals":	[{
			"streams":	[{
					"socket":	5,
					"start":	0,
					"end":	1.000108,
					"seconds":	1.000108003616333,
					"bytes":	79640,
					"bits_per_second":	637051.19616702467,
					"retransmits":	0,
					"snd_cwnd":	14480,
					"rtt":	450253,
					"rttvar":	162383,
					"pmtu":	1500,
					"omitted":	false,
					"sender":	true
				}],
			"sum":	{
				"start":	0,
				"end":	1.000108,
				"seconds":	1.000108003616333,
				"bytes":	79640,
				"bits_per_second":	637051.19616702467,
				"retransmits":	0,
				"omitted":	false,
				"sender":	true
			}
		}, {
			"streams":	[{
					"socket":	5,
					"start":	1.000108,
					"end":	2.001435,
					"seconds":	1.0013270378112793,
					"bytes":	0,
					"bits_per_second":	0,
					"retransmits":	0,
					"snd_cwnd":	14480,
					"rtt":	526142,
					"rttvar":	205303,
					"pmtu":	1500,
					"omitted":	false,
					"sender":	true
				}],
			"sum":	{
				"start":	1.000108,
				"end":	2.001435,
				"seconds":	1.0013270378112793,
				"bytes":	0,
				"bits_per_second":	0,
				"retransmits":	0,
				"omitted":	false,
				"sender":	true
			}
		}, {
			"streams":	[{
					"socket":	5,
					"start":	2.001435,
					"end":	3.000865,
					"seconds":	0.99943000078201294,
					"bytes":	65160,
					"bits_per_second":	521577.29865235166,
					"retransmits":	0,
					"snd_cwnd":	17376,
					"rtt":	203403,
					"rttvar":	153515,
					"pmtu":	1500,
					"omitted":	false,
					"sender":	true
				}],
			"sum":	{
				"start":	2.001435,
				"end":	3.000865,
				"seconds":	0.99943000078201294,
				"bytes":	65160,
				"bits_per_second":	521577.29865235166,
				"retransmits":	0,
				"omitted":	false,
				"sender":	true
			}
		}, {
			"streams":	[{
					"socket":	5,
					"start":	3.000865,
					"end":	4.001362,
					"seconds":	1.0004969835281372,
					"bytes":	44888,
					"bits_per_second":	358925.61987909366,
					"retransmits":	0,
					"snd_cwnd":	21720,
					"rtt":	366737,
					"rttvar":	118029,
					"pmtu":	1500,
					"omitted":	false,
					"sender":	true
				}],
			"sum":	{
				"start":	3.000865,
				"end":	4.001362,
				"seconds":	1.0004969835281372,
				"bytes":	44888,
				"bits_per_second":	358925.61987909366,
				"retransmits":	0,
				"omitted":	false,
				"sender":	true
			}
		}, {
			"streams":	[{
					"socket":	5,
					"start":	4.001362,
					"end":	5.000776,
					"seconds":	0.99941402673721313,
					"bytes":	97016,
					"bits_per_second":	776583.05690768117,
					"retransmits":	0,
					"snd_cwnd":	30408,
					"rtt":	622017,
					"rttvar":	193795,
					"pmtu":	1500,
					"omitted":	false,
					"sender":	true
				}],
			"sum":	{
				"start":	4.001362,
				"end":	5.000776,
				"seconds":	0.99941402673721313,
				"bytes":	97016,
				"bits_per_second":	776583.05690768117,
				"retransmits":	0,
				"omitted":	false,
				"sender":	true
			}
		}, {
			"streams":	[{
					"socket":	5,
					"start":	5.000776,
					"end":	6.001242,
					"seconds":	1.000465989112854,
					"bytes":	130320,
					"bits_per_second":	1042074.4046726387,
					"retransmits":	0,
					"snd_cwnd":	53576,
					"rtt":	531781,
					"rttvar":	16072,
					"pmtu":	1500,
					"omitted":	false,
					"sender":	true
				}],
			"sum":	{
				"start":	5.000776,
				"end":	6.001242,
				"seconds":	1.000465989112854,
				"bytes":	130320,
				"bits_per_second":	1042074.4046726387,
				"retransmits":	0,
				"omitted":	false,
				"sender":	true
			}
		}, {
			"streams":	[{
					"socket":	5,
					"start":	6.001242,
					"end":	7.000678,
					"seconds":	0.99943602085113525,
					"bytes":	261392,
					"bits_per_second":	2092316.0226095875,
					"retransmits":	0,
					"snd_cwnd":	89776,
					"rtt":	550246,
					"rttvar":	14101,
					"pmtu":	1500,
					"omitted":	false,
					"sender":	true
				}],
			"sum":	{
				"start":	6.001242,
				"end":	7.000678,
				"seconds":	0.99943602085113525,
				"bytes":	261392,
				"bits_per_second":	2092316.0226095875,
				"retransmits":	0,
				"omitted":	false,
				"sender":	true
			}
		}, {
			"streams":	[{
					"socket":	5,
					"start":	7.000678,
					"end":	8.001152,
					"seconds":	1.0004739761352539,
					"bytes":	393216,
					"bits_per_second":	3144237.7063636184,
					"retransmits":	0,
					"snd_cwnd":	143352,
					"rtt":	565587,
					"rttvar":	5847,
					"pmtu":	1500,
					"omitted":	false,
					"sender":	true
				}],
			"sum":	{
				"start":	7.000678,
				"end":	8.001152,
				"seconds":	1.0004739761352539,
				"bytes":	393216,
				"bits_per_second":	3144237.7063636184,
				"retransmits":	0,
				"omitted":	false,
				"sender":	true
			}
		}, {
			"streams":	[{
					"socket":	5,
					"start":	8.001152,
					"end":	9.000573,
					"seconds":	0.99942100048065186,
					"bytes":	524288,
					"bits_per_second":	4196733.9069149354,
					"retransmits":	0,
					"snd_cwnd":	218648,
					"rtt":	571814,
					"rttvar":	4349,
					"pmtu":	1500,
					"omitted":	false,
					"sender":	true
				}],
			"sum":	{
				"start":	8.001152,
				"end":	9.000573,
				"seconds":	0.99942100048065186,
				"bytes":	524288,
				"bits_per_second":	4196733.9069149354,
				"retransmits":	0,
				"omitted":	false,
				"sender":	true
			}
		}, {
			"streams":	[{
					"socket":	5,
					"start":	9.000573,
					"end":	10.000011,
					"seconds":	0.99943798780441284,
					"bytes":	786432,
					"bits_per_second":	6294993.8633223334,
					"retransmits":	0,
					"snd_cwnd":	320008,
					"rtt":	575722,
					"rttvar":	2217,
					"pmtu":	1500,
					"omitted":	false,
					"sender":	true
				}],
			"sum":	{
				"start":	9.000573,
				"end":	10.000011,
				"seconds":	0.99943798780441284,
				"bytes":	786432,
				"bits_per_second":	6294993.8633223334,
				"retransmits":	0,
				"omitted":	false,
				"sender":	true
			}
		}],
	"end":	{
		"streams":	[{
				"sender":	{
					"socket":	5,
					"start":	0,
					"end":	10.000011,
					"seconds":	10.000011,
					"bytes":	2382352,
					"bits_per_second":	1905879.5035325461,
					"retransmits":	0,
					"max_snd_cwnd":	320008,
					"max_rtt":	622017,
					"min_rtt":	203403,
					"mean_rtt":	496370,
					"sender":	true
				},
				"receiver":	{
					"socket":	5,
					"start":	0,
					"end":	17.924377,
					"seconds":	10.000011,
					"bytes":	1488544,
					"bits_per_second":	664366.29847720789,
					"sender":	true
				}
			}],
		"sum_sent":	{
			"start":	0,
			"end":	10.000011,
			"seconds":	10.000011,
			"bytes":	2382352,
			"bits_per_second":	1905879.5035325461,
			"retransmits":	0,
			"sender":	true
		},
		"sum_received":	{
			"start":	0,
			"end":	17.924377,
			"seconds":	17.924377,
			"bytes":	1488544,
			"bits_per_second":	664366.29847720789,
			"sender":	true
		},
		"cpu_utilization_percent":	{
			"host_total":	17.12957779931628,
			"host_user":	2.8516488602909265,
			"host_system":	14.277918630233749,
			"remote_total":	0.031964923989742627,
			"remote_user":	0.002773300220064731,
			"remote_system":	0.029182027575144803
		},
		"sender_tcp_congestion":	"cubic",
		"receiver_tcp_congestion":	"cubic"
	}
}
