{
	"start":	{
		"connected":	[{
				"socket":	5,
				"local_host":	"10.0.4.13",
				"local_port":	35810,
				"remote_host":	"10.0.6.10",
				"remote_port":	5203
			}],
		"version":	"iperf 3.7",
		"system_info":	"Linux ubunu2004 5.4.0-26-generic #30-Ubuntu SMP Mon Apr 20 16:58:30 UTC 2020 x86_64",
		"timestamp":	{
			"time":	"Wed, 17 Nov 2021 09:05:52 GMT",
			"timesecs":	1637139952
		},
		"connecting_to":	{
			"host":	"10.0.6.10",
			"port":	5203
		},
		"cookie":	"r5evjgg6lplro7pbwegxzrrodrbw6uljkepx",
		"tcp_mss_default":	1448,
		"target_bitrate":	1000000000000,
		"sock_bufsize":	0,
		"sndbuf_actual":	87380,
		"rcvbuf_actual":	87380,
		"test_start":	{
			"protocol":	"TCP",
			"num_streams":	1,
			"blksize":	131072,
			"omit":	0,
			"duration":	10,
			"bytes":	0,
			"blocks":	0,
			"reverse":	0,
			"tos":	0
		}
	},
	"intervals":	[{
			"streams":	[{
					"socket":	5,
					"start":	0,
					"end":	1.000462,
					"seconds":	1.0004620552062988,
					"bytes":	79640,
					"bits_per_second":	636825.75134608534,
					"retransmits":	0,
					"snd_cwnd":	17376,
					"rtt":	184949,
					"rttvar":	169379,
					"pmtu":	1500,
					"omitted":	false,
					"sender":	true
				}],
			"sum":	{
				"start":	0,
				"end":	1.000462,
				"seconds":	1.0004620552062988,
				"bytes":	79640,
				"bits_per_second":	636825.75134608534,
				"retransmits":	0,
				"omitted":	false,
				"sender":	true
			}
		}, {
			"streams":	[{
					"socket":	5,
					"start":	1.000462,
					"end":	2.000019,
					"seconds":	0.9995570182800293,
					"bytes":	239672,
					"bits_per_second":	1918225.7389371265,
					"retransmits":	0,
					"snd_cwnd":	62264,
					"rtt":	384966,
					"rttvar":	321774,
					"pmtu":	1500,
					"omitted":	false,
					"sender":	true
				}],
			"sum":	{
				"start":	1.000462,
				"end":	2.000019,
				"seconds":	0.9995570182800293,
				"bytes":	239672,
				"bits_per_second":	1918225.7389371265,
				"retransmits":	0,
				"omitted":	false,
				"sender":	true
			}
		}, {
			"streams":	[{
					"socket":	5,
					"start":	2.000019,
					"end":	3.000363,
					"seconds":	1.0003440380096436,
					"bytes":	393216,
					"bits_per_second":	3144646.1222070823,
					"retransmits":	0,
					"snd_cwnd":	127424,
					"rtt":	513997,
					"rttvar":	412786,
					"pmtu":	1500,
					"omitted":	false,
					"sender":	true
				}],
			"sum":	{
				"start":	2.000019,
				"end":	3.000363,
				"seconds":	1.0003440380096436,
				"bytes":	393216,
				"bits_per_second":	3144646.1222070823,
				"retransmits":	0,
				"omitted":	false,
				"sender":	true
			}
		}, {
			"streams":	[{
					"socket":	5,
					"start":	3.000363,
					"end":	4.001615,
					"seconds":	1.0012520551681519,
					"bytes":	524288,
					"bits_per_second":	4189059.0669455375,
					"retransmits":	0,
					"snd_cwnd":	256296,
					"rtt":	650983,
					"rttvar":	466024,
					"pmtu":	1500,
					"omitted":	false,
					"sender":	true
				}],
			"sum":	{
				"start":	3.000363,
				"end":	4.001615,
				"seconds":	1.0012520551681519,
				"bytes":	524288,
				"bits_per_second":	4189059.0669455375,
				"retransmits":	0,
				"omitted":	false,
				"sender":	true
			}
		}, {
			"streams":	[{
					"socket":	5,
					"start":	4.001615,
					"end":	5.00028,
					"seconds":	0.9986649751663208,
					"bytes":	1835008,
					"bits_per_second":	14699688.449126931,
					"retransmits":	0,
					"snd_cwnd":	629880,
					"rtt":	698128,
					"rttvar":	272347,
					"pmtu":	1500,
					"omitted":	false,
					"sender":	true
				}],
			"sum":	{
				"start":	4.001615,
				"end":	5.00028,
				"seconds":	0.9986649751663208,
				"bytes":	1835008,
				"bits_per_second":	14699688.449126931,
				"retransmits":	0,
				"omitted":	false,
				"sender":	true
			}
		}, {
			"streams":	[{
					"socket":	5,
					"start":	5.00028,
					"end":	6.000762,
					"seconds":	1.0004819631576538,
					"bytes":	4718592,
					"bits_per_second":	37730551.2643726,
					"retransmits":	0,
					"snd_cwnd":	1657960,
					"rtt":	691215,
					"rttvar":	185849,
					"pmtu":	1500,
					"omitted":	false,
					"sender":	true
				}],
			"sum":	{
				"start":	5.00028,
				"end":	6.000762,
				"seconds":	1.0004819631576538,
				"bytes":	4718592,
				"bits_per_second":	37730551.2643726,
				"retransmits":	0,
				"omitted":	false,
				"sender":	true
			}
		}, {
			"streams":	[{
					"socket":	5,
					"start":	6.000762,
					"end":	7.000187,
					"seconds":	0.99942499399185181,
					"bytes":	6160384,
					"bits_per_second":	49311426.366431057,
					"retransmits":	0,
					"snd_cwnd":	3317368,
					"rtt":	726858,
					"rttvar":	201184,
					"pmtu":	1500,
					"omitted":	false,
					"sender":	true
				}],
			"sum":	{
				"start":	6.000762,
				"end":	7.000187,
				"seconds":	0.99942499399185181,
				"bytes":	6160384,
				"bits_per_second":	49311426.366431057,
				"retransmits":	0,
				"omitted":	false,
				"sender":	true
			}
		}, {
			"streams":	[{
					"socket":	5,
					"start":	7.000187,
					"end":	8.001694,
					"seconds":	1.001507043838501,
					"bytes":	4980736,
					"bits_per_second":	39785928.861050919,
					"retransmits":	0,
					"snd_cwnd":	8281112,
					"rtt":	645660,
					"rttvar":	99007,
					"pmtu":	1500,
					"omitted":	false,
					"sender":	true
				}],
			"sum":	{
				"start":	7.000187,
				"end":	8.001694,
				"seconds":	1.001507043838501,
				"bytes":	4980736,
				"bits_per_second":	39785928.861050919,
				"retransmits":	0,
				"omitted":	false,
				"sender":	true
			}
		}, {
			"streams":	[{
					"socket":	5,
					"start":	8.001694,
					"end":	9.000016,
					"seconds":	0.9983220100402832,
					"bytes":	14155776,
					"bits_per_second":	113436553.39766616,
					"retransmits":	0,
					"snd_cwnd":	18239008,
					"rtt":	658972,
					"rttvar":	129400,
					"pmtu":	1500,
					"omitted":	false,
					"sender":	true
				}],
			"sum":	{
				"start":	8.001694,
				"end":	9.000016,
				"seconds":	0.9983220100402832,
				"bytes":	14155776,
				"bits_per_second":	113436553.39766616,
				"retransmits":	0,
				"omitted":	false,
				"sender":	true
			}
		}, {
			"streams":	[{
					"socket":	5,
					"start":	9.000016,
					"end":	10.000541,
					"seconds":	1.0005249977111816,
					"bytes":	12451840,
					"bits_per_second":	99562449.941660985,
					"retransmits":	0,
					"snd_cwnd":	18239008,
					"rtt":	674605,
					"rttvar":	149532,
					"pmtu":	1500,
					"omitted":	false,
					"sender":	true
				}],
			"sum":	{
				"start":	9.000016,
				"end":	10.000541,
				"seconds":	1.0005249977111816,
				"bytes":	12451840,
				"bits_per_second":	99562449.941660985,
				"retransmits":	0,
				"omitted":	false,
				"sender":	true
			}
		}],
	"end":	{
		"streams":	[{
				"sender":	{
					"socket":	5,
					"start":	0,
					"end":	10.000541,
					"seconds":	10.000541,
					"bytes":	45539152,
					"bits_per_second":	36429350.772123225,
					"retransmits":	0,
					"max_snd_cwnd":	18239008,
					"max_rtt":	726858,
					"min_rtt":	184949,
					"mean_rtt":	583033,
					"sender":	true
				},
				"receiver":	{
					"socket":	5,
					"start":	0,
					"end":	10.39341,
					"seconds":	10.000541,
					"bytes":	42920168,
					"bits_per_second":	33036447.518187009,
					"sender":	true
				}
			}],
		"sum_sent":	{
			"start":	0,
			"end":	10.000541,
			"seconds":	10.000541,
			"bytes":	45539152,
			"bits_per_second":	36429350.772123225,
			"retransmits":	0,
			"sender":	true
		},
		"sum_received":	{
			"start":	0,
			"end":	10.39341,
			"seconds":	10.39341,
			"bytes":	42920168,
			"bits_per_second":	33036447.518187009,
			"sender":	true
		},
		"cpu_utilization_percent":	{
			"host_total":	3.8730291433911144,
			"host_user":	1.1538444864900415,
			"host_system":	2.7191754332289615,
			"remote_total":	0.3030965849774932,
			"remote_user":	0.3030965849774932,
			"remote_system":	0
		},
		"sender_tcp_congestion":	"cubic",
		"receiver_tcp_congestion":	"cubic"
	}
}
