{
	"start":	{
		"connected":	[{
				"socket":	5,
				"local_host":	"10.0.2.11",
				"local_port":	43706,
				"remote_host":	"10.0.6.10",
				"remote_port":	5201
			}],
		"version":	"iperf 3.7",
		"system_info":	"Linux ubuntu 5.11.0-40-generic #44~20.04.2-Ubuntu SMP Tue Oct 26 18:07:44 UTC 2021 x86_64",
		"timestamp":	{
			"time":	"Sat, 20 Nov 2021 13:39:59 GMT",
			"timesecs":	1637415599
		},
		"connecting_to":	{
			"host":	"10.0.6.10",
			"port":	5201
		},
		"cookie":	"zxgyqo5p6l3vqfe5jkro26dayy2aubwrzvus",
		"sock_bufsize":	0,
		"sndbuf_actual":	212992,
		"rcvbuf_actual":	212992,
		"test_start":	{
			"protocol":	"UDP",
			"num_streams":	1,
			"blksize":	1448,
			"omit":	0,
			"duration":	10,
			"bytes":	0,
			"blocks":	0,
			"reverse":	0,
			"tos":	0
		}
	},
	"intervals":	[{
			"streams":	[{
					"socket":	5,
					"start":	0,
					"end":	1.000004,
					"seconds":	1.0000040531158447,
					"bytes":	37210704,
					"bits_per_second":	297684425.45053846,
					"packets":	25698,
					"omitted":	false,
					"sender":	true
				}],
			"sum":	{
				"start":	0,
				"end":	1.000004,
				"seconds":	1.0000040531158447,
				"bytes":	37210704,
				"bits_per_second":	297684425.45053846,
				"packets":	25698,
				"omitted":	false,
				"sender":	true
			}
		}, {
			"streams":	[{
					"socket":	5,
					"start":	1.000004,
					"end":	2.000005,
					"seconds":	1.0000009536743164,
					"bytes":	45942144,
					"bits_per_second":	367536801.48959208,
					"packets":	31728,
					"omitted":	false,
					"sender":	true
				}],
			"sum":	{
				"start":	1.000004,
				"end":	2.000005,
				"seconds":	1.0000009536743164,
				"bytes":	45942144,
				"bits_per_second":	367536801.48959208,
				"packets":	31728,
				"omitted":	false,
				"sender":	true
			}
		}, {
			"streams":	[{
					"socket":	5,
					"start":	2.000005,
					"end":	3.000039,
					"seconds":	1.000033974647522,
					"bytes":	55897144,
					"bits_per_second":	447161959.83002955,
					"packets":	38603,
					"omitted":	false,
					"sender":	true
				}],
			"sum":	{
				"start":	2.000005,
				"end":	3.000039,
				"seconds":	1.000033974647522,
				"bytes":	55897144,
				"bits_per_second":	447161959.83002955,
				"packets":	38603,
				"omitted":	false,
				"sender":	true
			}
		}, {
			"streams":	[{
					"socket":	5,
					"start":	3.000039,
					"end":	4.009867,
					"seconds":	1.0098279714584351,
					"bytes":	50349856,
					"bits_per_second":	398878679.72033036,
					"packets":	34772,
					"omitted":	false,
					"sender":	true
				}],
			"sum":	{
				"start":	3.000039,
				"end":	4.009867,
				"seconds":	1.0098279714584351,
				"bytes":	50349856,
				"bits_per_second":	398878679.72033036,
				"packets":	34772,
				"omitted":	false,
				"sender":	true
			}
		}, {
			"streams":	[{
					"socket":	5,
					"start":	4.009867,
					"end":	5.000011,
					"seconds":	0.99014401435852051,
					"bytes":	65875312,
					"bits_per_second":	532248327.87725973,
					"packets":	45494,
					"omitted":	false,
					"sender":	true
				}],
			"sum":	{
				"start":	4.009867,
				"end":	5.000011,
				"seconds":	0.99014401435852051,
				"bytes":	65875312,
				"bits_per_second":	532248327.87725973,
				"packets":	45494,
				"omitted":	false,
				"sender":	true
			}
		}, {
			"streams":	[{
					"socket":	5,
					"start":	5.000011,
					"end":	6.000021,
					"seconds":	1.0000100135803223,
					"bytes":	55934792,
					"bits_per_second":	447473855.184609,
					"packets":	38629,
					"omitted":	false,
					"sender":	true
				}],
			"sum":	{
				"start":	5.000011,
				"end":	6.000021,
				"seconds":	1.0000100135803223,
				"bytes":	55934792,
				"bits_per_second":	447473855.184609,
				"packets":	38629,
				"omitted":	false,
				"sender":	true
			}
		}, {
			"streams":	[{
					"socket":	5,
					"start":	6.000021,
					"end":	7.000023,
					"seconds":	1.0000020265579224,
					"bytes":	59525832,
					"bits_per_second":	476205690.94158435,
					"packets":	41109,
					"omitted":	false,
					"sender":	true
				}],
			"sum":	{
				"start":	6.000021,
				"end":	7.000023,
				"seconds":	1.0000020265579224,
				"bytes":	59525832,
				"bits_per_second":	476205690.94158435,
				"packets":	41109,
				"omitted":	false,
				"sender":	true
			}
		}, {
			"streams":	[{
					"socket":	5,
					"start":	7.000023,
					"end":	8.018223,
					"seconds":	1.0182000398635864,
					"bytes":	67246568,
					"bits_per_second":	528356435.80614573,
					"packets":	46441,
					"omitted":	false,
					"sender":	true
				}],
			"sum":	{
				"start":	7.000023,
				"end":	8.018223,
				"seconds":	1.0182000398635864,
				"bytes":	67246568,
				"bits_per_second":	528356435.80614573,
				"packets":	46441,
				"omitted":	false,
				"sender":	true
			}
		}, {
			"streams":	[{
					"socket":	5,
					"start":	8.018223,
					"end":	9.000181,
					"seconds":	0.98195797204971313,
					"bytes":	50338272,
					"bits_per_second":	410105307.41901487,
					"packets":	34764,
					"omitted":	false,
					"sender":	true
				}],
			"sum":	{
				"start":	8.018223,
				"end":	9.000181,
				"seconds":	0.98195797204971313,
				"bytes":	50338272,
				"bits_per_second":	410105307.41901487,
				"packets":	34764,
				"omitted":	false,
				"sender":	true
			}
		}, {
			"streams":	[{
					"socket":	5,
					"start":	9.000181,
					"end":	10.000004,
					"seconds":	0.99982297420501709,
					"bytes":	55485912,
					"bits_per_second":	443965889.41451889,
					"packets":	38319,
					"omitted":	false,
					"sender":	true
				}],
			"sum":	{
				"start":	9.000181,
				"end":	10.000004,
				"seconds":	0.99982297420501709,
				"bytes":	55485912,
				"bits_per_second":	443965889.41451889,
				"packets":	38319,
				"omitted":	false,
				"sender":	true
			}
		}],
	"end":	{
		"streams":	[{
				"udp":	{
					"socket":	5,
					"start":	0,
					"end":	10.000004,
					"seconds":	10.000004,
					"bytes":	543806536,
					"bits_per_second":	435045054.78197807,
					"jitter_ms":	0.0060700992612045057,
					"lost_packets":	19257,
					"packets":	375557,
					"lost_percent":	5.127583828819593,
					"out_of_order":	0,
					"sender":	true
				}
			}],
		"sum":	{
			"start":	0,
			"end":	10.121541,
			"seconds":	10.121541,
			"bytes":	543806536,
			"bits_per_second":	435045054.78197807,
			"jitter_ms":	0.0060700992612045057,
			"lost_packets":	19257,
			"packets":	375557,
			"lost_percent":	5.127583828819593,
			"sender":	true
		},
		"cpu_utilization_percent":	{
			"host_total":	26.276648312389128,
			"host_user":	1.9762397459032874,
			"host_system":	24.300399001320184,
			"remote_total":	11.753315508186468,
			"remote_user":	2.2692310606567303,
			"remote_system":	9.484084447529737
		}
	}
}
