{
	"start":	{
		"connected":	[{
				"socket":	5,
				"local_host":	"10.0.3.12",
				"local_port":	51002,
				"remote_host":	"10.0.6.10",
				"remote_port":	5202
			}],
		"version":	"iperf 3.7",
		"system_info":	"Linux ubunu2004 5.4.0-26-generic #30-Ubuntu SMP Mon Apr 20 16:58:30 UTC 2020 x86_64",
		"timestamp":	{
			"time":	"Wed, 17 Nov 2021 09:08:24 GMT",
			"timesecs":	1637140104
		},
		"connecting_to":	{
			"host":	"10.0.6.10",
			"port":	5202
		},
		"cookie":	"fm7fdvljhkawtkrsanyetkwswxdelwpse2ym",
		"sock_bufsize":	0,
		"sndbuf_actual":	212992,
		"rcvbuf_actual":	212992,
		"test_start":	{
			"protocol":	"UDP",
			"num_streams":	1,
			"blksize":	1448,
			"omit":	0,
			"duration":	10,
			"bytes":	0,
			"blocks":	0,
			"reverse":	0,
			"tos":	0
		}
	},
	"intervals":	[{
			"streams":	[{
					"socket":	5,
					"start":	0,
					"end":	1.000127,
					"seconds":	1.0001269578933716,
					"bytes":	22167432,
					"bits_per_second":	177316944.21430346,
					"packets":	15309,
					"omitted":	false,
					"sender":	true
				}],
			"sum":	{
				"start":	0,
				"end":	1.000127,
				"seconds":	1.0001269578933716,
				"bytes":	22167432,
				"bits_per_second":	177316944.21430346,
				"packets":	15309,
				"omitted":	false,
				"sender":	true
			}
		}, {
			"streams":	[{
					"socket":	5,
					"start":	1.000127,
					"end":	2.00002,
					"seconds":	0.99989300966262817,
					"bytes":	94353128,
					"bits_per_second":	754905791.62533,
					"packets":	65161,
					"omitted":	false,
					"sender":	true
				}],
			"sum":	{
				"start":	1.000127,
				"end":	2.00002,
				"seconds":	0.99989300966262817,
				"bytes":	94353128,
				"bits_per_second":	754905791.62533,
				"packets":	65161,
				"omitted":	false,
				"sender":	true
			}
		}, {
			"streams":	[{
					"socket":	5,
					"start":	2.00002,
					"end":	3.000024,
					"seconds":	1.0000040531158447,
					"bytes":	66419760,
					"bits_per_second":	531355926.35287571,
					"packets":	45870,
					"omitted":	false,
					"sender":	true
				}],
			"sum":	{
				"start":	2.00002,
				"end":	3.000024,
				"seconds":	1.0000040531158447,
				"bytes":	66419760,
				"bits_per_second":	531355926.35287571,
				"packets":	45870,
				"omitted":	false,
				"sender":	true
			}
		}, {
			"streams":	[{
					"socket":	5,
					"start":	3.000024,
					"end":	4.000017,
					"seconds":	0.99999302625656128,
					"bytes":	36072576,
					"bits_per_second":	288582620.50115627,
					"packets":	24912,
					"omitted":	false,
					"sender":	true
				}],
			"sum":	{
				"start":	3.000024,
				"end":	4.000017,
				"seconds":	0.99999302625656128,
				"bytes":	36072576,
				"bits_per_second":	288582620.50115627,
				"packets":	24912,
				"omitted":	false,
				"sender":	true
			}
		}, {
			"streams":	[{
					"socket":	5,
					"start":	4.000017,
					"end":	5.000016,
					"seconds":	0.99999898672103882,
					"bytes":	51264992,
					"bits_per_second":	410120351.56632382,
					"packets":	35404,
					"omitted":	false,
					"sender":	true
				}],
			"sum":	{
				"start":	4.000017,
				"end":	5.000016,
				"seconds":	0.99999898672103882,
				"bytes":	51264992,
				"bits_per_second":	410120351.56632382,
				"packets":	35404,
				"omitted":	false,
				"sender":	true
			}
		}, {
			"streams":	[{
					"socket":	5,
					"start":	5.000016,
					"end":	6.000046,
					"seconds":	1.0000300407409668,
					"bytes":	58028600,
					"bits_per_second":	464214854.64179879,
					"packets":	40075,
					"omitted":	false,
					"sender":	true
				}],
			"sum":	{
				"start":	5.000016,
				"end":	6.000046,
				"seconds":	1.0000300407409668,
				"bytes":	58028600,
				"bits_per_second":	464214854.64179879,
				"packets":	40075,
				"omitted":	false,
				"sender":	true
			}
		}, {
			"streams":	[{
					"socket":	5,
					"start":	6.000046,
					"end":	7.000137,
					"seconds":	1.0000909566879272,
					"bytes":	43400904,
					"bits_per_second":	347175654.05237842,
					"packets":	29973,
					"omitted":	false,
					"sender":	true
				}],
			"sum":	{
				"start":	6.000046,
				"end":	7.000137,
				"seconds":	1.0000909566879272,
				"bytes":	43400904,
				"bits_per_second":	347175654.05237842,
				"packets":	29973,
				"omitted":	false,
				"sender":	true
			}
		}, {
			"streams":	[{
					"socket":	5,
					"start":	7.000137,
					"end":	8.000004,
					"seconds":	0.9998670220375061,
					"bytes":	45963864,
					"bits_per_second":	367759815.95101231,
					"packets":	31743,
					"omitted":	false,
					"sender":	true
				}],
			"sum":	{
				"start":	7.000137,
				"end":	8.000004,
				"seconds":	0.9998670220375061,
				"bytes":	45963864,
				"bits_per_second":	367759815.95101231,
				"packets":	31743,
				"omitted":	false,
				"sender":	true
			}
		}, {
			"streams":	[{
					"socket":	5,
					"start":	8.000004,
					"end":	9.000008,
					"seconds":	1.0000040531158447,
					"bytes":	53843880,
					"bits_per_second":	430749294.12321091,
					"packets":	37185,
					"omitted":	false,
					"sender":	true
				}],
			"sum":	{
				"start":	8.000004,
				"end":	9.000008,
				"seconds":	1.0000040531158447,
				"bytes":	53843880,
				"bits_per_second":	430749294.12321091,
				"packets":	37185,
				"omitted":	false,
				"sender":	true
			}
		}, {
			"streams":	[{
					"socket":	5,
					"start":	9.000008,
					"end":	10.001154,
					"seconds":	1.0011459589004517,
					"bytes":	52482760,
					"bits_per_second":	419381486.0533725,
					"packets":	36245,
					"omitted":	false,
					"sender":	true
				}],
			"sum":	{
				"start":	9.000008,
				"end":	10.001154,
				"seconds":	1.0011459589004517,
				"bytes":	52482760,
				"bits_per_second":	419381486.0533725,
				"packets":	36245,
				"omitted":	false,
				"sender":	true
			}
		}],
	"end":	{
		"streams":	[{
				"udp":	{
					"socket":	5,
					"start":	0,
					"end":	10.001154,
					"seconds":	10.001154,
					"bytes":	523997896,
					"bits_per_second":	419149946.89612818,
					"jitter_ms":	0.0015443683926546997,
					"lost_packets":	15099,
					"packets":	361877,
					"lost_percent":	4.17241217319697,
					"out_of_order":	0,
					"sender":	true
				}
			}],
		"sum":	{
			"start":	0,
			"end":	10.112958,
			"seconds":	10.112958,
			"bytes":	523997896,
			"bits_per_second":	419149946.89612818,
			"jitter_ms":	0.0015443683926546997,
			"lost_packets":	15099,
			"packets":	361877,
			"lost_percent":	4.17241217319697,
			"sender":	true
		},
		"cpu_utilization_percent":	{
			"host_total":	17.813550843786423,
			"host_user":	1.7247276930919848,
			"host_system":	16.08880400364751,
			"remote_total":	10.119939341625759,
			"remote_user":	1.7664259046939401,
			"remote_system":	8.3535040668171625
		}
	}
}
