{
	"start":	{
		"connected":	[{
				"socket":	5,
				"local_host":	"10.0.5.10",
				"local_port":	43981,
				"remote_host":	"10.0.6.10",
				"remote_port":	5204
			}],
		"version":	"iperf 3.7",
		"system_info":	"Linux ubuntu 5.11.0-40-generic #44~20.04.2-Ubuntu SMP Tue Oct 26 18:07:44 UTC 2021 x86_64",
		"timestamp":	{
			"time":	"Sat, 20 Nov 2021 13:39:59 GMT",
			"timesecs":	1637415599
		},
		"connecting_to":	{
			"host":	"10.0.6.10",
			"port":	5204
		},
		"cookie":	"t7ir5zfou6hrc3dmboa76kpigeqgz4plkwuk",
		"sock_bufsize":	0,
		"sndbuf_actual":	212992,
		"rcvbuf_actual":	212992,
		"test_start":	{
			"protocol":	"UDP",
			"num_streams":	1,
			"blksize":	1448,
			"omit":	0,
			"duration":	10,
			"bytes":	0,
			"blocks":	0,
			"reverse":	0,
			"tos":	0
		}
	},
	"intervals":	[{
			"streams":	[{
					"socket":	5,
					"start":	0,
					"end":	1.000047,
					"seconds":	1.000046968460083,
					"bytes":	27732096,
					"bits_per_second":	221846348.21864912,
					"packets":	19152,
					"omitted":	false,
					"sender":	true
				}],
			"sum":	{
				"start":	0,
				"end":	1.000047,
				"seconds":	1.000046968460083,
				"bytes":	27732096,
				"bits_per_second":	221846348.21864912,
				"packets":	19152,
				"omitted":	false,
				"sender":	true
			}
		}, {
			"streams":	[{
					"socket":	5,
					"start":	1.000047,
					"end":	2.000008,
					"seconds":	0.99996101856231689,
					"bytes":	69643008,
					"bits_per_second":	557165783.123254,
					"packets":	48096,
					"omitted":	false,
					"sender":	true
				}],
			"sum":	{
				"start":	1.000047,
				"end":	2.000008,
				"seconds":	0.99996101856231689,
				"bytes":	69643008,
				"bits_per_second":	557165783.123254,
				"packets":	48096,
				"omitted":	false,
				"sender":	true
			}
		}, {
			"streams":	[{
					"socket":	5,
					"start":	2.000008,
					"end":	3.000033,
					"seconds":	1.0000250339508057,
					"bytes":	72324704,
					"bits_per_second":	578583147.77794158,
					"packets":	49948,
					"omitted":	false,
					"sender":	true
				}],
			"sum":	{
				"start":	2.000008,
				"end":	3.000033,
				"seconds":	1.0000250339508057,
				"bytes":	72324704,
				"bits_per_second":	578583147.77794158,
				"packets":	49948,
				"omitted":	false,
				"sender":	true
			}
		}, {
			"streams":	[{
					"socket":	5,
					"start":	3.000033,
					"end":	4.000008,
					"seconds":	0.99997502565383911,
					"bytes":	66600760,
					"bits_per_second":	532819386.81580758,
					"packets":	45995,
					"omitted":	false,
					"sender":	true
				}],
			"sum":	{
				"start":	3.000033,
				"end":	4.000008,
				"seconds":	0.99997502565383911,
				"bytes":	66600760,
				"bits_per_second":	532819386.81580758,
				"packets":	45995,
				"omitted":	false,
				"sender":	true
			}
		}, {
			"streams":	[{
					"socket":	5,
					"start":	4.000008,
					"end":	5.000037,
					"seconds":	1.0000289678573608,
					"bytes":	57756376,
					"bits_per_second":	462037623.7600196,
					"packets":	39887,
					"omitted":	false,
					"sender":	true
				}],
			"sum":	{
				"start":	4.000008,
				"end":	5.000037,
				"seconds":	1.0000289678573608,
				"bytes":	57756376,
				"bits_per_second":	462037623.7600196,
				"packets":	39887,
				"omitted":	false,
				"sender":	true
			}
		}, {
			"streams":	[{
					"socket":	5,
					"start":	5.000037,
					"end":	6.00001,
					"seconds":	0.99997299909591675,
					"bytes":	64157984,
					"bits_per_second":	513277730.96278179,
					"packets":	44308,
					"omitted":	false,
					"sender":	true
				}],
			"sum":	{
				"start":	5.000037,
				"end":	6.00001,
				"seconds":	0.99997299909591675,
				"bytes":	64157984,
				"bits_per_second":	513277730.96278179,
				"packets":	44308,
				"omitted":	false,
				"sender":	true
			}
		}, {
			"streams":	[{
					"socket":	5,
					"start":	6.00001,
					"end":	7.000008,
					"seconds":	0.99999797344207764,
					"bytes":	55572792,
					"bits_per_second":	444583236.97368103,
					"packets":	38379,
					"omitted":	false,
					"sender":	true
				}],
			"sum":	{
				"start":	6.00001,
				"end":	7.000008,
				"seconds":	0.99999797344207764,
				"bytes":	55572792,
				"bits_per_second":	444583236.97368103,
				"packets":	38379,
				"omitted":	false,
				"sender":	true
			}
		}, {
			"streams":	[{
					"socket":	5,
					"start":	7.000008,
					"end":	8.000009,
					"seconds":	1.0000009536743164,
					"bytes":	55316496,
					"bits_per_second":	442531545.96903038,
					"packets":	38202,
					"omitted":	false,
					"sender":	true
				}],
			"sum":	{
				"start":	7.000008,
				"end":	8.000009,
				"seconds":	1.0000009536743164,
				"bytes":	55316496,
				"bits_per_second":	442531545.96903038,
				"packets":	38202,
				"omitted":	false,
				"sender":	true
			}
		}, {
			"streams":	[{
					"socket":	5,
					"start":	8.000009,
					"end":	9.000071,
					"seconds":	1.0000619888305664,
					"bytes":	57290120,
					"bits_per_second":	458292550.98070741,
					"packets":	39565,
					"omitted":	false,
					"sender":	true
				}],
			"sum":	{
				"start":	8.000009,
				"end":	9.000071,
				"seconds":	1.0000619888305664,
				"bytes":	57290120,
				"bits_per_second":	458292550.98070741,
				"packets":	39565,
				"omitted":	false,
				"sender":	true
			}
		}, {
			"streams":	[{
					"socket":	5,
					"start":	9.000071,
					"end":	10.000044,
					"seconds":	0.99997299909591675,
					"bytes":	55707456,
					"bits_per_second":	445671681.53832585,
					"packets":	38472,
					"omitted":	false,
					"sender":	true
				}],
			"sum":	{
				"start":	9.000071,
				"end":	10.000044,
				"seconds":	0.99997299909591675,
				"bytes":	55707456,
				"bits_per_second":	445671681.53832585,
				"packets":	38472,
				"omitted":	false,
				"sender":	true
			}
		}],
	"end":	{
		"streams":	[{
				"udp":	{
					"socket":	5,
					"start":	0,
					"end":	10.000044,
					"seconds":	10.000044,
					"bytes":	582101792,
					"bits_per_second":	465679384.6107077,
					"jitter_ms":	0.0058422553814011088,
					"lost_packets":	17761,
					"packets":	402004,
					"lost_percent":	4.4181152426344017,
					"out_of_order":	0,
					"sender":	true
				}
			}],
		"sum":	{
			"start":	0,
			"end":	10.110939,
			"seconds":	10.110939,
			"bytes":	582101792,
			"bits_per_second":	465679384.6107077,
			"jitter_ms":	0.0058422553814011088,
			"lost_packets":	17761,
			"packets":	402004,
			"lost_percent":	4.4181152426344017,
			"sender":	true
		},
		"cpu_utilization_percent":	{
			"host_total":	26.1502657097967,
			"host_user":	1.8642054946263915,
			"host_system":	24.286050640215024,
			"remote_total":	11.841849670270387,
			"remote_user":	2.4892923340323483,
			"remote_system":	9.35255733623804
		}
	}
}
