{
	"start":	{
		"connected":	[{
				"socket":	5,
				"local_host":	"10.0.1.10",
				"local_port":	43868,
				"remote_host":	"10.0.6.10",
				"remote_port":	5200
			}],
		"version":	"iperf 3.7",
		"system_info":	"Linux ubuntu 5.11.0-40-generic #44~20.04.2-Ubuntu SMP Tue Oct 26 18:07:44 UTC 2021 x86_64",
		"timestamp":	{
			"time":	"Sat, 20 Nov 2021 13:39:59 GMT",
			"timesecs":	1637415599
		},
		"connecting_to":	{
			"host":	"10.0.6.10",
			"port":	5200
		},
		"cookie":	"ofryfh3qtgpdml6m7teczj3qh6kjwqqkwmr5",
		"sock_bufsize":	0,
		"sndbuf_actual":	212992,
		"rcvbuf_actual":	212992,
		"test_start":	{
			"protocol":	"UDP",
			"num_streams":	1,
			"blksize":	1448,
			"omit":	0,
			"duration":	10,
			"bytes":	0,
			"blocks":	0,
			"reverse":	0,
			"tos":	0
		}
	},
	"intervals":	[{
			"streams":	[{
					"socket":	5,
					"start":	0,
					"end":	1.018522,
					"seconds":	1.0185220241546631,
					"bytes":	34527560,
					"bits_per_second":	271197356.02109647,
					"packets":	23845,
					"omitted":	false,
					"sender":	true
				}],
			"sum":	{
				"start":	0,
				"end":	1.018522,
				"seconds":	1.0185220241546631,
				"bytes":	34527560,
				"bits_per_second":	271197356.02109647,
				"packets":	23845,
				"omitted":	false,
				"sender":	true
			}
		}, {
			"streams":	[{
					"socket":	5,
					"start":	1.018522,
					"end":	2.004317,
					"seconds":	0.98579502105712891,
					"bytes":	53344320,
					"bits_per_second":	432903951.51556426,
					"packets":	36840,
					"omitted":	false,
					"sender":	true
				}],
			"sum":	{
				"start":	1.018522,
				"end":	2.004317,
				"seconds":	0.98579502105712891,
				"bytes":	53344320,
				"bits_per_second":	432903951.51556426,
				"packets":	36840,
				"omitted":	false,
				"sender":	true
			}
		}, {
			"streams":	[{
					"socket":	5,
					"start":	2.004317,
					"end":	3.00259,
					"seconds":	0.99827301502227783,
					"bytes":	44360928,
					"bits_per_second":	355501369.52472883,
					"packets":	30636,
					"omitted":	false,
					"sender":	true
				}],
			"sum":	{
				"start":	2.004317,
				"end":	3.00259,
				"seconds":	0.99827301502227783,
				"bytes":	44360928,
				"bits_per_second":	355501369.52472883,
				"packets":	30636,
				"omitted":	false,
				"sender":	true
			}
		}, {
			"streams":	[{
					"socket":	5,
					"start":	3.00259,
					"end":	4.009566,
					"seconds":	1.0069760084152222,
					"bytes":	66289440,
					"bits_per_second":	526641663.32483929,
					"packets":	45780,
					"omitted":	false,
					"sender":	true
				}],
			"sum":	{
				"start":	3.00259,
				"end":	4.009566,
				"seconds":	1.0069760084152222,
				"bytes":	66289440,
				"bits_per_second":	526641663.32483929,
				"packets":	45780,
				"omitted":	false,
				"sender":	true
			}
		}, {
			"streams":	[{
					"socket":	5,
					"start":	4.009566,
					"end":	5.000028,
					"seconds":	0.99046200513839722,
					"bytes":	54935672,
					"bits_per_second":	443717551.72838831,
					"packets":	37939,
					"omitted":	false,
					"sender":	true
				}],
			"sum":	{
				"start":	4.009566,
				"end":	5.000028,
				"seconds":	0.99046200513839722,
				"bytes":	54935672,
				"bits_per_second":	443717551.72838831,
				"packets":	37939,
				"omitted":	false,
				"sender":	true
			}
		}, {
			"streams":	[{
					"socket":	5,
					"start":	5.000028,
					"end":	6.000009,
					"seconds":	0.99998098611831665,
					"bytes":	63654080,
					"bits_per_second":	509242322.67327148,
					"packets":	43960,
					"omitted":	false,
					"sender":	true
				}],
			"sum":	{
				"start":	5.000028,
				"end":	6.000009,
				"seconds":	0.99998098611831665,
				"bytes":	63654080,
				"bits_per_second":	509242322.67327148,
				"packets":	43960,
				"omitted":	false,
				"sender":	true
			}
		}, {
			"streams":	[{
					"socket":	5,
					"start":	6.000009,
					"end":	7.000021,
					"seconds":	1.0000120401382446,
					"bytes":	65558200,
					"bits_per_second":	524459285.43769968,
					"packets":	45275,
					"omitted":	false,
					"sender":	true
				}],
			"sum":	{
				"start":	6.000009,
				"end":	7.000021,
				"seconds":	1.0000120401382446,
				"bytes":	65558200,
				"bits_per_second":	524459285.43769968,
				"packets":	45275,
				"omitted":	false,
				"sender":	true
			}
		}, {
			"streams":	[{
					"socket":	5,
					"start":	7.000021,
					"end":	8.000011,
					"seconds":	0.99998998641967773,
					"bytes":	63032888,
					"bits_per_second":	504268153.52965933,
					"packets":	43531,
					"omitted":	false,
					"sender":	true
				}],
			"sum":	{
				"start":	7.000021,
				"end":	8.000011,
				"seconds":	0.99998998641967773,
				"bytes":	63032888,
				"bits_per_second":	504268153.52965933,
				"packets":	43531,
				"omitted":	false,
				"sender":	true
			}
		}, {
			"streams":	[{
					"socket":	5,
					"start":	8.000011,
					"end":	9.000107,
					"seconds":	1.0000959634780884,
					"bytes":	60081864,
					"bits_per_second":	480608791.10880536,
					"packets":	41493,
					"omitted":	false,
					"sender":	true
				}],
			"sum":	{
				"start":	8.000011,
				"end":	9.000107,
				"seconds":	1.0000959634780884,
				"bytes":	60081864,
				"bits_per_second":	480608791.10880536,
				"packets":	41493,
				"omitted":	false,
				"sender":	true
			}
		}, {
			"streams":	[{
					"socket":	5,
					"start":	9.000107,
					"end":	10.000012,
					"seconds":	0.999904990196228,
					"bytes":	66325640,
					"bits_per_second":	530655537.47848636,
					"packets":	45805,
					"omitted":	false,
					"sender":	true
				}],
			"sum":	{
				"start":	9.000107,
				"end":	10.000012,
				"seconds":	0.999904990196228,
				"bytes":	66325640,
				"bits_per_second":	530655537.47848636,
				"packets":	45805,
				"omitted":	false,
				"sender":	true
			}
		}],
	"end":	{
		"streams":	[{
				"udp":	{
					"socket":	5,
					"start":	0,
					"end":	10.000012,
					"seconds":	10.000012,
					"bytes":	572110592,
					"bits_per_second":	457687924.37449074,
					"jitter_ms":	8.6129971112535236e-05,
					"lost_packets":	12869,
					"packets":	395104,
					"lost_percent":	3.2571171134688588,
					"out_of_order":	0,
					"sender":	true
				}
			}],
		"sum":	{
			"start":	0,
			"end":	10.175437,
			"seconds":	10.175437,
			"bytes":	572110592,
			"bits_per_second":	457687924.37449074,
			"jitter_ms":	8.6129971112535236e-05,
			"lost_packets":	12869,
			"packets":	395104,
			"lost_percent":	3.2571171134688588,
			"sender":	true
		},
		"cpu_utilization_percent":	{
			"host_total":	25.718367274306242,
			"host_user":	1.8576331908371695,
			"host_system":	23.860734083469069,
			"remote_total":	12.630333625607824,
			"remote_user":	2.6442327152579286,
			"remote_system":	9.9860823000671743
		}
	}
}
