{
	"start":	{
		"connected":	[{
				"socket":	5,
				"local_host":	"10.0.4.13",
				"local_port":	36953,
				"remote_host":	"10.0.6.10",
				"remote_port":	5203
			}],
		"version":	"iperf 3.7",
		"system_info":	"Linux ubuntu 5.11.0-40-generic #44~20.04.2-Ubuntu SMP Tue Oct 26 18:07:44 UTC 2021 x86_64",
		"timestamp":	{
			"time":	"Sat, 20 Nov 2021 13:39:59 GMT",
			"timesecs":	1637415599
		},
		"connecting_to":	{
			"host":	"10.0.6.10",
			"port":	5203
		},
		"cookie":	"a3yjq4mkf5gi7dize72wkwc6dgvpieex3pit",
		"sock_bufsize":	0,
		"sndbuf_actual":	212992,
		"rcvbuf_actual":	212992,
		"test_start":	{
			"protocol":	"UDP",
			"num_streams":	1,
			"blksize":	1448,
			"omit":	0,
			"duration":	10,
			"bytes":	0,
			"blocks":	0,
			"reverse":	0,
			"tos":	0
		}
	},
	"intervals":	[{
			"streams":	[{
					"socket":	5,
					"start":	0,
					"end":	1.000271,
					"seconds":	1.0002709627151489,
					"bytes":	37882576,
					"bits_per_second":	302978512.11972427,
					"packets":	26162,
					"omitted":	false,
					"sender":	true
				}],
			"sum":	{
				"start":	0,
				"end":	1.000271,
				"seconds":	1.0002709627151489,
				"bytes":	37882576,
				"bits_per_second":	302978512.11972427,
				"packets":	26162,
				"omitted":	false,
				"sender":	true
			}
		}, {
			"streams":	[{
					"socket":	5,
					"start":	1.000271,
					"end":	2.000015,
					"seconds":	0.9997439980506897,
					"bytes":	64330296,
					"bits_per_second":	514774151.18615824,
					"packets":	44427,
					"omitted":	false,
					"sender":	true
				}],
			"sum":	{
				"start":	1.000271,
				"end":	2.000015,
				"seconds":	0.9997439980506897,
				"bytes":	64330296,
				"bits_per_second":	514774151.18615824,
				"packets":	44427,
				"omitted":	false,
				"sender":	true
			}
		}, {
			"streams":	[{
					"socket":	5,
					"start":	2.000015,
					"end":	3.003651,
					"seconds":	1.0036360025405884,
					"bytes":	67109008,
					"bits_per_second":	534927067.82236838,
					"packets":	46346,
					"omitted":	false,
					"sender":	true
				}],
			"sum":	{
				"start":	2.000015,
				"end":	3.003651,
				"seconds":	1.0036360025405884,
				"bytes":	67109008,
				"bits_per_second":	534927067.82236838,
				"packets":	46346,
				"omitted":	false,
				"sender":	true
			}
		}, {
			"streams":	[{
					"socket":	5,
					"start":	3.003651,
					"end":	4.00056,
					"seconds":	0.99690902233123779,
					"bytes":	59356416,
					"bits_per_second":	476323633.71491647,
					"packets":	40992,
					"omitted":	false,
					"sender":	true
				}],
			"sum":	{
				"start":	3.003651,
				"end":	4.00056,
				"seconds":	0.99690902233123779,
				"bytes":	59356416,
				"bits_per_second":	476323633.71491647,
				"packets":	40992,
				"omitted":	false,
				"sender":	true
			}
		}, {
			"streams":	[{
					"socket":	5,
					"start":	4.00056,
					"end":	5.000059,
					"seconds":	0.99949902296066284,
					"bytes":	48170616,
					"bits_per_second":	385558083.74728823,
					"packets":	33267,
					"omitted":	false,
					"sender":	true
				}],
			"sum":	{
				"start":	4.00056,
				"end":	5.000059,
				"seconds":	0.99949902296066284,
				"bytes":	48170616,
				"bits_per_second":	385558083.74728823,
				"packets":	33267,
				"omitted":	false,
				"sender":	true
			}
		}, {
			"streams":	[{
					"socket":	5,
					"start":	5.000059,
					"end":	6.000014,
					"seconds":	0.99995499849319458,
					"bytes":	63610640,
					"bits_per_second":	508908021.62779862,
					"packets":	43930,
					"omitted":	false,
					"sender":	true
				}],
			"sum":	{
				"start":	5.000059,
				"end":	6.000014,
				"seconds":	0.99995499849319458,
				"bytes":	63610640,
				"bits_per_second":	508908021.62779862,
				"packets":	43930,
				"omitted":	false,
				"sender":	true
			}
		}, {
			"streams":	[{
					"socket":	5,
					"start":	6.000014,
					"end":	7.000015,
					"seconds":	1.0000009536743164,
					"bytes":	64999272,
					"bits_per_second":	519993680.09538257,
					"packets":	44889,
					"omitted":	false,
					"sender":	true
				}],
			"sum":	{
				"start":	6.000014,
				"end":	7.000015,
				"seconds":	1.0000009536743164,
				"bytes":	64999272,
				"bits_per_second":	519993680.09538257,
				"packets":	44889,
				"omitted":	false,
				"sender":	true
			}
		}, {
			"streams":	[{
					"socket":	5,
					"start":	7.000015,
					"end":	8.000014,
					"seconds":	0.99999898672103882,
					"bytes":	66977240,
					"bits_per_second":	535818462.93357551,
					"packets":	46255,
					"omitted":	false,
					"sender":	true
				}],
			"sum":	{
				"start":	7.000015,
				"end":	8.000014,
				"seconds":	0.99999898672103882,
				"bytes":	66977240,
				"bits_per_second":	535818462.93357551,
				"packets":	46255,
				"omitted":	false,
				"sender":	true
			}
		}, {
			"streams":	[{
					"socket":	5,
					"start":	8.000014,
					"end":	9.011012,
					"seconds":	1.010998010635376,
					"bytes":	66925112,
					"bits_per_second":	529576606.84566504,
					"packets":	46219,
					"omitted":	false,
					"sender":	true
				}],
			"sum":	{
				"start":	8.000014,
				"end":	9.011012,
				"seconds":	1.010998010635376,
				"bytes":	66925112,
				"bits_per_second":	529576606.84566504,
				"packets":	46219,
				"omitted":	false,
				"sender":	true
			}
		}, {
			"streams":	[{
					"socket":	5,
					"start":	9.011012,
					"end":	10.000019,
					"seconds":	0.98900699615478516,
					"bytes":	68092200,
					"bits_per_second":	550792463.67105126,
					"packets":	47025,
					"omitted":	false,
					"sender":	true
				}],
			"sum":	{
				"start":	9.011012,
				"end":	10.000019,
				"seconds":	0.98900699615478516,
				"bytes":	68092200,
				"bits_per_second":	550792463.67105126,
				"packets":	47025,
				"omitted":	false,
				"sender":	true
			}
		}],
	"end":	{
		"streams":	[{
				"udp":	{
					"socket":	5,
					"start":	0,
					"end":	10.000019,
					"seconds":	10.000019,
					"bytes":	607453376,
					"bits_per_second":	485961777.47262281,
					"jitter_ms":	0.0090775024014037968,
					"lost_packets":	14049,
					"packets":	419512,
					"lost_percent":	3.3488910925074848,
					"out_of_order":	0,
					"sender":	true
				}
			}],
		"sum":	{
			"start":	0,
			"end":	10.110943,
			"seconds":	10.110943,
			"bytes":	607453376,
			"bits_per_second":	485961777.47262281,
			"jitter_ms":	0.0090775024014037968,
			"lost_packets":	14049,
			"packets":	419512,
			"lost_percent":	3.3488910925074848,
			"sender":	true
		},
		"cpu_utilization_percent":	{
			"host_total":	26.009176297201879,
			"host_user":	1.9675859432868907,
			"host_system":	24.041590353914987,
			"remote_total":	12.761657640001342,
			"remote_user":	2.4823282821841026,
			"remote_system":	10.279319993085082
		}
	}
}
