{
	"start":	{
		"connected":	[{
				"socket":	5,
				"local_host":	"10.0.2.11",
				"local_port":	33944,
				"remote_host":	"10.0.6.10",
				"remote_port":	5201
			}],
		"version":	"iperf 3.7",
		"system_info":	"Linux ubunu2004 5.4.0-26-generic #30-Ubuntu SMP Mon Apr 20 16:58:30 UTC 2020 x86_64",
		"timestamp":	{
			"time":	"Wed, 17 Nov 2021 09:08:24 GMT",
			"timesecs":	1637140104
		},
		"connecting_to":	{
			"host":	"10.0.6.10",
			"port":	5201
		},
		"cookie":	"pbfiswqvd23rgtfxjpqq7iyk2td4pgftbbug",
		"sock_bufsize":	0,
		"sndbuf_actual":	212992,
		"rcvbuf_actual":	212992,
		"test_start":	{
			"protocol":	"UDP",
			"num_streams":	1,
			"blksize":	1448,
			"omit":	0,
			"duration":	10,
			"bytes":	0,
			"blocks":	0,
			"reverse":	0,
			"tos":	0
		}
	},
	"intervals":	[{
			"streams":	[{
					"socket":	5,
					"start":	0,
					"end":	1.000077,
					"seconds":	1.0000770092010498,
					"bytes":	25965536,
					"bits_per_second":	207708292.55033928,
					"packets":	17932,
					"omitted":	false,
					"sender":	true
				}],
			"sum":	{
				"start":	0,
				"end":	1.000077,
				"seconds":	1.0000770092010498,
				"bytes":	25965536,
				"bits_per_second":	207708292.55033928,
				"packets":	17932,
				"omitted":	false,
				"sender":	true
			}
		}, {
			"streams":	[{
					"socket":	5,
					"start":	1.000077,
					"end":	2.000147,
					"seconds":	1.0000699758529663,
					"bytes":	29600016,
					"bits_per_second":	236783558.86849979,
					"packets":	20442,
					"omitted":	false,
					"sender":	true
				}],
			"sum":	{
				"start":	1.000077,
				"end":	2.000147,
				"seconds":	1.0000699758529663,
				"bytes":	29600016,
				"bits_per_second":	236783558.86849979,
				"packets":	20442,
				"omitted":	false,
				"sender":	true
			}
		}, {
			"streams":	[{
					"socket":	5,
					"start":	2.000147,
					"end":	3.000005,
					"seconds":	0.999858021736145,
					"bytes":	33511064,
					"bits_per_second":	268126580.14634255,
					"packets":	23143,
					"omitted":	false,
					"sender":	true
				}],
			"sum":	{
				"start":	2.000147,
				"end":	3.000005,
				"seconds":	0.999858021736145,
				"bytes":	33511064,
				"bits_per_second":	268126580.14634255,
				"packets":	23143,
				"omitted":	false,
				"sender":	true
			}
		}, {
			"streams":	[{
					"socket":	5,
					"start":	3.000005,
					"end":	4.000009,
					"seconds":	1.0000040531158447,
					"bytes":	47658024,
					"bits_per_second":	381262646.69832569,
					"packets":	32913,
					"omitted":	false,
					"sender":	true
				}],
			"sum":	{
				"start":	3.000005,
				"end":	4.000009,
				"seconds":	1.0000040531158447,
				"bytes":	47658024,
				"bits_per_second":	381262646.69832569,
				"packets":	32913,
				"omitted":	false,
				"sender":	true
			}
		}, {
			"streams":	[{
					"socket":	5,
					"start":	4.000009,
					"end":	5.010017,
					"seconds":	1.0100079774856567,
					"bytes":	61812224,
					"bits_per_second":	489597907.16803759,
					"packets":	42688,
					"omitted":	false,
					"sender":	true
				}],
			"sum":	{
				"start":	4.000009,
				"end":	5.010017,
				"seconds":	1.0100079774856567,
				"bytes":	61812224,
				"bits_per_second":	489597907.16803759,
				"packets":	42688,
				"omitted":	false,
				"sender":	true
			}
		}, {
			"streams":	[{
					"socket":	5,
					"start":	5.010017,
					"end":	6.00001,
					"seconds":	0.98999297618865967,
					"bytes":	68819096,
					"bits_per_second":	556117852.59280765,
					"packets":	47527,
					"omitted":	false,
					"sender":	true
				}],
			"sum":	{
				"start":	5.010017,
				"end":	6.00001,
				"seconds":	0.98999297618865967,
				"bytes":	68819096,
				"bits_per_second":	556117852.59280765,
				"packets":	47527,
				"omitted":	false,
				"sender":	true
			}
		}, {
			"streams":	[{
					"socket":	5,
					"start":	6.00001,
					"end":	7.000006,
					"seconds":	0.9999960064888,
					"bytes":	64449032,
					"bits_per_second":	515594315.0316717,
					"packets":	44509,
					"omitted":	false,
					"sender":	true
				}],
			"sum":	{
				"start":	6.00001,
				"end":	7.000006,
				"seconds":	0.9999960064888,
				"bytes":	64449032,
				"bits_per_second":	515594315.0316717,
				"packets":	44509,
				"omitted":	false,
				"sender":	true
			}
		}, {
			"streams":	[{
					"socket":	5,
					"start":	7.000006,
					"end":	8.000012,
					"seconds":	1.0000059604644775,
					"bytes":	62846096,
					"bits_per_second":	502765771.28247976,
					"packets":	43402,
					"omitted":	false,
					"sender":	true
				}],
			"sum":	{
				"start":	7.000006,
				"end":	8.000012,
				"seconds":	1.0000059604644775,
				"bytes":	62846096,
				"bits_per_second":	502765771.28247976,
				"packets":	43402,
				"omitted":	false,
				"sender":	true
			}
		}, {
			"streams":	[{
					"socket":	5,
					"start":	8.000012,
					"end":	9.001652,
					"seconds":	1.00163996219635,
					"bytes":	58811968,
					"bits_per_second":	469725412.08152133,
					"packets":	40616,
					"omitted":	false,
					"sender":	true
				}],
			"sum":	{
				"start":	8.000012,
				"end":	9.001652,
				"seconds":	1.00163996219635,
				"bytes":	58811968,
				"bits_per_second":	469725412.08152133,
				"packets":	40616,
				"omitted":	false,
				"sender":	true
			}
		}, {
			"streams":	[{
					"socket":	5,
					"start":	9.001652,
					"end":	10.000007,
					"seconds":	0.998354971408844,
					"bytes":	136167024,
					"bits_per_second":	1091131133.9119856,
					"packets":	94038,
					"omitted":	false,
					"sender":	true
				}],
			"sum":	{
				"start":	9.001652,
				"end":	10.000007,
				"seconds":	0.998354971408844,
				"bytes":	136167024,
				"bits_per_second":	1091131133.9119856,
				"packets":	94038,
				"omitted":	false,
				"sender":	true
			}
		}],
	"end":	{
		"streams":	[{
				"udp":	{
					"socket":	5,
					"start":	0,
					"end":	10.000007,
					"seconds":	10.000007,
					"bytes":	589640080,
					"bits_per_second":	471711733.80178636,
					"jitter_ms":	6.5438439417020844e-06,
					"lost_packets":	10375,
					"packets":	407210,
					"lost_percent":	2.5478254463299037,
					"out_of_order":	0,
					"sender":	true
				}
			}],
		"sum":	{
			"start":	0,
			"end":	10.110226,
			"seconds":	10.110226,
			"bytes":	589640080,
			"bits_per_second":	471711733.80178636,
			"jitter_ms":	6.5438439417020844e-06,
			"lost_packets":	10375,
			"packets":	407210,
			"lost_percent":	2.5478254463299037,
			"sender":	true
		},
		"cpu_utilization_percent":	{
			"host_total":	17.106251558638725,
			"host_user":	1.669958255511226,
			"host_system":	15.436284367900125,
			"remote_total":	11.491396098266048,
			"remote_user":	2.1896151338709728,
			"remote_system":	9.3017809643950748
		}
	}
}
