{
	"start":	{
		"connected":	[{
				"socket":	5,
				"local_host":	"10.0.3.12",
				"local_port":	53822,
				"remote_host":	"10.0.6.10",
				"remote_port":	5202
			}],
		"version":	"iperf 3.7",
		"system_info":	"Linux ubuntu 5.11.0-40-generic #44~20.04.2-Ubuntu SMP Tue Oct 26 18:07:44 UTC 2021 x86_64",
		"timestamp":	{
			"time":	"Sat, 20 Nov 2021 13:40:00 GMT",
			"timesecs":	1637415600
		},
		"connecting_to":	{
			"host":	"10.0.6.10",
			"port":	5202
		},
		"cookie":	"gql2wr4smqqm2byn7mzxljnnya2qjglqxydr",
		"sock_bufsize":	0,
		"sndbuf_actual":	212992,
		"rcvbuf_actual":	212992,
		"test_start":	{
			"protocol":	"UDP",
			"num_streams":	1,
			"blksize":	1448,
			"omit":	0,
			"duration":	10,
			"bytes":	0,
			"blocks":	0,
			"reverse":	0,
			"tos":	0
		}
	},
	"intervals":	[{
			"streams":	[{
					"socket":	5,
					"start":	0,
					"end":	1.006017,
					"seconds":	1.0060169696807861,
					"bytes":	45332536,
					"bits_per_second":	360491223.23957795,
					"packets":	31307,
					"omitted":	false,
					"sender":	true
				}],
			"sum":	{
				"start":	0,
				"end":	1.006017,
				"seconds":	1.0060169696807861,
				"bytes":	45332536,
				"bits_per_second":	360491223.23957795,
				"packets":	31307,
				"omitted":	false,
				"sender":	true
			}
		}, {
			"streams":	[{
					"socket":	5,
					"start":	1.006017,
					"end":	2.000275,
					"seconds":	0.99425798654556274,
					"bytes":	49536080,
					"bits_per_second":	398577276.08189517,
					"packets":	34210,
					"omitted":	false,
					"sender":	true
				}],
			"sum":	{
				"start":	1.006017,
				"end":	2.000275,
				"seconds":	0.99425798654556274,
				"bytes":	49536080,
				"bits_per_second":	398577276.08189517,
				"packets":	34210,
				"omitted":	false,
				"sender":	true
			}
		}, {
			"streams":	[{
					"socket":	5,
					"start":	2.000275,
					"end":	3.000016,
					"seconds":	0.99974101781845093,
					"bytes":	55526456,
					"bits_per_second":	444326720.7034483,
					"packets":	38347,
					"omitted":	false,
					"sender":	true
				}],
			"sum":	{
				"start":	2.000275,
				"end":	3.000016,
				"seconds":	0.99974101781845093,
				"bytes":	55526456,
				"bits_per_second":	444326720.7034483,
				"packets":	38347,
				"omitted":	false,
				"sender":	true
			}
		}, {
			"streams":	[{
					"socket":	5,
					"start":	3.000016,
					"end":	4.000005,
					"seconds":	0.99998897314071655,
					"bytes":	66283648,
					"bits_per_second":	530275031.26815134,
					"packets":	45776,
					"omitted":	false,
					"sender":	true
				}],
			"sum":	{
				"start":	3.000016,
				"end":	4.000005,
				"seconds":	0.99998897314071655,
				"bytes":	66283648,
				"bits_per_second":	530275031.26815134,
				"packets":	45776,
				"omitted":	false,
				"sender":	true
			}
		}, {
			"streams":	[{
					"socket":	5,
					"start":	4.000005,
					"end":	5.000125,
					"seconds":	1.0001200437545776,
					"bytes":	60236800,
					"bits_per_second":	481836558.53042126,
					"packets":	41600,
					"omitted":	false,
					"sender":	true
				}],
			"sum":	{
				"start":	4.000005,
				"end":	5.000125,
				"seconds":	1.0001200437545776,
				"bytes":	60236800,
				"bits_per_second":	481836558.53042126,
				"packets":	41600,
				"omitted":	false,
				"sender":	true
			}
		}, {
			"streams":	[{
					"socket":	5,
					"start":	5.000125,
					"end":	6.004712,
					"seconds":	1.0045870542526245,
					"bytes":	52949016,
					"bits_per_second":	421657960.06114852,
					"packets":	36567,
					"omitted":	false,
					"sender":	true
				}],
			"sum":	{
				"start":	5.000125,
				"end":	6.004712,
				"seconds":	1.0045870542526245,
				"bytes":	52949016,
				"bits_per_second":	421657960.06114852,
				"packets":	36567,
				"omitted":	false,
				"sender":	true
			}
		}, {
			"streams":	[{
					"socket":	5,
					"start":	6.004712,
					"end":	7.000002,
					"seconds":	0.99528998136520386,
					"bytes":	57210480,
					"bits_per_second":	459849740.84860307,
					"packets":	39510,
					"omitted":	false,
					"sender":	true
				}],
			"sum":	{
				"start":	6.004712,
				"end":	7.000002,
				"seconds":	0.99528998136520386,
				"bytes":	57210480,
				"bits_per_second":	459849740.84860307,
				"packets":	39510,
				"omitted":	false,
				"sender":	true
			}
		}, {
			"streams":	[{
					"socket":	5,
					"start":	7.000002,
					"end":	8.000029,
					"seconds":	1.0000269412994385,
					"bytes":	60021048,
					"bits_per_second":	480155447.98829871,
					"packets":	41451,
					"omitted":	false,
					"sender":	true
				}],
			"sum":	{
				"start":	7.000002,
				"end":	8.000029,
				"seconds":	1.0000269412994385,
				"bytes":	60021048,
				"bits_per_second":	480155447.98829871,
				"packets":	41451,
				"omitted":	false,
				"sender":	true
			}
		}, {
			"streams":	[{
					"socket":	5,
					"start":	8.000029,
					"end":	9.000009,
					"seconds":	0.99997997283935547,
					"bytes":	65588608,
					"bits_per_second":	524719372.63916916,
					"packets":	45296,
					"omitted":	false,
					"sender":	true
				}],
			"sum":	{
				"start":	8.000029,
				"end":	9.000009,
				"seconds":	0.99997997283935547,
				"bytes":	65588608,
				"bits_per_second":	524719372.63916916,
				"packets":	45296,
				"omitted":	false,
				"sender":	true
			}
		}, {
			"streams":	[{
					"socket":	5,
					"start":	9.000009,
					"end":	10.00001,
					"seconds":	1.0000009536743164,
					"bytes":	144742080,
					"bits_per_second":	1157935535.7066195,
					"packets":	99960,
					"omitted":	false,
					"sender":	true
				}],
			"sum":	{
				"start":	9.000009,
				"end":	10.00001,
				"seconds":	1.0000009536743164,
				"bytes":	144742080,
				"bits_per_second":	1157935535.7066195,
				"packets":	99960,
				"omitted":	false,
				"sender":	true
			}
		}],
	"end":	{
		"streams":	[{
				"udp":	{
					"socket":	5,
					"start":	0,
					"end":	10.00001,
					"seconds":	10.00001,
					"bytes":	657426752,
					"bits_per_second":	525940875.65912437,
					"jitter_ms":	0.0031531162981361209,
					"lost_packets":	15787,
					"packets":	454024,
					"lost_percent":	3.4771289623456028,
					"out_of_order":	0,
					"sender":	true
				}
			}],
		"sum":	{
			"start":	0,
			"end":	10.111213,
			"seconds":	10.111213,
			"bytes":	657426752,
			"bits_per_second":	525940875.65912437,
			"jitter_ms":	0.0031531162981361209,
			"lost_packets":	15787,
			"packets":	454024,
			"lost_percent":	3.4771289623456028,
			"sender":	true
		},
		"cpu_utilization_percent":	{
			"host_total":	25.935568293614892,
			"host_user":	2.1379816482549319,
			"host_system":	23.79758664535996,
			"remote_total":	12.698186169560616,
			"remote_user":	2.2026197568188728,
			"remote_system":	10.495557554071551
		}
	}
}
