{
	"start":	{
		"connected":	[{
				"socket":	5,
				"local_host":	"10.0.4.13",
				"local_port":	39683,
				"remote_host":	"10.0.6.10",
				"remote_port":	5203
			}],
		"version":	"iperf 3.7",
		"system_info":	"Linux ubunu2004 5.4.0-26-generic #30-Ubuntu SMP Mon Apr 20 16:58:30 UTC 2020 x86_64",
		"timestamp":	{
			"time":	"Wed, 17 Nov 2021 09:08:24 GMT",
			"timesecs":	1637140104
		},
		"connecting_to":	{
			"host":	"10.0.6.10",
			"port":	5203
		},
		"cookie":	"43mbpvfetejfwi66kyisswequur2fs5woxba",
		"sock_bufsize":	0,
		"sndbuf_actual":	212992,
		"rcvbuf_actual":	212992,
		"test_start":	{
			"protocol":	"UDP",
			"num_streams":	1,
			"blksize":	1448,
			"omit":	0,
			"duration":	10,
			"bytes":	0,
			"blocks":	0,
			"reverse":	0,
			"tos":	0
		}
	},
	"intervals":	[{
			"streams":	[{
					"socket":	5,
					"start":	0,
					"end":	1.000005,
					"seconds":	1.0000050067901611,
					"bytes":	16214704,
					"bits_per_second":	129716982.53428811,
					"packets":	11198,
					"omitted":	false,
					"sender":	true
				}],
			"sum":	{
				"start":	0,
				"end":	1.000005,
				"seconds":	1.0000050067901611,
				"bytes":	16214704,
				"bits_per_second":	129716982.53428811,
				"packets":	11198,
				"omitted":	false,
				"sender":	true
			}
		}, {
			"streams":	[{
					"socket":	5,
					"start":	1.000005,
					"end":	2.000004,
					"seconds":	0.99999898672103882,
					"bytes":	40470152,
					"bits_per_second":	323761544.06076103,
					"packets":	27949,
					"omitted":	false,
					"sender":	true
				}],
			"sum":	{
				"start":	1.000005,
				"end":	2.000004,
				"seconds":	0.99999898672103882,
				"bytes":	40470152,
				"bits_per_second":	323761544.06076103,
				"packets":	27949,
				"omitted":	false,
				"sender":	true
			}
		}, {
			"streams":	[{
					"socket":	5,
					"start":	2.000004,
					"end":	3.008332,
					"seconds":	1.0083279609680176,
					"bytes":	111549576,
					"bits_per_second":	885026144.81034434,
					"packets":	77037,
					"omitted":	false,
					"sender":	true
				}],
			"sum":	{
				"start":	2.000004,
				"end":	3.008332,
				"seconds":	1.0083279609680176,
				"bytes":	111549576,
				"bits_per_second":	885026144.81034434,
				"packets":	77037,
				"omitted":	false,
				"sender":	true
			}
		}, {
			"streams":	[{
					"socket":	5,
					"start":	3.008332,
					"end":	4.010953,
					"seconds":	1.002621054649353,
					"bytes":	84608088,
					"bits_per_second":	675095242.47595227,
					"packets":	58431,
					"omitted":	false,
					"sender":	true
				}],
			"sum":	{
				"start":	3.008332,
				"end":	4.010953,
				"seconds":	1.002621054649353,
				"bytes":	84608088,
				"bits_per_second":	675095242.47595227,
				"packets":	58431,
				"omitted":	false,
				"sender":	true
			}
		}, {
			"streams":	[{
					"socket":	5,
					"start":	4.010953,
					"end":	5.000011,
					"seconds":	0.98905801773071289,
					"bytes":	60678440,
					"bits_per_second":	490797821.05579728,
					"packets":	41905,
					"omitted":	false,
					"sender":	true
				}],
			"sum":	{
				"start":	4.010953,
				"end":	5.000011,
				"seconds":	0.98905801773071289,
				"bytes":	60678440,
				"bits_per_second":	490797821.05579728,
				"packets":	41905,
				"omitted":	false,
				"sender":	true
			}
		}, {
			"streams":	[{
					"socket":	5,
					"start":	5.000011,
					"end":	6.001175,
					"seconds":	1.0011639595031738,
					"bytes":	61629776,
					"bits_per_second":	492464998.68480033,
					"packets":	42562,
					"omitted":	false,
					"sender":	true
				}],
			"sum":	{
				"start":	5.000011,
				"end":	6.001175,
				"seconds":	1.0011639595031738,
				"bytes":	61629776,
				"bits_per_second":	492464998.68480033,
				"packets":	42562,
				"omitted":	false,
				"sender":	true
			}
		}, {
			"streams":	[{
					"socket":	5,
					"start":	6.001175,
					"end":	7.001126,
					"seconds":	0.99995100498199463,
					"bytes":	84199752,
					"bits_per_second":	673631020.56398153,
					"packets":	58149,
					"omitted":	false,
					"sender":	true
				}],
			"sum":	{
				"start":	6.001175,
				"end":	7.001126,
				"seconds":	0.99995100498199463,
				"bytes":	84199752,
				"bits_per_second":	673631020.56398153,
				"packets":	58149,
				"omitted":	false,
				"sender":	true
			}
		}, {
			"streams":	[{
					"socket":	5,
					"start":	7.001126,
					"end":	8.010886,
					"seconds":	1.0097600221633911,
					"bytes":	67488384,
					"bits_per_second":	534688500.38572496,
					"packets":	46608,
					"omitted":	false,
					"sender":	true
				}],
			"sum":	{
				"start":	7.001126,
				"end":	8.010886,
				"seconds":	1.0097600221633911,
				"bytes":	67488384,
				"bits_per_second":	534688500.38572496,
				"packets":	46608,
				"omitted":	false,
				"sender":	true
			}
		}, {
			"streams":	[{
					"socket":	5,
					"start":	8.010886,
					"end":	9.000007,
					"seconds":	0.98912101984024048,
					"bytes":	73535232,
					"bits_per_second":	594752152.87105846,
					"packets":	50784,
					"omitted":	false,
					"sender":	true
				}],
			"sum":	{
				"start":	8.010886,
				"end":	9.000007,
				"seconds":	0.98912101984024048,
				"bytes":	73535232,
				"bits_per_second":	594752152.87105846,
				"packets":	50784,
				"omitted":	false,
				"sender":	true
			}
		}, {
			"streams":	[{
					"socket":	5,
					"start":	9.000007,
					"end":	10.00115,
					"seconds":	1.0011429786682129,
					"bytes":	72434752,
					"bits_per_second":	578816441.154949,
					"packets":	50024,
					"omitted":	false,
					"sender":	true
				}],
			"sum":	{
				"start":	9.000007,
				"end":	10.00115,
				"seconds":	1.0011429786682129,
				"bytes":	72434752,
				"bits_per_second":	578816441.154949,
				"packets":	50024,
				"omitted":	false,
				"sender":	true
			}
		}],
	"end":	{
		"streams":	[{
				"udp":	{
					"socket":	5,
					"start":	0,
					"end":	10.00115,
					"seconds":	10.00115,
					"bytes":	672808856,
					"bits_per_second":	538185193.50274718,
					"jitter_ms":	0.004281610147490361,
					"lost_packets":	28865,
					"packets":	464647,
					"lost_percent":	6.2122428424158551,
					"out_of_order":	0,
					"sender":	true
				}
			}],
		"sum":	{
			"start":	0,
			"end":	10.230883,
			"seconds":	10.230883,
			"bytes":	672808856,
			"bits_per_second":	538185193.50274718,
			"jitter_ms":	0.004281610147490361,
			"lost_packets":	28865,
			"packets":	464647,
			"lost_percent":	6.2122428424158551,
			"sender":	true
		},
		"cpu_utilization_percent":	{
			"host_total":	19.303177528192851,
			"host_user":	1.2689267395806729,
			"host_system":	18.034241322047421,
			"remote_total":	10.782953053625723,
			"remote_user":	0.84435404848385542,
			"remote_system":	9.9385897365075575
		}
	}
}
