{
	"start":	{
		"connected":	[{
				"socket":	5,
				"local_host":	"10.0.5.10",
				"local_port":	37354,
				"remote_host":	"10.0.7.10",
				"remote_port":	5204
			}],
		"version":	"iperf 3.7",
		"system_info":	"Linux ubuntu 5.11.0-40-generic #44~20.04.2-Ubuntu SMP Tue Oct 26 18:07:44 UTC 2021 x86_64",
		"timestamp":	{
			"time":	"Mon, 22 Nov 2021 06:58:02 GMT",
			"timesecs":	1637564282
		},
		"connecting_to":	{
			"host":	"10.0.7.10",
			"port":	5204
		},
		"cookie":	"mvoqfvrzdthgsf7g6uinwt2j2drsjemjcsqq",
		"tcp_mss_default":	1448,
		"target_bitrate":	1000000000,
		"sock_bufsize":	0,
		"sndbuf_actual":	87380,
		"rcvbuf_actual":	87380,
		"test_start":	{
			"protocol":	"TCP",
			"num_streams":	1,
			"blksize":	131072,
			"omit":	0,
			"duration":	10,
			"bytes":	0,
			"blocks":	0,
			"reverse":	0,
			"tos":	0
		}
	},
	"intervals":	[{
			"streams":	[{
					"socket":	5,
					"start":	0,
					"end":	1.000088,
					"seconds":	1.0000879764556885,
					"bytes":	79167488,
					"bits_per_second":	633284189.901529,
					"retransmits":	1221,
					"snd_cwnd":	36200,
					"rtt":	382,
					"rttvar":	86,
					"pmtu":	1500,
					"omitted":	false,
					"sender":	true
				}],
			"sum":	{
				"start":	0,
				"end":	1.000088,
				"seconds":	1.0000879764556885,
				"bytes":	79167488,
				"bits_per_second":	633284189.901529,
				"retransmits":	1221,
				"omitted":	false,
				"sender":	true
			}
		}, {
			"streams":	[{
					"socket":	5,
					"start":	1.000088,
					"end":	2.000102,
					"seconds":	1.0000139474868774,
					"bytes":	66453504,
					"bits_per_second":	531620617.22841746,
					"retransmits":	868,
					"snd_cwnd":	44888,
					"rtt":	526,
					"rttvar":	129,
					"pmtu":	1500,
					"omitted":	false,
					"sender":	true
				}],
			"sum":	{
				"start":	1.000088,
				"end":	2.000102,
				"seconds":	1.0000139474868774,
				"bytes":	66453504,
				"bits_per_second":	531620617.22841746,
				"retransmits":	868,
				"omitted":	false,
				"sender":	true
			}
		}, {
			"streams":	[{
					"socket":	5,
					"start":	2.000102,
					"end":	3.00019,
					"seconds":	1.0000879764556885,
					"bytes":	58327040,
					"bits_per_second":	466575272.36122578,
					"retransmits":	845,
					"snd_cwnd":	46336,
					"rtt":	330,
					"rttvar":	112,
					"pmtu":	1500,
					"omitted":	false,
					"sender":	true
				}],
			"sum":	{
				"start":	2.000102,
				"end":	3.00019,
				"seconds":	1.0000879764556885,
				"bytes":	58327040,
				"bits_per_second":	466575272.36122578,
				"retransmits":	845,
				"omitted":	false,
				"sender":	true
			}
		}, {
			"streams":	[{
					"socket":	5,
					"start":	3.00019,
					"end":	4.000127,
					"seconds":	0.99993699789047241,
					"bytes":	79691776,
					"bits_per_second":	637574376.53070211,
					"retransmits":	866,
					"snd_cwnd":	43440,
					"rtt":	386,
					"rttvar":	84,
					"pmtu":	1500,
					"omitted":	false,
					"sender":	true
				}],
			"sum":	{
				"start":	3.00019,
				"end":	4.000127,
				"seconds":	0.99993699789047241,
				"bytes":	79691776,
				"bits_per_second":	637574376.53070211,
				"retransmits":	866,
				"omitted":	false,
				"sender":	true
			}
		}, {
			"streams":	[{
					"socket":	5,
					"start":	4.000127,
					"end":	5.000237,
					"seconds":	1.0001100301742554,
					"bytes":	71958528,
					"bits_per_second":	575604890.0936408,
					"retransmits":	993,
					"snd_cwnd":	33304,
					"rtt":	369,
					"rttvar":	69,
					"pmtu":	1500,
					"omitted":	false,
					"sender":	true
				}],
			"sum":	{
				"start":	4.000127,
				"end":	5.000237,
				"seconds":	1.0001100301742554,
				"bytes":	71958528,
				"bits_per_second":	575604890.0936408,
				"retransmits":	993,
				"omitted":	false,
				"sender":	true
			}
		}, {
			"streams":	[{
					"socket":	5,
					"start":	5.000237,
					"end":	6.000159,
					"seconds":	0.999921977519989,
					"bytes":	62390272,
					"bits_per_second":	499161121.788647,
					"retransmits":	995,
					"snd_cwnd":	46336,
					"rtt":	546,
					"rttvar":	130,
					"pmtu":	1500,
					"omitted":	false,
					"sender":	true
				}],
			"sum":	{
				"start":	5.000237,
				"end":	6.000159,
				"seconds":	0.999921977519989,
				"bytes":	62390272,
				"bits_per_second":	499161121.788647,
				"retransmits":	995,
				"omitted":	false,
				"sender":	true
			}
		}, {
			"streams":	[{
					"socket":	5,
					"start":	6.000159,
					"end":	7.000045,
					"seconds":	0.99988597631454468,
					"bytes":	74055680,
					"bits_per_second":	592513000.51599908,
					"retransmits":	1091,
					"snd_cwnd":	43440,
					"rtt":	475,
					"rttvar":	112,
					"pmtu":	1500,
					"omitted":	false,
					"sender":	true
				}],
			"sum":	{
				"start":	6.000159,
				"end":	7.000045,
				"seconds":	0.99988597631454468,
				"bytes":	74055680,
				"bits_per_second":	592513000.51599908,
				"retransmits":	1091,
				"omitted":	false,
				"sender":	true
			}
		}, {
			"streams":	[{
					"socket":	5,
					"start":	7.000045,
					"end":	8.000169,
					"seconds":	1.0001239776611328,
					"bytes":	72220672,
					"bits_per_second":	577693754.879419,
					"retransmits":	1006,
					"snd_cwnd":	66608,
					"rtt":	414,
					"rttvar":	86,
					"pmtu":	1500,
					"omitted":	false,
					"sender":	true
				}],
			"sum":	{
				"start":	7.000045,
				"end":	8.000169,
				"seconds":	1.0001239776611328,
				"bytes":	72220672,
				"bits_per_second":	577693754.879419,
				"retransmits":	1006,
				"omitted":	false,
				"sender":	true
			}
		}, {
			"streams":	[{
					"socket":	5,
					"start":	8.000169,
					"end":	9.000139,
					"seconds":	0.999970018863678,
					"bytes":	70385664,
					"bits_per_second":	563102194.44365489,
					"retransmits":	925,
					"snd_cwnd":	46336,
					"rtt":	563,
					"rttvar":	62,
					"pmtu":	1500,
					"omitted":	false,
					"sender":	true
				}],
			"sum":	{
				"start":	8.000169,
				"end":	9.000139,
				"seconds":	0.999970018863678,
				"bytes":	70385664,
				"bits_per_second":	563102194.44365489,
				"retransmits":	925,
				"omitted":	false,
				"sender":	true
			}
		}, {
			"streams":	[{
					"socket":	5,
					"start":	9.000139,
					"end":	10.000511,
					"seconds":	1.000372052192688,
					"bytes":	70123520,
					"bits_per_second":	560779520.74969053,
					"retransmits":	1139,
					"snd_cwnd":	40544,
					"rtt":	139,
					"rttvar":	186,
					"pmtu":	1500,
					"omitted":	false,
					"sender":	true
				}],
			"sum":	{
				"start":	9.000139,
				"end":	10.000511,
				"seconds":	1.000372052192688,
				"bytes":	70123520,
				"bits_per_second":	560779520.74969053,
				"retransmits":	1139,
				"omitted":	false,
				"sender":	true
			}
		}],
	"end":	{
		"streams":	[{
				"sender":	{
					"socket":	5,
					"start":	0,
					"end":	10.000511,
					"seconds":	10.000511,
					"bytes":	704774144,
					"bits_per_second":	563790505.50516868,
					"retransmits":	9949,
					"max_snd_cwnd":	66608,
					"max_rtt":	563,
					"min_rtt":	139,
					"mean_rtt":	413,
					"sender":	true
				},
				"receiver":	{
					"socket":	5,
					"start":	0,
					"end":	10.000529,
					"seconds":	10.000511,
					"bytes":	704356544,
					"bits_per_second":	563455428.40783727,
					"sender":	true
				}
			}],
		"sum_sent":	{
			"start":	0,
			"end":	10.000511,
			"seconds":	10.000511,
			"bytes":	704774144,
			"bits_per_second":	563790505.50516868,
			"retransmits":	9949,
			"sender":	true
		},
		"sum_received":	{
			"start":	0,
			"end":	10.000529,
			"seconds":	10.000529,
			"bytes":	704356544,
			"bits_per_second":	563455428.40783727,
			"sender":	true
		},
		"cpu_utilization_percent":	{
			"host_total":	3.27129831654025,
			"host_user":	0.22562088904749247,
			"host_system":	3.0456774274927567,
			"remote_total":	11.337913051921133,
			"remote_user":	0.56295161969833329,
			"remote_system":	10.7749614322228
		},
		"sender_tcp_congestion":	"cubic",
		"receiver_tcp_congestion":	"cubic"
	}
}
