{
	"start":	{
		"connected":	[{
				"socket":	5,
				"local_host":	"10.0.2.11",
				"local_port":	59210,
				"remote_host":	"10.0.6.10",
				"remote_port":	5201
			}],
		"version":	"iperf 3.7",
		"system_info":	"Linux ubuntu 5.11.0-40-generic #44~20.04.2-Ubuntu SMP Tue Oct 26 18:07:44 UTC 2021 x86_64",
		"timestamp":	{
			"time":	"Mon, 22 Nov 2021 06:57:35 GMT",
			"timesecs":	1637564255
		},
		"connecting_to":	{
			"host":	"10.0.6.10",
			"port":	5201
		},
		"cookie":	"nkftjcpw665fodt3wl74ps4cdodws2ao3dpk",
		"tcp_mss_default":	1448,
		"target_bitrate":	1000000000,
		"sock_bufsize":	0,
		"sndbuf_actual":	87380,
		"rcvbuf_actual":	87380,
		"test_start":	{
			"protocol":	"TCP",
			"num_streams":	1,
			"blksize":	131072,
			"omit":	0,
			"duration":	10,
			"bytes":	0,
			"blocks":	0,
			"reverse":	0,
			"tos":	0
		}
	},
	"intervals":	[{
			"streams":	[{
					"socket":	5,
					"start":	0,
					"end":	1.000287,
					"seconds":	1.0002870559692383,
					"bytes":	125042688,
					"bits_per_second":	1000054432.4056147,
					"retransmits":	1,
					"snd_cwnd":	318560,
					"rtt":	163,
					"rttvar":	84,
					"pmtu":	1500,
					"omitted":	false,
					"sender":	true
				}],
			"sum":	{
				"start":	0,
				"end":	1.000287,
				"seconds":	1.0002870559692383,
				"bytes":	125042688,
				"bits_per_second":	1000054432.4056147,
				"retransmits":	1,
				"omitted":	false,
				"sender":	true
			}
		}, {
			"streams":	[{
					"socket":	5,
					"start":	1.000287,
					"end":	2.000596,
					"seconds":	1.0003089904785156,
					"bytes":	124911616,
					"bits_per_second":	998984251.37813711,
					"retransmits":	11,
					"snd_cwnd":	318560,
					"rtt":	103,
					"rttvar":	28,
					"pmtu":	1500,
					"omitted":	false,
					"sender":	true
				}],
			"sum":	{
				"start":	1.000287,
				"end":	2.000596,
				"seconds":	1.0003089904785156,
				"bytes":	124911616,
				"bits_per_second":	998984251.37813711,
				"retransmits":	11,
				"omitted":	false,
				"sender":	true
			}
		}, {
			"streams":	[{
					"socket":	5,
					"start":	2.000596,
					"end":	3.000616,
					"seconds":	1.0000200271606445,
					"bytes":	125042688,
					"bits_per_second":	1000321470.4012161,
					"retransmits":	0,
					"snd_cwnd":	318560,
					"rtt":	78,
					"rttvar":	29,
					"pmtu":	1500,
					"omitted":	false,
					"sender":	true
				}],
			"sum":	{
				"start":	2.000596,
				"end":	3.000616,
				"seconds":	1.0000200271606445,
				"bytes":	125042688,
				"bits_per_second":	1000321470.4012161,
				"retransmits":	0,
				"omitted":	false,
				"sender":	true
			}
		}, {
			"streams":	[{
					"socket":	5,
					"start":	3.000616,
					"end":	4.000475,
					"seconds":	0.99985897541046143,
					"bytes":	125042688,
					"bits_per_second":	1000482596.6475327,
					"retransmits":	46,
					"snd_cwnd":	318560,
					"rtt":	77,
					"rttvar":	58,
					"pmtu":	1500,
					"omitted":	false,
					"sender":	true
				}],
			"sum":	{
				"start":	3.000616,
				"end":	4.000475,
				"seconds":	0.99985897541046143,
				"bytes":	125042688,
				"bits_per_second":	1000482596.6475327,
				"retransmits":	46,
				"omitted":	false,
				"sender":	true
			}
		}, {
			"streams":	[{
					"socket":	5,
					"start":	4.000475,
					"end":	5.000225,
					"seconds":	0.999750018119812,
					"bytes":	124911616,
					"bits_per_second":	999542795.58736932,
					"retransmits":	138,
					"snd_cwnd":	318560,
					"rtt":	32,
					"rttvar":	21,
					"pmtu":	1500,
					"omitted":	false,
					"sender":	true
				}],
			"sum":	{
				"start":	4.000475,
				"end":	5.000225,
				"seconds":	0.999750018119812,
				"bytes":	124911616,
				"bits_per_second":	999542795.58736932,
				"retransmits":	138,
				"omitted":	false,
				"sender":	true
			}
		}, {
			"streams":	[{
					"socket":	5,
					"start":	5.000225,
					"end":	6.000493,
					"seconds":	1.0002679824829102,
					"bytes":	125042688,
					"bits_per_second":	1000073501.8198897,
					"retransmits":	0,
					"snd_cwnd":	318560,
					"rtt":	174,
					"rttvar":	117,
					"pmtu":	1500,
					"omitted":	false,
					"sender":	true
				}],
			"sum":	{
				"start":	5.000225,
				"end":	6.000493,
				"seconds":	1.0002679824829102,
				"bytes":	125042688,
				"bits_per_second":	1000073501.8198897,
				"retransmits":	0,
				"omitted":	false,
				"sender":	true
			}
		}, {
			"streams":	[{
					"socket":	5,
					"start":	6.000493,
					"end":	7.000527,
					"seconds":	1.000033974647522,
					"bytes":	125042688,
					"bits_per_second":	1000307518.9046316,
					"retransmits":	0,
					"snd_cwnd":	318560,
					"rtt":	63,
					"rttvar":	57,
					"pmtu":	1500,
					"omitted":	false,
					"sender":	true
				}],
			"sum":	{
				"start":	6.000493,
				"end":	7.000527,
				"seconds":	1.000033974647522,
				"bytes":	125042688,
				"bits_per_second":	1000307518.9046316,
				"retransmits":	0,
				"omitted":	false,
				"sender":	true
			}
		}, {
			"streams":	[{
					"socket":	5,
					"start":	7.000527,
					"end":	8.000718,
					"seconds":	1.0001909732818604,
					"bytes":	125042688,
					"bits_per_second":	1000150501.9762833,
					"retransmits":	94,
					"snd_cwnd":	318560,
					"rtt":	58,
					"rttvar":	45,
					"pmtu":	1500,
					"omitted":	false,
					"sender":	true
				}],
			"sum":	{
				"start":	7.000527,
				"end":	8.000718,
				"seconds":	1.0001909732818604,
				"bytes":	125042688,
				"bits_per_second":	1000150501.9762833,
				"retransmits":	94,
				"omitted":	false,
				"sender":	true
			}
		}, {
			"streams":	[{
					"socket":	5,
					"start":	8.000718,
					"end":	9.000568,
					"seconds":	0.99984997510910034,
					"bytes":	124911616,
					"bits_per_second":	999442869.30742824,
					"retransmits":	0,
					"snd_cwnd":	318560,
					"rtt":	66,
					"rttvar":	32,
					"pmtu":	1500,
					"omitted":	false,
					"sender":	true
				}],
			"sum":	{
				"start":	8.000718,
				"end":	9.000568,
				"seconds":	0.99984997510910034,
				"bytes":	124911616,
				"bits_per_second":	999442869.30742824,
				"retransmits":	0,
				"omitted":	false,
				"sender":	true
			}
		}, {
			"streams":	[{
					"socket":	5,
					"start":	9.000568,
					"end":	10.000111,
					"seconds":	0.99954301118850708,
					"bytes":	125042688,
					"bits_per_second":	1000798857.8806063,
					"retransmits":	0,
					"snd_cwnd":	318560,
					"rtt":	47,
					"rttvar":	44,
					"pmtu":	1500,
					"omitted":	false,
					"sender":	true
				}],
			"sum":	{
				"start":	9.000568,
				"end":	10.000111,
				"seconds":	0.99954301118850708,
				"bytes":	125042688,
				"bits_per_second":	1000798857.8806063,
				"retransmits":	0,
				"omitted":	false,
				"sender":	true
			}
		}],
	"end":	{
		"streams":	[{
				"sender":	{
					"socket":	5,
					"start":	0,
					"end":	10.000111,
					"seconds":	10.000111,
					"bytes":	1250033664,
					"bits_per_second":	1000015831.0242755,
					"retransmits":	290,
					"max_snd_cwnd":	318560,
					"max_rtt":	174,
					"min_rtt":	32,
					"mean_rtt":	86,
					"sender":	true
				},
				"receiver":	{
					"socket":	5,
					"start":	0,
					"end":	10.001055,
					"seconds":	10.000111,
					"bytes":	1250033664,
					"bits_per_second":	999921439.48813415,
					"sender":	true
				}
			}],
		"sum_sent":	{
			"start":	0,
			"end":	10.000111,
			"seconds":	10.000111,
			"bytes":	1250033664,
			"bits_per_second":	1000015831.0242755,
			"retransmits":	290,
			"sender":	true
		},
		"sum_received":	{
			"start":	0,
			"end":	10.001055,
			"seconds":	10.001055,
			"bytes":	1250033664,
			"bits_per_second":	999921439.48813415,
			"sender":	true
		},
		"cpu_utilization_percent":	{
			"host_total":	7.4819790821730683,
			"host_user":	0.73560738417706584,
			"host_system":	6.7463617110649006,
			"remote_total":	3.9897729860355953,
			"remote_user":	0.63682570613142331,
			"remote_system":	3.3529472799041717
		},
		"sender_tcp_congestion":	"cubic",
		"receiver_tcp_congestion":	"cubic"
	}
}
