{
	"start":	{
		"connected":	[{
				"socket":	5,
				"local_host":	"10.0.4.13",
				"local_port":	57030,
				"remote_host":	"10.0.7.10",
				"remote_port":	5203
			}],
		"version":	"iperf 3.7",
		"system_info":	"Linux ubuntu 5.11.0-40-generic #44~20.04.2-Ubuntu SMP Tue Oct 26 18:07:44 UTC 2021 x86_64",
		"timestamp":	{
			"time":	"Mon, 22 Nov 2021 06:58:02 GMT",
			"timesecs":	1637564282
		},
		"connecting_to":	{
			"host":	"10.0.7.10",
			"port":	5203
		},
		"cookie":	"h2csmaas4f2jt6osqctga7zaiahpw3tmh52w",
		"tcp_mss_default":	1448,
		"target_bitrate":	1000000000,
		"sock_bufsize":	0,
		"sndbuf_actual":	87380,
		"rcvbuf_actual":	87380,
		"test_start":	{
			"protocol":	"TCP",
			"num_streams":	1,
			"blksize":	131072,
			"omit":	0,
			"duration":	10,
			"bytes":	0,
			"blocks":	0,
			"reverse":	0,
			"tos":	0
		}
	},
	"intervals":	[{
			"streams":	[{
					"socket":	5,
					"start":	0,
					"end":	1.000027,
					"seconds":	1.0000269412994385,
					"bytes":	72644080,
					"bits_per_second":	581136983.414515,
					"retransmits":	916,
					"snd_cwnd":	44888,
					"rtt":	605,
					"rttvar":	160,
					"pmtu":	1500,
					"omitted":	false,
					"sender":	true
				}],
			"sum":	{
				"start":	0,
				"end":	1.000027,
				"seconds":	1.0000269412994385,
				"bytes":	72644080,
				"bits_per_second":	581136983.414515,
				"retransmits":	916,
				"omitted":	false,
				"sender":	true
			}
		}, {
			"streams":	[{
					"socket":	5,
					"start":	1.000027,
					"end":	2.000244,
					"seconds":	1.0002169609069824,
					"bytes":	65536000,
					"bits_per_second":	524174274.6739499,
					"retransmits":	844,
					"snd_cwnd":	34752,
					"rtt":	439,
					"rttvar":	119,
					"pmtu":	1500,
					"omitted":	false,
					"sender":	true
				}],
			"sum":	{
				"start":	1.000027,
				"end":	2.000244,
				"seconds":	1.0002169609069824,
				"bytes":	65536000,
				"bits_per_second":	524174274.6739499,
				"retransmits":	844,
				"omitted":	false,
				"sender":	true
			}
		}, {
			"streams":	[{
					"socket":	5,
					"start":	2.000244,
					"end":	3.000184,
					"seconds":	0.99993997812271118,
					"bytes":	68943872,
					"bits_per_second":	551584083.112151,
					"retransmits":	977,
					"snd_cwnd":	62264,
					"rtt":	284,
					"rttvar":	137,
					"pmtu":	1500,
					"omitted":	false,
					"sender":	true
				}],
			"sum":	{
				"start":	2.000244,
				"end":	3.000184,
				"seconds":	0.99993997812271118,
				"bytes":	68943872,
				"bits_per_second":	551584083.112151,
				"retransmits":	977,
				"omitted":	false,
				"sender":	true
			}
		}, {
			"streams":	[{
					"socket":	5,
					"start":	3.000184,
					"end":	4.000296,
					"seconds":	1.0001120567321777,
					"bytes":	66584576,
					"bits_per_second":	532616924.68791693,
					"retransmits":	1121,
					"snd_cwnd":	8688,
					"rtt":	588,
					"rttvar":	259,
					"pmtu":	1500,
					"omitted":	false,
					"sender":	true
				}],
			"sum":	{
				"start":	3.000184,
				"end":	4.000296,
				"seconds":	1.0001120567321777,
				"bytes":	66584576,
				"bits_per_second":	532616924.68791693,
				"retransmits":	1121,
				"omitted":	false,
				"sender":	true
			}
		}, {
			"streams":	[{
					"socket":	5,
					"start":	4.000296,
					"end":	5.000066,
					"seconds":	0.99976998567581177,
					"bytes":	74055680,
					"bits_per_second":	592581742.28897893,
					"retransmits":	1156,
					"snd_cwnd":	39096,
					"rtt":	463,
					"rttvar":	103,
					"pmtu":	1500,
					"omitted":	false,
					"sender":	true
				}],
			"sum":	{
				"start":	4.000296,
				"end":	5.000066,
				"seconds":	0.99976998567581177,
				"bytes":	74055680,
				"bits_per_second":	592581742.28897893,
				"retransmits":	1156,
				"omitted":	false,
				"sender":	true
			}
		}, {
			"streams":	[{
					"socket":	5,
					"start":	5.000066,
					"end":	6.000092,
					"seconds":	1.0000259876251221,
					"bytes":	74317824,
					"bits_per_second":	594527141.65151787,
					"retransmits":	1258,
					"snd_cwnd":	37648,
					"rtt":	398,
					"rttvar":	78,
					"pmtu":	1500,
					"omitted":	false,
					"sender":	true
				}],
			"sum":	{
				"start":	5.000066,
				"end":	6.000092,
				"seconds":	1.0000259876251221,
				"bytes":	74317824,
				"bits_per_second":	594527141.65151787,
				"retransmits":	1258,
				"omitted":	false,
				"sender":	true
			}
		}, {
			"streams":	[{
					"socket":	5,
					"start":	6.000092,
					"end":	7.000184,
					"seconds":	1.0000920295715332,
					"bytes":	71958528,
					"bits_per_second":	575615250.37514,
					"retransmits":	988,
					"snd_cwnd":	44888,
					"rtt":	542,
					"rttvar":	58,
					"pmtu":	1500,
					"omitted":	false,
					"sender":	true
				}],
			"sum":	{
				"start":	6.000092,
				"end":	7.000184,
				"seconds":	1.0000920295715332,
				"bytes":	71958528,
				"bits_per_second":	575615250.37514,
				"retransmits":	988,
				"omitted":	false,
				"sender":	true
			}
		}, {
			"streams":	[{
					"socket":	5,
					"start":	7.000184,
					"end":	8.000071,
					"seconds":	0.99988698959350586,
					"bytes":	77463552,
					"bits_per_second":	619778457.41540885,
					"retransmits":	899,
					"snd_cwnd":	49232,
					"rtt":	615,
					"rttvar":	115,
					"pmtu":	1500,
					"omitted":	false,
					"sender":	true
				}],
			"sum":	{
				"start":	7.000184,
				"end":	8.000071,
				"seconds":	0.99988698959350586,
				"bytes":	77463552,
				"bits_per_second":	619778457.41540885,
				"retransmits":	899,
				"omitted":	false,
				"sender":	true
			}
		}, {
			"streams":	[{
					"socket":	5,
					"start":	8.000071,
					"end":	9.000242,
					"seconds":	1.0001709461212158,
					"bytes":	69468160,
					"bits_per_second":	555650293.73753309,
					"retransmits":	780,
					"snd_cwnd":	37648,
					"rtt":	577,
					"rttvar":	127,
					"pmtu":	1500,
					"omitted":	false,
					"sender":	true
				}],
			"sum":	{
				"start":	8.000071,
				"end":	9.000242,
				"seconds":	1.0001709461212158,
				"bytes":	69468160,
				"bits_per_second":	555650293.73753309,
				"retransmits":	780,
				"omitted":	false,
				"sender":	true
			}
		}, {
			"streams":	[{
					"socket":	5,
					"start":	9.000242,
					"end":	10.000108,
					"seconds":	0.99986600875854492,
					"bytes":	56098816,
					"bits_per_second":	448850670.05850911,
					"retransmits":	816,
					"snd_cwnd":	47784,
					"rtt":	355,
					"rttvar":	304,
					"pmtu":	1500,
					"omitted":	false,
					"sender":	true
				}],
			"sum":	{
				"start":	9.000242,
				"end":	10.000108,
				"seconds":	0.99986600875854492,
				"bytes":	56098816,
				"bits_per_second":	448850670.05850911,
				"retransmits":	816,
				"omitted":	false,
				"sender":	true
			}
		}],
	"end":	{
		"streams":	[{
				"sender":	{
					"socket":	5,
					"start":	0,
					"end":	10.000108,
					"seconds":	10.000108,
					"bytes":	697071088,
					"bits_per_second":	557650847.770844,
					"retransmits":	9755,
					"max_snd_cwnd":	62264,
					"max_rtt":	615,
					"min_rtt":	284,
					"mean_rtt":	486,
					"sender":	true
				},
				"receiver":	{
					"socket":	5,
					"start":	0,
					"end":	10.004434,
					"seconds":	10.000108,
					"bytes":	696666856,
					"bits_per_second":	557086472.65802348,
					"sender":	true
				}
			}],
		"sum_sent":	{
			"start":	0,
			"end":	10.000108,
			"seconds":	10.000108,
			"bytes":	697071088,
			"bits_per_second":	557650847.770844,
			"retransmits":	9755,
			"sender":	true
		},
		"sum_received":	{
			"start":	0,
			"end":	10.004434,
			"seconds":	10.004434,
			"bytes":	696666856,
			"bits_per_second":	557086472.65802348,
			"sender":	true
		},
		"cpu_utilization_percent":	{
			"host_total":	3.4603421927905789,
			"host_user":	0.60930492713670736,
			"host_system":	2.8510472537680158,
			"remote_total":	11.239544159645645,
			"remote_user":	0.53723207782607374,
			"remote_system":	10.702312081819569
		},
		"sender_tcp_congestion":	"cubic",
		"receiver_tcp_congestion":	"cubic"
	}
}
