{
	"start":	{
		"connected":	[{
				"socket":	5,
				"local_host":	"10.0.2.11",
				"local_port":	49500,
				"remote_host":	"10.0.6.10",
				"remote_port":	5201
			}],
		"version":	"iperf 3.7",
		"system_info":	"Linux ubuntu 5.11.0-40-generic #44~20.04.2-Ubuntu SMP Tue Oct 26 18:07:44 UTC 2021 x86_64",
		"timestamp":	{
			"time":	"Sun, 21 Nov 2021 16:45:03 GMT",
			"timesecs":	1637513103
		},
		"connecting_to":	{
			"host":	"10.0.6.10",
			"port":	5201
		},
		"cookie":	"yrueyfdxpmjgkyrutplhpquaytnqgvtofd2l",
		"tcp_mss_default":	1448,
		"target_bitrate":	1000000000,
		"sock_bufsize":	0,
		"sndbuf_actual":	87380,
		"rcvbuf_actual":	87380,
		"test_start":	{
			"protocol":	"TCP",
			"num_streams":	1,
			"blksize":	131072,
			"omit":	0,
			"duration":	10,
			"bytes":	0,
			"blocks":	0,
			"reverse":	0,
			"tos":	0
		}
	},
	"intervals":	[{
			"streams":	[{
					"socket":	5,
					"start":	0,
					"end":	1.000887,
					"seconds":	1.0008870363235474,
					"bytes":	231680,
					"bits_per_second":	1851797.3884525923,
					"retransmits":	0,
					"snd_cwnd":	46336,
					"rtt":	312529,
					"rttvar":	52746,
					"pmtu":	1500,
					"omitted":	false,
					"sender":	true
				}],
			"sum":	{
				"start":	0,
				"end":	1.000887,
				"seconds":	1.0008870363235474,
				"bytes":	231680,
				"bits_per_second":	1851797.3884525923,
				"retransmits":	0,
				"omitted":	false,
				"sender":	true
			}
		}, {
			"streams":	[{
					"socket":	5,
					"start":	1.000887,
					"end":	2.00015,
					"seconds":	0.99926298856735229,
					"bytes":	108600,
					"bits_per_second":	869440.78780061926,
					"retransmits":	0,
					"snd_cwnd":	56472,
					"rtt":	464454,
					"rttvar":	20337,
					"pmtu":	1500,
					"omitted":	false,
					"sender":	true
				}],
			"sum":	{
				"start":	1.000887,
				"end":	2.00015,
				"seconds":	0.99926298856735229,
				"bytes":	108600,
				"bits_per_second":	869440.78780061926,
				"retransmits":	0,
				"omitted":	false,
				"sender":	true
			}
		}, {
			"streams":	[{
					"socket":	5,
					"start":	2.00015,
					"end":	3.000158,
					"seconds":	1.0000079870224,
					"bytes":	131072,
					"bits_per_second":	1048567.6250668907,
					"retransmits":	0,
					"snd_cwnd":	60816,
					"rtt":	533033,
					"rttvar":	8982,
					"pmtu":	1500,
					"omitted":	false,
					"sender":	true
				}],
			"sum":	{
				"start":	2.00015,
				"end":	3.000158,
				"seconds":	1.0000079870224,
				"bytes":	131072,
				"bits_per_second":	1048567.6250668907,
				"retransmits":	0,
				"omitted":	false,
				"sender":	true
			}
		}, {
			"streams":	[{
					"socket":	5,
					"start":	3.000158,
					"end":	4.000524,
					"seconds":	1.0003659725189209,
					"bytes":	131072,
					"bits_per_second":	1048192.390390575,
					"retransmits":	0,
					"snd_cwnd":	66608,
					"rtt":	582700,
					"rttvar":	14306,
					"pmtu":	1500,
					"omitted":	false,
					"sender":	true
				}],
			"sum":	{
				"start":	3.000158,
				"end":	4.000524,
				"seconds":	1.0003659725189209,
				"bytes":	131072,
				"bits_per_second":	1048192.390390575,
				"retransmits":	0,
				"omitted":	false,
				"sender":	true
			}
		}, {
			"streams":	[{
					"socket":	5,
					"start":	4.000524,
					"end":	5.000626,
					"seconds":	1.0001020431518555,
					"bytes":	131072,
					"bits_per_second":	1048469.0109175032,
					"retransmits":	0,
					"snd_cwnd":	76744,
					"rtt":	637127,
					"rttvar":	9582,
					"pmtu":	1500,
					"omitted":	false,
					"sender":	true
				}],
			"sum":	{
				"start":	4.000524,
				"end":	5.000626,
				"seconds":	1.0001020431518555,
				"bytes":	131072,
				"bits_per_second":	1048469.0109175032,
				"retransmits":	0,
				"omitted":	false,
				"sender":	true
			}
		}, {
			"streams":	[{
					"socket":	5,
					"start":	5.000626,
					"end":	6.000301,
					"seconds":	0.99967497587203979,
					"bytes":	262144,
					"bits_per_second":	2097833.846616602,
					"retransmits":	0,
					"snd_cwnd":	98464,
					"rtt":	689409,
					"rttvar":	18433,
					"pmtu":	1500,
					"omitted":	false,
					"sender":	true
				}],
			"sum":	{
				"start":	5.000626,
				"end":	6.000301,
				"seconds":	0.99967497587203979,
				"bytes":	262144,
				"bits_per_second":	2097833.846616602,
				"retransmits":	0,
				"omitted":	false,
				"sender":	true
			}
		}, {
			"streams":	[{
					"socket":	5,
					"start":	6.000301,
					"end":	7.000338,
					"seconds":	1.0000369548797607,
					"bytes":	262144,
					"bits_per_second":	2097074.5028638972,
					"retransmits":	0,
					"snd_cwnd":	136112,
					"rtt":	783627,
					"rttvar":	17039,
					"pmtu":	1500,
					"omitted":	false,
					"sender":	true
				}],
			"sum":	{
				"start":	6.000301,
				"end":	7.000338,
				"seconds":	1.0000369548797607,
				"bytes":	262144,
				"bits_per_second":	2097074.5028638972,
				"retransmits":	0,
				"omitted":	false,
				"sender":	true
			}
		}, {
			"streams":	[{
					"socket":	5,
					"start":	7.000338,
					"end":	8.000186,
					"seconds":	0.99984800815582275,
					"bytes":	262144,
					"bits_per_second":	2097470.7984547652,
					"retransmits":	0,
					"snd_cwnd":	185344,
					"rtt":	902296,
					"rttvar":	17801,
					"pmtu":	1500,
					"omitted":	false,
					"sender":	true
				}],
			"sum":	{
				"start":	7.000338,
				"end":	8.000186,
				"seconds":	0.99984800815582275,
				"bytes":	262144,
				"bits_per_second":	2097470.7984547652,
				"retransmits":	0,
				"omitted":	false,
				"sender":	true
			}
		}, {
			"streams":	[{
					"socket":	5,
					"start":	8.000186,
					"end":	9.000239,
					"seconds":	1.00005304813385,
					"bytes":	393216,
					"bits_per_second":	3145561.1338519379,
					"retransmits":	0,
					"snd_cwnd":	253400,
					"rtt":	1049390,
					"rttvar":	20874,
					"pmtu":	1500,
					"omitted":	false,
					"sender":	true
				}],
			"sum":	{
				"start":	8.000186,
				"end":	9.000239,
				"seconds":	1.00005304813385,
				"bytes":	393216,
				"bits_per_second":	3145561.1338519379,
				"retransmits":	0,
				"omitted":	false,
				"sender":	true
			}
		}, {
			"streams":	[{
					"socket":	5,
					"start":	9.000239,
					"end":	10.000267,
					"seconds":	1.0000280141830444,
					"bytes":	524288,
					"bits_per_second":	4194186.5032915743,
					"retransmits":	0,
					"snd_cwnd":	333040,
					"rtt":	1226744,
					"rttvar":	27311,
					"pmtu":	1500,
					"omitted":	false,
					"sender":	true
				}],
			"sum":	{
				"start":	9.000239,
				"end":	10.000267,
				"seconds":	1.0000280141830444,
				"bytes":	524288,
				"bits_per_second":	4194186.5032915743,
				"retransmits":	0,
				"omitted":	false,
				"sender":	true
			}
		}],
	"end":	{
		"streams":	[{
				"sender":	{
					"socket":	5,
					"start":	0,
					"end":	10.000267,
					"seconds":	10.000267,
					"bytes":	2437432,
					"bits_per_second":	1949893.5378425398,
					"retransmits":	0,
					"max_snd_cwnd":	333040,
					"max_rtt":	1226744,
					"min_rtt":	312529,
					"mean_rtt":	718130,
					"sender":	true
				},
				"receiver":	{
					"socket":	5,
					"start":	0,
					"end":	11.68083,
					"seconds":	10.000267,
					"bytes":	1492888,
					"bits_per_second":	1022453.37018003,
					"sender":	true
				}
			}],
		"sum_sent":	{
			"start":	0,
			"end":	10.000267,
			"seconds":	10.000267,
			"bytes":	2437432,
			"bits_per_second":	1949893.5378425398,
			"retransmits":	0,
			"sender":	true
		},
		"sum_received":	{
			"start":	0,
			"end":	11.68083,
			"seconds":	11.68083,
			"bytes":	1492888,
			"bits_per_second":	1022453.37018003,
			"sender":	true
		},
		"cpu_utilization_percent":	{
			"host_total":	4.661104971381226,
			"host_user":	0.66214491938015274,
			"host_system":	3.9989508684263742,
			"remote_total":	0.14321652574133176,
			"remote_user":	0,
			"remote_system":	0.14321652574133176
		},
		"sender_tcp_congestion":	"cubic",
		"receiver_tcp_congestion":	"cubic"
	}
}
