{
	"start":	{
		"connected":	[{
				"socket":	5,
				"local_host":	"10.0.5.10",
				"local_port":	49170,
				"remote_host":	"10.0.6.10",
				"remote_port":	5204
			}],
		"version":	"iperf 3.7",
		"system_info":	"Linux ubuntu 5.11.0-40-generic #44~20.04.2-Ubuntu SMP Tue Oct 26 18:07:44 UTC 2021 x86_64",
		"timestamp":	{
			"time":	"Mon, 22 Nov 2021 06:57:35 GMT",
			"timesecs":	1637564255
		},
		"connecting_to":	{
			"host":	"10.0.6.10",
			"port":	5204
		},
		"cookie":	"jw32vmrep4ysteb3xpmv4sfohlfphf4h65ws",
		"tcp_mss_default":	1448,
		"target_bitrate":	1000000000,
		"sock_bufsize":	0,
		"sndbuf_actual":	87380,
		"rcvbuf_actual":	87380,
		"test_start":	{
			"protocol":	"TCP",
			"num_streams":	1,
			"blksize":	131072,
			"omit":	0,
			"duration":	10,
			"bytes":	0,
			"blocks":	0,
			"reverse":	0,
			"tos":	0
		}
	},
	"intervals":	[{
			"streams":	[{
					"socket":	5,
					"start":	0,
					"end":	1.000903,
					"seconds":	1.0009030103683472,
					"bytes":	124911616,
					"bits_per_second":	998391370.241004,
					"retransmits":	0,
					"snd_cwnd":	276568,
					"rtt":	38,
					"rttvar":	28,
					"pmtu":	1500,
					"omitted":	false,
					"sender":	true
				}],
			"sum":	{
				"start":	0,
				"end":	1.000903,
				"seconds":	1.0009030103683472,
				"bytes":	124911616,
				"bits_per_second":	998391370.241004,
				"retransmits":	0,
				"omitted":	false,
				"sender":	true
			}
		}, {
			"streams":	[{
					"socket":	5,
					"start":	1.000903,
					"end":	2.000236,
					"seconds":	0.99933302402496338,
					"bytes":	125042688,
					"bits_per_second":	1001009153.0558801,
					"retransmits":	46,
					"snd_cwnd":	295392,
					"rtt":	98,
					"rttvar":	16,
					"pmtu":	1500,
					"omitted":	false,
					"sender":	true
				}],
			"sum":	{
				"start":	1.000903,
				"end":	2.000236,
				"seconds":	0.99933302402496338,
				"bytes":	125042688,
				"bits_per_second":	1001009153.0558801,
				"retransmits":	46,
				"omitted":	false,
				"sender":	true
			}
		}, {
			"streams":	[{
					"socket":	5,
					"start":	2.000236,
					"end":	3.000147,
					"seconds":	0.99991101026535034,
					"bytes":	125042688,
					"bits_per_second":	1000430532.0475824,
					"retransmits":	0,
					"snd_cwnd":	295392,
					"rtt":	33,
					"rttvar":	18,
					"pmtu":	1500,
					"omitted":	false,
					"sender":	true
				}],
			"sum":	{
				"start":	2.000236,
				"end":	3.000147,
				"seconds":	0.99991101026535034,
				"bytes":	125042688,
				"bits_per_second":	1000430532.0475824,
				"retransmits":	0,
				"omitted":	false,
				"sender":	true
			}
		}, {
			"streams":	[{
					"socket":	5,
					"start":	3.000147,
					"end":	4.000275,
					"seconds":	1.0001280307769775,
					"bytes":	124911616,
					"bits_per_second":	999165004.12819266,
					"retransmits":	0,
					"snd_cwnd":	295392,
					"rtt":	85,
					"rttvar":	20,
					"pmtu":	1500,
					"omitted":	false,
					"sender":	true
				}],
			"sum":	{
				"start":	3.000147,
				"end":	4.000275,
				"seconds":	1.0001280307769775,
				"bytes":	124911616,
				"bits_per_second":	999165004.12819266,
				"retransmits":	0,
				"omitted":	false,
				"sender":	true
			}
		}, {
			"streams":	[{
					"socket":	5,
					"start":	4.000275,
					"end":	5.000185,
					"seconds":	0.99990999698638916,
					"bytes":	125042688,
					"bits_per_second":	1000431545.8540382,
					"retransmits":	46,
					"snd_cwnd":	298288,
					"rtt":	30,
					"rttvar":	14,
					"pmtu":	1500,
					"omitted":	false,
					"sender":	true
				}],
			"sum":	{
				"start":	4.000275,
				"end":	5.000185,
				"seconds":	0.99990999698638916,
				"bytes":	125042688,
				"bits_per_second":	1000431545.8540382,
				"retransmits":	46,
				"omitted":	false,
				"sender":	true
			}
		}, {
			"streams":	[{
					"socket":	5,
					"start":	5.000185,
					"end":	6.000646,
					"seconds":	1.0004609823226929,
					"bytes":	125042688,
					"bits_per_second":	999880576.72932386,
					"retransmits":	46,
					"snd_cwnd":	298288,
					"rtt":	111,
					"rttvar":	34,
					"pmtu":	1500,
					"omitted":	false,
					"sender":	true
				}],
			"sum":	{
				"start":	5.000185,
				"end":	6.000646,
				"seconds":	1.0004609823226929,
				"bytes":	125042688,
				"bits_per_second":	999880576.72932386,
				"retransmits":	46,
				"omitted":	false,
				"sender":	true
			}
		}, {
			"streams":	[{
					"socket":	5,
					"start":	6.000646,
					"end":	7.000196,
					"seconds":	0.9995499849319458,
					"bytes":	125042688,
					"bits_per_second":	1000791875.4239269,
					"retransmits":	45,
					"snd_cwnd":	298288,
					"rtt":	38,
					"rttvar":	26,
					"pmtu":	1500,
					"omitted":	false,
					"sender":	true
				}],
			"sum":	{
				"start":	6.000646,
				"end":	7.000196,
				"seconds":	0.9995499849319458,
				"bytes":	125042688,
				"bits_per_second":	1000791875.4239269,
				"retransmits":	45,
				"omitted":	false,
				"sender":	true
			}
		}, {
			"streams":	[{
					"socket":	5,
					"start":	7.000196,
					"end":	8.000042,
					"seconds":	0.99984598159790039,
					"bytes":	124911616,
					"bits_per_second":	999446861.20854676,
					"retransmits":	0,
					"snd_cwnd":	298288,
					"rtt":	120,
					"rttvar":	40,
					"pmtu":	1500,
					"omitted":	false,
					"sender":	true
				}],
			"sum":	{
				"start":	7.000196,
				"end":	8.000042,
				"seconds":	0.99984598159790039,
				"bytes":	124911616,
				"bits_per_second":	999446861.20854676,
				"retransmits":	0,
				"omitted":	false,
				"sender":	true
			}
		}, {
			"streams":	[{
					"socket":	5,
					"start":	8.000042,
					"end":	9.000836,
					"seconds":	1.0007940530776978,
					"bytes":	125042688,
					"bits_per_second":	999547809.98517525,
					"retransmits":	46,
					"snd_cwnd":	298288,
					"rtt":	48,
					"rttvar":	46,
					"pmtu":	1500,
					"omitted":	false,
					"sender":	true
				}],
			"sum":	{
				"start":	8.000042,
				"end":	9.000836,
				"seconds":	1.0007940530776978,
				"bytes":	125042688,
				"bits_per_second":	999547809.98517525,
				"retransmits":	46,
				"omitted":	false,
				"sender":	true
			}
		}, {
			"streams":	[{
					"socket":	5,
					"start":	9.000836,
					"end":	10.000596,
					"seconds":	0.9997599720954895,
					"bytes":	125042688,
					"bits_per_second":	1000581671.521907,
					"retransmits":	0,
					"snd_cwnd":	298288,
					"rtt":	203,
					"rttvar":	183,
					"pmtu":	1500,
					"omitted":	false,
					"sender":	true
				}],
			"sum":	{
				"start":	9.000836,
				"end":	10.000596,
				"seconds":	0.9997599720954895,
				"bytes":	125042688,
				"bits_per_second":	1000581671.521907,
				"retransmits":	0,
				"omitted":	false,
				"sender":	true
			}
		}],
	"end":	{
		"streams":	[{
				"sender":	{
					"socket":	5,
					"start":	0,
					"end":	10.000596,
					"seconds":	10.000596,
					"bytes":	1250033664,
					"bits_per_second":	999967333.1469444,
					"retransmits":	229,
					"max_snd_cwnd":	298288,
					"max_rtt":	203,
					"min_rtt":	30,
					"mean_rtt":	80,
					"sender":	true
				},
				"receiver":	{
					"socket":	5,
					"start":	0,
					"end":	10.018236,
					"seconds":	10.000596,
					"bytes":	1250033664,
					"bits_per_second":	998206601.641247,
					"sender":	true
				}
			}],
		"sum_sent":	{
			"start":	0,
			"end":	10.000596,
			"seconds":	10.000596,
			"bytes":	1250033664,
			"bits_per_second":	999967333.1469444,
			"retransmits":	229,
			"sender":	true
		},
		"sum_received":	{
			"start":	0,
			"end":	10.018236,
			"seconds":	10.018236,
			"bytes":	1250033664,
			"bits_per_second":	998206601.641247,
			"sender":	true
		},
		"cpu_utilization_percent":	{
			"host_total":	6.4967295860149461,
			"host_user":	1.8356102034082864,
			"host_system":	4.6611094055966831,
			"remote_total":	3.7055352256618206,
			"remote_user":	0,
			"remote_system":	3.7055253255431277
		},
		"sender_tcp_congestion":	"cubic",
		"receiver_tcp_congestion":	"cubic"
	}
}
