{
	"start":	{
		"connected":	[{
				"socket":	5,
				"local_host":	"10.0.4.13",
				"local_port":	60258,
				"remote_host":	"10.0.7.10",
				"remote_port":	5203
			}],
		"version":	"iperf 3.7",
		"system_info":	"Linux ubuntu 5.11.0-40-generic #44~20.04.2-Ubuntu SMP Tue Oct 26 18:07:44 UTC 2021 x86_64",
		"timestamp":	{
			"time":	"Sun, 21 Nov 2021 16:45:59 GMT",
			"timesecs":	1637513159
		},
		"connecting_to":	{
			"host":	"10.0.7.10",
			"port":	5203
		},
		"cookie":	"75njzhpyhy7p3ilrvrq7g2vvpyvl3sv4vfpq",
		"tcp_mss_default":	1448,
		"target_bitrate":	1000000000,
		"sock_bufsize":	0,
		"sndbuf_actual":	87380,
		"rcvbuf_actual":	87380,
		"test_start":	{
			"protocol":	"TCP",
			"num_streams":	1,
			"blksize":	131072,
			"omit":	0,
			"duration":	10,
			"bytes":	0,
			"blocks":	0,
			"reverse":	0,
			"tos":	0
		}
	},
	"intervals":	[{
			"streams":	[{
					"socket":	5,
					"start":	0,
					"end":	1.00085,
					"seconds":	1.0008499622344971,
					"bytes":	144800,
					"bits_per_second":	1157416.2399064859,
					"retransmits":	0,
					"snd_cwnd":	28960,
					"rtt":	342604,
					"rttvar":	69833,
					"pmtu":	1500,
					"omitted":	false,
					"sender":	true
				}],
			"sum":	{
				"start":	0,
				"end":	1.00085,
				"seconds":	1.0008499622344971,
				"bytes":	144800,
				"bits_per_second":	1157416.2399064859,
				"retransmits":	0,
				"omitted":	false,
				"sender":	true
			}
		}, {
			"streams":	[{
					"socket":	5,
					"start":	1.00085,
					"end":	2.000645,
					"seconds":	0.99979501962661743,
					"bytes":	195480,
					"bits_per_second":	1564160.6222283747,
					"retransmits":	0,
					"snd_cwnd":	53576,
					"rtt":	483973,
					"rttvar":	25225,
					"pmtu":	1500,
					"omitted":	false,
					"sender":	true
				}],
			"sum":	{
				"start":	1.00085,
				"end":	2.000645,
				"seconds":	0.99979501962661743,
				"bytes":	195480,
				"bits_per_second":	1564160.6222283747,
				"retransmits":	0,
				"omitted":	false,
				"sender":	true
			}
		}, {
			"streams":	[{
					"socket":	5,
					"start":	2.000645,
					"end":	3.000596,
					"seconds":	0.99995100498199463,
					"bytes":	131072,
					"bits_per_second":	1048627.3775172425,
					"retransmits":	0,
					"snd_cwnd":	57920,
					"rtt":	572241,
					"rttvar":	15352,
					"pmtu":	1500,
					"omitted":	false,
					"sender":	true
				}],
			"sum":	{
				"start":	2.000645,
				"end":	3.000596,
				"seconds":	0.99995100498199463,
				"bytes":	131072,
				"bits_per_second":	1048627.3775172425,
				"retransmits":	0,
				"omitted":	false,
				"sender":	true
			}
		}, {
			"streams":	[{
					"socket":	5,
					"start":	3.000596,
					"end":	4.000384,
					"seconds":	0.99978798627853394,
					"bytes":	0,
					"bits_per_second":	0,
					"retransmits":	0,
					"snd_cwnd":	60816,
					"rtt":	621914,
					"rttvar":	13995,
					"pmtu":	1500,
					"omitted":	false,
					"sender":	true
				}],
			"sum":	{
				"start":	3.000596,
				"end":	4.000384,
				"seconds":	0.99978798627853394,
				"bytes":	0,
				"bits_per_second":	0,
				"retransmits":	0,
				"omitted":	false,
				"sender":	true
			}
		}, {
			"streams":	[{
					"socket":	5,
					"start":	4.000384,
					"end":	5.000228,
					"seconds":	0.9998440146446228,
					"bytes":	131072,
					"bits_per_second":	1048739.5880173349,
					"retransmits":	0,
					"snd_cwnd":	66608,
					"rtt":	676515,
					"rttvar":	10993,
					"pmtu":	1500,
					"omitted":	false,
					"sender":	true
				}],
			"sum":	{
				"start":	4.000384,
				"end":	5.000228,
				"seconds":	0.9998440146446228,
				"bytes":	131072,
				"bits_per_second":	1048739.5880173349,
				"retransmits":	0,
				"omitted":	false,
				"sender":	true
			}
		}, {
			"streams":	[{
					"socket":	5,
					"start":	5.000228,
					"end":	6.000133,
					"seconds":	0.999904990196228,
					"bytes":	131072,
					"bits_per_second":	1048675.6344662511,
					"retransmits":	0,
					"snd_cwnd":	79640,
					"rtt":	737546,
					"rttvar":	15834,
					"pmtu":	1500,
					"omitted":	false,
					"sender":	true
				}],
			"sum":	{
				"start":	5.000228,
				"end":	6.000133,
				"seconds":	0.999904990196228,
				"bytes":	131072,
				"bits_per_second":	1048675.6344662511,
				"retransmits":	0,
				"omitted":	false,
				"sender":	true
			}
		}, {
			"streams":	[{
					"socket":	5,
					"start":	6.000133,
					"end":	7.000345,
					"seconds":	1.0002119541168213,
					"bytes":	262144,
					"bits_per_second":	2096707.5941936402,
					"retransmits":	0,
					"snd_cwnd":	101360,
					"rtt":	822023,
					"rttvar":	27192,
					"pmtu":	1500,
					"omitted":	false,
					"sender":	true
				}],
			"sum":	{
				"start":	6.000133,
				"end":	7.000345,
				"seconds":	1.0002119541168213,
				"bytes":	262144,
				"bits_per_second":	2096707.5941936402,
				"retransmits":	0,
				"omitted":	false,
				"sender":	true
			}
		}, {
			"streams":	[{
					"socket":	5,
					"start":	7.000345,
					"end":	8.000173,
					"seconds":	0.99982798099517822,
					"bytes":	131072,
					"bits_per_second":	1048756.4060332663,
					"retransmits":	0,
					"snd_cwnd":	137560,
					"rtt":	946349,
					"rttvar":	34339,
					"pmtu":	1500,
					"omitted":	false,
					"sender":	true
				}],
			"sum":	{
				"start":	7.000345,
				"end":	8.000173,
				"seconds":	0.99982798099517822,
				"bytes":	131072,
				"bits_per_second":	1048756.4060332663,
				"retransmits":	0,
				"omitted":	false,
				"sender":	true
			}
		}, {
			"streams":	[{
					"socket":	5,
					"start":	8.000173,
					"end":	9.000372,
					"seconds":	1.0001989603042603,
					"bytes":	393216,
					"bits_per_second":	3145102.24949951,
					"retransmits":	0,
					"snd_cwnd":	195480,
					"rtt":	1109626,
					"rttvar":	27563,
					"pmtu":	1500,
					"omitted":	false,
					"sender":	true
				}],
			"sum":	{
				"start":	8.000173,
				"end":	9.000372,
				"seconds":	1.0001989603042603,
				"bytes":	393216,
				"bits_per_second":	3145102.24949951,
				"retransmits":	0,
				"omitted":	false,
				"sender":	true
			}
		}, {
			"streams":	[{
					"socket":	5,
					"start":	9.000372,
					"end":	10.000366,
					"seconds":	0.99999397993087769,
					"bytes":	393216,
					"bits_per_second":	3145746.9376140055,
					"retransmits":	0,
					"snd_cwnd":	259192,
					"rtt":	1331957,
					"rttvar":	37764,
					"pmtu":	1500,
					"omitted":	false,
					"sender":	true
				}],
			"sum":	{
				"start":	9.000372,
				"end":	10.000366,
				"seconds":	0.99999397993087769,
				"bytes":	393216,
				"bits_per_second":	3145746.9376140055,
				"retransmits":	0,
				"omitted":	false,
				"sender":	true
			}
		}],
	"end":	{
		"streams":	[{
				"sender":	{
					"socket":	5,
					"start":	0,
					"end":	10.000366,
					"seconds":	10.000366,
					"bytes":	1913144,
					"bits_per_second":	1530459.185193822,
					"retransmits":	0,
					"max_snd_cwnd":	259192,
					"max_rtt":	1331957,
					"min_rtt":	342604,
					"mean_rtt":	764474,
					"sender":	true
				},
				"receiver":	{
					"socket":	5,
					"start":	0,
					"end":	11.857228,
					"seconds":	10.000366,
					"bytes":	1132336,
					"bits_per_second":	763980.2490092963,
					"sender":	true
				}
			}],
		"sum_sent":	{
			"start":	0,
			"end":	10.000366,
			"seconds":	10.000366,
			"bytes":	1913144,
			"bits_per_second":	1530459.185193822,
			"retransmits":	0,
			"sender":	true
		},
		"sum_received":	{
			"start":	0,
			"end":	11.857228,
			"seconds":	11.857228,
			"bytes":	1132336,
			"bits_per_second":	763980.2490092963,
			"sender":	true
		},
		"cpu_utilization_percent":	{
			"host_total":	5.4876039755139727,
			"host_user":	0.66505587478758832,
			"host_system":	4.8225481007263848,
			"remote_total":	0.10989165500748235,
			"remote_user":	0.10989921445269163,
			"remote_system":	0
		},
		"sender_tcp_congestion":	"cubic",
		"receiver_tcp_congestion":	"cubic"
	}
}
