{
	"start":	{
		"connected":	[{
				"socket":	5,
				"local_host":	"10.0.2.11",
				"local_port":	44302,
				"remote_host":	"10.0.7.10",
				"remote_port":	5201
			}],
		"version":	"iperf 3.7",
		"system_info":	"Linux ubuntu 5.11.0-40-generic #44~20.04.2-Ubuntu SMP Tue Oct 26 18:07:44 UTC 2021 x86_64",
		"timestamp":	{
			"time":	"Sun, 21 Nov 2021 16:45:59 GMT",
			"timesecs":	1637513159
		},
		"connecting_to":	{
			"host":	"10.0.7.10",
			"port":	5201
		},
		"cookie":	"2r2cmfnt34nn7oo4faxualnox53l3zzcotec",
		"tcp_mss_default":	1448,
		"target_bitrate":	1000000000,
		"sock_bufsize":	0,
		"sndbuf_actual":	87380,
		"rcvbuf_actual":	87380,
		"test_start":	{
			"protocol":	"TCP",
			"num_streams":	1,
			"blksize":	131072,
			"omit":	0,
			"duration":	10,
			"bytes":	0,
			"blocks":	0,
			"reverse":	0,
			"tos":	0
		}
	},
	"intervals":	[{
			"streams":	[{
					"socket":	5,
					"start":	0,
					"end":	1.000163,
					"seconds":	1.0001629590988159,
					"bytes":	144800,
					"bits_per_second":	1158211.2589370052,
					"retransmits":	0,
					"snd_cwnd":	28960,
					"rtt":	365523,
					"rttvar":	76907,
					"pmtu":	1500,
					"omitted":	false,
					"sender":	true
				}],
			"sum":	{
				"start":	0,
				"end":	1.000163,
				"seconds":	1.0001629590988159,
				"bytes":	144800,
				"bits_per_second":	1158211.2589370052,
				"retransmits":	0,
				"omitted":	false,
				"sender":	true
			}
		}, {
			"streams":	[{
					"socket":	5,
					"start":	1.000163,
					"end":	2.000091,
					"seconds":	0.99992799758911133,
					"bytes":	195480,
					"bits_per_second":	1563952.6083583175,
					"retransmits":	0,
					"snd_cwnd":	53576,
					"rtt":	508340,
					"rttvar":	28730,
					"pmtu":	1500,
					"omitted":	false,
					"sender":	true
				}],
			"sum":	{
				"start":	1.000163,
				"end":	2.000091,
				"seconds":	0.99992799758911133,
				"bytes":	195480,
				"bits_per_second":	1563952.6083583175,
				"retransmits":	0,
				"omitted":	false,
				"sender":	true
			}
		}, {
			"streams":	[{
					"socket":	5,
					"start":	2.000091,
					"end":	3.000552,
					"seconds":	1.0004609823226929,
					"bytes":	131072,
					"bits_per_second":	1048092.8477246581,
					"retransmits":	0,
					"snd_cwnd":	56472,
					"rtt":	578100,
					"rttvar":	16584,
					"pmtu":	1500,
					"omitted":	false,
					"sender":	true
				}],
			"sum":	{
				"start":	2.000091,
				"end":	3.000552,
				"seconds":	1.0004609823226929,
				"bytes":	131072,
				"bits_per_second":	1048092.8477246581,
				"retransmits":	0,
				"omitted":	false,
				"sender":	true
			}
		}, {
			"streams":	[{
					"socket":	5,
					"start":	3.000552,
					"end":	4.000488,
					"seconds":	0.99993598461151123,
					"bytes":	0,
					"bits_per_second":	0,
					"retransmits":	0,
					"snd_cwnd":	60816,
					"rtt":	629604,
					"rttvar":	11267,
					"pmtu":	1500,
					"omitted":	false,
					"sender":	true
				}],
			"sum":	{
				"start":	3.000552,
				"end":	4.000488,
				"seconds":	0.99993598461151123,
				"bytes":	0,
				"bits_per_second":	0,
				"retransmits":	0,
				"omitted":	false,
				"sender":	true
			}
		}, {
			"streams":	[{
					"socket":	5,
					"start":	4.000488,
					"end":	5.000075,
					"seconds":	0.99958699941635132,
					"bytes":	131072,
					"bits_per_second":	1049009.2414289629,
					"retransmits":	0,
					"snd_cwnd":	66608,
					"rtt":	683343,
					"rttvar":	13720,
					"pmtu":	1500,
					"omitted":	false,
					"sender":	true
				}],
			"sum":	{
				"start":	4.000488,
				"end":	5.000075,
				"seconds":	0.99958699941635132,
				"bytes":	131072,
				"bits_per_second":	1049009.2414289629,
				"retransmits":	0,
				"omitted":	false,
				"sender":	true
			}
		}, {
			"streams":	[{
					"socket":	5,
					"start":	5.000075,
					"end":	6.000488,
					"seconds":	1.0004129409790039,
					"bytes":	131072,
					"bits_per_second":	1048143.1787296392,
					"retransmits":	0,
					"snd_cwnd":	79640,
					"rtt":	753737,
					"rttvar":	19324,
					"pmtu":	1500,
					"omitted":	false,
					"sender":	true
				}],
			"sum":	{
				"start":	5.000075,
				"end":	6.000488,
				"seconds":	1.0004129409790039,
				"bytes":	131072,
				"bits_per_second":	1048143.1787296392,
				"retransmits":	0,
				"omitted":	false,
				"sender":	true
			}
		}, {
			"streams":	[{
					"socket":	5,
					"start":	6.000488,
					"end":	7.000122,
					"seconds":	0.9996340274810791,
					"bytes":	262144,
					"bits_per_second":	2097919.7809867417,
					"retransmits":	0,
					"snd_cwnd":	102808,
					"rtt":	849493,
					"rttvar":	26159,
					"pmtu":	1500,
					"omitted":	false,
					"sender":	true
				}],
			"sum":	{
				"start":	6.000488,
				"end":	7.000122,
				"seconds":	0.9996340274810791,
				"bytes":	262144,
				"bits_per_second":	2097919.7809867417,
				"retransmits":	0,
				"omitted":	false,
				"sender":	true
			}
		}, {
			"streams":	[{
					"socket":	5,
					"start":	7.000122,
					"end":	8.000462,
					"seconds":	1.0003399848937988,
					"bytes":	131072,
					"bits_per_second":	1048219.621163421,
					"retransmits":	0,
					"snd_cwnd":	139008,
					"rtt":	980604,
					"rttvar":	28682,
					"pmtu":	1500,
					"omitted":	false,
					"sender":	true
				}],
			"sum":	{
				"start":	7.000122,
				"end":	8.000462,
				"seconds":	1.0003399848937988,
				"bytes":	131072,
				"bits_per_second":	1048219.621163421,
				"retransmits":	0,
				"omitted":	false,
				"sender":	true
			}
		}, {
			"streams":	[{
					"socket":	5,
					"start":	8.000462,
					"end":	9.000134,
					"seconds":	0.999671995639801,
					"bytes":	393216,
					"bits_per_second":	3146760.1510500447,
					"retransmits":	0,
					"snd_cwnd":	194032,
					"rtt":	1144474,
					"rttvar":	33885,
					"pmtu":	1500,
					"omitted":	false,
					"sender":	true
				}],
			"sum":	{
				"start":	8.000462,
				"end":	9.000134,
				"seconds":	0.999671995639801,
				"bytes":	393216,
				"bits_per_second":	3146760.1510500447,
				"retransmits":	0,
				"omitted":	false,
				"sender":	true
			}
		}, {
			"streams":	[{
					"socket":	5,
					"start":	9.000134,
					"end":	10.000149,
					"seconds":	1.0000150203704834,
					"bytes":	262144,
					"bits_per_second":	2097120.5004731345,
					"retransmits":	0,
					"snd_cwnd":	246160,
					"rtt":	1361678,
					"rttvar":	44032,
					"pmtu":	1500,
					"omitted":	false,
					"sender":	true
				}],
			"sum":	{
				"start":	9.000134,
				"end":	10.000149,
				"seconds":	1.0000150203704834,
				"bytes":	262144,
				"bits_per_second":	2097120.5004731345,
				"retransmits":	0,
				"omitted":	false,
				"sender":	true
			}
		}],
	"end":	{
		"streams":	[{
				"sender":	{
					"socket":	5,
					"start":	0,
					"end":	10.000149,
					"seconds":	10.000149,
					"bytes":	1782072,
					"bits_per_second":	1425636.3580182656,
					"retransmits":	0,
					"max_snd_cwnd":	246160,
					"max_rtt":	1361678,
					"min_rtt":	365523,
					"mean_rtt":	785489,
					"sender":	true
				},
				"receiver":	{
					"socket":	5,
					"start":	0,
					"end":	11.84602,
					"seconds":	10.000149,
					"bytes":	1081656,
					"bits_per_second":	730477.24045713246,
					"sender":	true
				}
			}],
		"sum_sent":	{
			"start":	0,
			"end":	10.000149,
			"seconds":	10.000149,
			"bytes":	1782072,
			"bits_per_second":	1425636.3580182656,
			"retransmits":	0,
			"sender":	true
		},
		"sum_received":	{
			"start":	0,
			"end":	11.84602,
			"seconds":	11.84602,
			"bytes":	1081656,
			"bits_per_second":	730477.24045713246,
			"sender":	true
		},
		"cpu_utilization_percent":	{
			"host_total":	5.9100545625932854,
			"host_user":	0.9968477922912975,
			"host_system":	4.9131979573750453,
			"remote_total":	0.1033520492166307,
			"remote_user":	0,
			"remote_system":	0.1033520492166307
		},
		"sender_tcp_congestion":	"cubic",
		"receiver_tcp_congestion":	"cubic"
	}
}
