{
	"start":	{
		"connected":	[{
				"socket":	5,
				"local_host":	"10.0.3.12",
				"local_port":	60448,
				"remote_host":	"10.0.7.10",
				"remote_port":	5202
			}],
		"version":	"iperf 3.7",
		"system_info":	"Linux ubuntu 5.11.0-40-generic #44~20.04.2-Ubuntu SMP Tue Oct 26 18:07:44 UTC 2021 x86_64",
		"timestamp":	{
			"time":	"Mon, 22 Nov 2021 06:58:02 GMT",
			"timesecs":	1637564282
		},
		"connecting_to":	{
			"host":	"10.0.7.10",
			"port":	5202
		},
		"cookie":	"ggxvbqwodesjpwemeg3pamgmyv7visbndakz",
		"tcp_mss_default":	1448,
		"target_bitrate":	1000000000,
		"sock_bufsize":	0,
		"sndbuf_actual":	87380,
		"rcvbuf_actual":	87380,
		"test_start":	{
			"protocol":	"TCP",
			"num_streams":	1,
			"blksize":	131072,
			"omit":	0,
			"duration":	10,
			"bytes":	0,
			"blocks":	0,
			"reverse":	0,
			"tos":	0
		}
	},
	"intervals":	[{
			"streams":	[{
					"socket":	5,
					"start":	0,
					"end":	1.000041,
					"seconds":	1.0000410079956055,
					"bytes":	52547056,
					"bits_per_second":	420359209.91136724,
					"retransmits":	923,
					"snd_cwnd":	55024,
					"rtt":	754,
					"rttvar":	105,
					"pmtu":	1500,
					"omitted":	false,
					"sender":	true
				}],
			"sum":	{
				"start":	0,
				"end":	1.000041,
				"seconds":	1.0000410079956055,
				"bytes":	52547056,
				"bits_per_second":	420359209.91136724,
				"retransmits":	923,
				"omitted":	false,
				"sender":	true
			}
		}, {
			"streams":	[{
					"socket":	5,
					"start":	1.000041,
					"end":	2.000202,
					"seconds":	1.0001610517501831,
					"bytes":	68812800,
					"bits_per_second":	550413754.90144825,
					"retransmits":	842,
					"snd_cwnd":	46336,
					"rtt":	521,
					"rttvar":	109,
					"pmtu":	1500,
					"omitted":	false,
					"sender":	true
				}],
			"sum":	{
				"start":	1.000041,
				"end":	2.000202,
				"seconds":	1.0001610517501831,
				"bytes":	68812800,
				"bits_per_second":	550413754.90144825,
				"retransmits":	842,
				"omitted":	false,
				"sender":	true
			}
		}, {
			"streams":	[{
					"socket":	5,
					"start":	2.000202,
					"end":	3.000231,
					"seconds":	1.0000289678573608,
					"bytes":	80609280,
					"bits_per_second":	644855559.916122,
					"retransmits":	1139,
					"snd_cwnd":	40544,
					"rtt":	376,
					"rttvar":	148,
					"pmtu":	1500,
					"omitted":	false,
					"sender":	true
				}],
			"sum":	{
				"start":	2.000202,
				"end":	3.000231,
				"seconds":	1.0000289678573608,
				"bytes":	80609280,
				"bits_per_second":	644855559.916122,
				"retransmits":	1139,
				"omitted":	false,
				"sender":	true
			}
		}, {
			"streams":	[{
					"socket":	5,
					"start":	3.000231,
					"end":	4.000111,
					"seconds":	0.99988001585006714,
					"bytes":	67108864,
					"bits_per_second":	536935335.72982645,
					"retransmits":	1059,
					"snd_cwnd":	34752,
					"rtt":	367,
					"rttvar":	91,
					"pmtu":	1500,
					"omitted":	false,
					"sender":	true
				}],
			"sum":	{
				"start":	3.000231,
				"end":	4.000111,
				"seconds":	0.99988001585006714,
				"bytes":	67108864,
				"bits_per_second":	536935335.72982645,
				"retransmits":	1059,
				"omitted":	false,
				"sender":	true
			}
		}, {
			"streams":	[{
					"socket":	5,
					"start":	4.000111,
					"end":	5.000249,
					"seconds":	1.0001380443572998,
					"bytes":	70909952,
					"bits_per_second":	567201317.058727,
					"retransmits":	1063,
					"snd_cwnd":	39096,
					"rtt":	614,
					"rttvar":	179,
					"pmtu":	1500,
					"omitted":	false,
					"sender":	true
				}],
			"sum":	{
				"start":	4.000111,
				"end":	5.000249,
				"seconds":	1.0001380443572998,
				"bytes":	70909952,
				"bits_per_second":	567201317.058727,
				"retransmits":	1063,
				"omitted":	false,
				"sender":	true
			}
		}, {
			"streams":	[{
					"socket":	5,
					"start":	5.000249,
					"end":	6.000136,
					"seconds":	0.99988698959350586,
					"bytes":	66715648,
					"bits_per_second":	533785507.31716257,
					"retransmits":	987,
					"snd_cwnd":	44888,
					"rtt":	252,
					"rttvar":	152,
					"pmtu":	1500,
					"omitted":	false,
					"sender":	true
				}],
			"sum":	{
				"start":	5.000249,
				"end":	6.000136,
				"seconds":	0.99988698959350586,
				"bytes":	66715648,
				"bits_per_second":	533785507.31716257,
				"retransmits":	987,
				"omitted":	false,
				"sender":	true
			}
		}, {
			"streams":	[{
					"socket":	5,
					"start":	6.000136,
					"end":	7.000127,
					"seconds":	0.99999099969863892,
					"bytes":	67895296,
					"bits_per_second":	543167256.66899955,
					"retransmits":	978,
					"snd_cwnd":	81088,
					"rtt":	418,
					"rttvar":	57,
					"pmtu":	1500,
					"omitted":	false,
					"sender":	true
				}],
			"sum":	{
				"start":	6.000136,
				"end":	7.000127,
				"seconds":	0.99999099969863892,
				"bytes":	67895296,
				"bits_per_second":	543167256.66899955,
				"retransmits":	978,
				"omitted":	false,
				"sender":	true
			}
		}, {
			"streams":	[{
					"socket":	5,
					"start":	7.000127,
					"end":	8.000099,
					"seconds":	0.99997198581695557,
					"bytes":	65667072,
					"bits_per_second":	525351293.28729278,
					"retransmits":	1192,
					"snd_cwnd":	47784,
					"rtt":	567,
					"rttvar":	84,
					"pmtu":	1500,
					"omitted":	false,
					"sender":	true
				}],
			"sum":	{
				"start":	7.000127,
				"end":	8.000099,
				"seconds":	0.99997198581695557,
				"bytes":	65667072,
				"bits_per_second":	525351293.28729278,
				"retransmits":	1192,
				"omitted":	false,
				"sender":	true
			}
		}, {
			"streams":	[{
					"socket":	5,
					"start":	8.000099,
					"end":	9.000186,
					"seconds":	1.0000870227813721,
					"bytes":	71696384,
					"bits_per_second":	573521162.5932554,
					"retransmits":	826,
					"snd_cwnd":	52128,
					"rtt":	354,
					"rttvar":	112,
					"pmtu":	1500,
					"omitted":	false,
					"sender":	true
				}],
			"sum":	{
				"start":	8.000099,
				"end":	9.000186,
				"seconds":	1.0000870227813721,
				"bytes":	71696384,
				"bits_per_second":	573521162.5932554,
				"retransmits":	826,
				"omitted":	false,
				"sender":	true
			}
		}, {
			"streams":	[{
					"socket":	5,
					"start":	9.000186,
					"end":	10.00015,
					"seconds":	0.99996399879455566,
					"bytes":	70516736,
					"bits_per_second":	564154198.23119283,
					"retransmits":	1226,
					"snd_cwnd":	78192,
					"rtt":	173,
					"rttvar":	71,
					"pmtu":	1500,
					"omitted":	false,
					"sender":	true
				}],
			"sum":	{
				"start":	9.000186,
				"end":	10.00015,
				"seconds":	0.99996399879455566,
				"bytes":	70516736,
				"bits_per_second":	564154198.23119283,
				"retransmits":	1226,
				"omitted":	false,
				"sender":	true
			}
		}],
	"end":	{
		"streams":	[{
				"sender":	{
					"socket":	5,
					"start":	0,
					"end":	10.00015,
					"seconds":	10.00015,
					"bytes":	682479088,
					"bits_per_second":	545975080.77378845,
					"retransmits":	10235,
					"max_snd_cwnd":	81088,
					"max_rtt":	754,
					"min_rtt":	173,
					"mean_rtt":	439,
					"sender":	true
				},
				"receiver":	{
					"socket":	5,
					"start":	0,
					"end":	10.001741,
					"seconds":	10.00015,
					"bytes":	682051624,
					"bits_per_second":	545546319.58576012,
					"sender":	true
				}
			}],
		"sum_sent":	{
			"start":	0,
			"end":	10.00015,
			"seconds":	10.00015,
			"bytes":	682479088,
			"bits_per_second":	545975080.77378845,
			"retransmits":	10235,
			"sender":	true
		},
		"sum_received":	{
			"start":	0,
			"end":	10.001741,
			"seconds":	10.001741,
			"bytes":	682051624,
			"bits_per_second":	545546319.58576012,
			"sender":	true
		},
		"cpu_utilization_percent":	{
			"host_total":	3.7754816699756724,
			"host_user":	0.95450151202227485,
			"host_system":	2.8209801579533971,
			"remote_total":	11.110690159846545,
			"remote_user":	0.31824907371161887,
			"remote_system":	10.792431168434977
		},
		"sender_tcp_congestion":	"cubic",
		"receiver_tcp_congestion":	"cubic"
	}
}
