{
	"start":	{
		"connected":	[{
				"socket":	5,
				"local_host":	"10.0.3.12",
				"local_port":	55950,
				"remote_host":	"10.0.7.10",
				"remote_port":	5202
			}],
		"version":	"iperf 3.7",
		"system_info":	"Linux ubuntu 5.11.0-40-generic #44~20.04.2-Ubuntu SMP Tue Oct 26 18:07:44 UTC 2021 x86_64",
		"timestamp":	{
			"time":	"Sun, 21 Nov 2021 16:45:59 GMT",
			"timesecs":	1637513159
		},
		"connecting_to":	{
			"host":	"10.0.7.10",
			"port":	5202
		},
		"cookie":	"6gcoiujs6nmffpo326osliok3geyv5gekj47",
		"tcp_mss_default":	1448,
		"target_bitrate":	1000000000,
		"sock_bufsize":	0,
		"sndbuf_actual":	87380,
		"rcvbuf_actual":	87380,
		"test_start":	{
			"protocol":	"TCP",
			"num_streams":	1,
			"blksize":	131072,
			"omit":	0,
			"duration":	10,
			"bytes":	0,
			"blocks":	0,
			"reverse":	0,
			"tos":	0
		}
	},
	"intervals":	[{
			"streams":	[{
					"socket":	5,
					"start":	0,
					"end":	1.000525,
					"seconds":	1.0005249977111816,
					"bytes":	675576,
					"bits_per_second":	5401772.0820206143,
					"retransmits":	0,
					"snd_cwnd":	94120,
					"rtt":	303622,
					"rttvar":	4277,
					"pmtu":	1500,
					"omitted":	false,
					"sender":	true
				}],
			"sum":	{
				"start":	0,
				"end":	1.000525,
				"seconds":	1.0005249977111816,
				"bytes":	675576,
				"bits_per_second":	5401772.0820206143,
				"retransmits":	0,
				"omitted":	false,
				"sender":	true
			}
		}, {
			"streams":	[{
					"socket":	5,
					"start":	1.000525,
					"end":	2.000657,
					"seconds":	1.0001319646835327,
					"bytes":	262144,
					"bits_per_second":	2096875.2865164073,
					"retransmits":	0,
					"snd_cwnd":	107152,
					"rtt":	361783,
					"rttvar":	6742,
					"pmtu":	1500,
					"omitted":	false,
					"sender":	true
				}],
			"sum":	{
				"start":	1.000525,
				"end":	2.000657,
				"seconds":	1.0001319646835327,
				"bytes":	262144,
				"bits_per_second":	2096875.2865164073,
				"retransmits":	0,
				"omitted":	false,
				"sender":	true
			}
		}, {
			"streams":	[{
					"socket":	5,
					"start":	2.000657,
					"end":	3.000593,
					"seconds":	0.99993598461151123,
					"bytes":	262144,
					"bits_per_second":	2097286.2585946163,
					"retransmits":	0,
					"snd_cwnd":	120184,
					"rtt":	472460,
					"rttvar":	14175,
					"pmtu":	1500,
					"omitted":	false,
					"sender":	true
				}],
			"sum":	{
				"start":	2.000657,
				"end":	3.000593,
				"seconds":	0.99993598461151123,
				"bytes":	262144,
				"bits_per_second":	2097286.2585946163,
				"retransmits":	0,
				"omitted":	false,
				"sender":	true
			}
		}, {
			"streams":	[{
					"socket":	5,
					"start":	3.000593,
					"end":	4.000165,
					"seconds":	0.99957197904586792,
					"bytes":	262144,
					"bits_per_second":	2098050.0093668262,
					"retransmits":	0,
					"snd_cwnd":	130320,
					"rtt":	549489,
					"rttvar":	11439,
					"pmtu":	1500,
					"omitted":	false,
					"sender":	true
				}],
			"sum":	{
				"start":	3.000593,
				"end":	4.000165,
				"seconds":	0.99957197904586792,
				"bytes":	262144,
				"bits_per_second":	2098050.0093668262,
				"retransmits":	0,
				"omitted":	false,
				"sender":	true
			}
		}, {
			"streams":	[{
					"socket":	5,
					"start":	4.000165,
					"end":	5.000508,
					"seconds":	1.0003429651260376,
					"bytes":	262144,
					"bits_per_second":	2096432.996593094,
					"retransmits":	0,
					"snd_cwnd":	141904,
					"rtt":	615184,
					"rttvar":	3491,
					"pmtu":	1500,
					"omitted":	false,
					"sender":	true
				}],
			"sum":	{
				"start":	4.000165,
				"end":	5.000508,
				"seconds":	1.0003429651260376,
				"bytes":	262144,
				"bits_per_second":	2096432.996593094,
				"retransmits":	0,
				"omitted":	false,
				"sender":	true
			}
		}, {
			"streams":	[{
					"socket":	5,
					"start":	5.000508,
					"end":	6.00044,
					"seconds":	0.99993199110031128,
					"bytes":	262144,
					"bits_per_second":	2097294.6347004292,
					"retransmits":	0,
					"snd_cwnd":	165072,
					"rtt":	667825,
					"rttvar":	8459,
					"pmtu":	1500,
					"omitted":	false,
					"sender":	true
				}],
			"sum":	{
				"start":	5.000508,
				"end":	6.00044,
				"seconds":	0.99993199110031128,
				"bytes":	262144,
				"bits_per_second":	2097294.6347004292,
				"retransmits":	0,
				"omitted":	false,
				"sender":	true
			}
		}, {
			"streams":	[{
					"socket":	5,
					"start":	6.00044,
					"end":	7.000438,
					"seconds":	0.99999797344207764,
					"bytes":	393216,
					"bits_per_second":	3145734.3750129193,
					"retransmits":	0,
					"snd_cwnd":	214304,
					"rtt":	726140,
					"rttvar":	5199,
					"pmtu":	1500,
					"omitted":	false,
					"sender":	true
				}],
			"sum":	{
				"start":	6.00044,
				"end":	7.000438,
				"seconds":	0.99999797344207764,
				"bytes":	393216,
				"bits_per_second":	3145734.3750129193,
				"retransmits":	0,
				"omitted":	false,
				"sender":	true
			}
		}, {
			"streams":	[{
					"socket":	5,
					"start":	7.000438,
					"end":	8.00029,
					"seconds":	0.99985200166702271,
					"bytes":	524288,
					"bits_per_second":	4194924.8418835634,
					"retransmits":	0,
					"snd_cwnd":	280912,
					"rtt":	815935,
					"rttvar":	7470,
					"pmtu":	1500,
					"omitted":	false,
					"sender":	true
				}],
			"sum":	{
				"start":	7.000438,
				"end":	8.00029,
				"seconds":	0.99985200166702271,
				"bytes":	524288,
				"bits_per_second":	4194924.8418835634,
				"retransmits":	0,
				"omitted":	false,
				"sender":	true
			}
		}, {
			"streams":	[{
					"socket":	5,
					"start":	8.00029,
					"end":	9.000064,
					"seconds":	0.99977397918701172,
					"bytes":	655360,
					"bits_per_second":	5244065.2678952133,
					"retransmits":	0,
					"snd_cwnd":	363448,
					"rtt":	927725,
					"rttvar":	9715,
					"pmtu":	1500,
					"omitted":	false,
					"sender":	true
				}],
			"sum":	{
				"start":	8.00029,
				"end":	9.000064,
				"seconds":	0.99977397918701172,
				"bytes":	655360,
				"bits_per_second":	5244065.2678952133,
				"retransmits":	0,
				"omitted":	false,
				"sender":	true
			}
		}, {
			"streams":	[{
					"socket":	5,
					"start":	9.000064,
					"end":	10.000274,
					"seconds":	1.0002100467681885,
					"bytes":	655360,
					"bits_per_second":	5241778.9812654266,
					"retransmits":	0,
					"snd_cwnd":	480736,
					"rtt":	1083512,
					"rttvar":	10248,
					"pmtu":	1500,
					"omitted":	false,
					"sender":	true
				}],
			"sum":	{
				"start":	9.000064,
				"end":	10.000274,
				"seconds":	1.0002100467681885,
				"bytes":	655360,
				"bits_per_second":	5241778.9812654266,
				"retransmits":	0,
				"omitted":	false,
				"sender":	true
			}
		}],
	"end":	{
		"streams":	[{
				"sender":	{
					"socket":	5,
					"start":	0,
					"end":	10.000274,
					"seconds":	10.000274,
					"bytes":	4214520,
					"bits_per_second":	3371523.6202528053,
					"retransmits":	0,
					"max_snd_cwnd":	480736,
					"max_rtt":	1083512,
					"min_rtt":	303622,
					"mean_rtt":	652367,
					"sender":	true
				},
				"receiver":	{
					"socket":	5,
					"start":	0,
					"end":	11.385349,
					"seconds":	10.000274,
					"bytes":	3014736,
					"bits_per_second":	2118326.6318845386,
					"sender":	true
				}
			}],
		"sum_sent":	{
			"start":	0,
			"end":	10.000274,
			"seconds":	10.000274,
			"bytes":	4214520,
			"bits_per_second":	3371523.6202528053,
			"retransmits":	0,
			"sender":	true
		},
		"sum_received":	{
			"start":	0,
			"end":	11.385349,
			"seconds":	11.385349,
			"bytes":	3014736,
			"bits_per_second":	2118326.6318845386,
			"sender":	true
		},
		"cpu_utilization_percent":	{
			"host_total":	1.7549446498778907,
			"host_user":	0.41703317110380594,
			"host_system":	1.3379014866049477,
			"remote_total":	0.26542725390773736,
			"remote_user":	0,
			"remote_system":	0.26541850692293228
		},
		"sender_tcp_congestion":	"cubic",
		"receiver_tcp_congestion":	"cubic"
	}
}
