{
	"start":	{
		"connected":	[{
				"socket":	5,
				"local_host":	"10.0.4.13",
				"local_port":	47604,
				"remote_host":	"10.0.6.10",
				"remote_port":	5203
			}],
		"version":	"iperf 3.7",
		"system_info":	"Linux ubuntu 5.11.0-40-generic #44~20.04.2-Ubuntu SMP Tue Oct 26 18:07:44 UTC 2021 x86_64",
		"timestamp":	{
			"time":	"Sun, 21 Nov 2021 16:45:03 GMT",
			"timesecs":	1637513103
		},
		"connecting_to":	{
			"host":	"10.0.6.10",
			"port":	5203
		},
		"cookie":	"qei52jzcnrwueg7rkif74yxddb5qmnlvdpqy",
		"tcp_mss_default":	1448,
		"target_bitrate":	1000000000,
		"sock_bufsize":	0,
		"sndbuf_actual":	87380,
		"rcvbuf_actual":	87380,
		"test_start":	{
			"protocol":	"TCP",
			"num_streams":	1,
			"blksize":	131072,
			"omit":	0,
			"duration":	10,
			"bytes":	0,
			"blocks":	0,
			"reverse":	0,
			"tos":	0
		}
	},
	"intervals":	[{
			"streams":	[{
					"socket":	5,
					"start":	0,
					"end":	1.000332,
					"seconds":	1.0003319978713989,
					"bytes":	144800,
					"bits_per_second":	1158015.5413052398,
					"retransmits":	0,
					"snd_cwnd":	34752,
					"rtt":	313813,
					"rttvar":	70767,
					"pmtu":	1500,
					"omitted":	false,
					"sender":	true
				}],
			"sum":	{
				"start":	0,
				"end":	1.000332,
				"seconds":	1.0003319978713989,
				"bytes":	144800,
				"bits_per_second":	1158015.5413052398,
				"retransmits":	0,
				"omitted":	false,
				"sender":	true
			}
		}, {
			"streams":	[{
					"socket":	5,
					"start":	1.000332,
					"end":	2.000323,
					"seconds":	0.99999099969863892,
					"bytes":	202720,
					"bits_per_second":	1621774.5964601079,
					"retransmits":	0,
					"snd_cwnd":	53576,
					"rtt":	477588,
					"rttvar":	27590,
					"pmtu":	1500,
					"omitted":	false,
					"sender":	true
				}],
			"sum":	{
				"start":	1.000332,
				"end":	2.000323,
				"seconds":	0.99999099969863892,
				"bytes":	202720,
				"bits_per_second":	1621774.5964601079,
				"retransmits":	0,
				"omitted":	false,
				"sender":	true
			}
		}, {
			"streams":	[{
					"socket":	5,
					"start":	2.000323,
					"end":	3.000129,
					"seconds":	0.9998059868812561,
					"bytes":	131072,
					"bits_per_second":	1048779.476977203,
					"retransmits":	0,
					"snd_cwnd":	57920,
					"rtt":	540927,
					"rttvar":	12095,
					"pmtu":	1500,
					"omitted":	false,
					"sender":	true
				}],
			"sum":	{
				"start":	2.000323,
				"end":	3.000129,
				"seconds":	0.9998059868812561,
				"bytes":	131072,
				"bits_per_second":	1048779.476977203,
				"retransmits":	0,
				"omitted":	false,
				"sender":	true
			}
		}, {
			"streams":	[{
					"socket":	5,
					"start":	3.000129,
					"end":	4.001079,
					"seconds":	1.0009499788284302,
					"bytes":	131072,
					"bits_per_second":	1047580.820399551,
					"retransmits":	0,
					"snd_cwnd":	63712,
					"rtt":	597959,
					"rttvar":	11178,
					"pmtu":	1500,
					"omitted":	false,
					"sender":	true
				}],
			"sum":	{
				"start":	3.000129,
				"end":	4.001079,
				"seconds":	1.0009499788284302,
				"bytes":	131072,
				"bits_per_second":	1047580.820399551,
				"retransmits":	0,
				"omitted":	false,
				"sender":	true
			}
		}, {
			"streams":	[{
					"socket":	5,
					"start":	4.001079,
					"end":	5.000507,
					"seconds":	0.99942797422409058,
					"bytes":	131072,
					"bits_per_second":	1049176.1558045899,
					"retransmits":	0,
					"snd_cwnd":	69504,
					"rtt":	644919,
					"rttvar":	15021,
					"pmtu":	1500,
					"omitted":	false,
					"sender":	true
				}],
			"sum":	{
				"start":	4.001079,
				"end":	5.000507,
				"seconds":	0.99942797422409058,
				"bytes":	131072,
				"bits_per_second":	1049176.1558045899,
				"retransmits":	0,
				"omitted":	false,
				"sender":	true
			}
		}, {
			"streams":	[{
					"socket":	5,
					"start":	5.000507,
					"end":	6.000497,
					"seconds":	0.99998998641967773,
					"bytes":	131072,
					"bits_per_second":	1048586.5001051438,
					"retransmits":	0,
					"snd_cwnd":	85432,
					"rtt":	710144,
					"rttvar":	15792,
					"pmtu":	1500,
					"omitted":	false,
					"sender":	true
				}],
			"sum":	{
				"start":	5.000507,
				"end":	6.000497,
				"seconds":	0.99998998641967773,
				"bytes":	131072,
				"bits_per_second":	1048586.5001051438,
				"retransmits":	0,
				"omitted":	false,
				"sender":	true
			}
		}, {
			"streams":	[{
					"socket":	5,
					"start":	6.000497,
					"end":	7.000256,
					"seconds":	0.9997590184211731,
					"bytes":	131072,
					"bits_per_second":	1048828.7484077103,
					"retransmits":	0,
					"snd_cwnd":	112944,
					"rtt":	805326,
					"rttvar":	21855,
					"pmtu":	1500,
					"omitted":	false,
					"sender":	true
				}],
			"sum":	{
				"start":	6.000497,
				"end":	7.000256,
				"seconds":	0.9997590184211731,
				"bytes":	131072,
				"bits_per_second":	1048828.7484077103,
				"retransmits":	0,
				"omitted":	false,
				"sender":	true
			}
		}, {
			"streams":	[{
					"socket":	5,
					"start":	7.000256,
					"end":	8.000371,
					"seconds":	1.0001150369644165,
					"bytes":	262144,
					"bits_per_second":	2096910.7777494756,
					"retransmits":	0,
					"snd_cwnd":	150592,
					"rtt":	930555,
					"rttvar":	26524,
					"pmtu":	1500,
					"omitted":	false,
					"sender":	true
				}],
			"sum":	{
				"start":	7.000256,
				"end":	8.000371,
				"seconds":	1.0001150369644165,
				"bytes":	262144,
				"bits_per_second":	2096910.7777494756,
				"retransmits":	0,
				"omitted":	false,
				"sender":	true
			}
		}, {
			"streams":	[{
					"socket":	5,
					"start":	8.000371,
					"end":	9.000452,
					"seconds":	1.000080943107605,
					"bytes":	393216,
					"bits_per_second":	3145473.3956084708,
					"retransmits":	0,
					"snd_cwnd":	211408,
					"rtt":	1086685,
					"rttvar":	27415,
					"pmtu":	1500,
					"omitted":	false,
					"sender":	true
				}],
			"sum":	{
				"start":	8.000371,
				"end":	9.000452,
				"seconds":	1.000080943107605,
				"bytes":	393216,
				"bits_per_second":	3145473.3956084708,
				"retransmits":	0,
				"omitted":	false,
				"sender":	true
			}
		}, {
			"streams":	[{
					"socket":	5,
					"start":	9.000452,
					"end":	10.000449,
					"seconds":	0.99999701976776123,
					"bytes":	393216,
					"bits_per_second":	3145737.3750279397,
					"retransmits":	0,
					"snd_cwnd":	279464,
					"rtt":	1273027,
					"rttvar":	35115,
					"pmtu":	1500,
					"omitted":	false,
					"sender":	true
				}],
			"sum":	{
				"start":	9.000452,
				"end":	10.000449,
				"seconds":	0.99999701976776123,
				"bytes":	393216,
				"bits_per_second":	3145737.3750279397,
				"retransmits":	0,
				"omitted":	false,
				"sender":	true
			}
		}],
	"end":	{
		"streams":	[{
				"sender":	{
					"socket":	5,
					"start":	0,
					"end":	10.000449,
					"seconds":	10.000449,
					"bytes":	2051456,
					"bits_per_second":	1641091.1150089363,
					"retransmits":	0,
					"max_snd_cwnd":	279464,
					"max_rtt":	1273027,
					"min_rtt":	313813,
					"mean_rtt":	738094,
					"sender":	true
				},
				"receiver":	{
					"socket":	5,
					"start":	0,
					"end":	11.780704,
					"seconds":	10.000449,
					"bytes":	1258312,
					"bits_per_second":	854490.19005994883,
					"sender":	true
				}
			}],
		"sum_sent":	{
			"start":	0,
			"end":	10.000449,
			"seconds":	10.000449,
			"bytes":	2051456,
			"bits_per_second":	1641091.1150089363,
			"retransmits":	0,
			"sender":	true
		},
		"sum_received":	{
			"start":	0,
			"end":	11.780704,
			"seconds":	11.780704,
			"bytes":	1258312,
			"bits_per_second":	854490.19005994883,
			"sender":	true
		},
		"cpu_utilization_percent":	{
			"host_total":	4.9691238860286253,
			"host_user":	0.61630189753113129,
			"host_system":	4.3528039087656953,
			"remote_total":	0.12971624792001532,
			"remote_user":	0,
			"remote_system":	0.12971624792001532
		},
		"sender_tcp_congestion":	"cubic",
		"receiver_tcp_congestion":	"cubic"
	}
}
