{
	"start":	{
		"connected":	[{
				"socket":	5,
				"local_host":	"10.0.5.10",
				"local_port":	57900,
				"remote_host":	"10.0.7.10",
				"remote_port":	5204
			}],
		"version":	"iperf 3.7",
		"system_info":	"Linux ubuntu 5.11.0-40-generic #44~20.04.2-Ubuntu SMP Tue Oct 26 18:07:44 UTC 2021 x86_64",
		"timestamp":	{
			"time":	"Sun, 21 Nov 2021 16:45:59 GMT",
			"timesecs":	1637513159
		},
		"connecting_to":	{
			"host":	"10.0.7.10",
			"port":	5204
		},
		"cookie":	"js5r4hrtjrrkykuragh3detjfudw47iva2lz",
		"tcp_mss_default":	1448,
		"target_bitrate":	1000000000,
		"sock_bufsize":	0,
		"sndbuf_actual":	87380,
		"rcvbuf_actual":	87380,
		"test_start":	{
			"protocol":	"TCP",
			"num_streams":	1,
			"blksize":	131072,
			"omit":	0,
			"duration":	10,
			"bytes":	0,
			"blocks":	0,
			"reverse":	0,
			"tos":	0
		}
	},
	"intervals":	[{
			"streams":	[{
					"socket":	5,
					"start":	0,
					"end":	1.000786,
					"seconds":	1.0007859468460083,
					"bytes":	144800,
					"bits_per_second":	1157490.274169731,
					"retransmits":	0,
					"snd_cwnd":	28960,
					"rtt":	360649,
					"rttvar":	71271,
					"pmtu":	1500,
					"omitted":	false,
					"sender":	true
				}],
			"sum":	{
				"start":	0,
				"end":	1.000786,
				"seconds":	1.0007859468460083,
				"bytes":	144800,
				"bits_per_second":	1157490.274169731,
				"retransmits":	0,
				"omitted":	false,
				"sender":	true
			}
		}, {
			"streams":	[{
					"socket":	5,
					"start":	1.000786,
					"end":	2.000537,
					"seconds":	0.99975097179412842,
					"bytes":	195480,
					"bits_per_second":	1564229.5372752389,
					"retransmits":	0,
					"snd_cwnd":	53576,
					"rtt":	506968,
					"rttvar":	28505,
					"pmtu":	1500,
					"omitted":	false,
					"sender":	true
				}],
			"sum":	{
				"start":	1.000786,
				"end":	2.000537,
				"seconds":	0.99975097179412842,
				"bytes":	195480,
				"bits_per_second":	1564229.5372752389,
				"retransmits":	0,
				"omitted":	false,
				"sender":	true
			}
		}, {
			"streams":	[{
					"socket":	5,
					"start":	2.000537,
					"end":	3.000293,
					"seconds":	0.99975597858428955,
					"bytes":	131072,
					"bits_per_second":	1048831.93745422,
					"retransmits":	0,
					"snd_cwnd":	56472,
					"rtt":	576547,
					"rttvar":	16431,
					"pmtu":	1500,
					"omitted":	false,
					"sender":	true
				}],
			"sum":	{
				"start":	2.000537,
				"end":	3.000293,
				"seconds":	0.99975597858428955,
				"bytes":	131072,
				"bits_per_second":	1048831.93745422,
				"retransmits":	0,
				"omitted":	false,
				"sender":	true
			}
		}, {
			"streams":	[{
					"socket":	5,
					"start":	3.000293,
					"end":	4.000316,
					"seconds":	1.0000230073928833,
					"bytes":	0,
					"bits_per_second":	0,
					"retransmits":	0,
					"snd_cwnd":	60816,
					"rtt":	627966,
					"rttvar":	11285,
					"pmtu":	1500,
					"omitted":	false,
					"sender":	true
				}],
			"sum":	{
				"start":	3.000293,
				"end":	4.000316,
				"seconds":	1.0000230073928833,
				"bytes":	0,
				"bits_per_second":	0,
				"retransmits":	0,
				"omitted":	false,
				"sender":	true
			}
		}, {
			"streams":	[{
					"socket":	5,
					"start":	4.000316,
					"end":	5.000342,
					"seconds":	1.0000259876251221,
					"bytes":	131072,
					"bits_per_second":	1048548.7507081444,
					"retransmits":	0,
					"snd_cwnd":	66608,
					"rtt":	682356,
					"rttvar":	13798,
					"pmtu":	1500,
					"omitted":	false,
					"sender":	true
				}],
			"sum":	{
				"start":	4.000316,
				"end":	5.000342,
				"seconds":	1.0000259876251221,
				"bytes":	131072,
				"bits_per_second":	1048548.7507081444,
				"retransmits":	0,
				"omitted":	false,
				"sender":	true
			}
		}, {
			"streams":	[{
					"socket":	5,
					"start":	5.000342,
					"end":	6.000255,
					"seconds":	0.99991297721862793,
					"bytes":	131072,
					"bits_per_second":	1048667.2579415198,
					"retransmits":	0,
					"snd_cwnd":	79640,
					"rtt":	752076,
					"rttvar":	18887,
					"pmtu":	1500,
					"omitted":	false,
					"sender":	true
				}],
			"sum":	{
				"start":	5.000342,
				"end":	6.000255,
				"seconds":	0.99991297721862793,
				"bytes":	131072,
				"bits_per_second":	1048667.2579415198,
				"retransmits":	0,
				"omitted":	false,
				"sender":	true
			}
		}, {
			"streams":	[{
					"socket":	5,
					"start":	6.000255,
					"end":	7.000406,
					"seconds":	1.0001510381698608,
					"bytes":	262144,
					"bits_per_second":	2096835.2978341156,
					"retransmits":	0,
					"snd_cwnd":	102808,
					"rtt":	847515,
					"rttvar":	26086,
					"pmtu":	1500,
					"omitted":	false,
					"sender":	true
				}],
			"sum":	{
				"start":	6.000255,
				"end":	7.000406,
				"seconds":	1.0001510381698608,
				"bytes":	262144,
				"bits_per_second":	2096835.2978341156,
				"retransmits":	0,
				"omitted":	false,
				"sender":	true
			}
		}, {
			"streams":	[{
					"socket":	5,
					"start":	7.000406,
					"end":	8.000312,
					"seconds":	0.99990600347518921,
					"bytes":	131072,
					"bits_per_second":	1048674.5717654035,
					"retransmits":	0,
					"snd_cwnd":	140456,
					"rtt":	980868,
					"rttvar":	27442,
					"pmtu":	1500,
					"omitted":	false,
					"sender":	true
				}],
			"sum":	{
				"start":	7.000406,
				"end":	8.000312,
				"seconds":	0.99990600347518921,
				"bytes":	131072,
				"bits_per_second":	1048674.5717654035,
				"retransmits":	0,
				"omitted":	false,
				"sender":	true
			}
		}, {
			"streams":	[{
					"socket":	5,
					"start":	8.000312,
					"end":	9.000435,
					"seconds":	1.0001230239868164,
					"bytes":	393216,
					"bits_per_second":	3145341.0476044263,
					"retransmits":	0,
					"snd_cwnd":	194032,
					"rtt":	1142756,
					"rttvar":	34599,
					"pmtu":	1500,
					"omitted":	false,
					"sender":	true
				}],
			"sum":	{
				"start":	8.000312,
				"end":	9.000435,
				"seconds":	1.0001230239868164,
				"bytes":	393216,
				"bits_per_second":	3145341.0476044263,
				"retransmits":	0,
				"omitted":	false,
				"sender":	true
			}
		}, {
			"streams":	[{
					"socket":	5,
					"start":	9.000435,
					"end":	10.00044,
					"seconds":	1.0000050067901611,
					"bytes":	262144,
					"bits_per_second":	2097141.5000525711,
					"retransmits":	0,
					"snd_cwnd":	247608,
					"rtt":	1363832,
					"rttvar":	43460,
					"pmtu":	1500,
					"omitted":	false,
					"sender":	true
				}],
			"sum":	{
				"start":	9.000435,
				"end":	10.00044,
				"seconds":	1.0000050067901611,
				"bytes":	262144,
				"bits_per_second":	2097141.5000525711,
				"retransmits":	0,
				"omitted":	false,
				"sender":	true
			}
		}],
	"end":	{
		"streams":	[{
				"sender":	{
					"socket":	5,
					"start":	0,
					"end":	10.00044,
					"seconds":	10.00044,
					"bytes":	1782072,
					"bits_per_second":	1425594.8738255517,
					"retransmits":	0,
					"max_snd_cwnd":	247608,
					"max_rtt":	1363832,
					"min_rtt":	360649,
					"mean_rtt":	784153,
					"sender":	true
				},
				"receiver":	{
					"socket":	5,
					"start":	0,
					"end":	11.846082,
					"seconds":	10.00044,
					"bytes":	1081656,
					"bits_per_second":	730473.41728682956,
					"sender":	true
				}
			}],
		"sum_sent":	{
			"start":	0,
			"end":	10.00044,
			"seconds":	10.00044,
			"bytes":	1782072,
			"bits_per_second":	1425594.8738255517,
			"retransmits":	0,
			"sender":	true
		},
		"sum_received":	{
			"start":	0,
			"end":	11.846082,
			"seconds":	11.846082,
			"bytes":	1081656,
			"bits_per_second":	730473.41728682956,
			"sender":	true
		},
		"cpu_utilization_percent":	{
			"host_total":	5.5846761614333582,
			"host_user":	1.0049928424409937,
			"host_system":	4.5796833189923651,
			"remote_total":	0.098904298890858944,
			"remote_user":	0,
			"remote_system":	0.09891179050568176
		},
		"sender_tcp_congestion":	"cubic",
		"receiver_tcp_congestion":	"cubic"
	}
}
