{
	"start":	{
		"connected":	[{
				"socket":	5,
				"local_host":	"10.0.3.12",
				"local_port":	53858,
				"remote_host":	"10.0.6.10",
				"remote_port":	5202
			}],
		"version":	"iperf 3.7",
		"system_info":	"Linux ubuntu 5.11.0-40-generic #44~20.04.2-Ubuntu SMP Tue Oct 26 18:07:44 UTC 2021 x86_64",
		"timestamp":	{
			"time":	"Mon, 22 Nov 2021 06:57:35 GMT",
			"timesecs":	1637564255
		},
		"connecting_to":	{
			"host":	"10.0.6.10",
			"port":	5202
		},
		"cookie":	"74gqjss3d7s4res5ifzxthydtvc4yqkdol74",
		"tcp_mss_default":	1448,
		"target_bitrate":	1000000000,
		"sock_bufsize":	0,
		"sndbuf_actual":	87380,
		"rcvbuf_actual":	87380,
		"test_start":	{
			"protocol":	"TCP",
			"num_streams":	1,
			"blksize":	131072,
			"omit":	0,
			"duration":	10,
			"bytes":	0,
			"blocks":	0,
			"reverse":	0,
			"tos":	0
		}
	},
	"intervals":	[{
			"streams":	[{
					"socket":	5,
					"start":	0,
					"end":	1.000081,
					"seconds":	1.000080943107605,
					"bytes":	124911616,
					"bits_per_second":	999212048.67162418,
					"retransmits":	1,
					"snd_cwnd":	264984,
					"rtt":	120,
					"rttvar":	48,
					"pmtu":	1500,
					"omitted":	false,
					"sender":	true
				}],
			"sum":	{
				"start":	0,
				"end":	1.000081,
				"seconds":	1.000080943107605,
				"bytes":	124911616,
				"bits_per_second":	999212048.67162418,
				"retransmits":	1,
				"omitted":	false,
				"sender":	true
			}
		}, {
			"streams":	[{
					"socket":	5,
					"start":	1.000081,
					"end":	2.000626,
					"seconds":	1.0005450248718262,
					"bytes":	125042688,
					"bits_per_second":	999796589.99168754,
					"retransmits":	1,
					"snd_cwnd":	188240,
					"rtt":	72,
					"rttvar":	31,
					"pmtu":	1500,
					"omitted":	false,
					"sender":	true
				}],
			"sum":	{
				"start":	1.000081,
				"end":	2.000626,
				"seconds":	1.0005450248718262,
				"bytes":	125042688,
				"bits_per_second":	999796589.99168754,
				"retransmits":	1,
				"omitted":	false,
				"sender":	true
			}
		}, {
			"streams":	[{
					"socket":	5,
					"start":	2.000626,
					"end":	3.000353,
					"seconds":	0.99972701072692871,
					"bytes":	125042688,
					"bits_per_second":	1000614661.0689497,
					"retransmits":	0,
					"snd_cwnd":	208512,
					"rtt":	144,
					"rttvar":	112,
					"pmtu":	1500,
					"omitted":	false,
					"sender":	true
				}],
			"sum":	{
				"start":	2.000626,
				"end":	3.000353,
				"seconds":	0.99972701072692871,
				"bytes":	125042688,
				"bits_per_second":	1000614661.0689497,
				"retransmits":	0,
				"omitted":	false,
				"sender":	true
			}
		}, {
			"streams":	[{
					"socket":	5,
					"start":	3.000353,
					"end":	4.000134,
					"seconds":	0.99978101253509521,
					"bytes":	124911616,
					"bits_per_second":	999511808.55709827,
					"retransmits":	8,
					"snd_cwnd":	208512,
					"rtt":	49,
					"rttvar":	23,
					"pmtu":	1500,
					"omitted":	false,
					"sender":	true
				}],
			"sum":	{
				"start":	3.000353,
				"end":	4.000134,
				"seconds":	0.99978101253509521,
				"bytes":	124911616,
				"bits_per_second":	999511808.55709827,
				"retransmits":	8,
				"omitted":	false,
				"sender":	true
			}
		}, {
			"streams":	[{
					"socket":	5,
					"start":	4.000134,
					"end":	5.000202,
					"seconds":	1.0000679492950439,
					"bytes":	125042688,
					"bits_per_second":	1000273536.1183697,
					"retransmits":	10,
					"snd_cwnd":	144800,
					"rtt":	59,
					"rttvar":	44,
					"pmtu":	1500,
					"omitted":	false,
					"sender":	true
				}],
			"sum":	{
				"start":	4.000134,
				"end":	5.000202,
				"seconds":	1.0000679492950439,
				"bytes":	125042688,
				"bits_per_second":	1000273536.1183697,
				"retransmits":	10,
				"omitted":	false,
				"sender":	true
			}
		}, {
			"streams":	[{
					"socket":	5,
					"start":	5.000202,
					"end":	6.000156,
					"seconds":	0.9999539852142334,
					"bytes":	125042688,
					"bits_per_second":	1000387536.6181811,
					"retransmits":	0,
					"snd_cwnd":	144800,
					"rtt":	135,
					"rttvar":	52,
					"pmtu":	1500,
					"omitted":	false,
					"sender":	true
				}],
			"sum":	{
				"start":	5.000202,
				"end":	6.000156,
				"seconds":	0.9999539852142334,
				"bytes":	125042688,
				"bits_per_second":	1000387536.6181811,
				"retransmits":	0,
				"omitted":	false,
				"sender":	true
			}
		}, {
			"streams":	[{
					"socket":	5,
					"start":	6.000156,
					"end":	7.000268,
					"seconds":	1.0001120567321777,
					"bytes":	125042688,
					"bits_per_second":	1000229421.559592,
					"retransmits":	0,
					"snd_cwnd":	144800,
					"rtt":	103,
					"rttvar":	22,
					"pmtu":	1500,
					"omitted":	false,
					"sender":	true
				}],
			"sum":	{
				"start":	6.000156,
				"end":	7.000268,
				"seconds":	1.0001120567321777,
				"bytes":	125042688,
				"bits_per_second":	1000229421.559592,
				"retransmits":	0,
				"omitted":	false,
				"sender":	true
			}
		}, {
			"streams":	[{
					"socket":	5,
					"start":	7.000268,
					"end":	8.000374,
					"seconds":	1.0001059770584106,
					"bytes":	124911616,
					"bits_per_second":	999187037.09700644,
					"retransmits":	10,
					"snd_cwnd":	110048,
					"rtt":	52,
					"rttvar":	47,
					"pmtu":	1500,
					"omitted":	false,
					"sender":	true
				}],
			"sum":	{
				"start":	7.000268,
				"end":	8.000374,
				"seconds":	1.0001059770584106,
				"bytes":	124911616,
				"bits_per_second":	999187037.09700644,
				"retransmits":	10,
				"omitted":	false,
				"sender":	true
			}
		}, {
			"streams":	[{
					"socket":	5,
					"start":	8.000374,
					"end":	9.000207,
					"seconds":	0.99983298778533936,
					"bytes":	125042688,
					"bits_per_second":	1000508601.1572663,
					"retransmits":	1,
					"snd_cwnd":	147696,
					"rtt":	107,
					"rttvar":	55,
					"pmtu":	1500,
					"omitted":	false,
					"sender":	true
				}],
			"sum":	{
				"start":	8.000374,
				"end":	9.000207,
				"seconds":	0.99983298778533936,
				"bytes":	125042688,
				"bits_per_second":	1000508601.1572663,
				"retransmits":	1,
				"omitted":	false,
				"sender":	true
			}
		}, {
			"streams":	[{
					"socket":	5,
					"start":	9.000207,
					"end":	10.000858,
					"seconds":	1.0006510019302368,
					"bytes":	125042688,
					"bits_per_second":	999690703.42243218,
					"retransmits":	0,
					"snd_cwnd":	156384,
					"rtt":	85,
					"rttvar":	12,
					"pmtu":	1500,
					"omitted":	false,
					"sender":	true
				}],
			"sum":	{
				"start":	9.000207,
				"end":	10.000858,
				"seconds":	1.0006510019302368,
				"bytes":	125042688,
				"bits_per_second":	999690703.42243218,
				"retransmits":	0,
				"omitted":	false,
				"sender":	true
			}
		}],
	"end":	{
		"streams":	[{
				"sender":	{
					"socket":	5,
					"start":	0,
					"end":	10.000858,
					"seconds":	10.000858,
					"bytes":	1250033664,
					"bits_per_second":	999941136.25050974,
					"retransmits":	31,
					"max_snd_cwnd":	264984,
					"max_rtt":	144,
					"min_rtt":	49,
					"mean_rtt":	92,
					"sender":	true
				},
				"receiver":	{
					"socket":	5,
					"start":	0,
					"end":	10.012424,
					"seconds":	10.000858,
					"bytes":	1250033664,
					"bits_per_second":	998786039.424619,
					"sender":	true
				}
			}],
		"sum_sent":	{
			"start":	0,
			"end":	10.000858,
			"seconds":	10.000858,
			"bytes":	1250033664,
			"bits_per_second":	999941136.25050974,
			"retransmits":	31,
			"sender":	true
		},
		"sum_received":	{
			"start":	0,
			"end":	10.012424,
			"seconds":	10.012424,
			"bytes":	1250033664,
			"bits_per_second":	998786039.424619,
			"sender":	true
		},
		"cpu_utilization_percent":	{
			"host_total":	7.2322727433341063,
			"host_user":	0,
			"host_system":	7.2335703575406249,
			"remote_total":	4.25170341333419,
			"remote_user":	1.3963396378921105,
			"remote_system":	2.855353855438969
		},
		"sender_tcp_congestion":	"cubic",
		"receiver_tcp_congestion":	"cubic"
	}
}
