{
	"start":	{
		"connected":	[{
				"socket":	5,
				"local_host":	"10.0.4.13",
				"local_port":	51590,
				"remote_host":	"10.0.6.10",
				"remote_port":	5203
			}],
		"version":	"iperf 3.7",
		"system_info":	"Linux ubuntu 5.11.0-40-generic #44~20.04.2-Ubuntu SMP Tue Oct 26 18:07:44 UTC 2021 x86_64",
		"timestamp":	{
			"time":	"Mon, 22 Nov 2021 06:57:35 GMT",
			"timesecs":	1637564255
		},
		"connecting_to":	{
			"host":	"10.0.6.10",
			"port":	5203
		},
		"cookie":	"zc6xoe4llpqpjuxevqymt7eoaj5e2jaoqwl2",
		"tcp_mss_default":	1448,
		"target_bitrate":	1000000000,
		"sock_bufsize":	0,
		"sndbuf_actual":	87380,
		"rcvbuf_actual":	87380,
		"test_start":	{
			"protocol":	"TCP",
			"num_streams":	1,
			"blksize":	131072,
			"omit":	0,
			"duration":	10,
			"bytes":	0,
			"blocks":	0,
			"reverse":	0,
			"tos":	0
		}
	},
	"intervals":	[{
			"streams":	[{
					"socket":	5,
					"start":	0,
					"end":	1.000335,
					"seconds":	1.0003349781036377,
					"bytes":	125042688,
					"bits_per_second":	1000006523.711062,
					"retransmits":	94,
					"snd_cwnd":	189688,
					"rtt":	181,
					"rttvar":	54,
					"pmtu":	1500,
					"omitted":	false,
					"sender":	true
				}],
			"sum":	{
				"start":	0,
				"end":	1.000335,
				"seconds":	1.0003349781036377,
				"bytes":	125042688,
				"bits_per_second":	1000006523.711062,
				"retransmits":	94,
				"omitted":	false,
				"sender":	true
			}
		}, {
			"streams":	[{
					"socket":	5,
					"start":	1.000335,
					"end":	2.000674,
					"seconds":	1.0003390312194824,
					"bytes":	124911616,
					"bits_per_second":	998954251.32196712,
					"retransmits":	4,
					"snd_cwnd":	205616,
					"rtt":	36,
					"rttvar":	25,
					"pmtu":	1500,
					"omitted":	false,
					"sender":	true
				}],
			"sum":	{
				"start":	1.000335,
				"end":	2.000674,
				"seconds":	1.0003390312194824,
				"bytes":	124911616,
				"bits_per_second":	998954251.32196712,
				"retransmits":	4,
				"omitted":	false,
				"sender":	true
			}
		}, {
			"streams":	[{
					"socket":	5,
					"start":	2.000674,
					"end":	3.000196,
					"seconds":	0.99952197074890137,
					"bytes":	125042688,
					"bits_per_second":	1000819925.1993276,
					"retransmits":	0,
					"snd_cwnd":	166520,
					"rtt":	112,
					"rttvar":	25,
					"pmtu":	1500,
					"omitted":	false,
					"sender":	true
				}],
			"sum":	{
				"start":	2.000674,
				"end":	3.000196,
				"seconds":	0.99952197074890137,
				"bytes":	125042688,
				"bits_per_second":	1000819925.1993276,
				"retransmits":	0,
				"omitted":	false,
				"sender":	true
			}
		}, {
			"streams":	[{
					"socket":	5,
					"start":	3.000196,
					"end":	4.000232,
					"seconds":	1.0000360012054443,
					"bytes":	124911616,
					"bits_per_second":	999256953.5451237,
					"retransmits":	46,
					"snd_cwnd":	183896,
					"rtt":	143,
					"rttvar":	82,
					"pmtu":	1500,
					"omitted":	false,
					"sender":	true
				}],
			"sum":	{
				"start":	3.000196,
				"end":	4.000232,
				"seconds":	1.0000360012054443,
				"bytes":	124911616,
				"bits_per_second":	999256953.5451237,
				"retransmits":	46,
				"omitted":	false,
				"sender":	true
			}
		}, {
			"streams":	[{
					"socket":	5,
					"start":	4.000232,
					"end":	5.000541,
					"seconds":	1.0003089904785156,
					"bytes":	125042688,
					"bits_per_second":	1000032503.478219,
					"retransmits":	1,
					"snd_cwnd":	152040,
					"rtt":	116,
					"rttvar":	32,
					"pmtu":	1500,
					"omitted":	false,
					"sender":	true
				}],
			"sum":	{
				"start":	4.000232,
				"end":	5.000541,
				"seconds":	1.0003089904785156,
				"bytes":	125042688,
				"bits_per_second":	1000032503.478219,
				"retransmits":	1,
				"omitted":	false,
				"sender":	true
			}
		}, {
			"streams":	[{
					"socket":	5,
					"start":	5.000541,
					"end":	6.000164,
					"seconds":	0.99962300062179565,
					"bytes":	125042688,
					"bits_per_second":	1000718774.3556895,
					"retransmits":	1,
					"snd_cwnd":	199824,
					"rtt":	63,
					"rttvar":	46,
					"pmtu":	1500,
					"omitted":	false,
					"sender":	true
				}],
			"sum":	{
				"start":	5.000541,
				"end":	6.000164,
				"seconds":	0.99962300062179565,
				"bytes":	125042688,
				"bits_per_second":	1000718774.3556895,
				"retransmits":	1,
				"omitted":	false,
				"sender":	true
			}
		}, {
			"streams":	[{
					"socket":	5,
					"start":	6.000164,
					"end":	7.000559,
					"seconds":	1.0003950595855713,
					"bytes":	125042688,
					"bits_per_second":	999946465.563721,
					"retransmits":	1,
					"snd_cwnd":	208512,
					"rtt":	72,
					"rttvar":	27,
					"pmtu":	1500,
					"omitted":	false,
					"sender":	true
				}],
			"sum":	{
				"start":	6.000164,
				"end":	7.000559,
				"seconds":	1.0003950595855713,
				"bytes":	125042688,
				"bits_per_second":	999946465.563721,
				"retransmits":	1,
				"omitted":	false,
				"sender":	true
			}
		}, {
			"streams":	[{
					"socket":	5,
					"start":	7.000559,
					"end":	8.000567,
					"seconds":	1.0000079870224,
					"bytes":	124911616,
					"bits_per_second":	999284946.68874693,
					"retransmits":	91,
					"snd_cwnd":	230232,
					"rtt":	140,
					"rttvar":	46,
					"pmtu":	1500,
					"omitted":	false,
					"sender":	true
				}],
			"sum":	{
				"start":	7.000559,
				"end":	8.000567,
				"seconds":	1.0000079870224,
				"bytes":	124911616,
				"bits_per_second":	999284946.68874693,
				"retransmits":	91,
				"omitted":	false,
				"sender":	true
			}
		}, {
			"streams":	[{
					"socket":	5,
					"start":	8.000567,
					"end":	9.00061,
					"seconds":	1.0000430345535278,
					"bytes":	125042688,
					"bits_per_second":	1000298456.6025255,
					"retransmits":	0,
					"snd_cwnd":	264984,
					"rtt":	34,
					"rttvar":	17,
					"pmtu":	1500,
					"omitted":	false,
					"sender":	true
				}],
			"sum":	{
				"start":	8.000567,
				"end":	9.00061,
				"seconds":	1.0000430345535278,
				"bytes":	125042688,
				"bits_per_second":	1000298456.6025255,
				"retransmits":	0,
				"omitted":	false,
				"sender":	true
			}
		}, {
			"streams":	[{
					"socket":	5,
					"start":	9.00061,
					"end":	10.000179,
					"seconds":	0.99956899881362915,
					"bytes":	124911616,
					"bits_per_second":	999723810.14821708,
					"retransmits":	0,
					"snd_cwnd":	264984,
					"rtt":	93,
					"rttvar":	25,
					"pmtu":	1500,
					"omitted":	false,
					"sender":	true
				}],
			"sum":	{
				"start":	9.00061,
				"end":	10.000179,
				"seconds":	0.99956899881362915,
				"bytes":	124911616,
				"bits_per_second":	999723810.14821708,
				"retransmits":	0,
				"omitted":	false,
				"sender":	true
			}
		}],
	"end":	{
		"streams":	[{
				"sender":	{
					"socket":	5,
					"start":	0,
					"end":	10.000179,
					"seconds":	10.000179,
					"bytes":	1249902592,
					"bits_per_second":	999904175.315262,
					"retransmits":	238,
					"max_snd_cwnd":	264984,
					"max_rtt":	181,
					"min_rtt":	34,
					"mean_rtt":	99,
					"sender":	true
				},
				"receiver":	{
					"socket":	5,
					"start":	0,
					"end":	10.004197,
					"seconds":	10.000179,
					"bytes":	1249902592,
					"bits_per_second":	999502582.366181,
					"sender":	true
				}
			}],
		"sum_sent":	{
			"start":	0,
			"end":	10.000179,
			"seconds":	10.000179,
			"bytes":	1249902592,
			"bits_per_second":	999904175.315262,
			"retransmits":	238,
			"sender":	true
		},
		"sum_received":	{
			"start":	0,
			"end":	10.004197,
			"seconds":	10.004197,
			"bytes":	1249902592,
			"bits_per_second":	999502582.366181,
			"sender":	true
		},
		"cpu_utilization_percent":	{
			"host_total":	7.2586182544355111,
			"host_user":	0.87880154236273322,
			"host_system":	6.3798167120727776,
			"remote_total":	4.4081816151812721,
			"remote_user":	0,
			"remote_system":	4.4081915176469364
		},
		"sender_tcp_congestion":	"cubic",
		"receiver_tcp_congestion":	"cubic"
	}
}
