{
	"start":	{
		"connected":	[{
				"socket":	5,
				"local_host":	"10.0.3.12",
				"local_port":	43272,
				"remote_host":	"10.0.6.10",
				"remote_port":	5202
			}],
		"version":	"iperf 3.7",
		"system_info":	"Linux ubuntu 5.11.0-40-generic #44~20.04.2-Ubuntu SMP Tue Oct 26 18:07:44 UTC 2021 x86_64",
		"timestamp":	{
			"time":	"Sun, 21 Nov 2021 16:45:03 GMT",
			"timesecs":	1637513103
		},
		"connecting_to":	{
			"host":	"10.0.6.10",
			"port":	5202
		},
		"cookie":	"a44mkro2rlvuyqq5egjw2wxeexvw7hiycddm",
		"tcp_mss_default":	1448,
		"target_bitrate":	1000000000,
		"sock_bufsize":	0,
		"sndbuf_actual":	87380,
		"rcvbuf_actual":	87380,
		"test_start":	{
			"protocol":	"TCP",
			"num_streams":	1,
			"blksize":	131072,
			"omit":	0,
			"duration":	10,
			"bytes":	0,
			"blocks":	0,
			"reverse":	0,
			"tos":	0
		}
	},
	"intervals":	[{
			"streams":	[{
					"socket":	5,
					"start":	0,
					"end":	1.000298,
					"seconds":	1.000298023223877,
					"bytes":	231680,
					"bits_per_second":	1852887.796405433,
					"retransmits":	0,
					"snd_cwnd":	49232,
					"rtt":	309076,
					"rttvar":	45392,
					"pmtu":	1500,
					"omitted":	false,
					"sender":	true
				}],
			"sum":	{
				"start":	0,
				"end":	1.000298,
				"seconds":	1.000298023223877,
				"bytes":	231680,
				"bits_per_second":	1852887.796405433,
				"retransmits":	0,
				"omitted":	false,
				"sender":	true
			}
		}, {
			"streams":	[{
					"socket":	5,
					"start":	1.000298,
					"end":	2.000201,
					"seconds":	0.99990302324295044,
					"bytes":	108600,
					"bits_per_second":	868884.26157793927,
					"retransmits":	0,
					"snd_cwnd":	56472,
					"rtt":	460775,
					"rttvar":	18135,
					"pmtu":	1500,
					"omitted":	false,
					"sender":	true
				}],
			"sum":	{
				"start":	1.000298,
				"end":	2.000201,
				"seconds":	0.99990302324295044,
				"bytes":	108600,
				"bits_per_second":	868884.26157793927,
				"retransmits":	0,
				"omitted":	false,
				"sender":	true
			}
		}, {
			"streams":	[{
					"socket":	5,
					"start":	2.000201,
					"end":	3.00023,
					"seconds":	1.0000289678573608,
					"bytes":	131072,
					"bits_per_second":	1048545.6258798732,
					"retransmits":	0,
					"snd_cwnd":	62264,
					"rtt":	532471,
					"rttvar":	8151,
					"pmtu":	1500,
					"omitted":	false,
					"sender":	true
				}],
			"sum":	{
				"start":	2.000201,
				"end":	3.00023,
				"seconds":	1.0000289678573608,
				"bytes":	131072,
				"bits_per_second":	1048545.6258798732,
				"retransmits":	0,
				"omitted":	false,
				"sender":	true
			}
		}, {
			"streams":	[{
					"socket":	5,
					"start":	3.00023,
					"end":	4.00041,
					"seconds":	1.0001800060272217,
					"bytes":	131072,
					"bits_per_second":	1048387.2839700228,
					"retransmits":	0,
					"snd_cwnd":	66608,
					"rtt":	584457,
					"rttvar":	12934,
					"pmtu":	1500,
					"omitted":	false,
					"sender":	true
				}],
			"sum":	{
				"start":	3.00023,
				"end":	4.00041,
				"seconds":	1.0001800060272217,
				"bytes":	131072,
				"bits_per_second":	1048387.2839700228,
				"retransmits":	0,
				"omitted":	false,
				"sender":	true
			}
		}, {
			"streams":	[{
					"socket":	5,
					"start":	4.00041,
					"end":	5.000156,
					"seconds":	0.99974602460861206,
					"bytes":	131072,
					"bits_per_second":	1048842.3801540039,
					"retransmits":	0,
					"snd_cwnd":	78192,
					"rtt":	637399,
					"rttvar":	11920,
					"pmtu":	1500,
					"omitted":	false,
					"sender":	true
				}],
			"sum":	{
				"start":	4.00041,
				"end":	5.000156,
				"seconds":	0.99974602460861206,
				"bytes":	131072,
				"bits_per_second":	1048842.3801540039,
				"retransmits":	0,
				"omitted":	false,
				"sender":	true
			}
		}, {
			"streams":	[{
					"socket":	5,
					"start":	5.000156,
					"end":	6.000457,
					"seconds":	1.0003010034561157,
					"bytes":	262144,
					"bits_per_second":	2096520.9399512557,
					"retransmits":	0,
					"snd_cwnd":	99912,
					"rtt":	689783,
					"rttvar":	16804,
					"pmtu":	1500,
					"omitted":	false,
					"sender":	true
				}],
			"sum":	{
				"start":	5.000156,
				"end":	6.000457,
				"seconds":	1.0003010034561157,
				"bytes":	262144,
				"bits_per_second":	2096520.9399512557,
				"retransmits":	0,
				"omitted":	false,
				"sender":	true
			}
		}, {
			"streams":	[{
					"socket":	5,
					"start":	6.000457,
					"end":	7.000535,
					"seconds":	1.0000779628753662,
					"bytes":	262144,
					"bits_per_second":	2096988.5127459364,
					"retransmits":	0,
					"snd_cwnd":	139008,
					"rtt":	780400,
					"rttvar":	15552,
					"pmtu":	1500,
					"omitted":	false,
					"sender":	true
				}],
			"sum":	{
				"start":	6.000457,
				"end":	7.000535,
				"seconds":	1.0000779628753662,
				"bytes":	262144,
				"bits_per_second":	2096988.5127459364,
				"retransmits":	0,
				"omitted":	false,
				"sender":	true
			}
		}, {
			"streams":	[{
					"socket":	5,
					"start":	7.000535,
					"end":	8.000299,
					"seconds":	0.99976402521133423,
					"bytes":	262144,
					"bits_per_second":	2097646.9918055865,
					"retransmits":	0,
					"snd_cwnd":	189688,
					"rtt":	898671,
					"rttvar":	19082,
					"pmtu":	1500,
					"omitted":	false,
					"sender":	true
				}],
			"sum":	{
				"start":	7.000535,
				"end":	8.000299,
				"seconds":	0.99976402521133423,
				"bytes":	262144,
				"bits_per_second":	2097646.9918055865,
				"retransmits":	0,
				"omitted":	false,
				"sender":	true
			}
		}, {
			"streams":	[{
					"socket":	5,
					"start":	8.000299,
					"end":	9.000495,
					"seconds":	1.0001959800720215,
					"bytes":	524288,
					"bits_per_second":	4193482.1610640539,
					"retransmits":	0,
					"snd_cwnd":	259192,
					"rtt":	1048001,
					"rttvar":	20331,
					"pmtu":	1500,
					"omitted":	false,
					"sender":	true
				}],
			"sum":	{
				"start":	8.000299,
				"end":	9.000495,
				"seconds":	1.0001959800720215,
				"bytes":	524288,
				"bits_per_second":	4193482.1610640539,
				"retransmits":	0,
				"omitted":	false,
				"sender":	true
			}
		}, {
			"streams":	[{
					"socket":	5,
					"start":	9.000495,
					"end":	10.000417,
					"seconds":	0.999921977519989,
					"bytes":	393216,
					"bits_per_second":	3145973.4566511367,
					"retransmits":	0,
					"snd_cwnd":	341728,
					"rtt":	1220636,
					"rttvar":	22814,
					"pmtu":	1500,
					"omitted":	false,
					"sender":	true
				}],
			"sum":	{
				"start":	9.000495,
				"end":	10.000417,
				"seconds":	0.999921977519989,
				"bytes":	393216,
				"bits_per_second":	3145973.4566511367,
				"retransmits":	0,
				"omitted":	false,
				"sender":	true
			}
		}],
	"end":	{
		"streams":	[{
				"sender":	{
					"socket":	5,
					"start":	0,
					"end":	10.000417,
					"seconds":	10.000417,
					"bytes":	2437432,
					"bits_per_second":	1949864.2906590793,
					"retransmits":	0,
					"max_snd_cwnd":	341728,
					"max_rtt":	1220636,
					"min_rtt":	309076,
					"mean_rtt":	716166,
					"sender":	true
				},
				"receiver":	{
					"socket":	5,
					"start":	0,
					"end":	11.671989,
					"seconds":	10.000417,
					"bytes":	1533432,
					"bits_per_second":	1051016.7547279217,
					"sender":	true
				}
			}],
		"sum_sent":	{
			"start":	0,
			"end":	10.000417,
			"seconds":	10.000417,
			"bytes":	2437432,
			"bits_per_second":	1949864.2906590793,
			"retransmits":	0,
			"sender":	true
		},
		"sum_received":	{
			"start":	0,
			"end":	11.671989,
			"seconds":	11.671989,
			"bytes":	1533432,
			"bits_per_second":	1051016.7547279217,
			"sender":	true
		},
		"cpu_utilization_percent":	{
			"host_total":	4.4615991136351871,
			"host_user":	0.54212875233325375,
			"host_system":	3.9194703613019342,
			"remote_total":	0.13623496121578266,
			"remote_user":	0,
			"remote_system":	0.13624287725071674
		},
		"sender_tcp_congestion":	"cubic",
		"receiver_tcp_congestion":	"cubic"
	}
}
