{
	"start":	{
		"connected":	[{
				"socket":	5,
				"local_host":	"10.0.1.10",
				"local_port":	51858,
				"remote_host":	"10.0.7.10",
				"remote_port":	5200
			}],
		"version":	"iperf 3.7",
		"system_info":	"Linux ubuntu 5.11.0-40-generic #44~20.04.2-Ubuntu SMP Tue Oct 26 18:07:44 UTC 2021 x86_64",
		"timestamp":	{
			"time":	"Mon, 22 Nov 2021 06:58:02 GMT",
			"timesecs":	1637564282
		},
		"connecting_to":	{
			"host":	"10.0.7.10",
			"port":	5200
		},
		"cookie":	"g7khlbgxooeuc6vpq7tw3x6mbdi5vi6srew7",
		"tcp_mss_default":	1448,
		"target_bitrate":	1000000000,
		"sock_bufsize":	0,
		"sndbuf_actual":	87380,
		"rcvbuf_actual":	87380,
		"test_start":	{
			"protocol":	"TCP",
			"num_streams":	1,
			"blksize":	131072,
			"omit":	0,
			"duration":	10,
			"bytes":	0,
			"blocks":	0,
			"reverse":	0,
			"tos":	0
		}
	},
	"intervals":	[{
			"streams":	[{
					"socket":	5,
					"start":	0,
					"end":	1.000182,
					"seconds":	1.000182032585144,
					"bytes":	71041024,
					"bits_per_second":	568224756.5786171,
					"retransmits":	1024,
					"snd_cwnd":	41992,
					"rtt":	272,
					"rttvar":	151,
					"pmtu":	1500,
					"omitted":	false,
					"sender":	true
				}],
			"sum":	{
				"start":	0,
				"end":	1.000182,
				"seconds":	1.000182032585144,
				"bytes":	71041024,
				"bits_per_second":	568224756.5786171,
				"retransmits":	1024,
				"omitted":	false,
				"sender":	true
			}
		}, {
			"streams":	[{
					"socket":	5,
					"start":	1.000182,
					"end":	2.00011,
					"seconds":	0.99992799758911133,
					"bytes":	67895296,
					"bits_per_second":	543201479.81614506,
					"retransmits":	852,
					"snd_cwnd":	40544,
					"rtt":	634,
					"rttvar":	151,
					"pmtu":	1500,
					"omitted":	false,
					"sender":	true
				}],
			"sum":	{
				"start":	1.000182,
				"end":	2.00011,
				"seconds":	0.99992799758911133,
				"bytes":	67895296,
				"bits_per_second":	543201479.81614506,
				"retransmits":	852,
				"omitted":	false,
				"sender":	true
			}
		}, {
			"streams":	[{
					"socket":	5,
					"start":	2.00011,
					"end":	3.000179,
					"seconds":	1.00006902217865,
					"bytes":	74317824,
					"bits_per_second":	594501558.20724177,
					"retransmits":	1049,
					"snd_cwnd":	50680,
					"rtt":	709,
					"rttvar":	307,
					"pmtu":	1500,
					"omitted":	false,
					"sender":	true
				}],
			"sum":	{
				"start":	2.00011,
				"end":	3.000179,
				"seconds":	1.00006902217865,
				"bytes":	74317824,
				"bits_per_second":	594501558.20724177,
				"retransmits":	1049,
				"omitted":	false,
				"sender":	true
			}
		}, {
			"streams":	[{
					"socket":	5,
					"start":	3.000179,
					"end":	4.000084,
					"seconds":	0.999904990196228,
					"bytes":	68550656,
					"bits_per_second":	548457356.82584929,
					"retransmits":	1138,
					"snd_cwnd":	34752,
					"rtt":	579,
					"rttvar":	45,
					"pmtu":	1500,
					"omitted":	false,
					"sender":	true
				}],
			"sum":	{
				"start":	3.000179,
				"end":	4.000084,
				"seconds":	0.999904990196228,
				"bytes":	68550656,
				"bits_per_second":	548457356.82584929,
				"retransmits":	1138,
				"omitted":	false,
				"sender":	true
			}
		}, {
			"streams":	[{
					"socket":	5,
					"start":	4.000084,
					"end":	5.000298,
					"seconds":	1.0002139806747437,
					"bytes":	71565312,
					"bits_per_second":	572400013.45889676,
					"retransmits":	957,
					"snd_cwnd":	34752,
					"rtt":	773,
					"rttvar":	214,
					"pmtu":	1500,
					"omitted":	false,
					"sender":	true
				}],
			"sum":	{
				"start":	4.000084,
				"end":	5.000298,
				"seconds":	1.0002139806747437,
				"bytes":	71565312,
				"bits_per_second":	572400013.45889676,
				"retransmits":	957,
				"omitted":	false,
				"sender":	true
			}
		}, {
			"streams":	[{
					"socket":	5,
					"start":	5.000298,
					"end":	6.000409,
					"seconds":	1.0001109838485718,
					"bytes":	66453504,
					"bits_per_second":	531569036.42255622,
					"retransmits":	1103,
					"snd_cwnd":	24616,
					"rtt":	372,
					"rttvar":	262,
					"pmtu":	1500,
					"omitted":	false,
					"sender":	true
				}],
			"sum":	{
				"start":	5.000298,
				"end":	6.000409,
				"seconds":	1.0001109838485718,
				"bytes":	66453504,
				"bits_per_second":	531569036.42255622,
				"retransmits":	1103,
				"omitted":	false,
				"sender":	true
			}
		}, {
			"streams":	[{
					"socket":	5,
					"start":	6.000409,
					"end":	7.000142,
					"seconds":	0.99973297119140625,
					"bytes":	64225280,
					"bits_per_second":	513939476.64613813,
					"retransmits":	1208,
					"snd_cwnd":	46336,
					"rtt":	561,
					"rttvar":	67,
					"pmtu":	1500,
					"omitted":	false,
					"sender":	true
				}],
			"sum":	{
				"start":	6.000409,
				"end":	7.000142,
				"seconds":	0.99973297119140625,
				"bytes":	64225280,
				"bits_per_second":	513939476.64613813,
				"retransmits":	1208,
				"omitted":	false,
				"sender":	true
			}
		}, {
			"streams":	[{
					"socket":	5,
					"start":	7.000142,
					"end":	8.000207,
					"seconds":	1.0000649690628052,
					"bytes":	68288512,
					"bits_per_second":	546272605.18080521,
					"retransmits":	1433,
					"snd_cwnd":	39096,
					"rtt":	629,
					"rttvar":	82,
					"pmtu":	1500,
					"omitted":	false,
					"sender":	true
				}],
			"sum":	{
				"start":	7.000142,
				"end":	8.000207,
				"seconds":	1.0000649690628052,
				"bytes":	68288512,
				"bits_per_second":	546272605.18080521,
				"retransmits":	1433,
				"omitted":	false,
				"sender":	true
			}
		}, {
			"streams":	[{
					"socket":	5,
					"start":	8.000207,
					"end":	9.000116,
					"seconds":	0.999908983707428,
					"bytes":	66846720,
					"bits_per_second":	534822437.55545062,
					"retransmits":	808,
					"snd_cwnd":	31856,
					"rtt":	508,
					"rttvar":	123,
					"pmtu":	1500,
					"omitted":	false,
					"sender":	true
				}],
			"sum":	{
				"start":	8.000207,
				"end":	9.000116,
				"seconds":	0.999908983707428,
				"bytes":	66846720,
				"bits_per_second":	534822437.55545062,
				"retransmits":	808,
				"omitted":	false,
				"sender":	true
			}
		}, {
			"streams":	[{
					"socket":	5,
					"start":	9.000116,
					"end":	10.000184,
					"seconds":	1.0000679492950439,
					"bytes":	72744960,
					"bits_per_second":	581920138.93678737,
					"retransmits":	1121,
					"snd_cwnd":	40544,
					"rtt":	515,
					"rttvar":	63,
					"pmtu":	1500,
					"omitted":	false,
					"sender":	true
				}],
			"sum":	{
				"start":	9.000116,
				"end":	10.000184,
				"seconds":	1.0000679492950439,
				"bytes":	72744960,
				"bits_per_second":	581920138.93678737,
				"retransmits":	1121,
				"omitted":	false,
				"sender":	true
			}
		}],
	"end":	{
		"streams":	[{
				"sender":	{
					"socket":	5,
					"start":	0,
					"end":	10.000184,
					"seconds":	10.000184,
					"bytes":	691929088,
					"bits_per_second":	553533085.3912288,
					"retransmits":	10693,
					"max_snd_cwnd":	50680,
					"max_rtt":	773,
					"min_rtt":	272,
					"mean_rtt":	555,
					"sender":	true
				},
				"receiver":	{
					"socket":	5,
					"start":	0,
					"end":	10.008756,
					"seconds":	10.000184,
					"bytes":	691483768,
					"bits_per_second":	552703067.59401464,
					"sender":	true
				}
			}],
		"sum_sent":	{
			"start":	0,
			"end":	10.000184,
			"seconds":	10.000184,
			"bytes":	691929088,
			"bits_per_second":	553533085.3912288,
			"retransmits":	10693,
			"sender":	true
		},
		"sum_received":	{
			"start":	0,
			"end":	10.008756,
			"seconds":	10.008756,
			"bytes":	691483768,
			"bits_per_second":	552703067.59401464,
			"sender":	true
		},
		"cpu_utilization_percent":	{
			"host_total":	3.3616794897851716,
			"host_user":	0,
			"host_system":	3.3616794897851716,
			"remote_total":	12.439585499405309,
			"remote_user":	0.33339927745411641,
			"remote_system":	12.106186221951193
		},
		"sender_tcp_congestion":	"cubic",
		"receiver_tcp_congestion":	"cubic"
	}
}
