{
	"start":	{
		"connected":	[{
				"socket":	5,
				"local_host":	"10.0.1.10",
				"local_port":	59660,
				"remote_host":	"10.0.7.10",
				"remote_port":	5200
			}],
		"version":	"iperf 3.7",
		"system_info":	"Linux ubuntu 5.11.0-40-generic #44~20.04.2-Ubuntu SMP Tue Oct 26 18:07:44 UTC 2021 x86_64",
		"timestamp":	{
			"time":	"Sun, 21 Nov 2021 16:45:59 GMT",
			"timesecs":	1637513159
		},
		"connecting_to":	{
			"host":	"10.0.7.10",
			"port":	5200
		},
		"cookie":	"zv42eoq3uif25zj5lissvf3qlzzcmripvego",
		"tcp_mss_default":	1448,
		"target_bitrate":	1000000000,
		"sock_bufsize":	0,
		"sndbuf_actual":	87380,
		"rcvbuf_actual":	87380,
		"test_start":	{
			"protocol":	"TCP",
			"num_streams":	1,
			"blksize":	131072,
			"omit":	0,
			"duration":	10,
			"bytes":	0,
			"blocks":	0,
			"reverse":	0,
			"tos":	0
		}
	},
	"intervals":	[{
			"streams":	[{
					"socket":	5,
					"start":	0,
					"end":	1.000868,
					"seconds":	1.0008679628372192,
					"bytes":	2088408,
					"bits_per_second":	16692775.291397016,
					"retransmits":	0,
					"snd_cwnd":	309872,
					"rtt":	303231,
					"rttvar":	3032,
					"pmtu":	1500,
					"omitted":	false,
					"sender":	true
				}],
			"sum":	{
				"start":	0,
				"end":	1.000868,
				"seconds":	1.0008679628372192,
				"bytes":	2088408,
				"bits_per_second":	16692775.291397016,
				"retransmits":	0,
				"omitted":	false,
				"sender":	true
			}
		}, {
			"streams":	[{
					"socket":	5,
					"start":	1.000868,
					"end":	2.000069,
					"seconds":	0.99920099973678589,
					"bytes":	1048576,
					"bits_per_second":	8395315.8595815711,
					"retransmits":	0,
					"snd_cwnd":	356208,
					"rtt":	365393,
					"rttvar":	3463,
					"pmtu":	1500,
					"omitted":	false,
					"sender":	true
				}],
			"sum":	{
				"start":	1.000868,
				"end":	2.000069,
				"seconds":	0.99920099973678589,
				"bytes":	1048576,
				"bits_per_second":	8395315.8595815711,
				"retransmits":	0,
				"omitted":	false,
				"sender":	true
			}
		}, {
			"streams":	[{
					"socket":	5,
					"start":	2.000069,
					"end":	3.001065,
					"seconds":	1.0009959936141968,
					"bytes":	1048576,
					"bits_per_second":	8380261.3132467056,
					"retransmits":	0,
					"snd_cwnd":	396752,
					"rtt":	480210,
					"rttvar":	2726,
					"pmtu":	1500,
					"omitted":	false,
					"sender":	true
				}],
			"sum":	{
				"start":	2.000069,
				"end":	3.001065,
				"seconds":	1.0009959936141968,
				"bytes":	1048576,
				"bits_per_second":	8380261.3132467056,
				"retransmits":	0,
				"omitted":	false,
				"sender":	true
			}
		}, {
			"streams":	[{
					"socket":	5,
					"start":	3.001065,
					"end":	4.000275,
					"seconds":	0.999210000038147,
					"bytes":	786432,
					"bits_per_second":	6296430.1796016954,
					"retransmits":	0,
					"snd_cwnd":	432952,
					"rtt":	555428,
					"rttvar":	4862,
					"pmtu":	1500,
					"omitted":	false,
					"sender":	true
				}],
			"sum":	{
				"start":	3.001065,
				"end":	4.000275,
				"seconds":	0.999210000038147,
				"bytes":	786432,
				"bits_per_second":	6296430.1796016954,
				"retransmits":	0,
				"omitted":	false,
				"sender":	true
			}
		}, {
			"streams":	[{
					"socket":	5,
					"start":	4.000275,
					"end":	5.000159,
					"seconds":	0.99988400936126709,
					"bytes":	917504,
					"bits_per_second":	7340883.4737629853,
					"retransmits":	0,
					"snd_cwnd":	467704,
					"rtt":	616731,
					"rttvar":	1487,
					"pmtu":	1500,
					"omitted":	false,
					"sender":	true
				}],
			"sum":	{
				"start":	4.000275,
				"end":	5.000159,
				"seconds":	0.99988400936126709,
				"bytes":	917504,
				"bits_per_second":	7340883.4737629853,
				"retransmits":	0,
				"omitted":	false,
				"sender":	true
			}
		}, {
			"streams":	[{
					"socket":	5,
					"start":	5.000159,
					"end":	6.000103,
					"seconds":	0.99994397163391113,
					"bytes":	786432,
					"bits_per_second":	6291808.5197511055,
					"retransmits":	0,
					"snd_cwnd":	503904,
					"rtt":	669975,
					"rttvar":	2017,
					"pmtu":	1500,
					"omitted":	false,
					"sender":	true
				}],
			"sum":	{
				"start":	5.000159,
				"end":	6.000103,
				"seconds":	0.99994397163391113,
				"bytes":	786432,
				"bits_per_second":	6291808.5197511055,
				"retransmits":	0,
				"omitted":	false,
				"sender":	true
			}
		}, {
			"streams":	[{
					"socket":	5,
					"start":	6.000103,
					"end":	7.000108,
					"seconds":	1.0000050067901611,
					"bytes":	786432,
					"bits_per_second":	6291424.500157713,
					"retransmits":	0,
					"snd_cwnd":	540104,
					"rtt":	729674,
					"rttvar":	2785,
					"pmtu":	1500,
					"omitted":	false,
					"sender":	true
				}],
			"sum":	{
				"start":	6.000103,
				"end":	7.000108,
				"seconds":	1.0000050067901611,
				"bytes":	786432,
				"bits_per_second":	6291424.500157713,
				"retransmits":	0,
				"omitted":	false,
				"sender":	true
			}
		}, {
			"streams":	[{
					"socket":	5,
					"start":	7.000108,
					"end":	8.000473,
					"seconds":	1.0003650188446045,
					"bytes":	786432,
					"bits_per_second":	6289160.3379599052,
					"retransmits":	0,
					"snd_cwnd":	571960,
					"rtt":	818711,
					"rttvar":	4759,
					"pmtu":	1500,
					"omitted":	false,
					"sender":	true
				}],
			"sum":	{
				"start":	7.000108,
				"end":	8.000473,
				"seconds":	1.0003650188446045,
				"bytes":	786432,
				"bits_per_second":	6289160.3379599052,
				"retransmits":	0,
				"omitted":	false,
				"sender":	true
			}
		}, {
			"streams":	[{
					"socket":	5,
					"start":	8.000473,
					"end":	9.000242,
					"seconds":	0.99976897239685059,
					"bytes":	786432,
					"bits_per_second":	6292909.835876218,
					"retransmits":	0,
					"snd_cwnd":	606712,
					"rtt":	937382,
					"rttvar":	2888,
					"pmtu":	1500,
					"omitted":	false,
					"sender":	true
				}],
			"sum":	{
				"start":	8.000473,
				"end":	9.000242,
				"seconds":	0.99976897239685059,
				"bytes":	786432,
				"bits_per_second":	6292909.835876218,
				"retransmits":	0,
				"omitted":	false,
				"sender":	true
			}
		}, {
			"streams":	[{
					"socket":	5,
					"start":	9.000242,
					"end":	10.000459,
					"seconds":	1.0002169609069824,
					"bytes":	786432,
					"bits_per_second":	6290091.2960873982,
					"retransmits":	0,
					"snd_cwnd":	683456,
					"rtt":	1082543,
					"rttvar":	8845,
					"pmtu":	1500,
					"omitted":	false,
					"sender":	true
				}],
			"sum":	{
				"start":	9.000242,
				"end":	10.000459,
				"seconds":	1.0002169609069824,
				"bytes":	786432,
				"bits_per_second":	6290091.2960873982,
				"retransmits":	0,
				"omitted":	false,
				"sender":	true
			}
		}],
	"end":	{
		"streams":	[{
				"sender":	{
					"socket":	5,
					"start":	0,
					"end":	10.000459,
					"seconds":	10.000459,
					"bytes":	9821656,
					"bits_per_second":	7856964.165344811,
					"retransmits":	0,
					"max_snd_cwnd":	683456,
					"max_rtt":	1082543,
					"min_rtt":	303231,
					"mean_rtt":	655927,
					"sender":	true
				},
				"receiver":	{
					"socket":	5,
					"start":	0,
					"end":	11.394907,
					"seconds":	10.000459,
					"bytes":	8047984,
					"bits_per_second":	5650232.33625338,
					"sender":	true
				}
			}],
		"sum_sent":	{
			"start":	0,
			"end":	10.000459,
			"seconds":	10.000459,
			"bytes":	9821656,
			"bits_per_second":	7856964.165344811,
			"retransmits":	0,
			"sender":	true
		},
		"sum_received":	{
			"start":	0,
			"end":	11.394907,
			"seconds":	11.394907,
			"bytes":	8047984,
			"bits_per_second":	5650232.33625338,
			"sender":	true
		},
		"cpu_utilization_percent":	{
			"host_total":	1.7830955626405829,
			"host_user":	0,
			"host_system":	1.7831055428020179,
			"remote_total":	0.7188773883559576,
			"remote_user":	0,
			"remote_system":	0.7188773883559576
		},
		"sender_tcp_congestion":	"cubic",
		"receiver_tcp_congestion":	"cubic"
	}
}
