{
	"start":	{
		"connected":	[{
				"socket":	5,
				"local_host":	"10.0.2.11",
				"local_port":	39018,
				"remote_host":	"10.0.6.10",
				"remote_port":	5201
			}],
		"version":	"iperf 3.7",
		"system_info":	"Linux a-VirtualBox 5.11.0-40-generic #44~20.04.2-Ubuntu SMP Tue Oct 26 18:07:44 UTC 2021 x86_64",
		"timestamp":	{
			"time":	"Wed, 17 Nov 2021 15:48:42 GMT",
			"timesecs":	1637164122
		},
		"connecting_to":	{
			"host":	"10.0.6.10",
			"port":	5201
		},
		"cookie":	"pprpdf5gcmyoxapdyn2veyopvjxrwjs25r6t",
		"tcp_mss_default":	1448,
		"target_bitrate":	1000000000,
		"sock_bufsize":	0,
		"sndbuf_actual":	87380,
		"rcvbuf_actual":	87380,
		"test_start":	{
			"protocol":	"TCP",
			"num_streams":	1,
			"blksize":	131072,
			"omit":	0,
			"duration":	10,
			"bytes":	0,
			"blocks":	0,
			"reverse":	0,
			"tos":	0
		}
	},
	"intervals":	[{
			"streams":	[{
					"socket":	5,
					"start":	0,
					"end":	1.000174,
					"seconds":	1.0001740455627441,
					"bytes":	166520,
					"bits_per_second":	1331928.1838097142,
					"retransmits":	0,
					"snd_cwnd":	28960,
					"rtt":	231542,
					"rttvar":	163135,
					"pmtu":	1500,
					"omitted":	false,
					"sender":	true
				}],
			"sum":	{
				"start":	0,
				"end":	1.000174,
				"seconds":	1.0001740455627441,
				"bytes":	166520,
				"bits_per_second":	1331928.1838097142,
				"retransmits":	0,
				"omitted":	false,
				"sender":	true
			}
		}, {
			"streams":	[{
					"socket":	5,
					"start":	1.000174,
					"end":	2.000231,
					"seconds":	1.0000569820404053,
					"bytes":	239672,
					"bits_per_second":	1917266.7502285708,
					"retransmits":	0,
					"snd_cwnd":	86880,
					"rtt":	491820,
					"rttvar":	180227,
					"pmtu":	1500,
					"omitted":	false,
					"sender":	true
				}],
			"sum":	{
				"start":	1.000174,
				"end":	2.000231,
				"seconds":	1.0000569820404053,
				"bytes":	239672,
				"bits_per_second":	1917266.7502285708,
				"retransmits":	0,
				"omitted":	false,
				"sender":	true
			}
		}, {
			"streams":	[{
					"socket":	5,
					"start":	2.000231,
					"end":	3.000128,
					"seconds":	0.99989700317382812,
					"bytes":	655360,
					"bits_per_second":	5243420.0556240156,
					"retransmits":	0,
					"snd_cwnd":	208512,
					"rtt":	587044,
					"rttvar":	77312,
					"pmtu":	1500,
					"omitted":	false,
					"sender":	true
				}],
			"sum":	{
				"start":	2.000231,
				"end":	3.000128,
				"seconds":	0.99989700317382812,
				"bytes":	655360,
				"bits_per_second":	5243420.0556240156,
				"retransmits":	0,
				"omitted":	false,
				"sender":	true
			}
		}, {
			"streams":	[{
					"socket":	5,
					"start":	3.000128,
					"end":	4.000149,
					"seconds":	1.0000209808349609,
					"bytes":	1703936,
					"bits_per_second":	13631202.006000392,
					"retransmits":	0,
					"snd_cwnd":	577752,
					"rtt":	623218,
					"rttvar":	86956,
					"pmtu":	1500,
					"omitted":	false,
					"sender":	true
				}],
			"sum":	{
				"start":	3.000128,
				"end":	4.000149,
				"seconds":	1.0000209808349609,
				"bytes":	1703936,
				"bits_per_second":	13631202.006000392,
				"retransmits":	0,
				"omitted":	false,
				"sender":	true
			}
		}, {
			"streams":	[{
					"socket":	5,
					"start":	4.000149,
					"end":	5.000158,
					"seconds":	1.0000089406967163,
					"bytes":	4325376,
					"bits_per_second":	34602698.627766006,
					"retransmits":	0,
					"snd_cwnd":	1543568,
					"rtt":	631737,
					"rttvar":	87880,
					"pmtu":	1500,
					"omitted":	false,
					"sender":	true
				}],
			"sum":	{
				"start":	4.000149,
				"end":	5.000158,
				"seconds":	1.0000089406967163,
				"bytes":	4325376,
				"bits_per_second":	34602698.627766006,
				"retransmits":	0,
				"omitted":	false,
				"sender":	true
			}
		}, {
			"streams":	[{
					"socket":	5,
					"start":	5.000158,
					"end":	6.000193,
					"seconds":	1.0000350475311279,
					"bytes":	7995392,
					"bits_per_second":	63960894.328565046,
					"retransmits":	0,
					"snd_cwnd":	4429432,
					"rtt":	605360,
					"rttvar":	47136,
					"pmtu":	1500,
					"omitted":	false,
					"sender":	true
				}],
			"sum":	{
				"start":	5.000158,
				"end":	6.000193,
				"seconds":	1.0000350475311279,
				"bytes":	7995392,
				"bits_per_second":	63960894.328565046,
				"retransmits":	0,
				"omitted":	false,
				"sender":	true
			}
		}, {
			"streams":	[{
					"socket":	5,
					"start":	6.000193,
					"end":	7.000249,
					"seconds":	1.0000560283660889,
					"bytes":	8781824,
					"bits_per_second":	70250655.9705293,
					"retransmits":	0,
					"snd_cwnd":	13046480,
					"rtt":	629328,
					"rttvar":	66941,
					"pmtu":	1500,
					"omitted":	false,
					"sender":	true
				}],
			"sum":	{
				"start":	6.000193,
				"end":	7.000249,
				"seconds":	1.0000560283660889,
				"bytes":	8781824,
				"bits_per_second":	70250655.9705293,
				"retransmits":	0,
				"omitted":	false,
				"sender":	true
			}
		}, {
			"streams":	[{
					"socket":	5,
					"start":	7.000249,
					"end":	8.000203,
					"seconds":	0.9999539852142334,
					"bytes":	8519680,
					"bits_per_second":	68160576.394320518,
					"retransmits":	0,
					"snd_cwnd":	17129840,
					"rtt":	671242,
					"rttvar":	105860,
					"pmtu":	1500,
					"omitted":	false,
					"sender":	true
				}],
			"sum":	{
				"start":	7.000249,
				"end":	8.000203,
				"seconds":	0.9999539852142334,
				"bytes":	8519680,
				"bits_per_second":	68160576.394320518,
				"retransmits":	0,
				"omitted":	false,
				"sender":	true
			}
		}, {
			"streams":	[{
					"socket":	5,
					"start":	8.000203,
					"end":	9.000356,
					"seconds":	1.0001529455184937,
					"bytes":	8388608,
					"bits_per_second":	67098601.569592737,
					"retransmits":	0,
					"snd_cwnd":	17129840,
					"rtt":	761291,
					"rttvar":	215633,
					"pmtu":	1500,
					"omitted":	false,
					"sender":	true
				}],
			"sum":	{
				"start":	8.000203,
				"end":	9.000356,
				"seconds":	1.0001529455184937,
				"bytes":	8388608,
				"bits_per_second":	67098601.569592737,
				"retransmits":	0,
				"omitted":	false,
				"sender":	true
			}
		}, {
			"streams":	[{
					"socket":	5,
					"start":	9.000356,
					"end":	10.000208,
					"seconds":	0.99985200166702271,
					"bytes":	13631488,
					"bits_per_second":	109068045.88897265,
					"retransmits":	0,
					"snd_cwnd":	17129840,
					"rtt":	754948,
					"rttvar":	206227,
					"pmtu":	1500,
					"omitted":	false,
					"sender":	true
				}],
			"sum":	{
				"start":	9.000356,
				"end":	10.000208,
				"seconds":	0.99985200166702271,
				"bytes":	13631488,
				"bits_per_second":	109068045.88897265,
				"retransmits":	0,
				"omitted":	false,
				"sender":	true
			}
		}],
	"end":	{
		"streams":	[{
				"sender":	{
					"socket":	5,
					"start":	0,
					"end":	10.000208,
					"seconds":	10.000208,
					"bytes":	54407856,
					"bits_per_second":	43525379.472106978,
					"retransmits":	0,
					"max_snd_cwnd":	17129840,
					"max_rtt":	761291,
					"min_rtt":	231542,
					"mean_rtt":	598753,
					"sender":	true
				},
				"receiver":	{
					"socket":	5,
					"start":	0,
					"end":	10.26937,
					"seconds":	10.000208,
					"bytes":	51871704,
					"bits_per_second":	40408869.482743338,
					"sender":	true
				}
			}],
		"sum_sent":	{
			"start":	0,
			"end":	10.000208,
			"seconds":	10.000208,
			"bytes":	54407856,
			"bits_per_second":	43525379.472106978,
			"retransmits":	0,
			"sender":	true
		},
		"sum_received":	{
			"start":	0,
			"end":	10.26937,
			"seconds":	10.26937,
			"bytes":	51871704,
			"bits_per_second":	40408869.482743338,
			"sender":	true
		},
		"cpu_utilization_percent":	{
			"host_total":	4.1865587538435642,
			"host_user":	1.7330426839488446,
			"host_system":	2.4535254023306452,
			"remote_total":	0.75378352264671966,
			"remote_user":	0.36885671797871433,
			"remote_system":	0.38491770495866823
		},
		"sender_tcp_congestion":	"cubic",
		"receiver_tcp_congestion":	"cubic"
	}
}
