{
	"start":	{
		"connected":	[{
				"socket":	5,
				"local_host":	"10.0.3.12",
				"local_port":	44142,
				"remote_host":	"10.0.6.10",
				"remote_port":	5202
			}],
		"version":	"iperf 3.7",
		"system_info":	"Linux a-VirtualBox 5.11.0-40-generic #44~20.04.2-Ubuntu SMP Tue Oct 26 18:07:44 UTC 2021 x86_64",
		"timestamp":	{
			"time":	"Wed, 17 Nov 2021 15:48:42 GMT",
			"timesecs":	1637164122
		},
		"connecting_to":	{
			"host":	"10.0.6.10",
			"port":	5202
		},
		"cookie":	"5wgxbhg747sgzf4u6avzephtal5ltan7ar27",
		"tcp_mss_default":	1448,
		"target_bitrate":	1000000000,
		"sock_bufsize":	0,
		"sndbuf_actual":	87380,
		"rcvbuf_actual":	87380,
		"test_start":	{
			"protocol":	"TCP",
			"num_streams":	1,
			"blksize":	131072,
			"omit":	0,
			"duration":	10,
			"bytes":	0,
			"blocks":	0,
			"reverse":	0,
			"tos":	0
		}
	},
	"intervals":	[{
			"streams":	[{
					"socket":	5,
					"start":	0,
					"end":	1.000141,
					"seconds":	1.0001410245895386,
					"bytes":	79640,
					"bits_per_second":	637030.16308272758,
					"retransmits":	0,
					"snd_cwnd":	17376,
					"rtt":	211163,
					"rttvar":	173881,
					"pmtu":	1500,
					"omitted":	false,
					"sender":	true
				}],
			"sum":	{
				"start":	0,
				"end":	1.000141,
				"seconds":	1.0001410245895386,
				"bytes":	79640,
				"bits_per_second":	637030.16308272758,
				"retransmits":	0,
				"omitted":	false,
				"sender":	true
			}
		}, {
			"streams":	[{
					"socket":	5,
					"start":	1.000141,
					"end":	2.000275,
					"seconds":	1.0001339912414551,
					"bytes":	130320,
					"bits_per_second":	1042420.3248065611,
					"retransmits":	1,
					"snd_cwnd":	36200,
					"rtt":	285447,
					"rttvar":	226575,
					"pmtu":	1500,
					"omitted":	false,
					"sender":	true
				}],
			"sum":	{
				"start":	1.000141,
				"end":	2.000275,
				"seconds":	1.0001339912414551,
				"bytes":	130320,
				"bits_per_second":	1042420.3248065611,
				"retransmits":	1,
				"omitted":	false,
				"sender":	true
			}
		}, {
			"streams":	[{
					"socket":	5,
					"start":	2.000275,
					"end":	3.000115,
					"seconds":	0.99984002113342285,
					"bytes":	131072,
					"bits_per_second":	1048743.7768407487,
					"retransmits":	0,
					"snd_cwnd":	75296,
					"rtt":	464702,
					"rttvar":	438140,
					"pmtu":	1500,
					"omitted":	false,
					"sender":	true
				}],
			"sum":	{
				"start":	2.000275,
				"end":	3.000115,
				"seconds":	0.99984002113342285,
				"bytes":	131072,
				"bits_per_second":	1048743.7768407487,
				"retransmits":	0,
				"omitted":	false,
				"sender":	true
			}
		}, {
			"streams":	[{
					"socket":	5,
					"start":	3.000115,
					"end":	4.000146,
					"seconds":	1.0000309944152832,
					"bytes":	262144,
					"bits_per_second":	2097087.0020145746,
					"retransmits":	0,
					"snd_cwnd":	111496,
					"rtt":	538108,
					"rttvar":	475416,
					"pmtu":	1500,
					"omitted":	false,
					"sender":	true
				}],
			"sum":	{
				"start":	3.000115,
				"end":	4.000146,
				"seconds":	1.0000309944152832,
				"bytes":	262144,
				"bits_per_second":	2097087.0020145746,
				"retransmits":	0,
				"omitted":	false,
				"sender":	true
			}
		}, {
			"streams":	[{
					"socket":	5,
					"start":	4.000146,
					"end":	5.000148,
					"seconds":	1.0000020265579224,
					"bytes":	524288,
					"bits_per_second":	4194295.5000172257,
					"retransmits":	0,
					"snd_cwnd":	224440,
					"rtt":	658559,
					"rttvar":	476239,
					"pmtu":	1500,
					"omitted":	false,
					"sender":	true
				}],
			"sum":	{
				"start":	4.000146,
				"end":	5.000148,
				"seconds":	1.0000020265579224,
				"bytes":	524288,
				"bits_per_second":	4194295.5000172257,
				"retransmits":	0,
				"omitted":	false,
				"sender":	true
			}
		}, {
			"streams":	[{
					"socket":	5,
					"start":	5.000148,
					"end":	6.000179,
					"seconds":	1.0000309944152832,
					"bytes":	1179648,
					"bits_per_second":	9436891.5090655852,
					"retransmits":	0,
					"snd_cwnd":	451776,
					"rtt":	751250,
					"rttvar":	428538,
					"pmtu":	1500,
					"omitted":	false,
					"sender":	true
				}],
			"sum":	{
				"start":	5.000148,
				"end":	6.000179,
				"seconds":	1.0000309944152832,
				"bytes":	1179648,
				"bits_per_second":	9436891.5090655852,
				"retransmits":	0,
				"omitted":	false,
				"sender":	true
			}
		}, {
			"streams":	[{
					"socket":	5,
					"start":	6.000179,
					"end":	7.000142,
					"seconds":	0.99996298551559448,
					"bytes":	2228224,
					"bits_per_second":	17826451.836923525,
					"retransmits":	0,
					"snd_cwnd":	905000,
					"rtt":	822278,
					"rttvar":	364196,
					"pmtu":	1500,
					"omitted":	false,
					"sender":	true
				}],
			"sum":	{
				"start":	6.000179,
				"end":	7.000142,
				"seconds":	0.99996298551559448,
				"bytes":	2228224,
				"bits_per_second":	17826451.836923525,
				"retransmits":	0,
				"omitted":	false,
				"sender":	true
			}
		}, {
			"streams":	[{
					"socket":	5,
					"start":	7.000142,
					"end":	8.000102,
					"seconds":	0.99996000528335571,
					"bytes":	4325376,
					"bits_per_second":	34604391.992852405,
					"retransmits":	0,
					"snd_cwnd":	1924392,
					"rtt":	825624,
					"rttvar":	181759,
					"pmtu":	1500,
					"omitted":	false,
					"sender":	true
				}],
			"sum":	{
				"start":	7.000142,
				"end":	8.000102,
				"seconds":	0.99996000528335571,
				"bytes":	4325376,
				"bits_per_second":	34604391.992852405,
				"retransmits":	0,
				"omitted":	false,
				"sender":	true
			}
		}, {
			"streams":	[{
					"socket":	5,
					"start":	8.000102,
					"end":	9.000469,
					"seconds":	1.0003670454025269,
					"bytes":	6291456,
					"bits_per_second":	50313180.778308816,
					"retransmits":	0,
					"snd_cwnd":	4468528,
					"rtt":	777446,
					"rttvar":	157473,
					"pmtu":	1500,
					"omitted":	false,
					"sender":	true
				}],
			"sum":	{
				"start":	8.000102,
				"end":	9.000469,
				"seconds":	1.0003670454025269,
				"bytes":	6291456,
				"bits_per_second":	50313180.778308816,
				"retransmits":	0,
				"omitted":	false,
				"sender":	true
			}
		}, {
			"streams":	[{
					"socket":	5,
					"start":	9.000469,
					"end":	10.003978,
					"seconds":	1.0035090446472168,
					"bytes":	8388608,
					"bits_per_second":	66874199.448388726,
					"retransmits":	0,
					"snd_cwnd":	12765568,
					"rtt":	749844,
					"rttvar":	91053,
					"pmtu":	1500,
					"omitted":	false,
					"sender":	true
				}],
			"sum":	{
				"start":	9.000469,
				"end":	10.003978,
				"seconds":	1.0035090446472168,
				"bytes":	8388608,
				"bits_per_second":	66874199.448388726,
				"retransmits":	0,
				"omitted":	false,
				"sender":	true
			}
		}],
	"end":	{
		"streams":	[{
				"sender":	{
					"socket":	5,
					"start":	0,
					"end":	10.003978,
					"seconds":	10.003978,
					"bytes":	23540776,
					"bits_per_second":	18825132.162425786,
					"retransmits":	1,
					"max_snd_cwnd":	12765568,
					"max_rtt":	825624,
					"min_rtt":	211163,
					"mean_rtt":	608442,
					"sender":	true
				},
				"receiver":	{
					"socket":	5,
					"start":	0,
					"end":	10.49636,
					"seconds":	10.003978,
					"bytes":	18256384,
					"bits_per_second":	13914449.580616519,
					"sender":	true
				}
			}],
		"sum_sent":	{
			"start":	0,
			"end":	10.003978,
			"seconds":	10.003978,
			"bytes":	23540776,
			"bits_per_second":	18825132.162425786,
			"retransmits":	1,
			"sender":	true
		},
		"sum_received":	{
			"start":	0,
			"end":	10.49636,
			"seconds":	10.49636,
			"bytes":	18256384,
			"bits_per_second":	13914449.580616519,
			"sender":	true
		},
		"cpu_utilization_percent":	{
			"host_total":	3.6139597724865471,
			"host_user":	1.0185401061967825,
			"host_system":	2.5954196662897644,
			"remote_total":	0.52566224539722006,
			"remote_user":	0.24659457121940284,
			"remote_system":	0.27906767417781725
		},
		"sender_tcp_congestion":	"cubic",
		"receiver_tcp_congestion":	"cubic"
	}
}
