{
	"start":	{
		"connected":	[{
				"socket":	5,
				"local_host":	"10.0.4.13",
				"local_port":	49408,
				"remote_host":	"10.0.6.10",
				"remote_port":	5203
			}],
		"version":	"iperf 3.7",
		"system_info":	"Linux a-VirtualBox 5.11.0-40-generic #44~20.04.2-Ubuntu SMP Tue Oct 26 18:07:44 UTC 2021 x86_64",
		"timestamp":	{
			"time":	"Wed, 17 Nov 2021 13:35:23 GMT",
			"timesecs":	1637156123
		},
		"connecting_to":	{
			"host":	"10.0.6.10",
			"port":	5203
		},
		"cookie":	"ioba337j5bvsiqxjlstmyteh5nhqyir67vsh",
		"tcp_mss_default":	1448,
		"target_bitrate":	1000000000,
		"sock_bufsize":	0,
		"sndbuf_actual":	87380,
		"rcvbuf_actual":	87380,
		"test_start":	{
			"protocol":	"TCP",
			"num_streams":	1,
			"blksize":	131072,
			"omit":	0,
			"duration":	10,
			"bytes":	0,
			"blocks":	0,
			"reverse":	0,
			"tos":	0
		}
	},
	"intervals":	[{
			"streams":	[{
					"socket":	5,
					"start":	0,
					"end":	1.00043,
					"seconds":	1.0004299879074097,
					"bytes":	79640,
					"bits_per_second":	636846.16385066393,
					"retransmits":	0,
					"snd_cwnd":	17376,
					"rtt":	279545,
					"rttvar":	196961,
					"pmtu":	1500,
					"omitted":	false,
					"sender":	true
				}],
			"sum":	{
				"start":	0,
				"end":	1.00043,
				"seconds":	1.0004299879074097,
				"bytes":	79640,
				"bits_per_second":	636846.16385066393,
				"retransmits":	0,
				"omitted":	false,
				"sender":	true
			}
		}, {
			"streams":	[{
					"socket":	5,
					"start":	1.00043,
					"end":	2.000182,
					"seconds":	0.9997519850730896,
					"bytes":	130320,
					"bits_per_second":	1042818.634587438,
					"retransmits":	0,
					"snd_cwnd":	37648,
					"rtt":	458858,
					"rttvar":	421580,
					"pmtu":	1500,
					"omitted":	false,
					"sender":	true
				}],
			"sum":	{
				"start":	1.00043,
				"end":	2.000182,
				"seconds":	0.9997519850730896,
				"bytes":	130320,
				"bits_per_second":	1042818.634587438,
				"retransmits":	0,
				"omitted":	false,
				"sender":	true
			}
		}, {
			"streams":	[{
					"socket":	5,
					"start":	2.000182,
					"end":	3.00022,
					"seconds":	1.0000380277633667,
					"bytes":	393216,
					"bits_per_second":	3145608.3795488984,
					"retransmits":	0,
					"snd_cwnd":	118736,
					"rtt":	607195,
					"rttvar":	378008,
					"pmtu":	1500,
					"omitted":	false,
					"sender":	true
				}],
			"sum":	{
				"start":	2.000182,
				"end":	3.00022,
				"seconds":	1.0000380277633667,
				"bytes":	393216,
				"bits_per_second":	3145608.3795488984,
				"retransmits":	0,
				"omitted":	false,
				"sender":	true
			}
		}, {
			"streams":	[{
					"socket":	5,
					"start":	3.00022,
					"end":	4.000214,
					"seconds":	0.99999397993087769,
					"bytes":	655360,
					"bits_per_second":	5242911.5626900094,
					"retransmits":	0,
					"snd_cwnd":	267880,
					"rtt":	678300,
					"rttvar":	202024,
					"pmtu":	1500,
					"omitted":	false,
					"sender":	true
				}],
			"sum":	{
				"start":	3.00022,
				"end":	4.000214,
				"seconds":	0.99999397993087769,
				"bytes":	655360,
				"bits_per_second":	5242911.5626900094,
				"retransmits":	0,
				"omitted":	false,
				"sender":	true
			}
		}, {
			"streams":	[{
					"socket":	5,
					"start":	4.000214,
					"end":	5.000105,
					"seconds":	0.99989098310470581,
					"bytes":	1441792,
					"bits_per_second":	11535593.574596878,
					"retransmits":	0,
					"snd_cwnd":	538656,
					"rtt":	748914,
					"rttvar":	241347,
					"pmtu":	1500,
					"omitted":	false,
					"sender":	true
				}],
			"sum":	{
				"start":	4.000214,
				"end":	5.000105,
				"seconds":	0.99989098310470581,
				"bytes":	1441792,
				"bits_per_second":	11535593.574596878,
				"retransmits":	0,
				"omitted":	false,
				"sender":	true
			}
		}, {
			"streams":	[{
					"socket":	5,
					"start":	5.000105,
					"end":	6.000163,
					"seconds":	1.0000580549240112,
					"bytes":	2359296,
					"bits_per_second":	18873272.313609991,
					"retransmits":	0,
					"snd_cwnd":	1080208,
					"rtt":	788681,
					"rttvar":	169349,
					"pmtu":	1500,
					"omitted":	false,
					"sender":	true
				}],
			"sum":	{
				"start":	5.000105,
				"end":	6.000163,
				"seconds":	1.0000580549240112,
				"bytes":	2359296,
				"bits_per_second":	18873272.313609991,
				"retransmits":	0,
				"omitted":	false,
				"sender":	true
			}
		}, {
			"streams":	[{
					"socket":	5,
					"start":	6.000163,
					"end":	7.000172,
					"seconds":	1.0000089406967163,
					"bytes":	9175040,
					"bits_per_second":	73399663.755867273,
					"retransmits":	0,
					"snd_cwnd":	3760456,
					"rtt":	671456,
					"rttvar":	85502,
					"pmtu":	1500,
					"omitted":	false,
					"sender":	true
				}],
			"sum":	{
				"start":	6.000163,
				"end":	7.000172,
				"seconds":	1.0000089406967163,
				"bytes":	9175040,
				"bits_per_second":	73399663.755867273,
				"retransmits":	0,
				"omitted":	false,
				"sender":	true
			}
		}, {
			"streams":	[{
					"socket":	5,
					"start":	7.000172,
					"end":	8.000101,
					"seconds":	0.99992901086807251,
					"bytes":	4980736,
					"bits_per_second":	39848716.825815886,
					"retransmits":	0,
					"snd_cwnd":	8660488,
					"rtt":	617271,
					"rttvar":	32118,
					"pmtu":	1500,
					"omitted":	false,
					"sender":	true
				}],
			"sum":	{
				"start":	7.000172,
				"end":	8.000101,
				"seconds":	0.99992901086807251,
				"bytes":	4980736,
				"bits_per_second":	39848716.825815886,
				"retransmits":	0,
				"omitted":	false,
				"sender":	true
			}
		}, {
			"streams":	[{
					"socket":	5,
					"start":	8.000101,
					"end":	9.000295,
					"seconds":	1.0001939535140991,
					"bytes":	16515072,
					"bits_per_second":	132094955.71914351,
					"retransmits":	0,
					"snd_cwnd":	17061784,
					"rtt":	667375,
					"rttvar":	81776,
					"pmtu":	1500,
					"omitted":	false,
					"sender":	true
				}],
			"sum":	{
				"start":	8.000101,
				"end":	9.000295,
				"seconds":	1.0001939535140991,
				"bytes":	16515072,
				"bits_per_second":	132094955.71914351,
				"retransmits":	0,
				"omitted":	false,
				"sender":	true
			}
		}, {
			"streams":	[{
					"socket":	5,
					"start":	9.000295,
					"end":	10.000475,
					"seconds":	1.0001800060272217,
					"bytes":	8519680,
					"bits_per_second":	68145173.458051488,
					"retransmits":	0,
					"snd_cwnd":	17061784,
					"rtt":	680925,
					"rttvar":	57169,
					"pmtu":	1500,
					"omitted":	false,
					"sender":	true
				}],
			"sum":	{
				"start":	9.000295,
				"end":	10.000475,
				"seconds":	1.0001800060272217,
				"bytes":	8519680,
				"bits_per_second":	68145173.458051488,
				"retransmits":	0,
				"omitted":	false,
				"sender":	true
			}
		}],
	"end":	{
		"streams":	[{
				"sender":	{
					"socket":	5,
					"start":	0,
					"end":	10.000475,
					"seconds":	10.000475,
					"bytes":	44250152,
					"bits_per_second":	35398440.174091734,
					"retransmits":	0,
					"max_snd_cwnd":	17061784,
					"max_rtt":	788681,
					"min_rtt":	279545,
					"mean_rtt":	619852,
					"sender":	true
				},
				"receiver":	{
					"socket":	5,
					"start":	0,
					"end":	10.86766,
					"seconds":	10.000475,
					"bytes":	37755152,
					"bits_per_second":	27792663.3700355,
					"sender":	true
				}
			}],
		"sum_sent":	{
			"start":	0,
			"end":	10.000475,
			"seconds":	10.000475,
			"bytes":	44250152,
			"bits_per_second":	35398440.174091734,
			"retransmits":	0,
			"sender":	true
		},
		"sum_received":	{
			"start":	0,
			"end":	10.86766,
			"seconds":	10.86766,
			"bytes":	37755152,
			"bits_per_second":	27792663.3700355,
			"sender":	true
		},
		"cpu_utilization_percent":	{
			"host_total":	5.1847298441955845,
			"host_user":	0.9466504077566863,
			"host_system":	4.2380794364388983,
			"remote_total":	0.45619903190930394,
			"remote_user":	0.21265317726467137,
			"remote_system":	0.24353727334536032
		},
		"sender_tcp_congestion":	"cubic",
		"receiver_tcp_congestion":	"cubic"
	}
}
