{
	"start":	{
		"connected":	[{
				"socket":	5,
				"local_host":	"10.0.5.10",
				"local_port":	37646,
				"remote_host":	"10.0.6.10",
				"remote_port":	5204
			}],
		"version":	"iperf 3.7",
		"system_info":	"Linux a-VirtualBox 5.11.0-40-generic #44~20.04.2-Ubuntu SMP Tue Oct 26 18:07:44 UTC 2021 x86_64",
		"timestamp":	{
			"time":	"Wed, 17 Nov 2021 15:48:42 GMT",
			"timesecs":	1637164122
		},
		"connecting_to":	{
			"host":	"10.0.6.10",
			"port":	5204
		},
		"cookie":	"nhz7ut6l2sgkledwzkxhzofkotmhy3fo4yzr",
		"tcp_mss_default":	1448,
		"target_bitrate":	1000000000,
		"sock_bufsize":	0,
		"sndbuf_actual":	87380,
		"rcvbuf_actual":	87380,
		"test_start":	{
			"protocol":	"TCP",
			"num_streams":	1,
			"blksize":	131072,
			"omit":	0,
			"duration":	10,
			"bytes":	0,
			"blocks":	0,
			"reverse":	0,
			"tos":	0
		}
	},
	"intervals":	[{
			"streams":	[{
					"socket":	5,
					"start":	0,
					"end":	1.000193,
					"seconds":	1.0001929998397827,
					"bytes":	79640,
					"bits_per_second":	636997.05966954166,
					"retransmits":	0,
					"snd_cwnd":	17376,
					"rtt":	319840,
					"rttvar":	185486,
					"pmtu":	1500,
					"omitted":	false,
					"sender":	true
				}],
			"sum":	{
				"start":	0,
				"end":	1.000193,
				"seconds":	1.0001929998397827,
				"bytes":	79640,
				"bits_per_second":	636997.05966954166,
				"retransmits":	0,
				"omitted":	false,
				"sender":	true
			}
		}, {
			"streams":	[{
					"socket":	5,
					"start":	1.000193,
					"end":	2.000248,
					"seconds":	1.0000549554824829,
					"bytes":	130320,
					"bits_per_second":	1042502.7087606504,
					"retransmits":	0,
					"snd_cwnd":	37648,
					"rtt":	489929,
					"rttvar":	398950,
					"pmtu":	1500,
					"omitted":	false,
					"sender":	true
				}],
			"sum":	{
				"start":	1.000193,
				"end":	2.000248,
				"seconds":	1.0000549554824829,
				"bytes":	130320,
				"bits_per_second":	1042502.7087606504,
				"retransmits":	0,
				"omitted":	false,
				"sender":	true
			}
		}, {
			"streams":	[{
					"socket":	5,
					"start":	2.000248,
					"end":	3.000171,
					"seconds":	0.9999229907989502,
					"bytes":	262144,
					"bits_per_second":	2097313.5124379438,
					"retransmits":	0,
					"snd_cwnd":	78192,
					"rtt":	620410,
					"rttvar":	450568,
					"pmtu":	1500,
					"omitted":	false,
					"sender":	true
				}],
			"sum":	{
				"start":	2.000248,
				"end":	3.000171,
				"seconds":	0.9999229907989502,
				"bytes":	262144,
				"bits_per_second":	2097313.5124379438,
				"retransmits":	0,
				"omitted":	false,
				"sender":	true
			}
		}, {
			"streams":	[{
					"socket":	5,
					"start":	3.000171,
					"end":	4.000085,
					"seconds":	0.99991399049758911,
					"bytes":	131072,
					"bits_per_second":	1048666.1952576493,
					"retransmits":	0,
					"snd_cwnd":	121632,
					"rtt":	721320,
					"rttvar":	428312,
					"pmtu":	1500,
					"omitted":	false,
					"sender":	true
				}],
			"sum":	{
				"start":	3.000171,
				"end":	4.000085,
				"seconds":	0.99991399049758911,
				"bytes":	131072,
				"bits_per_second":	1048666.1952576493,
				"retransmits":	0,
				"omitted":	false,
				"sender":	true
			}
		}, {
			"streams":	[{
					"socket":	5,
					"start":	4.000085,
					"end":	5.000187,
					"seconds":	1.0001020431518555,
					"bytes":	524288,
					"bits_per_second":	4193876.0436700126,
					"retransmits":	0,
					"snd_cwnd":	214304,
					"rtt":	762340,
					"rttvar":	403274,
					"pmtu":	1500,
					"omitted":	false,
					"sender":	true
				}],
			"sum":	{
				"start":	4.000085,
				"end":	5.000187,
				"seconds":	1.0001020431518555,
				"bytes":	524288,
				"bits_per_second":	4193876.0436700126,
				"retransmits":	0,
				"omitted":	false,
				"sender":	true
			}
		}, {
			"streams":	[{
					"socket":	5,
					"start":	5.000187,
					"end":	6.000087,
					"seconds":	0.99989998340606689,
					"bytes":	0,
					"bits_per_second":	0,
					"retransmits":	0,
					"snd_cwnd":	214304,
					"rtt":	762340,
					"rttvar":	403274,
					"pmtu":	1500,
					"omitted":	false,
					"sender":	true
				}],
			"sum":	{
				"start":	5.000187,
				"end":	6.000087,
				"seconds":	0.99989998340606689,
				"bytes":	0,
				"bits_per_second":	0,
				"retransmits":	0,
				"omitted":	false,
				"sender":	true
			}
		}, {
			"streams":	[{
					"socket":	5,
					"start":	6.000087,
					"end":	7.000696,
					"seconds":	1.0006090402603149,
					"bytes":	0,
					"bits_per_second":	0,
					"retransmits":	0,
					"snd_cwnd":	214304,
					"rtt":	762340,
					"rttvar":	403274,
					"pmtu":	1500,
					"omitted":	false,
					"sender":	true
				}],
			"sum":	{
				"start":	6.000087,
				"end":	7.000696,
				"seconds":	1.0006090402603149,
				"bytes":	0,
				"bits_per_second":	0,
				"retransmits":	0,
				"omitted":	false,
				"sender":	true
			}
		}, {
			"streams":	[{
					"socket":	5,
					"start":	7.000696,
					"end":	8.000153,
					"seconds":	0.99945700168609619,
					"bytes":	0,
					"bits_per_second":	0,
					"retransmits":	0,
					"snd_cwnd":	214304,
					"rtt":	762340,
					"rttvar":	403274,
					"pmtu":	1500,
					"omitted":	false,
					"sender":	true
				}],
			"sum":	{
				"start":	7.000696,
				"end":	8.000153,
				"seconds":	0.99945700168609619,
				"bytes":	0,
				"bits_per_second":	0,
				"retransmits":	0,
				"omitted":	false,
				"sender":	true
			}
		}, {
			"streams":	[{
					"socket":	5,
					"start":	8.000153,
					"end":	9.000187,
					"seconds":	1.000033974647522,
					"bytes":	0,
					"bits_per_second":	0,
					"retransmits":	1,
					"snd_cwnd":	1448,
					"rtt":	762340,
					"rttvar":	403274,
					"pmtu":	1500,
					"omitted":	false,
					"sender":	true
				}],
			"sum":	{
				"start":	8.000153,
				"end":	9.000187,
				"seconds":	1.000033974647522,
				"bytes":	0,
				"bits_per_second":	0,
				"retransmits":	1,
				"omitted":	false,
				"sender":	true
			}
		}, {
			"streams":	[{
					"socket":	5,
					"start":	9.000187,
					"end":	10.005477,
					"seconds":	1.0052900314331055,
					"bytes":	0,
					"bits_per_second":	0,
					"retransmits":	0,
					"snd_cwnd":	1448,
					"rtt":	762340,
					"rttvar":	403274,
					"pmtu":	1500,
					"omitted":	false,
					"sender":	true
				}],
			"sum":	{
				"start":	9.000187,
				"end":	10.005477,
				"seconds":	1.0052900314331055,
				"bytes":	0,
				"bits_per_second":	0,
				"retransmits":	0,
				"omitted":	false,
				"sender":	true
			}
		}],
	"end":	{
		"streams":	[{
				"sender":	{
					"socket":	5,
					"start":	0,
					"end":	10.005477,
					"seconds":	10.005477,
					"bytes":	1127464,
					"bits_per_second":	901477.46079472266,
					"retransmits":	1,
					"max_snd_cwnd":	214304,
					"max_rtt":	762340,
					"min_rtt":	319840,
					"mean_rtt":	672553,
					"sender":	true
				},
				"receiver":	{
					"socket":	5,
					"start":	0,
					"end":	10.830149,
					"seconds":	10.005477,
					"bytes":	415576,
					"bits_per_second":	306977.12469145161,
					"sender":	true
				}
			}],
		"sum_sent":	{
			"start":	0,
			"end":	10.005477,
			"seconds":	10.005477,
			"bytes":	1127464,
			"bits_per_second":	901477.46079472266,
			"retransmits":	1,
			"sender":	true
		},
		"sum_received":	{
			"start":	0,
			"end":	10.830149,
			"seconds":	10.830149,
			"bytes":	415576,
			"bits_per_second":	306977.12469145161,
			"sender":	true
		},
		"cpu_utilization_percent":	{
			"host_total":	5.3046138244429741,
			"host_user":	1.3101371258928671,
			"host_system":	3.9944854590206211,
			"remote_total":	0.049886368986223041,
			"remote_user":	0.049886368986223041,
			"remote_system":	0
		},
		"sender_tcp_congestion":	"cubic",
		"receiver_tcp_congestion":	"cubic"
	}
}
