{
	"start":	{
		"connected":	[{
				"socket":	5,
				"local_host":	"10.0.1.10",
				"local_port":	47004,
				"remote_host":	"10.0.6.10",
				"remote_port":	5200
			}],
		"version":	"iperf 3.7",
		"system_info":	"Linux a-VirtualBox 5.11.0-40-generic #44~20.04.2-Ubuntu SMP Tue Oct 26 18:07:44 UTC 2021 x86_64",
		"timestamp":	{
			"time":	"Wed, 17 Nov 2021 13:35:23 GMT",
			"timesecs":	1637156123
		},
		"connecting_to":	{
			"host":	"10.0.6.10",
			"port":	5200
		},
		"cookie":	"ft62sybvvtbfkmzaagwyexeframtln5vuak7",
		"tcp_mss_default":	1448,
		"target_bitrate":	1000000000,
		"sock_bufsize":	0,
		"sndbuf_actual":	87380,
		"rcvbuf_actual":	87380,
		"test_start":	{
			"protocol":	"TCP",
			"num_streams":	1,
			"blksize":	131072,
			"omit":	0,
			"duration":	10,
			"bytes":	0,
			"blocks":	0,
			"reverse":	0,
			"tos":	0
		}
	},
	"intervals":	[{
			"streams":	[{
					"socket":	5,
					"start":	0,
					"end":	1.000157,
					"seconds":	1.0001569986343384,
					"bytes":	79640,
					"bits_per_second":	637019.98873172281,
					"retransmits":	0,
					"snd_cwnd":	20272,
					"rtt":	213049,
					"rttvar":	188738,
					"pmtu":	1500,
					"omitted":	false,
					"sender":	true
				}],
			"sum":	{
				"start":	0,
				"end":	1.000157,
				"seconds":	1.0001569986343384,
				"bytes":	79640,
				"bits_per_second":	637019.98873172281,
				"retransmits":	0,
				"omitted":	false,
				"sender":	true
			}
		}, {
			"streams":	[{
					"socket":	5,
					"start":	1.000157,
					"end":	2.000152,
					"seconds":	0.99999499320983887,
					"bytes":	130320,
					"bits_per_second":	1042565.2199052854,
					"retransmits":	0,
					"snd_cwnd":	41992,
					"rtt":	417919,
					"rttvar":	392617,
					"pmtu":	1500,
					"omitted":	false,
					"sender":	true
				}],
			"sum":	{
				"start":	1.000157,
				"end":	2.000152,
				"seconds":	0.99999499320983887,
				"bytes":	130320,
				"bits_per_second":	1042565.2199052854,
				"retransmits":	0,
				"omitted":	false,
				"sender":	true
			}
		}, {
			"streams":	[{
					"socket":	5,
					"start":	2.000152,
					"end":	3.000433,
					"seconds":	1.0002809762954712,
					"bytes":	262144,
					"bits_per_second":	2096562.9155187753,
					"retransmits":	0,
					"snd_cwnd":	83984,
					"rtt":	514063,
					"rttvar":	306789,
					"pmtu":	1500,
					"omitted":	false,
					"sender":	true
				}],
			"sum":	{
				"start":	2.000152,
				"end":	3.000433,
				"seconds":	1.0002809762954712,
				"bytes":	262144,
				"bits_per_second":	2096562.9155187753,
				"retransmits":	0,
				"omitted":	false,
				"sender":	true
			}
		}, {
			"streams":	[{
					"socket":	5,
					"start":	3.000433,
					"end":	4.0002,
					"seconds":	0.999767005443573,
					"bytes":	131072,
					"bits_per_second":	1048820.3694367486,
					"retransmits":	0,
					"snd_cwnd":	111496,
					"rtt":	634178,
					"rttvar":	316674,
					"pmtu":	1500,
					"omitted":	false,
					"sender":	true
				}],
			"sum":	{
				"start":	3.000433,
				"end":	4.0002,
				"seconds":	0.999767005443573,
				"bytes":	131072,
				"bits_per_second":	1048820.3694367486,
				"retransmits":	0,
				"omitted":	false,
				"sender":	true
			}
		}, {
			"streams":	[{
					"socket":	5,
					"start":	4.0002,
					"end":	5.000068,
					"seconds":	0.99986797571182251,
					"bytes":	524288,
					"bits_per_second":	4194857.8231181027,
					"retransmits":	0,
					"snd_cwnd":	225888,
					"rtt":	731789,
					"rttvar":	347405,
					"pmtu":	1500,
					"omitted":	false,
					"sender":	true
				}],
			"sum":	{
				"start":	4.0002,
				"end":	5.000068,
				"seconds":	0.99986797571182251,
				"bytes":	524288,
				"bits_per_second":	4194857.8231181027,
				"retransmits":	0,
				"omitted":	false,
				"sender":	true
			}
		}, {
			"streams":	[{
					"socket":	5,
					"start":	5.000068,
					"end":	6.000135,
					"seconds":	1.0000669956207275,
					"bytes":	0,
					"bits_per_second":	0,
					"retransmits":	0,
					"snd_cwnd":	225888,
					"rtt":	731789,
					"rttvar":	347405,
					"pmtu":	1500,
					"omitted":	false,
					"sender":	true
				}],
			"sum":	{
				"start":	5.000068,
				"end":	6.000135,
				"seconds":	1.0000669956207275,
				"bytes":	0,
				"bits_per_second":	0,
				"retransmits":	0,
				"omitted":	false,
				"sender":	true
			}
		}, {
			"streams":	[{
					"socket":	5,
					"start":	6.000135,
					"end":	7.000054,
					"seconds":	0.99991899728775024,
					"bytes":	0,
					"bits_per_second":	0,
					"retransmits":	0,
					"snd_cwnd":	225888,
					"rtt":	731789,
					"rttvar":	347405,
					"pmtu":	1500,
					"omitted":	false,
					"sender":	true
				}],
			"sum":	{
				"start":	6.000135,
				"end":	7.000054,
				"seconds":	0.99991899728775024,
				"bytes":	0,
				"bits_per_second":	0,
				"retransmits":	0,
				"omitted":	false,
				"sender":	true
			}
		}, {
			"streams":	[{
					"socket":	5,
					"start":	7.000054,
					"end":	8.000123,
					"seconds":	1.00006902217865,
					"bytes":	0,
					"bits_per_second":	0,
					"retransmits":	0,
					"snd_cwnd":	225888,
					"rtt":	731789,
					"rttvar":	347405,
					"pmtu":	1500,
					"omitted":	false,
					"sender":	true
				}],
			"sum":	{
				"start":	7.000054,
				"end":	8.000123,
				"seconds":	1.00006902217865,
				"bytes":	0,
				"bits_per_second":	0,
				"retransmits":	0,
				"omitted":	false,
				"sender":	true
			}
		}, {
			"streams":	[{
					"socket":	5,
					"start":	8.000123,
					"end":	9.000062,
					"seconds":	0.99993902444839478,
					"bytes":	0,
					"bits_per_second":	0,
					"retransmits":	1,
					"snd_cwnd":	1448,
					"rtt":	731789,
					"rttvar":	347405,
					"pmtu":	1500,
					"omitted":	false,
					"sender":	true
				}],
			"sum":	{
				"start":	8.000123,
				"end":	9.000062,
				"seconds":	0.99993902444839478,
				"bytes":	0,
				"bits_per_second":	0,
				"retransmits":	1,
				"omitted":	false,
				"sender":	true
			}
		}, {
			"streams":	[{
					"socket":	5,
					"start":	9.000062,
					"end":	10.005192,
					"seconds":	1.0051300525665283,
					"bytes":	0,
					"bits_per_second":	0,
					"retransmits":	0,
					"snd_cwnd":	1448,
					"rtt":	731789,
					"rttvar":	347405,
					"pmtu":	1500,
					"omitted":	false,
					"sender":	true
				}],
			"sum":	{
				"start":	9.000062,
				"end":	10.005192,
				"seconds":	1.0051300525665283,
				"bytes":	0,
				"bits_per_second":	0,
				"retransmits":	0,
				"omitted":	false,
				"sender":	true
			}
		}],
	"end":	{
		"streams":	[{
				"sender":	{
					"socket":	5,
					"start":	0,
					"end":	10.005192,
					"seconds":	10.005192,
					"bytes":	1127464,
					"bits_per_second":	901503.13956993539,
					"retransmits":	1,
					"max_snd_cwnd":	225888,
					"max_rtt":	731789,
					"min_rtt":	213049,
					"mean_rtt":	616994,
					"sender":	true
				},
				"receiver":	{
					"socket":	5,
					"start":	0,
					"end":	10.368236,
					"seconds":	10.005192,
					"bytes":	470600,
					"bits_per_second":	363109.01873761363,
					"sender":	true
				}
			}],
		"sum_sent":	{
			"start":	0,
			"end":	10.005192,
			"seconds":	10.005192,
			"bytes":	1127464,
			"bits_per_second":	901503.13956993539,
			"retransmits":	1,
			"sender":	true
		},
		"sum_received":	{
			"start":	0,
			"end":	10.368236,
			"seconds":	10.368236,
			"bytes":	470600,
			"bits_per_second":	363109.01873761363,
			"sender":	true
		},
		"cpu_utilization_percent":	{
			"host_total":	3.5268874052213248,
			"host_user":	0.768941755393263,
			"host_system":	2.7579548925830126,
			"remote_total":	0.038096117451096534,
			"remote_user":	0.038105134283629334,
			"remote_system":	0
		},
		"sender_tcp_congestion":	"cubic",
		"receiver_tcp_congestion":	"cubic"
	}
}
