{
	"start":	{
		"connected":	[{
				"socket":	5,
				"local_host":	"10.0.4.13",
				"local_port":	49862,
				"remote_host":	"10.0.6.10",
				"remote_port":	5203
			}],
		"version":	"iperf 3.7",
		"system_info":	"Linux a-VirtualBox 5.11.0-40-generic #44~20.04.2-Ubuntu SMP Tue Oct 26 18:07:44 UTC 2021 x86_64",
		"timestamp":	{
			"time":	"Wed, 17 Nov 2021 15:48:42 GMT",
			"timesecs":	1637164122
		},
		"connecting_to":	{
			"host":	"10.0.6.10",
			"port":	5203
		},
		"cookie":	"7yrp7f46si5rhphqsnuw76kggsjrkvfkjvek",
		"tcp_mss_default":	1448,
		"target_bitrate":	1000000000,
		"sock_bufsize":	0,
		"sndbuf_actual":	87380,
		"rcvbuf_actual":	87380,
		"test_start":	{
			"protocol":	"TCP",
			"num_streams":	1,
			"blksize":	131072,
			"omit":	0,
			"duration":	10,
			"bytes":	0,
			"blocks":	0,
			"reverse":	0,
			"tos":	0
		}
	},
	"intervals":	[{
			"streams":	[{
					"socket":	5,
					"start":	0,
					"end":	1.000184,
					"seconds":	1.0001840591430664,
					"bytes":	79640,
					"bits_per_second":	637002.75381900114,
					"retransmits":	0,
					"snd_cwnd":	17376,
					"rtt":	266276,
					"rttvar":	187069,
					"pmtu":	1500,
					"omitted":	false,
					"sender":	true
				}],
			"sum":	{
				"start":	0,
				"end":	1.000184,
				"seconds":	1.0001840591430664,
				"bytes":	79640,
				"bits_per_second":	637002.75381900114,
				"retransmits":	0,
				"omitted":	false,
				"sender":	true
			}
		}, {
			"streams":	[{
					"socket":	5,
					"start":	1.000184,
					"end":	2.000185,
					"seconds":	1.0000009536743164,
					"bytes":	130320,
					"bits_per_second":	1042559.0057382529,
					"retransmits":	1,
					"snd_cwnd":	36200,
					"rtt":	327242,
					"rttvar":	210802,
					"pmtu":	1500,
					"omitted":	false,
					"sender":	true
				}],
			"sum":	{
				"start":	1.000184,
				"end":	2.000185,
				"seconds":	1.0000009536743164,
				"bytes":	130320,
				"bits_per_second":	1042559.0057382529,
				"retransmits":	1,
				"omitted":	false,
				"sender":	true
			}
		}, {
			"streams":	[{
					"socket":	5,
					"start":	2.000185,
					"end":	3.000184,
					"seconds":	0.99999898672103882,
					"bytes":	131072,
					"bits_per_second":	1048577.0625010766,
					"retransmits":	0,
					"snd_cwnd":	75296,
					"rtt":	495482,
					"rttvar":	410503,
					"pmtu":	1500,
					"omitted":	false,
					"sender":	true
				}],
			"sum":	{
				"start":	2.000185,
				"end":	3.000184,
				"seconds":	0.99999898672103882,
				"bytes":	131072,
				"bits_per_second":	1048577.0625010766,
				"retransmits":	0,
				"omitted":	false,
				"sender":	true
			}
		}, {
			"streams":	[{
					"socket":	5,
					"start":	3.000184,
					"end":	4.000185,
					"seconds":	1.0000009536743164,
					"bytes":	262144,
					"bits_per_second":	2097150.0000019073,
					"retransmits":	0,
					"snd_cwnd":	118736,
					"rtt":	625809,
					"rttvar":	456799,
					"pmtu":	1500,
					"omitted":	false,
					"sender":	true
				}],
			"sum":	{
				"start":	3.000184,
				"end":	4.000185,
				"seconds":	1.0000009536743164,
				"bytes":	262144,
				"bits_per_second":	2097150.0000019073,
				"retransmits":	0,
				"omitted":	false,
				"sender":	true
			}
		}, {
			"streams":	[{
					"socket":	5,
					"start":	4.000185,
					"end":	5.000187,
					"seconds":	1.0000020265579224,
					"bytes":	524288,
					"bits_per_second":	4194295.5000172257,
					"retransmits":	0,
					"snd_cwnd":	238920,
					"rtt":	725991,
					"rttvar":	430663,
					"pmtu":	1500,
					"omitted":	false,
					"sender":	true
				}],
			"sum":	{
				"start":	4.000185,
				"end":	5.000187,
				"seconds":	1.0000020265579224,
				"bytes":	524288,
				"bits_per_second":	4194295.5000172257,
				"retransmits":	0,
				"omitted":	false,
				"sender":	true
			}
		}, {
			"streams":	[{
					"socket":	5,
					"start":	5.000187,
					"end":	6.000196,
					"seconds":	1.0000089406967163,
					"bytes":	1179648,
					"bits_per_second":	9437099.6257543638,
					"retransmits":	0,
					"snd_cwnd":	451776,
					"rtt":	766971,
					"rttvar":	404958,
					"pmtu":	1500,
					"omitted":	false,
					"sender":	true
				}],
			"sum":	{
				"start":	5.000187,
				"end":	6.000196,
				"seconds":	1.0000089406967163,
				"bytes":	1179648,
				"bits_per_second":	9437099.6257543638,
				"retransmits":	0,
				"omitted":	false,
				"sender":	true
			}
		}, {
			"streams":	[{
					"socket":	5,
					"start":	6.000196,
					"end":	7.000161,
					"seconds":	0.99996501207351685,
					"bytes":	2228224,
					"bits_per_second":	17826415.709322296,
					"retransmits":	0,
					"snd_cwnd":	905000,
					"rtt":	834266,
					"rttvar":	344466,
					"pmtu":	1500,
					"omitted":	false,
					"sender":	true
				}],
			"sum":	{
				"start":	6.000196,
				"end":	7.000161,
				"seconds":	0.99996501207351685,
				"bytes":	2228224,
				"bits_per_second":	17826415.709322296,
				"retransmits":	0,
				"omitted":	false,
				"sender":	true
			}
		}, {
			"streams":	[{
					"socket":	5,
					"start":	7.000161,
					"end":	8.000186,
					"seconds":	1.0000250339508057,
					"bytes":	8519680,
					"bits_per_second":	68155733.7927131,
					"retransmits":	0,
					"snd_cwnd":	2748304,
					"rtt":	714495,
					"rttvar":	145714,
					"pmtu":	1500,
					"omitted":	false,
					"sender":	true
				}],
			"sum":	{
				"start":	7.000161,
				"end":	8.000186,
				"seconds":	1.0000250339508057,
				"bytes":	8519680,
				"bits_per_second":	68155733.7927131,
				"retransmits":	0,
				"omitted":	false,
				"sender":	true
			}
		}, {
			"streams":	[{
					"socket":	5,
					"start":	8.000186,
					"end":	9.000149,
					"seconds":	0.99996298551559448,
					"bytes":	3407872,
					"bits_per_second":	27263985.162353624,
					"retransmits":	0,
					"snd_cwnd":	5897704,
					"rtt":	680016,
					"rttvar":	94685,
					"pmtu":	1500,
					"omitted":	false,
					"sender":	true
				}],
			"sum":	{
				"start":	8.000186,
				"end":	9.000149,
				"seconds":	0.99996298551559448,
				"bytes":	3407872,
				"bits_per_second":	27263985.162353624,
				"retransmits":	0,
				"omitted":	false,
				"sender":	true
			}
		}, {
			"streams":	[{
					"socket":	5,
					"start":	9.000149,
					"end":	10.005162,
					"seconds":	1.0050129890441895,
					"bytes":	9830400,
					"bits_per_second":	78250928.950473621,
					"retransmits":	0,
					"snd_cwnd":	15463192,
					"rtt":	661988,
					"rttvar":	90912,
					"pmtu":	1500,
					"omitted":	false,
					"sender":	true
				}],
			"sum":	{
				"start":	9.000149,
				"end":	10.005162,
				"seconds":	1.0050129890441895,
				"bytes":	9830400,
				"bits_per_second":	78250928.950473621,
				"retransmits":	0,
				"omitted":	false,
				"sender":	true
			}
		}],
	"end":	{
		"streams":	[{
				"sender":	{
					"socket":	5,
					"start":	0,
					"end":	10.005162,
					"seconds":	10.005162,
					"bytes":	26293288,
					"bits_per_second":	21023777.925834682,
					"retransmits":	1,
					"max_snd_cwnd":	15463192,
					"max_rtt":	834266,
					"min_rtt":	266276,
					"mean_rtt":	609853,
					"sender":	true
				},
				"receiver":	{
					"socket":	5,
					"start":	0,
					"end":	10.6053,
					"seconds":	10.005162,
					"bytes":	21938648,
					"bits_per_second":	16549195.590883804,
					"sender":	true
				}
			}],
		"sum_sent":	{
			"start":	0,
			"end":	10.005162,
			"seconds":	10.005162,
			"bytes":	26293288,
			"bits_per_second":	21023777.925834682,
			"retransmits":	1,
			"sender":	true
		},
		"sum_received":	{
			"start":	0,
			"end":	10.6053,
			"seconds":	10.6053,
			"bytes":	21938648,
			"bits_per_second":	16549195.590883804,
			"sender":	true
		},
		"cpu_utilization_percent":	{
			"host_total":	4.7868936928832007,
			"host_user":	1.0487440439238089,
			"host_system":	3.7381496489593915,
			"remote_total":	0.51547983379450846,
			"remote_user":	0.51547983379450846,
			"remote_system":	0
		},
		"sender_tcp_congestion":	"cubic",
		"receiver_tcp_congestion":	"cubic"
	}
}
