{
	"start":	{
		"connected":	[{
				"socket":	5,
				"local_host":	"10.0.5.10",
				"local_port":	37186,
				"remote_host":	"10.0.6.10",
				"remote_port":	5204
			}],
		"version":	"iperf 3.7",
		"system_info":	"Linux a-VirtualBox 5.11.0-40-generic #44~20.04.2-Ubuntu SMP Tue Oct 26 18:07:44 UTC 2021 x86_64",
		"timestamp":	{
			"time":	"Wed, 17 Nov 2021 13:35:23 GMT",
			"timesecs":	1637156123
		},
		"connecting_to":	{
			"host":	"10.0.6.10",
			"port":	5204
		},
		"cookie":	"g2ona7mxtslis26nqwv3xbmeazsrmhaqbjne",
		"tcp_mss_default":	1448,
		"target_bitrate":	1000000000,
		"sock_bufsize":	0,
		"sndbuf_actual":	87380,
		"rcvbuf_actual":	87380,
		"test_start":	{
			"protocol":	"TCP",
			"num_streams":	1,
			"blksize":	131072,
			"omit":	0,
			"duration":	10,
			"bytes":	0,
			"blocks":	0,
			"reverse":	0,
			"tos":	0
		}
	},
	"intervals":	[{
			"streams":	[{
					"socket":	5,
					"start":	0,
					"end":	1.000192,
					"seconds":	1.0001920461654663,
					"bytes":	166520,
					"bits_per_second":	1331904.2129031436,
					"retransmits":	0,
					"snd_cwnd":	28960,
					"rtt":	249860,
					"rttvar":	183343,
					"pmtu":	1500,
					"omitted":	false,
					"sender":	true
				}],
			"sum":	{
				"start":	0,
				"end":	1.000192,
				"seconds":	1.0001920461654663,
				"bytes":	166520,
				"bits_per_second":	1331904.2129031436,
				"retransmits":	0,
				"omitted":	false,
				"sender":	true
			}
		}, {
			"streams":	[{
					"socket":	5,
					"start":	1.000192,
					"end":	2.000195,
					"seconds":	1.0000029802322388,
					"bytes":	236776,
					"bits_per_second":	1894202.3548370753,
					"retransmits":	0,
					"snd_cwnd":	89776,
					"rtt":	496864,
					"rttvar":	172849,
					"pmtu":	1500,
					"omitted":	false,
					"sender":	true
				}],
			"sum":	{
				"start":	1.000192,
				"end":	2.000195,
				"seconds":	1.0000029802322388,
				"bytes":	236776,
				"bits_per_second":	1894202.3548370753,
				"retransmits":	0,
				"omitted":	false,
				"sender":	true
			}
		}, {
			"streams":	[{
					"socket":	5,
					"start":	2.000195,
					"end":	3.000152,
					"seconds":	0.99995702505111694,
					"bytes":	786432,
					"bits_per_second":	6291726.386619851,
					"retransmits":	0,
					"snd_cwnd":	246160,
					"rtt":	589640,
					"rttvar":	77029,
					"pmtu":	1500,
					"omitted":	false,
					"sender":	true
				}],
			"sum":	{
				"start":	2.000195,
				"end":	3.000152,
				"seconds":	0.99995702505111694,
				"bytes":	786432,
				"bits_per_second":	6291726.386619851,
				"retransmits":	0,
				"omitted":	false,
				"sender":	true
			}
		}, {
			"streams":	[{
					"socket":	5,
					"start":	3.000152,
					"end":	4.00176,
					"seconds":	1.0016080141067505,
					"bytes":	1572864,
					"bits_per_second":	12562710.983519472,
					"retransmits":	0,
					"snd_cwnd":	600920,
					"rtt":	627897,
					"rttvar":	87289,
					"pmtu":	1500,
					"omitted":	false,
					"sender":	true
				}],
			"sum":	{
				"start":	3.000152,
				"end":	4.00176,
				"seconds":	1.0016080141067505,
				"bytes":	1572864,
				"bits_per_second":	12562710.983519472,
				"retransmits":	0,
				"omitted":	false,
				"sender":	true
			}
		}, {
			"streams":	[{
					"socket":	5,
					"start":	4.00176,
					"end":	5.00016,
					"seconds":	0.99839997291564941,
					"bytes":	6029312,
					"bits_per_second":	48311796.182385445,
					"retransmits":	0,
					"snd_cwnd":	1873712,
					"rtt":	637762,
					"rttvar":	84276,
					"pmtu":	1500,
					"omitted":	false,
					"sender":	true
				}],
			"sum":	{
				"start":	4.00176,
				"end":	5.00016,
				"seconds":	0.99839997291564941,
				"bytes":	6029312,
				"bits_per_second":	48311796.182385445,
				"retransmits":	0,
				"omitted":	false,
				"sender":	true
			}
		}, {
			"streams":	[{
					"socket":	5,
					"start":	5.00016,
					"end":	6.000061,
					"seconds":	0.99990099668502808,
					"bytes":	7340032,
					"bits_per_second":	58726070.075612761,
					"retransmits":	0,
					"snd_cwnd":	5584936,
					"rtt":	599254,
					"rttvar":	35334,
					"pmtu":	1500,
					"omitted":	false,
					"sender":	true
				}],
			"sum":	{
				"start":	5.00016,
				"end":	6.000061,
				"seconds":	0.99990099668502808,
				"bytes":	7340032,
				"bits_per_second":	58726070.075612761,
				"retransmits":	0,
				"omitted":	false,
				"sender":	true
			}
		}, {
			"streams":	[{
					"socket":	5,
					"start":	6.000061,
					"end":	7.000131,
					"seconds":	1.0000699758529663,
					"bytes":	8781824,
					"bits_per_second":	70249676.218985975,
					"retransmits":	0,
					"snd_cwnd":	14115104,
					"rtt":	625819,
					"rttvar":	57993,
					"pmtu":	1500,
					"omitted":	false,
					"sender":	true
				}],
			"sum":	{
				"start":	6.000061,
				"end":	7.000131,
				"seconds":	1.0000699758529663,
				"bytes":	8781824,
				"bits_per_second":	70249676.218985975,
				"retransmits":	0,
				"omitted":	false,
				"sender":	true
			}
		}, {
			"streams":	[{
					"socket":	5,
					"start":	7.000131,
					"end":	8.000194,
					"seconds":	1.0000629425048828,
					"bytes":	8519680,
					"bits_per_second":	68153150.270006344,
					"retransmits":	0,
					"snd_cwnd":	19581304,
					"rtt":	704126,
					"rttvar":	179870,
					"pmtu":	1500,
					"omitted":	false,
					"sender":	true
				}],
			"sum":	{
				"start":	7.000131,
				"end":	8.000194,
				"seconds":	1.0000629425048828,
				"bytes":	8519680,
				"bits_per_second":	68153150.270006344,
				"retransmits":	0,
				"omitted":	false,
				"sender":	true
			}
		}, {
			"streams":	[{
					"socket":	5,
					"start":	8.000194,
					"end":	9.000106,
					"seconds":	0.99991202354431152,
					"bytes":	7208960,
					"bits_per_second":	57676754.196409814,
					"retransmits":	0,
					"snd_cwnd":	19581304,
					"rtt":	748210,
					"rttvar":	223070,
					"pmtu":	1500,
					"omitted":	false,
					"sender":	true
				}],
			"sum":	{
				"start":	8.000194,
				"end":	9.000106,
				"seconds":	0.99991202354431152,
				"bytes":	7208960,
				"bits_per_second":	57676754.196409814,
				"retransmits":	0,
				"omitted":	false,
				"sender":	true
			}
		}, {
			"streams":	[{
					"socket":	5,
					"start":	9.000106,
					"end":	10.000233,
					"seconds":	1.0001269578933716,
					"bytes":	0,
					"bits_per_second":	0,
					"retransmits":	0,
					"snd_cwnd":	19581304,
					"rtt":	748210,
					"rttvar":	223070,
					"pmtu":	1500,
					"omitted":	false,
					"sender":	true
				}],
			"sum":	{
				"start":	9.000106,
				"end":	10.000233,
				"seconds":	1.0001269578933716,
				"bytes":	0,
				"bits_per_second":	0,
				"retransmits":	0,
				"omitted":	false,
				"sender":	true
			}
		}],
	"end":	{
		"streams":	[{
				"sender":	{
					"socket":	5,
					"start":	0,
					"end":	10.000233,
					"seconds":	10.000233,
					"bytes":	40642400,
					"bits_per_second":	32513162.44331507,
					"retransmits":	0,
					"max_snd_cwnd":	19581304,
					"max_rtt":	748210,
					"min_rtt":	249860,
					"mean_rtt":	602764,
					"sender":	true
				},
				"receiver":	{
					"socket":	5,
					"start":	0,
					"end":	10.289367,
					"seconds":	10.000233,
					"bytes":	37977416,
					"bits_per_second":	29527504.267269306,
					"sender":	true
				}
			}],
		"sum_sent":	{
			"start":	0,
			"end":	10.000233,
			"seconds":	10.000233,
			"bytes":	40642400,
			"bits_per_second":	32513162.44331507,
			"retransmits":	0,
			"sender":	true
		},
		"sum_received":	{
			"start":	0,
			"end":	10.289367,
			"seconds":	10.289367,
			"bytes":	37977416,
			"bits_per_second":	29527504.267269306,
			"sender":	true
		},
		"cpu_utilization_percent":	{
			"host_total":	4.1795608137827758,
			"host_user":	1.8832040916464916,
			"host_system":	2.2963567221362844,
			"remote_total":	0.44446848207207268,
			"remote_user":	0.44446848207207268,
			"remote_system":	0
		},
		"sender_tcp_congestion":	"cubic",
		"receiver_tcp_congestion":	"cubic"
	}
}
