{
	"start":	{
		"connected":	[{
				"socket":	5,
				"local_host":	"10.0.3.12",
				"local_port":	38094,
				"remote_host":	"10.0.6.10",
				"remote_port":	5202
			}],
		"version":	"iperf 3.7",
		"system_info":	"Linux a-VirtualBox 5.11.0-40-generic #44~20.04.2-Ubuntu SMP Tue Oct 26 18:07:44 UTC 2021 x86_64",
		"timestamp":	{
			"time":	"Wed, 17 Nov 2021 15:49:05 GMT",
			"timesecs":	1637164145
		},
		"connecting_to":	{
			"host":	"10.0.6.10",
			"port":	5202
		},
		"cookie":	"a433fuzocttu2kh32ax7f4ctzr5cxtzp6dir",
		"sock_bufsize":	0,
		"sndbuf_actual":	212992,
		"rcvbuf_actual":	212992,
		"test_start":	{
			"protocol":	"UDP",
			"num_streams":	1,
			"blksize":	1448,
			"omit":	0,
			"duration":	10,
			"bytes":	0,
			"blocks":	0,
			"reverse":	0,
			"tos":	0
		}
	},
	"intervals":	[{
			"streams":	[{
					"socket":	5,
					"start":	0,
					"end":	1.00002,
					"seconds":	1.0000200271606445,
					"bytes":	12936432,
					"bits_per_second":	103489383.40149361,
					"packets":	8934,
					"omitted":	false,
					"sender":	true
				}],
			"sum":	{
				"start":	0,
				"end":	1.00002,
				"seconds":	1.0000200271606445,
				"bytes":	12936432,
				"bits_per_second":	103489383.40149361,
				"packets":	8934,
				"omitted":	false,
				"sender":	true
			}
		}, {
			"streams":	[{
					"socket":	5,
					"start":	1.00002,
					"end":	2.000054,
					"seconds":	1.000033974647522,
					"bytes":	12409360,
					"bits_per_second":	99271507.285531,
					"packets":	8570,
					"omitted":	false,
					"sender":	true
				}],
			"sum":	{
				"start":	1.00002,
				"end":	2.000054,
				"seconds":	1.000033974647522,
				"bytes":	12409360,
				"bits_per_second":	99271507.285531,
				"packets":	8570,
				"omitted":	false,
				"sender":	true
			}
		}, {
			"streams":	[{
					"socket":	5,
					"start":	2.000054,
					"end":	3.000032,
					"seconds":	0.99997800588607788,
					"bytes":	16385568,
					"bits_per_second":	131087427.15180653,
					"packets":	11316,
					"omitted":	false,
					"sender":	true
				}],
			"sum":	{
				"start":	2.000054,
				"end":	3.000032,
				"seconds":	0.99997800588607788,
				"bytes":	16385568,
				"bits_per_second":	131087427.15180653,
				"packets":	11316,
				"omitted":	false,
				"sender":	true
			}
		}, {
			"streams":	[{
					"socket":	5,
					"start":	3.000032,
					"end":	4.000082,
					"seconds":	1.0000499486923218,
					"bytes":	12991456,
					"bits_per_second":	103926457.00937475,
					"packets":	8972,
					"omitted":	false,
					"sender":	true
				}],
			"sum":	{
				"start":	3.000032,
				"end":	4.000082,
				"seconds":	1.0000499486923218,
				"bytes":	12991456,
				"bits_per_second":	103926457.00937475,
				"packets":	8972,
				"omitted":	false,
				"sender":	true
			}
		}, {
			"streams":	[{
					"socket":	5,
					"start":	4.000082,
					"end":	5.000902,
					"seconds":	1.0008200407028198,
					"bytes":	12784392,
					"bits_per_second":	102191334.94586889,
					"packets":	8829,
					"omitted":	false,
					"sender":	true
				}],
			"sum":	{
				"start":	4.000082,
				"end":	5.000902,
				"seconds":	1.0008200407028198,
				"bytes":	12784392,
				"bits_per_second":	102191334.94586889,
				"packets":	8829,
				"omitted":	false,
				"sender":	true
			}
		}, {
			"streams":	[{
					"socket":	5,
					"start":	5.000902,
					"end":	6.000017,
					"seconds":	0.999114990234375,
					"bytes":	14720368,
					"bits_per_second":	117867257.674089,
					"packets":	10166,
					"omitted":	false,
					"sender":	true
				}],
			"sum":	{
				"start":	5.000902,
				"end":	6.000017,
				"seconds":	0.999114990234375,
				"bytes":	14720368,
				"bits_per_second":	117867257.674089,
				"packets":	10166,
				"omitted":	false,
				"sender":	true
			}
		}, {
			"streams":	[{
					"socket":	5,
					"start":	6.000017,
					"end":	7.004233,
					"seconds":	1.0042159557342529,
					"bytes":	12916160,
					"bits_per_second":	102895477.22277395,
					"packets":	8920,
					"omitted":	false,
					"sender":	true
				}],
			"sum":	{
				"start":	6.000017,
				"end":	7.004233,
				"seconds":	1.0042159557342529,
				"bytes":	12916160,
				"bits_per_second":	102895477.22277395,
				"packets":	8920,
				"omitted":	false,
				"sender":	true
			}
		}, {
			"streams":	[{
					"socket":	5,
					"start":	7.004233,
					"end":	8.000027,
					"seconds":	0.99579399824142456,
					"bytes":	11963376,
					"bits_per_second":	96111252.095331848,
					"packets":	8262,
					"omitted":	false,
					"sender":	true
				}],
			"sum":	{
				"start":	7.004233,
				"end":	8.000027,
				"seconds":	0.99579399824142456,
				"bytes":	11963376,
				"bits_per_second":	96111252.095331848,
				"packets":	8262,
				"omitted":	false,
				"sender":	true
			}
		}, {
			"streams":	[{
					"socket":	5,
					"start":	8.000027,
					"end":	9.000127,
					"seconds":	1.0001000165939331,
					"bytes":	13750208,
					"bits_per_second":	109990663.10851145,
					"packets":	9496,
					"omitted":	false,
					"sender":	true
				}],
			"sum":	{
				"start":	8.000027,
				"end":	9.000127,
				"seconds":	1.0001000165939331,
				"bytes":	13750208,
				"bits_per_second":	109990663.10851145,
				"packets":	9496,
				"omitted":	false,
				"sender":	true
			}
		}, {
			"streams":	[{
					"socket":	5,
					"start":	9.000127,
					"end":	10.000012,
					"seconds":	0.99988502264022827,
					"bytes":	15176488,
					"bits_per_second":	121425865.22539161,
					"packets":	10481,
					"omitted":	false,
					"sender":	true
				}],
			"sum":	{
				"start":	9.000127,
				"end":	10.000012,
				"seconds":	0.99988502264022827,
				"bytes":	15176488,
				"bits_per_second":	121425865.22539161,
				"packets":	10481,
				"omitted":	false,
				"sender":	true
			}
		}],
	"end":	{
		"streams":	[{
				"udp":	{
					"socket":	5,
					"start":	0,
					"end":	10.000012,
					"seconds":	10.000012,
					"bytes":	136033808,
					"bits_per_second":	108826915.80770104,
					"jitter_ms":	0.0010354109242632652,
					"lost_packets":	7929,
					"packets":	93946,
					"lost_percent":	8.43995486768995,
					"out_of_order":	0,
					"sender":	true
				}
			}],
		"sum":	{
			"start":	0,
			"end":	10.128702,
			"seconds":	10.128702,
			"bytes":	136033808,
			"bits_per_second":	108826915.80770104,
			"jitter_ms":	0.0010354109242632652,
			"lost_packets":	7929,
			"packets":	93946,
			"lost_percent":	8.43995486768995,
			"sender":	true
		},
		"cpu_utilization_percent":	{
			"host_total":	12.08262894389574,
			"host_user":	0.62544237441155359,
			"host_system":	11.457186569484186,
			"remote_total":	6.8755528018835417,
			"remote_user":	2.0424762504333165,
			"remote_system":	4.8330579091694021
		}
	}
}
