{
	"start":	{
		"connected":	[{
				"socket":	5,
				"local_host":	"10.0.4.13",
				"local_port":	55742,
				"remote_host":	"10.0.6.10",
				"remote_port":	5203
			}],
		"version":	"iperf 3.7",
		"system_info":	"Linux a-VirtualBox 5.11.0-40-generic #44~20.04.2-Ubuntu SMP Tue Oct 26 18:07:44 UTC 2021 x86_64",
		"timestamp":	{
			"time":	"Wed, 17 Nov 2021 15:49:05 GMT",
			"timesecs":	1637164145
		},
		"connecting_to":	{
			"host":	"10.0.6.10",
			"port":	5203
		},
		"cookie":	"qlgwmqziys6roefzimhghlcuzf4flqcoplrp",
		"sock_bufsize":	0,
		"sndbuf_actual":	212992,
		"rcvbuf_actual":	212992,
		"test_start":	{
			"protocol":	"UDP",
			"num_streams":	1,
			"blksize":	1448,
			"omit":	0,
			"duration":	10,
			"bytes":	0,
			"blocks":	0,
			"reverse":	0,
			"tos":	0
		}
	},
	"intervals":	[{
			"streams":	[{
					"socket":	5,
					"start":	0,
					"end":	1.006563,
					"seconds":	1.0065629482269287,
					"bytes":	11262544,
					"bits_per_second":	89512883.579425141,
					"packets":	7778,
					"omitted":	false,
					"sender":	true
				}],
			"sum":	{
				"start":	0,
				"end":	1.006563,
				"seconds":	1.0065629482269287,
				"bytes":	11262544,
				"bits_per_second":	89512883.579425141,
				"packets":	7778,
				"omitted":	false,
				"sender":	true
			}
		}, {
			"streams":	[{
					"socket":	5,
					"start":	1.006563,
					"end":	2.00137,
					"seconds":	0.99480700492858887,
					"bytes":	11999576,
					"bits_per_second":	96497720.1853248,
					"packets":	8287,
					"omitted":	false,
					"sender":	true
				}],
			"sum":	{
				"start":	1.006563,
				"end":	2.00137,
				"seconds":	0.99480700492858887,
				"bytes":	11999576,
				"bits_per_second":	96497720.1853248,
				"packets":	8287,
				"omitted":	false,
				"sender":	true
			}
		}, {
			"streams":	[{
					"socket":	5,
					"start":	2.00137,
					"end":	3.000033,
					"seconds":	0.99866300821304321,
					"bytes":	13808128,
					"bits_per_second":	110612912.55561823,
					"packets":	9536,
					"omitted":	false,
					"sender":	true
				}],
			"sum":	{
				"start":	2.00137,
				"end":	3.000033,
				"seconds":	0.99866300821304321,
				"bytes":	13808128,
				"bits_per_second":	110612912.55561823,
				"packets":	9536,
				"omitted":	false,
				"sender":	true
			}
		}, {
			"streams":	[{
					"socket":	5,
					"start":	3.000033,
					"end":	4.000013,
					"seconds":	0.99997997283935547,
					"bytes":	13530112,
					"bits_per_second":	108243063.80122741,
					"packets":	9344,
					"omitted":	false,
					"sender":	true
				}],
			"sum":	{
				"start":	3.000033,
				"end":	4.000013,
				"seconds":	0.99997997283935547,
				"bytes":	13530112,
				"bits_per_second":	108243063.80122741,
				"packets":	9344,
				"omitted":	false,
				"sender":	true
			}
		}, {
			"streams":	[{
					"socket":	5,
					"start":	4.000013,
					"end":	5.000043,
					"seconds":	1.0000300407409668,
					"bytes":	12813352,
					"bits_per_second":	102503736.71179731,
					"packets":	8849,
					"omitted":	false,
					"sender":	true
				}],
			"sum":	{
				"start":	4.000013,
				"end":	5.000043,
				"seconds":	1.0000300407409668,
				"bytes":	12813352,
				"bits_per_second":	102503736.71179731,
				"packets":	8849,
				"omitted":	false,
				"sender":	true
			}
		}, {
			"streams":	[{
					"socket":	5,
					"start":	5.000043,
					"end":	6.000075,
					"seconds":	1.0000319480895996,
					"bytes":	15245992,
					"bits_per_second":	121964039.4819387,
					"packets":	10529,
					"omitted":	false,
					"sender":	true
				}],
			"sum":	{
				"start":	5.000043,
				"end":	6.000075,
				"seconds":	1.0000319480895996,
				"bytes":	15245992,
				"bits_per_second":	121964039.4819387,
				"packets":	10529,
				"omitted":	false,
				"sender":	true
			}
		}, {
			"streams":	[{
					"socket":	5,
					"start":	6.000075,
					"end":	7.000008,
					"seconds":	0.99993300437927246,
					"bytes":	12321032,
					"bits_per_second":	98574860.083939448,
					"packets":	8509,
					"omitted":	false,
					"sender":	true
				}],
			"sum":	{
				"start":	6.000075,
				"end":	7.000008,
				"seconds":	0.99993300437927246,
				"bytes":	12321032,
				"bits_per_second":	98574860.083939448,
				"packets":	8509,
				"omitted":	false,
				"sender":	true
			}
		}, {
			"streams":	[{
					"socket":	5,
					"start":	7.000008,
					"end":	8.000067,
					"seconds":	1.0000590085983276,
					"bytes":	14700096,
					"bits_per_second":	117593828.9529815,
					"packets":	10152,
					"omitted":	false,
					"sender":	true
				}],
			"sum":	{
				"start":	7.000008,
				"end":	8.000067,
				"seconds":	1.0000590085983276,
				"bytes":	14700096,
				"bits_per_second":	117593828.9529815,
				"packets":	10152,
				"omitted":	false,
				"sender":	true
			}
		}, {
			"streams":	[{
					"socket":	5,
					"start":	8.000067,
					"end":	9.000055,
					"seconds":	0.99998801946640015,
					"bytes":	15018656,
					"bits_per_second":	120150687.46934827,
					"packets":	10372,
					"omitted":	false,
					"sender":	true
				}],
			"sum":	{
				"start":	8.000067,
				"end":	9.000055,
				"seconds":	0.99998801946640015,
				"bytes":	15018656,
				"bits_per_second":	120150687.46934827,
				"packets":	10372,
				"omitted":	false,
				"sender":	true
			}
		}, {
			"streams":	[{
					"socket":	5,
					"start":	9.000055,
					"end":	10.000013,
					"seconds":	0.99995797872543335,
					"bytes":	22310784,
					"bits_per_second":	178493772.53582418,
					"packets":	15408,
					"omitted":	false,
					"sender":	true
				}],
			"sum":	{
				"start":	9.000055,
				"end":	10.000013,
				"seconds":	0.99995797872543335,
				"bytes":	22310784,
				"bits_per_second":	178493772.53582418,
				"packets":	15408,
				"omitted":	false,
				"sender":	true
			}
		}],
	"end":	{
		"streams":	[{
				"udp":	{
					"socket":	5,
					"start":	0,
					"end":	10.000013,
					"seconds":	10.000013,
					"bytes":	143010272,
					"bits_per_second":	114408068.86951049,
					"jitter_ms":	0.0010824442178533466,
					"lost_packets":	10574,
					"packets":	98764,
					"lost_percent":	10.706330241788505,
					"out_of_order":	0,
					"sender":	true
				}
			}],
		"sum":	{
			"start":	0,
			"end":	10.428341,
			"seconds":	10.428341,
			"bytes":	143010272,
			"bits_per_second":	114408068.86951049,
			"jitter_ms":	0.0010824442178533466,
			"lost_packets":	10574,
			"packets":	98764,
			"lost_percent":	10.706330241788505,
			"sender":	true
		},
		"cpu_utilization_percent":	{
			"host_total":	11.651165723407761,
			"host_user":	1.4530223424163182,
			"host_system":	10.198134087952848,
			"remote_total":	6.7989904857765611,
			"remote_user":	0.83997374435726835,
			"remote_system":	5.9589895278592468
		}
	}
}
