{
	"start":	{
		"connected":	[{
				"socket":	5,
				"local_host":	"10.0.1.10",
				"local_port":	51391,
				"remote_host":	"10.0.6.10",
				"remote_port":	5200
			}],
		"version":	"iperf 3.7",
		"system_info":	"Linux a-VirtualBox 5.11.0-40-generic #44~20.04.2-Ubuntu SMP Tue Oct 26 18:07:44 UTC 2021 x86_64",
		"timestamp":	{
			"time":	"Wed, 17 Nov 2021 13:35:53 GMT",
			"timesecs":	1637156153
		},
		"connecting_to":	{
			"host":	"10.0.6.10",
			"port":	5200
		},
		"cookie":	"uc6ou7gtbitp7nxjxbejijhkaql7hzr5cy2o",
		"sock_bufsize":	0,
		"sndbuf_actual":	212992,
		"rcvbuf_actual":	212992,
		"test_start":	{
			"protocol":	"UDP",
			"num_streams":	1,
			"blksize":	1448,
			"omit":	0,
			"duration":	10,
			"bytes":	0,
			"blocks":	0,
			"reverse":	0,
			"tos":	0
		}
	},
	"intervals":	[{
			"streams":	[{
					"socket":	5,
					"start":	0,
					"end":	1.000081,
					"seconds":	1.000080943107605,
					"bytes":	9264304,
					"bits_per_second":	74108433.433098182,
					"packets":	6398,
					"omitted":	false,
					"sender":	true
				}],
			"sum":	{
				"start":	0,
				"end":	1.000081,
				"seconds":	1.000080943107605,
				"bytes":	9264304,
				"bits_per_second":	74108433.433098182,
				"packets":	6398,
				"omitted":	false,
				"sender":	true
			}
		}, {
			"streams":	[{
					"socket":	5,
					"start":	1.000081,
					"end":	2.00008,
					"seconds":	0.99999898672103882,
					"bytes":	11898216,
					"bits_per_second":	95185824.449793324,
					"packets":	8217,
					"omitted":	false,
					"sender":	true
				}],
			"sum":	{
				"start":	1.000081,
				"end":	2.00008,
				"seconds":	0.99999898672103882,
				"bytes":	11898216,
				"bits_per_second":	95185824.449793324,
				"packets":	8217,
				"omitted":	false,
				"sender":	true
			}
		}, {
			"streams":	[{
					"socket":	5,
					"start":	2.00008,
					"end":	3.000317,
					"seconds":	1.000236988067627,
					"bytes":	14894128,
					"bits_per_second":	119124792.84553708,
					"packets":	10286,
					"omitted":	false,
					"sender":	true
				}],
			"sum":	{
				"start":	2.00008,
				"end":	3.000317,
				"seconds":	1.000236988067627,
				"bytes":	14894128,
				"bits_per_second":	119124792.84553708,
				"packets":	10286,
				"omitted":	false,
				"sender":	true
			}
		}, {
			"streams":	[{
					"socket":	5,
					"start":	3.000317,
					"end":	4.000037,
					"seconds":	0.99971997737884521,
					"bytes":	13488120,
					"bits_per_second":	107935184.29322061,
					"packets":	9315,
					"omitted":	false,
					"sender":	true
				}],
			"sum":	{
				"start":	3.000317,
				"end":	4.000037,
				"seconds":	0.99971997737884521,
				"bytes":	13488120,
				"bits_per_second":	107935184.29322061,
				"packets":	9315,
				"omitted":	false,
				"sender":	true
			}
		}, {
			"streams":	[{
					"socket":	5,
					"start":	4.000037,
					"end":	5.000053,
					"seconds":	1.0000159740447998,
					"bytes":	15402376,
					"bits_per_second":	123217039.72548732,
					"packets":	10637,
					"omitted":	false,
					"sender":	true
				}],
			"sum":	{
				"start":	4.000037,
				"end":	5.000053,
				"seconds":	1.0000159740447998,
				"bytes":	15402376,
				"bits_per_second":	123217039.72548732,
				"packets":	10637,
				"omitted":	false,
				"sender":	true
			}
		}, {
			"streams":	[{
					"socket":	5,
					"start":	5.000053,
					"end":	6.000042,
					"seconds":	0.99998897314071655,
					"bytes":	15060648,
					"bits_per_second":	120486512.58781986,
					"packets":	10401,
					"omitted":	false,
					"sender":	true
				}],
			"sum":	{
				"start":	5.000053,
				"end":	6.000042,
				"seconds":	0.99998897314071655,
				"bytes":	15060648,
				"bits_per_second":	120486512.58781986,
				"packets":	10401,
				"omitted":	false,
				"sender":	true
			}
		}, {
			"streams":	[{
					"socket":	5,
					"start":	6.000042,
					"end":	7.00047,
					"seconds":	1.0004279613494873,
					"bytes":	13149288,
					"bits_per_second":	105149304.16189322,
					"packets":	9081,
					"omitted":	false,
					"sender":	true
				}],
			"sum":	{
				"start":	6.000042,
				"end":	7.00047,
				"seconds":	1.0004279613494873,
				"bytes":	13149288,
				"bits_per_second":	105149304.16189322,
				"packets":	9081,
				"omitted":	false,
				"sender":	true
			}
		}, {
			"streams":	[{
					"socket":	5,
					"start":	7.00047,
					"end":	8.035375,
					"seconds":	1.034904956817627,
					"bytes":	15880216,
					"bits_per_second":	122756903.58142477,
					"packets":	10967,
					"omitted":	false,
					"sender":	true
				}],
			"sum":	{
				"start":	7.00047,
				"end":	8.035375,
				"seconds":	1.034904956817627,
				"bytes":	15880216,
				"bits_per_second":	122756903.58142477,
				"packets":	10967,
				"omitted":	false,
				"sender":	true
			}
		}, {
			"streams":	[{
					"socket":	5,
					"start":	8.035375,
					"end":	9.000016,
					"seconds":	0.96464097499847412,
					"bytes":	15764376,
					"bits_per_second":	130737768.00762531,
					"packets":	10887,
					"omitted":	false,
					"sender":	true
				}],
			"sum":	{
				"start":	8.035375,
				"end":	9.000016,
				"seconds":	0.96464097499847412,
				"bytes":	15764376,
				"bits_per_second":	130737768.00762531,
				"packets":	10887,
				"omitted":	false,
				"sender":	true
			}
		}, {
			"streams":	[{
					"socket":	5,
					"start":	9.000016,
					"end":	10.000043,
					"seconds":	1.0000269412994385,
					"bytes":	13621336,
					"bits_per_second":	108967752.26715703,
					"packets":	9407,
					"omitted":	false,
					"sender":	true
				}],
			"sum":	{
				"start":	9.000016,
				"end":	10.000043,
				"seconds":	1.0000269412994385,
				"bytes":	13621336,
				"bits_per_second":	108967752.26715703,
				"packets":	9407,
				"omitted":	false,
				"sender":	true
			}
		}],
	"end":	{
		"streams":	[{
				"udp":	{
					"socket":	5,
					"start":	0,
					"end":	10.000043,
					"seconds":	10.000043,
					"bytes":	138423008,
					"bits_per_second":	110737930.22690003,
					"jitter_ms":	0.0010458041169655124,
					"lost_packets":	10040,
					"packets":	95596,
					"lost_percent":	10.502531486673082,
					"out_of_order":	0,
					"sender":	true
				}
			}],
		"sum":	{
			"start":	0,
			"end":	10.110449,
			"seconds":	10.110449,
			"bytes":	138423008,
			"bits_per_second":	110737930.22690003,
			"jitter_ms":	0.0010458041169655124,
			"lost_packets":	10040,
			"packets":	95596,
			"lost_percent":	10.502531486673082,
			"sender":	true
		},
		"cpu_utilization_percent":	{
			"host_total":	11.945189890097094,
			"host_user":	1.329161731786654,
			"host_system":	10.61602815831044,
			"remote_total":	6.8356663307309926,
			"remote_user":	1.3109529080368381,
			"remote_system":	5.5247134226941546
		}
	}
}
