{
	"start":	{
		"connected":	[{
				"socket":	5,
				"local_host":	"10.0.1.10",
				"local_port":	50495,
				"remote_host":	"10.0.6.10",
				"remote_port":	5200
			}],
		"version":	"iperf 3.7",
		"system_info":	"Linux a-VirtualBox 5.11.0-40-generic #44~20.04.2-Ubuntu SMP Tue Oct 26 18:07:44 UTC 2021 x86_64",
		"timestamp":	{
			"time":	"Wed, 17 Nov 2021 15:49:05 GMT",
			"timesecs":	1637164145
		},
		"connecting_to":	{
			"host":	"10.0.6.10",
			"port":	5200
		},
		"cookie":	"t33cunrekux23mnved6fbybmnx7s74ozgwqg",
		"sock_bufsize":	0,
		"sndbuf_actual":	212992,
		"rcvbuf_actual":	212992,
		"test_start":	{
			"protocol":	"UDP",
			"num_streams":	1,
			"blksize":	1448,
			"omit":	0,
			"duration":	10,
			"bytes":	0,
			"blocks":	0,
			"reverse":	0,
			"tos":	0
		}
	},
	"intervals":	[{
			"streams":	[{
					"socket":	5,
					"start":	0,
					"end":	1.000092,
					"seconds":	1.0000920295715332,
					"bytes":	9778344,
					"bits_per_second":	78219553.488006979,
					"packets":	6753,
					"omitted":	false,
					"sender":	true
				}],
			"sum":	{
				"start":	0,
				"end":	1.000092,
				"seconds":	1.0000920295715332,
				"bytes":	9778344,
				"bits_per_second":	78219553.488006979,
				"packets":	6753,
				"omitted":	false,
				"sender":	true
			}
		}, {
			"streams":	[{
					"socket":	5,
					"start":	1.000092,
					"end":	2.000008,
					"seconds":	0.99991601705551147,
					"bytes":	10179440,
					"bits_per_second":	81442359.769179508,
					"packets":	7030,
					"omitted":	false,
					"sender":	true
				}],
			"sum":	{
				"start":	1.000092,
				"end":	2.000008,
				"seconds":	0.99991601705551147,
				"bytes":	10179440,
				"bits_per_second":	81442359.769179508,
				"packets":	7030,
				"omitted":	false,
				"sender":	true
			}
		}, {
			"streams":	[{
					"socket":	5,
					"start":	2.000008,
					"end":	3.001582,
					"seconds":	1.0015740394592285,
					"bytes":	13573552,
					"bits_per_second":	108417762.16427219,
					"packets":	9374,
					"omitted":	false,
					"sender":	true
				}],
			"sum":	{
				"start":	2.000008,
				"end":	3.001582,
				"seconds":	1.0015740394592285,
				"bytes":	13573552,
				"bits_per_second":	108417762.16427219,
				"packets":	9374,
				"omitted":	false,
				"sender":	true
			}
		}, {
			"streams":	[{
					"socket":	5,
					"start":	3.001582,
					"end":	4.003137,
					"seconds":	1.0015549659729004,
					"bytes":	12541128,
					"bits_per_second":	100173257.9924272,
					"packets":	8661,
					"omitted":	false,
					"sender":	true
				}],
			"sum":	{
				"start":	3.001582,
				"end":	4.003137,
				"seconds":	1.0015549659729004,
				"bytes":	12541128,
				"bits_per_second":	100173257.9924272,
				"packets":	8661,
				"omitted":	false,
				"sender":	true
			}
		}, {
			"streams":	[{
					"socket":	5,
					"start":	4.003137,
					"end":	5.000081,
					"seconds":	0.996944010257721,
					"bytes":	16566568,
					"bits_per_second":	132938803.62021422,
					"packets":	11441,
					"omitted":	false,
					"sender":	true
				}],
			"sum":	{
				"start":	4.003137,
				"end":	5.000081,
				"seconds":	0.996944010257721,
				"bytes":	16566568,
				"bits_per_second":	132938803.62021422,
				"packets":	11441,
				"omitted":	false,
				"sender":	true
			}
		}, {
			"streams":	[{
					"socket":	5,
					"start":	5.000081,
					"end":	6.000061,
					"seconds":	0.99997997283935547,
					"bytes":	13323048,
					"bits_per_second":	106586518.62533104,
					"packets":	9201,
					"omitted":	false,
					"sender":	true
				}],
			"sum":	{
				"start":	5.000081,
				"end":	6.000061,
				"seconds":	0.99997997283935547,
				"bytes":	13323048,
				"bits_per_second":	106586518.62533104,
				"packets":	9201,
				"omitted":	false,
				"sender":	true
			}
		}, {
			"streams":	[{
					"socket":	5,
					"start":	6.000061,
					"end":	7.000123,
					"seconds":	1.0000619888305664,
					"bytes":	15409616,
					"bits_per_second":	123269286.68107389,
					"packets":	10642,
					"omitted":	false,
					"sender":	true
				}],
			"sum":	{
				"start":	6.000061,
				"end":	7.000123,
				"seconds":	1.0000619888305664,
				"bytes":	15409616,
				"bits_per_second":	123269286.68107389,
				"packets":	10642,
				"omitted":	false,
				"sender":	true
			}
		}, {
			"streams":	[{
					"socket":	5,
					"start":	7.000123,
					"end":	8.000121,
					"seconds":	0.99999797344207764,
					"bytes":	10893304,
					"bits_per_second":	87146608.607650086,
					"packets":	7523,
					"omitted":	false,
					"sender":	true
				}],
			"sum":	{
				"start":	7.000123,
				"end":	8.000121,
				"seconds":	0.99999797344207764,
				"bytes":	10893304,
				"bits_per_second":	87146608.607650086,
				"packets":	7523,
				"omitted":	false,
				"sender":	true
			}
		}, {
			"streams":	[{
					"socket":	5,
					"start":	8.000121,
					"end":	9.016777,
					"seconds":	1.0166560411453247,
					"bytes":	13679256,
					"bits_per_second":	107641172.20679268,
					"packets":	9447,
					"omitted":	false,
					"sender":	true
				}],
			"sum":	{
				"start":	8.000121,
				"end":	9.016777,
				"seconds":	1.0166560411453247,
				"bytes":	13679256,
				"bits_per_second":	107641172.20679268,
				"packets":	9447,
				"omitted":	false,
				"sender":	true
			}
		}, {
			"streams":	[{
					"socket":	5,
					"start":	9.016777,
					"end":	10.000075,
					"seconds":	0.98329800367355347,
					"bytes":	13053720,
					"bits_per_second":	106203571.66378403,
					"packets":	9015,
					"omitted":	false,
					"sender":	true
				}],
			"sum":	{
				"start":	9.016777,
				"end":	10.000075,
				"seconds":	0.98329800367355347,
				"bytes":	13053720,
				"bits_per_second":	106203571.66378403,
				"packets":	9015,
				"omitted":	false,
				"sender":	true
			}
		}],
	"end":	{
		"streams":	[{
				"udp":	{
					"socket":	5,
					"start":	0,
					"end":	10.000075,
					"seconds":	10.000075,
					"bytes":	128997976,
					"bits_per_second":	103197606.81794886,
					"jitter_ms":	0.00049642885645751519,
					"lost_packets":	7430,
					"packets":	89087,
					"lost_percent":	8.3401618642450632,
					"out_of_order":	0,
					"sender":	true
				}
			}],
		"sum":	{
			"start":	0,
			"end":	10.151002,
			"seconds":	10.151002,
			"bytes":	128997976,
			"bits_per_second":	103197606.81794886,
			"jitter_ms":	0.00049642885645751519,
			"lost_packets":	7430,
			"packets":	89087,
			"lost_percent":	8.3401618642450632,
			"sender":	true
		},
		"cpu_utilization_percent":	{
			"host_total":	12.083532823573169,
			"host_user":	1.479370968281982,
			"host_system":	10.604161855291187,
			"remote_total":	6.9646168855601678,
			"remote_user":	1.516802945283813,
			"remote_system":	5.4478139402763546
		}
	}
}
