{
	"start":	{
		"connected":	[{
				"socket":	5,
				"local_host":	"10.0.4.13",
				"local_port":	45062,
				"remote_host":	"10.0.6.10",
				"remote_port":	5203
			}],
		"version":	"iperf 3.7",
		"system_info":	"Linux a-VirtualBox 5.11.0-40-generic #44~20.04.2-Ubuntu SMP Tue Oct 26 18:07:44 UTC 2021 x86_64",
		"timestamp":	{
			"time":	"Wed, 17 Nov 2021 13:35:53 GMT",
			"timesecs":	1637156153
		},
		"connecting_to":	{
			"host":	"10.0.6.10",
			"port":	5203
		},
		"cookie":	"7nd32xwuxd2kt3qqwf5wrid3pfvgtack5aiu",
		"sock_bufsize":	0,
		"sndbuf_actual":	212992,
		"rcvbuf_actual":	212992,
		"test_start":	{
			"protocol":	"UDP",
			"num_streams":	1,
			"blksize":	1448,
			"omit":	0,
			"duration":	10,
			"bytes":	0,
			"blocks":	0,
			"reverse":	0,
			"tos":	0
		}
	},
	"intervals":	[{
			"streams":	[{
					"socket":	5,
					"start":	0,
					"end":	1.000104,
					"seconds":	1.0001039505004883,
					"bytes":	8394056,
					"bits_per_second":	67145468.194975615,
					"packets":	5797,
					"omitted":	false,
					"sender":	true
				}],
			"sum":	{
				"start":	0,
				"end":	1.000104,
				"seconds":	1.0001039505004883,
				"bytes":	8394056,
				"bits_per_second":	67145468.194975615,
				"packets":	5797,
				"omitted":	false,
				"sender":	true
			}
		}, {
			"streams":	[{
					"socket":	5,
					"start":	1.000104,
					"end":	2.000941,
					"seconds":	1.000836968421936,
					"bytes":	13472192,
					"bits_per_second":	107687405.04253916,
					"packets":	9304,
					"omitted":	false,
					"sender":	true
				}],
			"sum":	{
				"start":	1.000104,
				"end":	2.000941,
				"seconds":	1.000836968421936,
				"bytes":	13472192,
				"bits_per_second":	107687405.04253916,
				"packets":	9304,
				"omitted":	false,
				"sender":	true
			}
		}, {
			"streams":	[{
					"socket":	5,
					"start":	2.000941,
					"end":	3.000058,
					"seconds":	0.99911701679229736,
					"bytes":	13363592,
					"bits_per_second":	107003218.04470362,
					"packets":	9229,
					"omitted":	false,
					"sender":	true
				}],
			"sum":	{
				"start":	2.000941,
				"end":	3.000058,
				"seconds":	0.99911701679229736,
				"bytes":	13363592,
				"bits_per_second":	107003218.04470362,
				"packets":	9229,
				"omitted":	false,
				"sender":	true
			}
		}, {
			"streams":	[{
					"socket":	5,
					"start":	3.000058,
					"end":	4.000078,
					"seconds":	1.0000200271606445,
					"bytes":	13864600,
					"bits_per_second":	110914578.69591464,
					"packets":	9575,
					"omitted":	false,
					"sender":	true
				}],
			"sum":	{
				"start":	3.000058,
				"end":	4.000078,
				"seconds":	1.0000200271606445,
				"bytes":	13864600,
				"bits_per_second":	110914578.69591464,
				"packets":	9575,
				"omitted":	false,
				"sender":	true
			}
		}, {
			"streams":	[{
					"socket":	5,
					"start":	4.000078,
					"end":	5.000018,
					"seconds":	0.99993997812271118,
					"bytes":	16481136,
					"bits_per_second":	131857002.30481201,
					"packets":	11382,
					"omitted":	false,
					"sender":	true
				}],
			"sum":	{
				"start":	4.000078,
				"end":	5.000018,
				"seconds":	0.99993997812271118,
				"bytes":	16481136,
				"bits_per_second":	131857002.30481201,
				"packets":	11382,
				"omitted":	false,
				"sender":	true
			}
		}, {
			"streams":	[{
					"socket":	5,
					"start":	5.000018,
					"end":	6.000018,
					"seconds":	1,
					"bytes":	13715456,
					"bits_per_second":	109723648,
					"packets":	9472,
					"omitted":	false,
					"sender":	true
				}],
			"sum":	{
				"start":	5.000018,
				"end":	6.000018,
				"seconds":	1,
				"bytes":	13715456,
				"bits_per_second":	109723648,
				"packets":	9472,
				"omitted":	false,
				"sender":	true
			}
		}, {
			"streams":	[{
					"socket":	5,
					"start":	6.000018,
					"end":	7.000093,
					"seconds":	1.0000749826431274,
					"bytes":	12580224,
					"bits_per_second":	100634246.17823242,
					"packets":	8688,
					"omitted":	false,
					"sender":	true
				}],
			"sum":	{
				"start":	6.000018,
				"end":	7.000093,
				"seconds":	1.0000749826431274,
				"bytes":	12580224,
				"bits_per_second":	100634246.17823242,
				"packets":	8688,
				"omitted":	false,
				"sender":	true
			}
		}, {
			"streams":	[{
					"socket":	5,
					"start":	7.000093,
					"end":	8.000016,
					"seconds":	0.9999229907989502,
					"bytes":	16043840,
					"bits_per_second":	128360604.94763328,
					"packets":	11080,
					"omitted":	false,
					"sender":	true
				}],
			"sum":	{
				"start":	7.000093,
				"end":	8.000016,
				"seconds":	0.9999229907989502,
				"bytes":	16043840,
				"bits_per_second":	128360604.94763328,
				"packets":	11080,
				"omitted":	false,
				"sender":	true
			}
		}, {
			"streams":	[{
					"socket":	5,
					"start":	8.000016,
					"end":	9.000172,
					"seconds":	1.000156044960022,
					"bytes":	13380968,
					"bits_per_second":	107031042.34527612,
					"packets":	9241,
					"omitted":	false,
					"sender":	true
				}],
			"sum":	{
				"start":	8.000016,
				"end":	9.000172,
				"seconds":	1.000156044960022,
				"bytes":	13380968,
				"bits_per_second":	107031042.34527612,
				"packets":	9241,
				"omitted":	false,
				"sender":	true
			}
		}, {
			"streams":	[{
					"socket":	5,
					"start":	9.000172,
					"end":	10.000029,
					"seconds":	0.99985700845718384,
					"bytes":	19559584,
					"bits_per_second":	156499050.04061458,
					"packets":	13508,
					"omitted":	false,
					"sender":	true
				}],
			"sum":	{
				"start":	9.000172,
				"end":	10.000029,
				"seconds":	0.99985700845718384,
				"bytes":	19559584,
				"bits_per_second":	156499050.04061458,
				"packets":	13508,
				"omitted":	false,
				"sender":	true
			}
		}],
	"end":	{
		"streams":	[{
				"udp":	{
					"socket":	5,
					"start":	0,
					"end":	10.000029,
					"seconds":	10.000029,
					"bytes":	140855648,
					"bits_per_second":	112684191.61584432,
					"jitter_ms":	0.0007251697814588216,
					"lost_packets":	8502,
					"packets":	97276,
					"lost_percent":	8.7400797730169835,
					"out_of_order":	0,
					"sender":	true
				}
			}],
		"sum":	{
			"start":	0,
			"end":	10.431474,
			"seconds":	10.431474,
			"bytes":	140855648,
			"bits_per_second":	112684191.61584432,
			"jitter_ms":	0.0007251697814588216,
			"lost_packets":	8502,
			"packets":	97276,
			"lost_percent":	8.7400797730169835,
			"sender":	true
		},
		"cpu_utilization_percent":	{
			"host_total":	11.391286414599005,
			"host_user":	1.3394961433666186,
			"host_system":	10.051799560967135,
			"remote_total":	6.7825707939876949,
			"remote_user":	0.98411221550068029,
			"remote_system":	5.7984585784870148
		}
	}
}
