{
	"start":	{
		"connected":	[{
				"socket":	5,
				"local_host":	"10.0.2.11",
				"local_port":	48910,
				"remote_host":	"10.0.6.10",
				"remote_port":	5201
			}],
		"version":	"iperf 3.7",
		"system_info":	"Linux ubuntu 5.11.0-40-generic #44~20.04.2-Ubuntu SMP Tue Oct 26 18:07:44 UTC 2021 x86_64",
		"timestamp":	{
			"time":	"Sun, 21 Nov 2021 04:39:07 GMT",
			"timesecs":	1637469547
		},
		"connecting_to":	{
			"host":	"10.0.6.10",
			"port":	5201
		},
		"cookie":	"ejdvz6ucztzcniwsiub7irzquhq76s2x3ol4",
		"tcp_mss_default":	1448,
		"target_bitrate":	1000000000,
		"sock_bufsize":	0,
		"sndbuf_actual":	87380,
		"rcvbuf_actual":	87380,
		"test_start":	{
			"protocol":	"TCP",
			"num_streams":	1,
			"blksize":	131072,
			"omit":	0,
			"duration":	10,
			"bytes":	0,
			"blocks":	0,
			"reverse":	0,
			"tos":	0
		}
	},
	"intervals":	[{
			"streams":	[{
					"socket":	5,
					"start":	0,
					"end":	1.000999,
					"seconds":	1.0009989738464355,
					"bytes":	79640,
					"bits_per_second":	636484.16896153719,
					"retransmits":	1,
					"snd_cwnd":	17376,
					"rtt":	221600,
					"rttvar":	198641,
					"pmtu":	1500,
					"omitted":	false,
					"sender":	true
				}],
			"sum":	{
				"start":	0,
				"end":	1.000999,
				"seconds":	1.0009989738464355,
				"bytes":	79640,
				"bits_per_second":	636484.16896153719,
				"retransmits":	1,
				"omitted":	false,
				"sender":	true
			}
		}, {
			"streams":	[{
					"socket":	5,
					"start":	1.000999,
					"end":	2.000263,
					"seconds":	0.99926400184631348,
					"bytes":	130320,
					"bits_per_second":	1043327.8873988151,
					"retransmits":	1,
					"snd_cwnd":	36200,
					"rtt":	293667,
					"rttvar":	236595,
					"pmtu":	1500,
					"omitted":	false,
					"sender":	true
				}],
			"sum":	{
				"start":	1.000999,
				"end":	2.000263,
				"seconds":	0.99926400184631348,
				"bytes":	130320,
				"bits_per_second":	1043327.8873988151,
				"retransmits":	1,
				"omitted":	false,
				"sender":	true
			}
		}, {
			"streams":	[{
					"socket":	5,
					"start":	2.000263,
					"end":	3.000744,
					"seconds":	1.0004810094833374,
					"bytes":	131072,
					"bits_per_second":	1048071.867492517,
					"retransmits":	0,
					"snd_cwnd":	75296,
					"rtt":	470918,
					"rttvar":	440302,
					"pmtu":	1500,
					"omitted":	false,
					"sender":	true
				}],
			"sum":	{
				"start":	2.000263,
				"end":	3.000744,
				"seconds":	1.0004810094833374,
				"bytes":	131072,
				"bits_per_second":	1048071.867492517,
				"retransmits":	0,
				"omitted":	false,
				"sender":	true
			}
		}, {
			"streams":	[{
					"socket":	5,
					"start":	3.000744,
					"end":	4.000655,
					"seconds":	0.99991101026535034,
					"bytes":	393216,
					"bits_per_second":	3146007.9624137809,
					"retransmits":	0,
					"snd_cwnd":	140456,
					"rtt":	555144,
					"rttvar":	234307,
					"pmtu":	1500,
					"omitted":	false,
					"sender":	true
				}],
			"sum":	{
				"start":	3.000744,
				"end":	4.000655,
				"seconds":	0.99991101026535034,
				"bytes":	393216,
				"bits_per_second":	3146007.9624137809,
				"retransmits":	0,
				"omitted":	false,
				"sender":	true
			}
		}, {
			"streams":	[{
					"socket":	5,
					"start":	4.000655,
					"end":	5.00025,
					"seconds":	0.99959498643875122,
					"bytes":	786432,
					"bits_per_second":	6294005.1574433343,
					"retransmits":	0,
					"snd_cwnd":	314216,
					"rtt":	649607,
					"rttvar":	258045,
					"pmtu":	1500,
					"omitted":	false,
					"sender":	true
				}],
			"sum":	{
				"start":	4.000655,
				"end":	5.00025,
				"seconds":	0.99959498643875122,
				"bytes":	786432,
				"bits_per_second":	6294005.1574433343,
				"retransmits":	0,
				"omitted":	false,
				"sender":	true
			}
		}, {
			"streams":	[{
					"socket":	5,
					"start":	5.00025,
					"end":	6.000296,
					"seconds":	1.0000460147857666,
					"bytes":	2752512,
					"bits_per_second":	22019082.796622336,
					"retransmits":	0,
					"snd_cwnd":	886176,
					"rtt":	682788,
					"rttvar":	163390,
					"pmtu":	1500,
					"omitted":	false,
					"sender":	true
				}],
			"sum":	{
				"start":	5.00025,
				"end":	6.000296,
				"seconds":	1.0000460147857666,
				"bytes":	2752512,
				"bits_per_second":	22019082.796622336,
				"retransmits":	0,
				"omitted":	false,
				"sender":	true
			}
		}, {
			"streams":	[{
					"socket":	5,
					"start":	6.000296,
					"end":	7.000046,
					"seconds":	0.999750018119812,
					"bytes":	7602176,
					"bits_per_second":	60832615.051487327,
					"retransmits":	0,
					"snd_cwnd":	2455808,
					"rtt":	685900,
					"rttvar":	102588,
					"pmtu":	1500,
					"omitted":	false,
					"sender":	true
				}],
			"sum":	{
				"start":	6.000296,
				"end":	7.000046,
				"seconds":	0.999750018119812,
				"bytes":	7602176,
				"bits_per_second":	60832615.051487327,
				"retransmits":	0,
				"omitted":	false,
				"sender":	true
			}
		}, {
			"streams":	[{
					"socket":	5,
					"start":	7.000046,
					"end":	8.000159,
					"seconds":	1.0001130104064941,
					"bytes":	4587520,
					"bits_per_second":	36696012.968657695,
					"retransmits":	0,
					"snd_cwnd":	5842680,
					"rtt":	674082,
					"rttvar":	55739,
					"pmtu":	1500,
					"omitted":	false,
					"sender":	true
				}],
			"sum":	{
				"start":	7.000046,
				"end":	8.000159,
				"seconds":	1.0001130104064941,
				"bytes":	4587520,
				"bits_per_second":	36696012.968657695,
				"retransmits":	0,
				"omitted":	false,
				"sender":	true
			}
		}, {
			"streams":	[{
					"socket":	5,
					"start":	8.000159,
					"end":	9.000263,
					"seconds":	1.0001039505004883,
					"bytes":	9830400,
					"bits_per_second":	78635025.849707,
					"retransmits":	0,
					"snd_cwnd":	15468984,
					"rtt":	641192,
					"rttvar":	36047,
					"pmtu":	1500,
					"omitted":	false,
					"sender":	true
				}],
			"sum":	{
				"start":	8.000159,
				"end":	9.000263,
				"seconds":	1.0001039505004883,
				"bytes":	9830400,
				"bits_per_second":	78635025.849707,
				"retransmits":	0,
				"omitted":	false,
				"sender":	true
			}
		}, {
			"streams":	[{
					"socket":	5,
					"start":	9.000263,
					"end":	10.000135,
					"seconds":	0.99987202882766724,
					"bytes":	14942208,
					"bits_per_second":	119552963.33287357,
					"retransmits":	0,
					"snd_cwnd":	17717728,
					"rtt":	632581,
					"rttvar":	28346,
					"pmtu":	1500,
					"omitted":	false,
					"sender":	true
				}],
			"sum":	{
				"start":	9.000263,
				"end":	10.000135,
				"seconds":	0.99987202882766724,
				"bytes":	14942208,
				"bits_per_second":	119552963.33287357,
				"retransmits":	0,
				"omitted":	false,
				"sender":	true
			}
		}],
	"end":	{
		"streams":	[{
				"sender":	{
					"socket":	5,
					"start":	0,
					"end":	10.000135,
					"seconds":	10.000135,
					"bytes":	41235496,
					"bits_per_second":	32987951.462655254,
					"retransmits":	2,
					"max_snd_cwnd":	17717728,
					"max_rtt":	685900,
					"min_rtt":	221600,
					"mean_rtt":	550747,
					"sender":	true
				},
				"receiver":	{
					"socket":	5,
					"start":	0,
					"end":	10.529993,
					"seconds":	10.000135,
					"bytes":	38689112,
					"bits_per_second":	29393456.956714027,
					"sender":	true
				}
			}],
		"sum_sent":	{
			"start":	0,
			"end":	10.000135,
			"seconds":	10.000135,
			"bytes":	41235496,
			"bits_per_second":	32987951.462655254,
			"retransmits":	2,
			"sender":	true
		},
		"sum_received":	{
			"start":	0,
			"end":	10.529993,
			"seconds":	10.529993,
			"bytes":	38689112,
			"bits_per_second":	29393456.956714027,
			"sender":	true
		},
		"cpu_utilization_percent":	{
			"host_total":	4.86692109225191,
			"host_user":	0.76012234390797628,
			"host_system":	4.1067896578199505,
			"remote_total":	0.42933220985493131,
			"remote_user":	0.42933220985493131,
			"remote_system":	0
		},
		"sender_tcp_congestion":	"cubic",
		"receiver_tcp_congestion":	"cubic"
	}
}
