{
	"start":	{
		"connected":	[{
				"socket":	5,
				"local_host":	"10.0.5.10",
				"local_port":	49144,
				"remote_host":	"10.0.6.10",
				"remote_port":	5204
			}],
		"version":	"iperf 3.7",
		"system_info":	"Linux ubuntu 5.11.0-40-generic #44~20.04.2-Ubuntu SMP Tue Oct 26 18:07:44 UTC 2021 x86_64",
		"timestamp":	{
			"time":	"Sun, 21 Nov 2021 04:39:07 GMT",
			"timesecs":	1637469547
		},
		"connecting_to":	{
			"host":	"10.0.6.10",
			"port":	5204
		},
		"cookie":	"zwwz2apctotgzkikajzep7acopktttojft4q",
		"tcp_mss_default":	1448,
		"target_bitrate":	1000000000,
		"sock_bufsize":	0,
		"sndbuf_actual":	87380,
		"rcvbuf_actual":	87380,
		"test_start":	{
			"protocol":	"TCP",
			"num_streams":	1,
			"blksize":	131072,
			"omit":	0,
			"duration":	10,
			"bytes":	0,
			"blocks":	0,
			"reverse":	0,
			"tos":	0
		}
	},
	"intervals":	[{
			"streams":	[{
					"socket":	5,
					"start":	0,
					"end":	1.000297,
					"seconds":	1.000296950340271,
					"bytes":	79640,
					"bits_per_second":	636930.86316345446,
					"retransmits":	0,
					"snd_cwnd":	17376,
					"rtt":	319101,
					"rttvar":	190720,
					"pmtu":	1500,
					"omitted":	false,
					"sender":	true
				}],
			"sum":	{
				"start":	0,
				"end":	1.000297,
				"seconds":	1.000296950340271,
				"bytes":	79640,
				"bits_per_second":	636930.86316345446,
				"retransmits":	0,
				"omitted":	false,
				"sender":	true
			}
		}, {
			"streams":	[{
					"socket":	5,
					"start":	1.000297,
					"end":	2.000684,
					"seconds":	1.0003869533538818,
					"bytes":	130320,
					"bits_per_second":	1042156.733956525,
					"retransmits":	0,
					"snd_cwnd":	37648,
					"rtt":	490254,
					"rttvar":	403498,
					"pmtu":	1500,
					"omitted":	false,
					"sender":	true
				}],
			"sum":	{
				"start":	1.000297,
				"end":	2.000684,
				"seconds":	1.0003869533538818,
				"bytes":	130320,
				"bits_per_second":	1042156.733956525,
				"retransmits":	0,
				"omitted":	false,
				"sender":	true
			}
		}, {
			"streams":	[{
					"socket":	5,
					"start":	2.000684,
					"end":	3.000349,
					"seconds":	0.9996650218963623,
					"bytes":	131072,
					"bits_per_second":	1048927.367700486,
					"retransmits":	0,
					"snd_cwnd":	65160,
					"rtt":	559846,
					"rttvar":	441808,
					"pmtu":	1500,
					"omitted":	false,
					"sender":	true
				}],
			"sum":	{
				"start":	2.000684,
				"end":	3.000349,
				"seconds":	0.9996650218963623,
				"bytes":	131072,
				"bits_per_second":	1048927.367700486,
				"retransmits":	0,
				"omitted":	false,
				"sender":	true
			}
		}, {
			"streams":	[{
					"socket":	5,
					"start":	3.000349,
					"end":	4.000685,
					"seconds":	1.0003360509872437,
					"bytes":	0,
					"bits_per_second":	0,
					"retransmits":	0,
					"snd_cwnd":	65160,
					"rtt":	559846,
					"rttvar":	441808,
					"pmtu":	1500,
					"omitted":	false,
					"sender":	true
				}],
			"sum":	{
				"start":	3.000349,
				"end":	4.000685,
				"seconds":	1.0003360509872437,
				"bytes":	0,
				"bits_per_second":	0,
				"retransmits":	0,
				"omitted":	false,
				"sender":	true
			}
		}, {
			"streams":	[{
					"socket":	5,
					"start":	4.000685,
					"end":	5.000181,
					"seconds":	0.9994959831237793,
					"bytes":	0,
					"bits_per_second":	0,
					"retransmits":	0,
					"snd_cwnd":	65160,
					"rtt":	559846,
					"rttvar":	441808,
					"pmtu":	1500,
					"omitted":	false,
					"sender":	true
				}],
			"sum":	{
				"start":	4.000685,
				"end":	5.000181,
				"seconds":	0.9994959831237793,
				"bytes":	0,
				"bits_per_second":	0,
				"retransmits":	0,
				"omitted":	false,
				"sender":	true
			}
		}, {
			"streams":	[{
					"socket":	5,
					"start":	5.000181,
					"end":	6.000052,
					"seconds":	0.999871015548706,
					"bytes":	0,
					"bits_per_second":	0,
					"retransmits":	0,
					"snd_cwnd":	65160,
					"rtt":	559846,
					"rttvar":	441808,
					"pmtu":	1500,
					"omitted":	false,
					"sender":	true
				}],
			"sum":	{
				"start":	5.000181,
				"end":	6.000052,
				"seconds":	0.999871015548706,
				"bytes":	0,
				"bits_per_second":	0,
				"retransmits":	0,
				"omitted":	false,
				"sender":	true
			}
		}, {
			"streams":	[{
					"socket":	5,
					"start":	6.000052,
					"end":	7.000629,
					"seconds":	1.0005769729614258,
					"bytes":	0,
					"bits_per_second":	0,
					"retransmits":	1,
					"snd_cwnd":	1448,
					"rtt":	559846,
					"rttvar":	441808,
					"pmtu":	1500,
					"omitted":	false,
					"sender":	true
				}],
			"sum":	{
				"start":	6.000052,
				"end":	7.000629,
				"seconds":	1.0005769729614258,
				"bytes":	0,
				"bits_per_second":	0,
				"retransmits":	1,
				"omitted":	false,
				"sender":	true
			}
		}, {
			"streams":	[{
					"socket":	5,
					"start":	7.000629,
					"end":	8.000183,
					"seconds":	0.99955397844314575,
					"bytes":	0,
					"bits_per_second":	0,
					"retransmits":	0,
					"snd_cwnd":	1448,
					"rtt":	559846,
					"rttvar":	441808,
					"pmtu":	1500,
					"omitted":	false,
					"sender":	true
				}],
			"sum":	{
				"start":	7.000629,
				"end":	8.000183,
				"seconds":	0.99955397844314575,
				"bytes":	0,
				"bits_per_second":	0,
				"retransmits":	0,
				"omitted":	false,
				"sender":	true
			}
		}, {
			"streams":	[{
					"socket":	5,
					"start":	8.000183,
					"end":	9.000148,
					"seconds":	0.99996501207351685,
					"bytes":	0,
					"bits_per_second":	0,
					"retransmits":	0,
					"snd_cwnd":	1448,
					"rtt":	559846,
					"rttvar":	441808,
					"pmtu":	1500,
					"omitted":	false,
					"sender":	true
				}],
			"sum":	{
				"start":	8.000183,
				"end":	9.000148,
				"seconds":	0.99996501207351685,
				"bytes":	0,
				"bits_per_second":	0,
				"retransmits":	0,
				"omitted":	false,
				"sender":	true
			}
		}, {
			"streams":	[{
					"socket":	5,
					"start":	9.000148,
					"end":	10.000171,
					"seconds":	1.0000230073928833,
					"bytes":	0,
					"bits_per_second":	0,
					"retransmits":	0,
					"snd_cwnd":	1448,
					"rtt":	559846,
					"rttvar":	441808,
					"pmtu":	1500,
					"omitted":	false,
					"sender":	true
				}],
			"sum":	{
				"start":	9.000148,
				"end":	10.000171,
				"seconds":	1.0000230073928833,
				"bytes":	0,
				"bits_per_second":	0,
				"retransmits":	0,
				"omitted":	false,
				"sender":	true
			}
		}],
	"end":	{
		"streams":	[{
				"sender":	{
					"socket":	5,
					"start":	0,
					"end":	10.000171,
					"seconds":	10.000171,
					"bytes":	341032,
					"bits_per_second":	272820.93476201559,
					"retransmits":	1,
					"max_snd_cwnd":	65160,
					"max_rtt":	559846,
					"min_rtt":	319101,
					"mean_rtt":	528812,
					"sender":	true
				},
				"receiver":	{
					"socket":	5,
					"start":	0,
					"end":	11.395462,
					"seconds":	10.000171,
					"bytes":	117288,
					"bits_per_second":	82340.1455772482,
					"sender":	true
				}
			}],
		"sum_sent":	{
			"start":	0,
			"end":	10.000171,
			"seconds":	10.000171,
			"bytes":	341032,
			"bits_per_second":	272820.93476201559,
			"retransmits":	1,
			"sender":	true
		},
		"sum_received":	{
			"start":	0,
			"end":	11.395462,
			"seconds":	11.395462,
			"bytes":	117288,
			"bits_per_second":	82340.1455772482,
			"sender":	true
		},
		"cpu_utilization_percent":	{
			"host_total":	9.5877892181781643,
			"host_user":	1.1223751358391643,
			"host_system":	8.4654057364875879,
			"remote_total":	0.028617070070028807,
			"remote_user":	0.028608891427539519,
			"remote_system":	0
		},
		"sender_tcp_congestion":	"cubic",
		"receiver_tcp_congestion":	"cubic"
	}
}
