{
	"start":	{
		"connected":	[{
				"socket":	5,
				"local_host":	"10.0.2.11",
				"local_port":	47411,
				"remote_host":	"10.0.6.10",
				"remote_port":	5201
			}],
		"version":	"iperf 3.7",
		"system_info":	"Linux ubuntu 5.11.0-40-generic #44~20.04.2-Ubuntu SMP Tue Oct 26 18:07:44 UTC 2021 x86_64",
		"timestamp":	{
			"time":	"Sun, 21 Nov 2021 04:44:36 GMT",
			"timesecs":	1637469876
		},
		"connecting_to":	{
			"host":	"10.0.6.10",
			"port":	5201
		},
		"cookie":	"iikt6vspnsbvvbao6b3n4g2744gqnz5vmzln",
		"sock_bufsize":	0,
		"sndbuf_actual":	212992,
		"rcvbuf_actual":	212992,
		"test_start":	{
			"protocol":	"UDP",
			"num_streams":	1,
			"blksize":	1448,
			"omit":	0,
			"duration":	10,
			"bytes":	0,
			"blocks":	0,
			"reverse":	0,
			"tos":	0
		}
	},
	"intervals":	[{
			"streams":	[{
					"socket":	5,
					"start":	0,
					"end":	1.000013,
					"seconds":	1.000012993812561,
					"bytes":	55416408,
					"bits_per_second":	443325503.51150382,
					"packets":	38271,
					"omitted":	false,
					"sender":	true
				}],
			"sum":	{
				"start":	0,
				"end":	1.000013,
				"seconds":	1.000012993812561,
				"bytes":	55416408,
				"bits_per_second":	443325503.51150382,
				"packets":	38271,
				"omitted":	false,
				"sender":	true
			}
		}, {
			"streams":	[{
					"socket":	5,
					"start":	1.000013,
					"end":	2.000016,
					"seconds":	1.0000029802322388,
					"bytes":	43106960,
					"bits_per_second":	344854652.25304765,
					"packets":	29770,
					"omitted":	false,
					"sender":	true
				}],
			"sum":	{
				"start":	1.000013,
				"end":	2.000016,
				"seconds":	1.0000029802322388,
				"bytes":	43106960,
				"bits_per_second":	344854652.25304765,
				"packets":	29770,
				"omitted":	false,
				"sender":	true
			}
		}, {
			"streams":	[{
					"socket":	5,
					"start":	2.000016,
					"end":	3.00001,
					"seconds":	0.99999397993087769,
					"bytes":	40769888,
					"bits_per_second":	326161067.51217145,
					"packets":	28156,
					"omitted":	false,
					"sender":	true
				}],
			"sum":	{
				"start":	2.000016,
				"end":	3.00001,
				"seconds":	0.99999397993087769,
				"bytes":	40769888,
				"bits_per_second":	326161067.51217145,
				"packets":	28156,
				"omitted":	false,
				"sender":	true
			}
		}, {
			"streams":	[{
					"socket":	5,
					"start":	3.00001,
					"end":	4.000028,
					"seconds":	1.0000180006027222,
					"bytes":	28554560,
					"bits_per_second":	228432368.07969332,
					"packets":	19720,
					"omitted":	false,
					"sender":	true
				}],
			"sum":	{
				"start":	3.00001,
				"end":	4.000028,
				"seconds":	1.0000180006027222,
				"bytes":	28554560,
				"bits_per_second":	228432368.07969332,
				"packets":	19720,
				"omitted":	false,
				"sender":	true
			}
		}, {
			"streams":	[{
					"socket":	5,
					"start":	4.000028,
					"end":	5.000004,
					"seconds":	0.99997597932815552,
					"bytes":	29969256,
					"bits_per_second":	239759807.19165003,
					"packets":	20697,
					"omitted":	false,
					"sender":	true
				}],
			"sum":	{
				"start":	4.000028,
				"end":	5.000004,
				"seconds":	0.99997597932815552,
				"bytes":	29969256,
				"bits_per_second":	239759807.19165003,
				"packets":	20697,
				"omitted":	false,
				"sender":	true
			}
		}, {
			"streams":	[{
					"socket":	5,
					"start":	5.000004,
					"end":	6.000128,
					"seconds":	1.0001239776611328,
					"bytes":	26686640,
					"bits_per_second":	213466654.90339524,
					"packets":	18430,
					"omitted":	false,
					"sender":	true
				}],
			"sum":	{
				"start":	5.000004,
				"end":	6.000128,
				"seconds":	1.0001239776611328,
				"bytes":	26686640,
				"bits_per_second":	213466654.90339524,
				"packets":	18430,
				"omitted":	false,
				"sender":	true
			}
		}, {
			"streams":	[{
					"socket":	5,
					"start":	6.000128,
					"end":	7.000015,
					"seconds":	0.99988698959350586,
					"bytes":	22116752,
					"bits_per_second":	176954013.6450128,
					"packets":	15274,
					"omitted":	false,
					"sender":	true
				}],
			"sum":	{
				"start":	6.000128,
				"end":	7.000015,
				"seconds":	0.99988698959350586,
				"bytes":	22116752,
				"bits_per_second":	176954013.6450128,
				"packets":	15274,
				"omitted":	false,
				"sender":	true
			}
		}, {
			"streams":	[{
					"socket":	5,
					"start":	7.000015,
					"end":	8.006256,
					"seconds":	1.0062409639358521,
					"bytes":	46321520,
					"bits_per_second":	368273776.6414606,
					"packets":	31990,
					"omitted":	false,
					"sender":	true
				}],
			"sum":	{
				"start":	7.000015,
				"end":	8.006256,
				"seconds":	1.0062409639358521,
				"bytes":	46321520,
				"bits_per_second":	368273776.6414606,
				"packets":	31990,
				"omitted":	false,
				"sender":	true
			}
		}, {
			"streams":	[{
					"socket":	5,
					"start":	8.006256,
					"end":	9.000159,
					"seconds":	0.99390298128128052,
					"bytes":	53635368,
					"bits_per_second":	431715119.16268915,
					"packets":	37041,
					"omitted":	false,
					"sender":	true
				}],
			"sum":	{
				"start":	8.006256,
				"end":	9.000159,
				"seconds":	0.99390298128128052,
				"bytes":	53635368,
				"bits_per_second":	431715119.16268915,
				"packets":	37041,
				"omitted":	false,
				"sender":	true
			}
		}, {
			"streams":	[{
					"socket":	5,
					"start":	9.000159,
					"end":	10.000014,
					"seconds":	0.99985498189926147,
					"bytes":	62546360,
					"bits_per_second":	500443453.35913318,
					"packets":	43195,
					"omitted":	false,
					"sender":	true
				}],
			"sum":	{
				"start":	9.000159,
				"end":	10.000014,
				"seconds":	0.99985498189926147,
				"bytes":	62546360,
				"bits_per_second":	500443453.35913318,
				"packets":	43195,
				"omitted":	false,
				"sender":	true
			}
		}],
	"end":	{
		"streams":	[{
				"udp":	{
					"socket":	5,
					"start":	0,
					"end":	10.000014,
					"seconds":	10.000014,
					"bytes":	409123712,
					"bits_per_second":	327298511.38208407,
					"jitter_ms":	0.010472588038989653,
					"lost_packets":	11955,
					"packets":	282544,
					"lost_percent":	4.23119938841384,
					"out_of_order":	0,
					"sender":	true
				}
			}],
		"sum":	{
			"start":	0,
			"end":	10.111106,
			"seconds":	10.111106,
			"bytes":	409123712,
			"bits_per_second":	327298511.38208407,
			"jitter_ms":	0.010472588038989653,
			"lost_packets":	11955,
			"packets":	282544,
			"lost_percent":	4.23119938841384,
			"sender":	true
		},
		"cpu_utilization_percent":	{
			"host_total":	26.165416715857535,
			"host_user":	1.677851545732765,
			"host_system":	24.487565170124771,
			"remote_total":	8.50264290888301,
			"remote_user":	1.839836892952271,
			"remote_system":	6.6628060159307392
		}
	}
}
