{
	"start":	{
		"connected":	[{
				"socket":	5,
				"local_host":	"10.0.3.12",
				"local_port":	41102,
				"remote_host":	"10.0.6.10",
				"remote_port":	5202
			}],
		"version":	"iperf 3.7",
		"system_info":	"Linux ubuntu 5.11.0-40-generic #44~20.04.2-Ubuntu SMP Tue Oct 26 18:07:44 UTC 2021 x86_64",
		"timestamp":	{
			"time":	"Sun, 21 Nov 2021 04:44:36 GMT",
			"timesecs":	1637469876
		},
		"connecting_to":	{
			"host":	"10.0.6.10",
			"port":	5202
		},
		"cookie":	"sebbfc7zsuvgvmulr2lp7urjs4dj3vkcqy3u",
		"sock_bufsize":	0,
		"sndbuf_actual":	212992,
		"rcvbuf_actual":	212992,
		"test_start":	{
			"protocol":	"UDP",
			"num_streams":	1,
			"blksize":	1448,
			"omit":	0,
			"duration":	10,
			"bytes":	0,
			"blocks":	0,
			"reverse":	0,
			"tos":	0
		}
	},
	"intervals":	[{
			"streams":	[{
					"socket":	5,
					"start":	0,
					"end":	1.003078,
					"seconds":	1.0030779838562012,
					"bytes":	48064912,
					"bits_per_second":	383339383.56593794,
					"packets":	33194,
					"omitted":	false,
					"sender":	true
				}],
			"sum":	{
				"start":	0,
				"end":	1.003078,
				"seconds":	1.0030779838562012,
				"bytes":	48064912,
				"bits_per_second":	383339383.56593794,
				"packets":	33194,
				"omitted":	false,
				"sender":	true
			}
		}, {
			"streams":	[{
					"socket":	5,
					"start":	1.003078,
					"end":	2.00002,
					"seconds":	0.99694198369979858,
					"bytes":	63141488,
					"bits_per_second":	506681343.808374,
					"packets":	43606,
					"omitted":	false,
					"sender":	true
				}],
			"sum":	{
				"start":	1.003078,
				"end":	2.00002,
				"seconds":	0.99694198369979858,
				"bytes":	63141488,
				"bits_per_second":	506681343.808374,
				"packets":	43606,
				"omitted":	false,
				"sender":	true
			}
		}, {
			"streams":	[{
					"socket":	5,
					"start":	2.00002,
					"end":	3.000054,
					"seconds":	1.000033974647522,
					"bytes":	60008016,
					"bits_per_second":	480047818.54457128,
					"packets":	41442,
					"omitted":	false,
					"sender":	true
				}],
			"sum":	{
				"start":	2.00002,
				"end":	3.000054,
				"seconds":	1.000033974647522,
				"bytes":	60008016,
				"bits_per_second":	480047818.54457128,
				"packets":	41442,
				"omitted":	false,
				"sender":	true
			}
		}, {
			"streams":	[{
					"socket":	5,
					"start":	3.000054,
					"end":	4.007145,
					"seconds":	1.0070910453796387,
					"bytes":	64249208,
					"bits_per_second":	510374574.72997594,
					"packets":	44371,
					"omitted":	false,
					"sender":	true
				}],
			"sum":	{
				"start":	3.000054,
				"end":	4.007145,
				"seconds":	1.0070910453796387,
				"bytes":	64249208,
				"bits_per_second":	510374574.72997594,
				"packets":	44371,
				"omitted":	false,
				"sender":	true
			}
		}, {
			"streams":	[{
					"socket":	5,
					"start":	4.007145,
					"end":	5.000038,
					"seconds":	0.99289298057556152,
					"bytes":	60116616,
					"bits_per_second":	484375393.32911,
					"packets":	41517,
					"omitted":	false,
					"sender":	true
				}],
			"sum":	{
				"start":	4.007145,
				"end":	5.000038,
				"seconds":	0.99289298057556152,
				"bytes":	60116616,
				"bits_per_second":	484375393.32911,
				"packets":	41517,
				"omitted":	false,
				"sender":	true
			}
		}, {
			"streams":	[{
					"socket":	5,
					"start":	5.000038,
					"end":	6.00319,
					"seconds":	1.0031520128250122,
					"bytes":	64047936,
					"bits_per_second":	510773523.30386955,
					"packets":	44232,
					"omitted":	false,
					"sender":	true
				}],
			"sum":	{
				"start":	5.000038,
				"end":	6.00319,
				"seconds":	1.0031520128250122,
				"bytes":	64047936,
				"bits_per_second":	510773523.30386955,
				"packets":	44232,
				"omitted":	false,
				"sender":	true
			}
		}, {
			"streams":	[{
					"socket":	5,
					"start":	6.00319,
					"end":	7.003177,
					"seconds":	0.999987006187439,
					"bytes":	67766400,
					"bits_per_second":	542138244.44273043,
					"packets":	46800,
					"omitted":	false,
					"sender":	true
				}],
			"sum":	{
				"start":	6.00319,
				"end":	7.003177,
				"seconds":	0.999987006187439,
				"bytes":	67766400,
				"bits_per_second":	542138244.44273043,
				"packets":	46800,
				"omitted":	false,
				"sender":	true
			}
		}, {
			"streams":	[{
					"socket":	5,
					"start":	7.003177,
					"end":	8.003483,
					"seconds":	1.0003060102462769,
					"bytes":	63768472,
					"bits_per_second":	509991713.31021076,
					"packets":	44039,
					"omitted":	false,
					"sender":	true
				}],
			"sum":	{
				"start":	7.003177,
				"end":	8.003483,
				"seconds":	1.0003060102462769,
				"bytes":	63768472,
				"bits_per_second":	509991713.31021076,
				"packets":	44039,
				"omitted":	false,
				"sender":	true
			}
		}, {
			"streams":	[{
					"socket":	5,
					"start":	8.003483,
					"end":	9.003286,
					"seconds":	0.99980300664901733,
					"bytes":	60300512,
					"bits_per_second":	482499145.12344414,
					"packets":	41644,
					"omitted":	false,
					"sender":	true
				}],
			"sum":	{
				"start":	8.003483,
				"end":	9.003286,
				"seconds":	0.99980300664901733,
				"bytes":	60300512,
				"bits_per_second":	482499145.12344414,
				"packets":	41644,
				"omitted":	false,
				"sender":	true
			}
		}, {
			"streams":	[{
					"socket":	5,
					"start":	9.003286,
					"end":	10.002886,
					"seconds":	0.99959999322891235,
					"bytes":	61548688,
					"bits_per_second":	492586541.95212752,
					"packets":	42506,
					"omitted":	false,
					"sender":	true
				}],
			"sum":	{
				"start":	9.003286,
				"end":	10.002886,
				"seconds":	0.99959999322891235,
				"bytes":	61548688,
				"bits_per_second":	492586541.95212752,
				"packets":	42506,
				"omitted":	false,
				"sender":	true
			}
		}],
	"end":	{
		"streams":	[{
				"udp":	{
					"socket":	5,
					"start":	0,
					"end":	10.002886,
					"seconds":	10.002886,
					"bytes":	613012248,
					"bits_per_second":	490268306.96660942,
					"jitter_ms":	0.01805327681591954,
					"lost_packets":	0,
					"packets":	423351,
					"lost_percent":	0,
					"out_of_order":	0,
					"sender":	true
				}
			}],
		"sum":	{
			"start":	0,
			"end":	10.132732,
			"seconds":	10.132732,
			"bytes":	613012248,
			"bits_per_second":	490268306.96660942,
			"jitter_ms":	0.01805327681591954,
			"lost_packets":	0,
			"packets":	423351,
			"lost_percent":	0,
			"sender":	true
		},
		"cpu_utilization_percent":	{
			"host_total":	29.99482984001169,
			"host_user":	2.6410526373118914,
			"host_system":	27.353777202699796,
			"remote_total":	15.844497360631227,
			"remote_user":	4.0035148094290385,
			"remote_system":	11.840982551202188
		}
	}
}
