{
	"start":	{
		"connected":	[{
				"socket":	5,
				"local_host":	"10.0.2.11",
				"local_port":	38602,
				"remote_host":	"10.0.6.10",
				"remote_port":	5201
			}],
		"version":	"iperf 3.7",
		"system_info":	"Linux a-VirtualBox 5.11.0-40-generic #44~20.04.2-Ubuntu SMP Tue Oct 26 18:07:44 UTC 2021 x86_64",
		"timestamp":	{
			"time":	"Wed, 17 Nov 2021 13:36:47 GMT",
			"timesecs":	1637156207
		},
		"connecting_to":	{
			"host":	"10.0.6.10",
			"port":	5201
		},
		"cookie":	"wscz4fmd2epd5w5cethj4zco5whkpa3y3v3s",
		"tcp_mss_default":	1448,
		"target_bitrate":	1000000000,
		"sock_bufsize":	0,
		"sndbuf_actual":	87380,
		"rcvbuf_actual":	87380,
		"test_start":	{
			"protocol":	"TCP",
			"num_streams":	1,
			"blksize":	131072,
			"omit":	0,
			"duration":	10,
			"bytes":	0,
			"blocks":	0,
			"reverse":	0,
			"tos":	0
		}
	},
	"intervals":	[{
			"streams":	[{
					"socket":	5,
					"start":	0,
					"end":	1.000184,
					"seconds":	1.0001840591430664,
					"bytes":	79640,
					"bits_per_second":	637002.75381900114,
					"retransmits":	0,
					"snd_cwnd":	17376,
					"rtt":	261666,
					"rttvar":	181520,
					"pmtu":	1500,
					"omitted":	false,
					"sender":	true
				}],
			"sum":	{
				"start":	0,
				"end":	1.000184,
				"seconds":	1.0001840591430664,
				"bytes":	79640,
				"bits_per_second":	637002.75381900114,
				"retransmits":	0,
				"omitted":	false,
				"sender":	true
			}
		}, {
			"streams":	[{
					"socket":	5,
					"start":	1.000184,
					"end":	2.000195,
					"seconds":	1.0000109672546387,
					"bytes":	130320,
					"bits_per_second":	1042548.5661044023,
					"retransmits":	1,
					"snd_cwnd":	36200,
					"rtt":	324061,
					"rttvar":	210248,
					"pmtu":	1500,
					"omitted":	false,
					"sender":	true
				}],
			"sum":	{
				"start":	1.000184,
				"end":	2.000195,
				"seconds":	1.0000109672546387,
				"bytes":	130320,
				"bits_per_second":	1042548.5661044023,
				"retransmits":	1,
				"omitted":	false,
				"sender":	true
			}
		}, {
			"streams":	[{
					"socket":	5,
					"start":	2.000195,
					"end":	3.000221,
					"seconds":	1.0000259876251221,
					"bytes":	131072,
					"bits_per_second":	1048548.7507081444,
					"retransmits":	0,
					"snd_cwnd":	75296,
					"rtt":	494106,
					"rttvar":	413014,
					"pmtu":	1500,
					"omitted":	false,
					"sender":	true
				}],
			"sum":	{
				"start":	2.000195,
				"end":	3.000221,
				"seconds":	1.0000259876251221,
				"bytes":	131072,
				"bits_per_second":	1048548.7507081444,
				"retransmits":	0,
				"omitted":	false,
				"sender":	true
			}
		}, {
			"streams":	[{
					"socket":	5,
					"start":	3.000221,
					"end":	4.000316,
					"seconds":	1.000095009803772,
					"bytes":	262144,
					"bits_per_second":	2096952.768928905,
					"retransmits":	0,
					"snd_cwnd":	118736,
					"rtt":	624696,
					"rttvar":	458663,
					"pmtu":	1500,
					"omitted":	false,
					"sender":	true
				}],
			"sum":	{
				"start":	3.000221,
				"end":	4.000316,
				"seconds":	1.000095009803772,
				"bytes":	262144,
				"bits_per_second":	2096952.768928905,
				"retransmits":	0,
				"omitted":	false,
				"sender":	true
			}
		}, {
			"streams":	[{
					"socket":	5,
					"start":	4.000316,
					"end":	5.000438,
					"seconds":	1.0001219511032104,
					"bytes":	524288,
					"bits_per_second":	4193792.5623703832,
					"retransmits":	0,
					"snd_cwnd":	224440,
					"rtt":	678150,
					"rttvar":	450904,
					"pmtu":	1500,
					"omitted":	false,
					"sender":	true
				}],
			"sum":	{
				"start":	4.000316,
				"end":	5.000438,
				"seconds":	1.0001219511032104,
				"bytes":	524288,
				"bits_per_second":	4193792.5623703832,
				"retransmits":	0,
				"omitted":	false,
				"sender":	true
			}
		}, {
			"streams":	[{
					"socket":	5,
					"start":	5.000438,
					"end":	6.000297,
					"seconds":	0.99985897541046143,
					"bytes":	1179648,
					"bits_per_second":	9438515.0627125725,
					"retransmits":	0,
					"snd_cwnd":	451776,
					"rtt":	766223,
					"rttvar":	406282,
					"pmtu":	1500,
					"omitted":	false,
					"sender":	true
				}],
			"sum":	{
				"start":	5.000438,
				"end":	6.000297,
				"seconds":	0.99985897541046143,
				"bytes":	1179648,
				"bits_per_second":	9438515.0627125725,
				"retransmits":	0,
				"omitted":	false,
				"sender":	true
			}
		}, {
			"streams":	[{
					"socket":	5,
					"start":	6.000297,
					"end":	7.000074,
					"seconds":	0.99977701902389526,
					"bytes":	2228224,
					"bits_per_second":	17829767.699005246,
					"retransmits":	0,
					"snd_cwnd":	905000,
					"rtt":	833751,
					"rttvar":	345610,
					"pmtu":	1500,
					"omitted":	false,
					"sender":	true
				}],
			"sum":	{
				"start":	6.000297,
				"end":	7.000074,
				"seconds":	0.99977701902389526,
				"bytes":	2228224,
				"bits_per_second":	17829767.699005246,
				"retransmits":	0,
				"omitted":	false,
				"sender":	true
			}
		}, {
			"streams":	[{
					"socket":	5,
					"start":	7.000074,
					"end":	8.000202,
					"seconds":	1.0001280307769775,
					"bytes":	7471104,
					"bits_per_second":	59761180.7295981,
					"retransmits":	0,
					"snd_cwnd":	2522416,
					"rtt":	703535,
					"rttvar":	184729,
					"pmtu":	1500,
					"omitted":	false,
					"sender":	true
				}],
			"sum":	{
				"start":	7.000074,
				"end":	8.000202,
				"seconds":	1.0001280307769775,
				"bytes":	7471104,
				"bits_per_second":	59761180.7295981,
				"retransmits":	0,
				"omitted":	false,
				"sender":	true
			}
		}, {
			"streams":	[{
					"socket":	5,
					"start":	8.000202,
					"end":	9.000207,
					"seconds":	1.0000050067901611,
					"bytes":	4718592,
					"bits_per_second":	37748547.000946276,
					"retransmits":	0,
					"snd_cwnd":	6171376,
					"rtt":	681305,
					"rttvar":	80552,
					"pmtu":	1500,
					"omitted":	false,
					"sender":	true
				}],
			"sum":	{
				"start":	8.000202,
				"end":	9.000207,
				"seconds":	1.0000050067901611,
				"bytes":	4718592,
				"bits_per_second":	37748547.000946276,
				"retransmits":	0,
				"omitted":	false,
				"sender":	true
			}
		}, {
			"streams":	[{
					"socket":	5,
					"start":	9.000207,
					"end":	10.001407,
					"seconds":	1.0011999607086182,
					"bytes":	10878976,
					"bits_per_second":	86927498.417400658,
					"retransmits":	0,
					"snd_cwnd":	16662136,
					"rtt":	720169,
					"rttvar":	91274,
					"pmtu":	1500,
					"omitted":	false,
					"sender":	true
				}],
			"sum":	{
				"start":	9.000207,
				"end":	10.001407,
				"seconds":	1.0011999607086182,
				"bytes":	10878976,
				"bits_per_second":	86927498.417400658,
				"retransmits":	0,
				"omitted":	false,
				"sender":	true
			}
		}],
	"end":	{
		"streams":	[{
				"sender":	{
					"socket":	5,
					"start":	0,
					"end":	10.001407,
					"seconds":	10.001407,
					"bytes":	27604008,
					"bits_per_second":	22080099.729967993,
					"retransmits":	1,
					"max_snd_cwnd":	16662136,
					"max_rtt":	833751,
					"min_rtt":	261666,
					"mean_rtt":	608766,
					"sender":	true
				},
				"receiver":	{
					"socket":	5,
					"start":	0,
					"end":	10.625452,
					"seconds":	10.001407,
					"bytes":	19853528,
					"bits_per_second":	14947902.828039693,
					"sender":	true
				}
			}],
		"sum_sent":	{
			"start":	0,
			"end":	10.001407,
			"seconds":	10.001407,
			"bytes":	27604008,
			"bits_per_second":	22080099.729967993,
			"retransmits":	1,
			"sender":	true
		},
		"sum_received":	{
			"start":	0,
			"end":	10.625452,
			"seconds":	10.625452,
			"bytes":	19853528,
			"bits_per_second":	14947902.828039693,
			"sender":	true
		},
		"cpu_utilization_percent":	{
			"host_total":	4.977396805611451,
			"host_user":	1.2737722168111616,
			"host_system":	3.7036245888002894,
			"remote_total":	0.41573619256792443,
			"remote_user":	0.41585891653148771,
			"remote_system":	0
		},
		"sender_tcp_congestion":	"cubic",
		"receiver_tcp_congestion":	"cubic"
	}
}
