{
	"start":	{
		"connected":	[{
				"socket":	5,
				"local_host":	"10.0.2.11",
				"local_port":	39092,
				"remote_host":	"10.0.6.10",
				"remote_port":	5201
			}],
		"version":	"iperf 3.7",
		"system_info":	"Linux a-VirtualBox 5.11.0-40-generic #44~20.04.2-Ubuntu SMP Tue Oct 26 18:07:44 UTC 2021 x86_64",
		"timestamp":	{
			"time":	"Wed, 17 Nov 2021 16:06:33 GMT",
			"timesecs":	1637165193
		},
		"connecting_to":	{
			"host":	"10.0.6.10",
			"port":	5201
		},
		"cookie":	"kcxnlshsflgws3o4l3apsb7ocdufrbqococx",
		"tcp_mss_default":	1448,
		"target_bitrate":	1000000000,
		"sock_bufsize":	0,
		"sndbuf_actual":	87380,
		"rcvbuf_actual":	87380,
		"test_start":	{
			"protocol":	"TCP",
			"num_streams":	1,
			"blksize":	131072,
			"omit":	0,
			"duration":	10,
			"bytes":	0,
			"blocks":	0,
			"reverse":	0,
			"tos":	0
		}
	},
	"intervals":	[{
			"streams":	[{
					"socket":	5,
					"start":	0,
					"end":	1.000195,
					"seconds":	1.0001950263977051,
					"bytes":	79640,
					"bits_per_second":	636995.76900981669,
					"retransmits":	0,
					"snd_cwnd":	17376,
					"rtt":	205512,
					"rttvar":	171964,
					"pmtu":	1500,
					"omitted":	false,
					"sender":	true
				}],
			"sum":	{
				"start":	0,
				"end":	1.000195,
				"seconds":	1.0001950263977051,
				"bytes":	79640,
				"bits_per_second":	636995.76900981669,
				"retransmits":	0,
				"omitted":	false,
				"sender":	true
			}
		}, {
			"streams":	[{
					"socket":	5,
					"start":	1.000195,
					"end":	2.000192,
					"seconds":	0.99999701976776123,
					"bytes":	130320,
					"bits_per_second":	1042563.1070801826,
					"retransmits":	1,
					"snd_cwnd":	36200,
					"rtt":	281097,
					"rttvar":	227745,
					"pmtu":	1500,
					"omitted":	false,
					"sender":	true
				}],
			"sum":	{
				"start":	1.000195,
				"end":	2.000192,
				"seconds":	0.99999701976776123,
				"bytes":	130320,
				"bits_per_second":	1042563.1070801826,
				"retransmits":	1,
				"omitted":	false,
				"sender":	true
			}
		}, {
			"streams":	[{
					"socket":	5,
					"start":	2.000192,
					"end":	3.000184,
					"seconds":	0.9999920129776001,
					"bytes":	131072,
					"bits_per_second":	1048584.3750668918,
					"retransmits":	0,
					"snd_cwnd":	75296,
					"rtt":	384691,
					"rttvar":	252573,
					"pmtu":	1500,
					"omitted":	false,
					"sender":	true
				}],
			"sum":	{
				"start":	2.000192,
				"end":	3.000184,
				"seconds":	0.9999920129776001,
				"bytes":	131072,
				"bits_per_second":	1048584.3750668918,
				"retransmits":	0,
				"omitted":	false,
				"sender":	true
			}
		}, {
			"streams":	[{
					"socket":	5,
					"start":	3.000184,
					"end":	4.00018,
					"seconds":	0.9999960064888,
					"bytes":	262144,
					"bits_per_second":	2097160.3750334457,
					"retransmits":	0,
					"snd_cwnd":	120184,
					"rtt":	541194,
					"rttvar":	413335,
					"pmtu":	1500,
					"omitted":	false,
					"sender":	true
				}],
			"sum":	{
				"start":	3.000184,
				"end":	4.00018,
				"seconds":	0.9999960064888,
				"bytes":	262144,
				"bits_per_second":	2097160.3750334457,
				"retransmits":	0,
				"omitted":	false,
				"sender":	true
			}
		}, {
			"streams":	[{
					"socket":	5,
					"start":	4.00018,
					"end":	5.000148,
					"seconds":	0.99996799230575562,
					"bytes":	393216,
					"bits_per_second":	3145828.6907228781,
					"retransmits":	0,
					"snd_cwnd":	196928,
					"rtt":	661311,
					"rttvar":	440752,
					"pmtu":	1500,
					"omitted":	false,
					"sender":	true
				}],
			"sum":	{
				"start":	4.00018,
				"end":	5.000148,
				"seconds":	0.99996799230575562,
				"bytes":	393216,
				"bits_per_second":	3145828.6907228781,
				"retransmits":	0,
				"omitted":	false,
				"sender":	true
			}
		}, {
			"streams":	[{
					"socket":	5,
					"start":	5.000148,
					"end":	6.000189,
					"seconds":	1.0000410079956055,
					"bytes":	1966080,
					"bits_per_second":	15727995.026449073,
					"retransmits":	0,
					"snd_cwnd":	616848,
					"rtt":	751301,
					"rttvar":	309321,
					"pmtu":	1500,
					"omitted":	false,
					"sender":	true
				}],
			"sum":	{
				"start":	5.000148,
				"end":	6.000189,
				"seconds":	1.0000410079956055,
				"bytes":	1966080,
				"bits_per_second":	15727995.026449073,
				"retransmits":	0,
				"omitted":	false,
				"sender":	true
			}
		}, {
			"streams":	[{
					"socket":	5,
					"start":	6.000189,
					"end":	7.000186,
					"seconds":	0.99999701976776123,
					"bytes":	3145728,
					"bits_per_second":	25165899.000223517,
					"retransmits":	0,
					"snd_cwnd":	1303200,
					"rtt":	666533,
					"rttvar":	107941,
					"pmtu":	1500,
					"omitted":	false,
					"sender":	true
				}],
			"sum":	{
				"start":	6.000189,
				"end":	7.000186,
				"seconds":	0.99999701976776123,
				"bytes":	3145728,
				"bits_per_second":	25165899.000223517,
				"retransmits":	0,
				"omitted":	false,
				"sender":	true
			}
		}, {
			"streams":	[{
					"socket":	5,
					"start":	7.000186,
					"end":	8.002902,
					"seconds":	1.0027159452438354,
					"bytes":	8912896,
					"bits_per_second":	71110037.0331309,
					"retransmits":	0,
					"snd_cwnd":	4419296,
					"rtt":	630918,
					"rttvar":	29604,
					"pmtu":	1500,
					"omitted":	false,
					"sender":	true
				}],
			"sum":	{
				"start":	7.000186,
				"end":	8.002902,
				"seconds":	1.0027159452438354,
				"bytes":	8912896,
				"bits_per_second":	71110037.0331309,
				"retransmits":	0,
				"omitted":	false,
				"sender":	true
			}
		}, {
			"streams":	[{
					"socket":	5,
					"start":	8.002902,
					"end":	9.000195,
					"seconds":	0.99729299545288086,
					"bytes":	6029312,
					"bits_per_second":	48365421.415695623,
					"retransmits":	0,
					"snd_cwnd":	10450216,
					"rtt":	629374,
					"rttvar":	34021,
					"pmtu":	1500,
					"omitted":	false,
					"sender":	true
				}],
			"sum":	{
				"start":	8.002902,
				"end":	9.000195,
				"seconds":	0.99729299545288086,
				"bytes":	6029312,
				"bits_per_second":	48365421.415695623,
				"retransmits":	0,
				"omitted":	false,
				"sender":	true
			}
		}, {
			"streams":	[{
					"socket":	5,
					"start":	9.000195,
					"end":	10.00613,
					"seconds":	1.0059349536895752,
					"bytes":	16384000,
					"bits_per_second":	130298683.34851395,
					"retransmits":	0,
					"snd_cwnd":	17255816,
					"rtt":	621831,
					"rttvar":	40956,
					"pmtu":	1500,
					"omitted":	false,
					"sender":	true
				}],
			"sum":	{
				"start":	9.000195,
				"end":	10.00613,
				"seconds":	1.0059349536895752,
				"bytes":	16384000,
				"bits_per_second":	130298683.34851395,
				"retransmits":	0,
				"omitted":	false,
				"sender":	true
			}
		}],
	"end":	{
		"streams":	[{
				"sender":	{
					"socket":	5,
					"start":	0,
					"end":	10.00613,
					"seconds":	10.00613,
					"bytes":	37434408,
					"bits_per_second":	29929179.812774766,
					"retransmits":	1,
					"max_snd_cwnd":	17255816,
					"max_rtt":	751301,
					"min_rtt":	205512,
					"mean_rtt":	537376,
					"sender":	true
				},
				"receiver":	{
					"socket":	5,
					"start":	0,
					"end":	10.455761,
					"seconds":	10.00613,
					"bytes":	34466744,
					"bits_per_second":	26371485.729254905,
					"sender":	true
				}
			}],
		"sum_sent":	{
			"start":	0,
			"end":	10.00613,
			"seconds":	10.00613,
			"bytes":	37434408,
			"bits_per_second":	29929179.812774766,
			"retransmits":	1,
			"sender":	true
		},
		"sum_received":	{
			"start":	0,
			"end":	10.455761,
			"seconds":	10.455761,
			"bytes":	34466744,
			"bits_per_second":	26371485.729254905,
			"sender":	true
		},
		"cpu_utilization_percent":	{
			"host_total":	4.2945821811811635,
			"host_user":	1.1230532894996785,
			"host_system":	3.1715288916814846,
			"remote_total":	0.51974015315722344,
			"remote_user":	0,
			"remote_system":	0.51974015315722344
		},
		"sender_tcp_congestion":	"cubic",
		"receiver_tcp_congestion":	"cubic"
	}
}
