{
	"start":	{
		"connected":	[{
				"socket":	5,
				"local_host":	"10.0.5.10",
				"local_port":	37710,
				"remote_host":	"10.0.6.10",
				"remote_port":	5204
			}],
		"version":	"iperf 3.7",
		"system_info":	"Linux a-VirtualBox 5.11.0-40-generic #44~20.04.2-Ubuntu SMP Tue Oct 26 18:07:44 UTC 2021 x86_64",
		"timestamp":	{
			"time":	"Wed, 17 Nov 2021 16:06:33 GMT",
			"timesecs":	1637165193
		},
		"connecting_to":	{
			"host":	"10.0.6.10",
			"port":	5204
		},
		"cookie":	"ngpeow5drb3gjf2f5igndm6kgt5y6jnhpgll",
		"tcp_mss_default":	1448,
		"target_bitrate":	1000000000,
		"sock_bufsize":	0,
		"sndbuf_actual":	87380,
		"rcvbuf_actual":	87380,
		"test_start":	{
			"protocol":	"TCP",
			"num_streams":	1,
			"blksize":	131072,
			"omit":	0,
			"duration":	10,
			"bytes":	0,
			"blocks":	0,
			"reverse":	0,
			"tos":	0
		}
	},
	"intervals":	[{
			"streams":	[{
					"socket":	5,
					"start":	0,
					"end":	1.003108,
					"seconds":	1.003108024597168,
					"bytes":	79640,
					"bits_per_second":	635145.95076223928,
					"retransmits":	0,
					"snd_cwnd":	17376,
					"rtt":	181896,
					"rttvar":	162735,
					"pmtu":	1500,
					"omitted":	false,
					"sender":	true
				}],
			"sum":	{
				"start":	0,
				"end":	1.003108,
				"seconds":	1.003108024597168,
				"bytes":	79640,
				"bits_per_second":	635145.95076223928,
				"retransmits":	0,
				"omitted":	false,
				"sender":	true
			}
		}, {
			"streams":	[{
					"socket":	5,
					"start":	1.003108,
					"end":	2.000181,
					"seconds":	0.99707299470901489,
					"bytes":	130320,
					"bits_per_second":	1045620.5368437042,
					"retransmits":	1,
					"snd_cwnd":	36200,
					"rtt":	263032,
					"rttvar":	232179,
					"pmtu":	1500,
					"omitted":	false,
					"sender":	true
				}],
			"sum":	{
				"start":	1.003108,
				"end":	2.000181,
				"seconds":	0.99707299470901489,
				"bytes":	130320,
				"bits_per_second":	1045620.5368437042,
				"retransmits":	1,
				"omitted":	false,
				"sender":	true
			}
		}, {
			"streams":	[{
					"socket":	5,
					"start":	2.000181,
					"end":	3.000285,
					"seconds":	1.0001039505004883,
					"bytes":	131072,
					"bits_per_second":	1048467.0113294269,
					"retransmits":	0,
					"snd_cwnd":	75296,
					"rtt":	447660,
					"rttvar":	450604,
					"pmtu":	1500,
					"omitted":	false,
					"sender":	true
				}],
			"sum":	{
				"start":	2.000181,
				"end":	3.000285,
				"seconds":	1.0001039505004883,
				"bytes":	131072,
				"bits_per_second":	1048467.0113294269,
				"retransmits":	0,
				"omitted":	false,
				"sender":	true
			}
		}, {
			"streams":	[{
					"socket":	5,
					"start":	3.000285,
					"end":	4.000208,
					"seconds":	0.9999229907989502,
					"bytes":	262144,
					"bits_per_second":	2097313.5124379438,
					"retransmits":	0,
					"snd_cwnd":	118736,
					"rtt":	536087,
					"rttvar":	319557,
					"pmtu":	1500,
					"omitted":	false,
					"sender":	true
				}],
			"sum":	{
				"start":	3.000285,
				"end":	4.000208,
				"seconds":	0.9999229907989502,
				"bytes":	262144,
				"bits_per_second":	2097313.5124379438,
				"retransmits":	0,
				"omitted":	false,
				"sender":	true
			}
		}, {
			"streams":	[{
					"socket":	5,
					"start":	4.000208,
					"end":	5.000263,
					"seconds":	1.0000549554824829,
					"bytes":	262144,
					"bits_per_second":	2097036.7563332713,
					"retransmits":	0,
					"snd_cwnd":	183896,
					"rtt":	594050,
					"rttvar":	355595,
					"pmtu":	1500,
					"omitted":	false,
					"sender":	true
				}],
			"sum":	{
				"start":	4.000208,
				"end":	5.000263,
				"seconds":	1.0000549554824829,
				"bytes":	262144,
				"bits_per_second":	2097036.7563332713,
				"retransmits":	0,
				"omitted":	false,
				"sender":	true
			}
		}, {
			"streams":	[{
					"socket":	5,
					"start":	5.000263,
					"end":	6.000087,
					"seconds":	0.99982398748397827,
					"bytes":	0,
					"bits_per_second":	0,
					"retransmits":	0,
					"snd_cwnd":	183896,
					"rtt":	594050,
					"rttvar":	355595,
					"pmtu":	1500,
					"omitted":	false,
					"sender":	true
				}],
			"sum":	{
				"start":	5.000263,
				"end":	6.000087,
				"seconds":	0.99982398748397827,
				"bytes":	0,
				"bits_per_second":	0,
				"retransmits":	0,
				"omitted":	false,
				"sender":	true
			}
		}, {
			"streams":	[{
					"socket":	5,
					"start":	6.000087,
					"end":	7.000183,
					"seconds":	1.0000959634780884,
					"bytes":	0,
					"bits_per_second":	0,
					"retransmits":	0,
					"snd_cwnd":	183896,
					"rtt":	594050,
					"rttvar":	355595,
					"pmtu":	1500,
					"omitted":	false,
					"sender":	true
				}],
			"sum":	{
				"start":	6.000087,
				"end":	7.000183,
				"seconds":	1.0000959634780884,
				"bytes":	0,
				"bits_per_second":	0,
				"retransmits":	0,
				"omitted":	false,
				"sender":	true
			}
		}, {
			"streams":	[{
					"socket":	5,
					"start":	7.000183,
					"end":	8.00007,
					"seconds":	0.99988698959350586,
					"bytes":	0,
					"bits_per_second":	0,
					"retransmits":	1,
					"snd_cwnd":	1448,
					"rtt":	594050,
					"rttvar":	355595,
					"pmtu":	1500,
					"omitted":	false,
					"sender":	true
				}],
			"sum":	{
				"start":	7.000183,
				"end":	8.00007,
				"seconds":	0.99988698959350586,
				"bytes":	0,
				"bits_per_second":	0,
				"retransmits":	1,
				"omitted":	false,
				"sender":	true
			}
		}, {
			"streams":	[{
					"socket":	5,
					"start":	8.00007,
					"end":	9.000197,
					"seconds":	1.0001269578933716,
					"bytes":	0,
					"bits_per_second":	0,
					"retransmits":	0,
					"snd_cwnd":	1448,
					"rtt":	594050,
					"rttvar":	355595,
					"pmtu":	1500,
					"omitted":	false,
					"sender":	true
				}],
			"sum":	{
				"start":	8.00007,
				"end":	9.000197,
				"seconds":	1.0001269578933716,
				"bytes":	0,
				"bits_per_second":	0,
				"retransmits":	0,
				"omitted":	false,
				"sender":	true
			}
		}, {
			"streams":	[{
					"socket":	5,
					"start":	9.000197,
					"end":	10.007255,
					"seconds":	1.0070580244064331,
					"bytes":	0,
					"bits_per_second":	0,
					"retransmits":	0,
					"snd_cwnd":	1448,
					"rtt":	594050,
					"rttvar":	355595,
					"pmtu":	1500,
					"omitted":	false,
					"sender":	true
				}],
			"sum":	{
				"start":	9.000197,
				"end":	10.007255,
				"seconds":	1.0070580244064331,
				"bytes":	0,
				"bits_per_second":	0,
				"retransmits":	0,
				"omitted":	false,
				"sender":	true
			}
		}],
	"end":	{
		"streams":	[{
				"sender":	{
					"socket":	5,
					"start":	0,
					"end":	10.007255,
					"seconds":	10.007255,
					"bytes":	865320,
					"bits_per_second":	691754.13237696048,
					"retransmits":	2,
					"max_snd_cwnd":	183896,
					"max_rtt":	594050,
					"min_rtt":	181896,
					"mean_rtt":	499297,
					"sender":	true
				},
				"receiver":	{
					"socket":	5,
					"start":	0,
					"end":	10.45533,
					"seconds":	10.007255,
					"bytes":	353312,
					"bits_per_second":	270340.19968762342,
					"sender":	true
				}
			}],
		"sum_sent":	{
			"start":	0,
			"end":	10.007255,
			"seconds":	10.007255,
			"bytes":	865320,
			"bits_per_second":	691754.13237696048,
			"retransmits":	2,
			"sender":	true
		},
		"sum_received":	{
			"start":	0,
			"end":	10.45533,
			"seconds":	10.45533,
			"bytes":	353312,
			"bits_per_second":	270340.19968762342,
			"sender":	true
		},
		"cpu_utilization_percent":	{
			"host_total":	3.1276318117561557,
			"host_user":	0.73796963244110148,
			"host_system":	2.3896438630957855,
			"remote_total":	0.035988150849869893,
			"remote_user":	0.035979200799919661,
			"remote_system":	0
		},
		"sender_tcp_congestion":	"cubic",
		"receiver_tcp_congestion":	"cubic"
	}
}
