{
	"start":	{
		"connected":	[{
				"socket":	5,
				"local_host":	"10.0.1.10",
				"local_port":	47046,
				"remote_host":	"10.0.6.10",
				"remote_port":	5200
			}],
		"version":	"iperf 3.7",
		"system_info":	"Linux a-VirtualBox 5.11.0-40-generic #44~20.04.2-Ubuntu SMP Tue Oct 26 18:07:44 UTC 2021 x86_64",
		"timestamp":	{
			"time":	"Wed, 17 Nov 2021 13:36:47 GMT",
			"timesecs":	1637156207
		},
		"connecting_to":	{
			"host":	"10.0.6.10",
			"port":	5200
		},
		"cookie":	"ynlf4n7me65qvbqbftm73mzvdkf3xmyn5wsx",
		"tcp_mss_default":	1448,
		"target_bitrate":	1000000000,
		"sock_bufsize":	0,
		"sndbuf_actual":	87380,
		"rcvbuf_actual":	87380,
		"test_start":	{
			"protocol":	"TCP",
			"num_streams":	1,
			"blksize":	131072,
			"omit":	0,
			"duration":	10,
			"bytes":	0,
			"blocks":	0,
			"reverse":	0,
			"tos":	0
		}
	},
	"intervals":	[{
			"streams":	[{
					"socket":	5,
					"start":	0,
					"end":	1.000186,
					"seconds":	1.0001859664916992,
					"bytes":	79640,
					"bits_per_second":	637001.53905857424,
					"retransmits":	0,
					"snd_cwnd":	17376,
					"rtt":	322015,
					"rttvar":	196245,
					"pmtu":	1500,
					"omitted":	false,
					"sender":	true
				}],
			"sum":	{
				"start":	0,
				"end":	1.000186,
				"seconds":	1.0001859664916992,
				"bytes":	79640,
				"bits_per_second":	637001.53905857424,
				"retransmits":	0,
				"omitted":	false,
				"sender":	true
			}
		}, {
			"streams":	[{
					"socket":	5,
					"start":	1.000186,
					"end":	2.000185,
					"seconds":	0.99999898672103882,
					"bytes":	130320,
					"bits_per_second":	1042561.0564051842,
					"retransmits":	0,
					"snd_cwnd":	37648,
					"rtt":	494733,
					"rttvar":	408761,
					"pmtu":	1500,
					"omitted":	false,
					"sender":	true
				}],
			"sum":	{
				"start":	1.000186,
				"end":	2.000185,
				"seconds":	0.99999898672103882,
				"bytes":	130320,
				"bits_per_second":	1042561.0564051842,
				"retransmits":	0,
				"omitted":	false,
				"sender":	true
			}
		}, {
			"streams":	[{
					"socket":	5,
					"start":	2.000185,
					"end":	3.000232,
					"seconds":	1.000046968460083,
					"bytes":	262144,
					"bits_per_second":	2097053.5046261761,
					"retransmits":	0,
					"snd_cwnd":	78192,
					"rtt":	623753,
					"rttvar":	453489,
					"pmtu":	1500,
					"omitted":	false,
					"sender":	true
				}],
			"sum":	{
				"start":	2.000185,
				"end":	3.000232,
				"seconds":	1.000046968460083,
				"bytes":	262144,
				"bits_per_second":	2097053.5046261761,
				"retransmits":	0,
				"omitted":	false,
				"sender":	true
			}
		}, {
			"streams":	[{
					"socket":	5,
					"start":	3.000232,
					"end":	4.000092,
					"seconds":	0.99985998868942261,
					"bytes":	131072,
					"bits_per_second":	1048722.833058289,
					"retransmits":	0,
					"snd_cwnd":	121632,
					"rtt":	723651,
					"rttvar":	428263,
					"pmtu":	1500,
					"omitted":	false,
					"sender":	true
				}],
			"sum":	{
				"start":	3.000232,
				"end":	4.000092,
				"seconds":	0.99985998868942261,
				"bytes":	131072,
				"bits_per_second":	1048722.833058289,
				"retransmits":	0,
				"omitted":	false,
				"sender":	true
			}
		}, {
			"streams":	[{
					"socket":	5,
					"start":	4.000092,
					"end":	5.000194,
					"seconds":	1.0001020431518555,
					"bytes":	524288,
					"bits_per_second":	4193876.0436700126,
					"retransmits":	0,
					"snd_cwnd":	244712,
					"rtt":	800515,
					"rttvar":	374134,
					"pmtu":	1500,
					"omitted":	false,
					"sender":	true
				}],
			"sum":	{
				"start":	4.000092,
				"end":	5.000194,
				"seconds":	1.0001020431518555,
				"bytes":	524288,
				"bits_per_second":	4193876.0436700126,
				"retransmits":	0,
				"omitted":	false,
				"sender":	true
			}
		}, {
			"streams":	[{
					"socket":	5,
					"start":	5.000194,
					"end":	6.000088,
					"seconds":	0.99989402294158936,
					"bytes":	1179648,
					"bits_per_second":	9438184.23100154,
					"retransmits":	0,
					"snd_cwnd":	490872,
					"rtt":	859808,
					"rttvar":	313233,
					"pmtu":	1500,
					"omitted":	false,
					"sender":	true
				}],
			"sum":	{
				"start":	5.000194,
				"end":	6.000088,
				"seconds":	0.99989402294158936,
				"bytes":	1179648,
				"bits_per_second":	9438184.23100154,
				"retransmits":	0,
				"omitted":	false,
				"sender":	true
			}
		}, {
			"streams":	[{
					"socket":	5,
					"start":	6.000088,
					"end":	7.000182,
					"seconds":	1.0000940561294556,
					"bytes":	3538944,
					"bits_per_second":	28308889.375436161,
					"retransmits":	0,
					"snd_cwnd":	1258312,
					"rtt":	782303,
					"rttvar":	169848,
					"pmtu":	1500,
					"omitted":	false,
					"sender":	true
				}],
			"sum":	{
				"start":	6.000088,
				"end":	7.000182,
				"seconds":	1.0000940561294556,
				"bytes":	3538944,
				"bits_per_second":	28308889.375436161,
				"retransmits":	0,
				"omitted":	false,
				"sender":	true
			}
		}, {
			"streams":	[{
					"socket":	5,
					"start":	7.000182,
					"end":	8.000122,
					"seconds":	0.99993997812271118,
					"bytes":	8257536,
					"bits_per_second":	66064253.300504781,
					"retransmits":	0,
					"snd_cwnd":	3488232,
					"rtt":	760995,
					"rttvar":	187155,
					"pmtu":	1500,
					"omitted":	false,
					"sender":	true
				}],
			"sum":	{
				"start":	7.000182,
				"end":	8.000122,
				"seconds":	0.99993997812271118,
				"bytes":	8257536,
				"bits_per_second":	66064253.300504781,
				"retransmits":	0,
				"omitted":	false,
				"sender":	true
			}
		}, {
			"streams":	[{
					"socket":	5,
					"start":	8.000122,
					"end":	9.000134,
					"seconds":	1.0000120401382446,
					"bytes":	4849664,
					"bits_per_second":	38796844.880624183,
					"retransmits":	0,
					"snd_cwnd":	8317312,
					"rtt":	668923,
					"rttvar":	116249,
					"pmtu":	1500,
					"omitted":	false,
					"sender":	true
				}],
			"sum":	{
				"start":	8.000122,
				"end":	9.000134,
				"seconds":	1.0000120401382446,
				"bytes":	4849664,
				"bits_per_second":	38796844.880624183,
				"retransmits":	0,
				"omitted":	false,
				"sender":	true
			}
		}, {
			"streams":	[{
					"socket":	5,
					"start":	9.000134,
					"end":	10.002558,
					"seconds":	1.0024240016937256,
					"bytes":	10485760,
					"bits_per_second":	83683231.704611585,
					"retransmits":	0,
					"snd_cwnd":	17648224,
					"rtt":	621346,
					"rttvar":	41269,
					"pmtu":	1500,
					"omitted":	false,
					"sender":	true
				}],
			"sum":	{
				"start":	9.000134,
				"end":	10.002558,
				"seconds":	1.0024240016937256,
				"bytes":	10485760,
				"bits_per_second":	83683231.704611585,
				"retransmits":	0,
				"omitted":	false,
				"sender":	true
			}
		}],
	"end":	{
		"streams":	[{
				"sender":	{
					"socket":	5,
					"start":	0,
					"end":	10.002558,
					"seconds":	10.002558,
					"bytes":	29439016,
					"bits_per_second":	23545189.94041324,
					"retransmits":	0,
					"max_snd_cwnd":	17648224,
					"max_rtt":	859808,
					"min_rtt":	322015,
					"mean_rtt":	665804,
					"sender":	true
				},
				"receiver":	{
					"socket":	5,
					"start":	0,
					"end":	10.851349,
					"seconds":	10.002558,
					"bytes":	26179840,
					"bits_per_second":	19300708.142370131,
					"sender":	true
				}
			}],
		"sum_sent":	{
			"start":	0,
			"end":	10.002558,
			"seconds":	10.002558,
			"bytes":	29439016,
			"bits_per_second":	23545189.94041324,
			"retransmits":	0,
			"sender":	true
		},
		"sum_received":	{
			"start":	0,
			"end":	10.851349,
			"seconds":	10.851349,
			"bytes":	26179840,
			"bits_per_second":	19300708.142370131,
			"sender":	true
		},
		"cpu_utilization_percent":	{
			"host_total":	5.8207868619500216,
			"host_user":	1.3319181181955482,
			"host_system":	4.4888774940541714,
			"remote_total":	0.4368699948034816,
			"remote_user":	0.20449270175104464,
			"remote_system":	0.23236874474118577
		},
		"sender_tcp_congestion":	"cubic",
		"receiver_tcp_congestion":	"cubic"
	}
}
