{
	"start":	{
		"connected":	[{
				"socket":	5,
				"local_host":	"10.0.5.10",
				"local_port":	37218,
				"remote_host":	"10.0.6.10",
				"remote_port":	5204
			}],
		"version":	"iperf 3.7",
		"system_info":	"Linux a-VirtualBox 5.11.0-40-generic #44~20.04.2-Ubuntu SMP Tue Oct 26 18:07:44 UTC 2021 x86_64",
		"timestamp":	{
			"time":	"Wed, 17 Nov 2021 13:36:47 GMT",
			"timesecs":	1637156207
		},
		"connecting_to":	{
			"host":	"10.0.6.10",
			"port":	5204
		},
		"cookie":	"7rddelrt6wocyi2w2pkn4lrathfgbiqafmdp",
		"tcp_mss_default":	1448,
		"target_bitrate":	1000000000,
		"sock_bufsize":	0,
		"sndbuf_actual":	87380,
		"rcvbuf_actual":	87380,
		"test_start":	{
			"protocol":	"TCP",
			"num_streams":	1,
			"blksize":	131072,
			"omit":	0,
			"duration":	10,
			"bytes":	0,
			"blocks":	0,
			"reverse":	0,
			"tos":	0
		}
	},
	"intervals":	[{
			"streams":	[{
					"socket":	5,
					"start":	0,
					"end":	1.000157,
					"seconds":	1.0001569986343384,
					"bytes":	144800,
					"bits_per_second":	1158218.1613304052,
					"retransmits":	0,
					"snd_cwnd":	23168,
					"rtt":	215145,
					"rttvar":	172988,
					"pmtu":	1500,
					"omitted":	false,
					"sender":	true
				}],
			"sum":	{
				"start":	0,
				"end":	1.000157,
				"seconds":	1.0001569986343384,
				"bytes":	144800,
				"bits_per_second":	1158218.1613304052,
				"retransmits":	0,
				"omitted":	false,
				"sender":	true
			}
		}, {
			"streams":	[{
					"socket":	5,
					"start":	1.000157,
					"end":	2.00016,
					"seconds":	1.0000029802322388,
					"bytes":	217952,
					"bits_per_second":	1743610.803634871,
					"retransmits":	0,
					"snd_cwnd":	68056,
					"rtt":	494891,
					"rttvar":	194509,
					"pmtu":	1500,
					"omitted":	false,
					"sender":	true
				}],
			"sum":	{
				"start":	1.000157,
				"end":	2.00016,
				"seconds":	1.0000029802322388,
				"bytes":	217952,
				"bits_per_second":	1743610.803634871,
				"retransmits":	0,
				"omitted":	false,
				"sender":	true
			}
		}, {
			"streams":	[{
					"socket":	5,
					"start":	2.00016,
					"end":	3.0002,
					"seconds":	1.0000400543212891,
					"bytes":	524288,
					"bits_per_second":	4194136.0067288564,
					"retransmits":	0,
					"snd_cwnd":	181000,
					"rtt":	591599,
					"rttvar":	92066,
					"pmtu":	1500,
					"omitted":	false,
					"sender":	true
				}],
			"sum":	{
				"start":	2.00016,
				"end":	3.0002,
				"seconds":	1.0000400543212891,
				"bytes":	524288,
				"bits_per_second":	4194136.0067288564,
				"retransmits":	0,
				"omitted":	false,
				"sender":	true
			}
		}, {
			"streams":	[{
					"socket":	5,
					"start":	3.0002,
					"end":	4.000241,
					"seconds":	1.0000410079956055,
					"bytes":	1572864,
					"bits_per_second":	12582396.021159258,
					"retransmits":	0,
					"snd_cwnd":	537208,
					"rtt":	617799,
					"rttvar":	76188,
					"pmtu":	1500,
					"omitted":	false,
					"sender":	true
				}],
			"sum":	{
				"start":	3.0002,
				"end":	4.000241,
				"seconds":	1.0000410079956055,
				"bytes":	1572864,
				"bits_per_second":	12582396.021159258,
				"retransmits":	0,
				"omitted":	false,
				"sender":	true
			}
		}, {
			"streams":	[{
					"socket":	5,
					"start":	4.000241,
					"end":	5.000159,
					"seconds":	0.99991798400878906,
					"bytes":	4456448,
					"bits_per_second":	35654508.239834428,
					"retransmits":	0,
					"snd_cwnd":	1494336,
					"rtt":	601274,
					"rttvar":	42146,
					"pmtu":	1500,
					"omitted":	false,
					"sender":	true
				}],
			"sum":	{
				"start":	4.000241,
				"end":	5.000159,
				"seconds":	0.99991798400878906,
				"bytes":	4456448,
				"bits_per_second":	35654508.239834428,
				"retransmits":	0,
				"omitted":	false,
				"sender":	true
			}
		}, {
			"streams":	[{
					"socket":	5,
					"start":	5.000159,
					"end":	6.000153,
					"seconds":	0.99999397993087769,
					"bytes":	8388608,
					"bits_per_second":	67109268.002432123,
					"retransmits":	0,
					"snd_cwnd":	4710344,
					"rtt":	613009,
					"rttvar":	48312,
					"pmtu":	1500,
					"omitted":	false,
					"sender":	true
				}],
			"sum":	{
				"start":	5.000159,
				"end":	6.000153,
				"seconds":	0.99999397993087769,
				"bytes":	8388608,
				"bits_per_second":	67109268.002432123,
				"retransmits":	0,
				"omitted":	false,
				"sender":	true
			}
		}, {
			"streams":	[{
					"socket":	5,
					"start":	6.000153,
					"end":	7.000165,
					"seconds":	1.0000120401382446,
					"bytes":	9568256,
					"bits_per_second":	76545126.386096358,
					"retransmits":	0,
					"snd_cwnd":	14078904,
					"rtt":	632507,
					"rttvar":	69086,
					"pmtu":	1500,
					"omitted":	false,
					"sender":	true
				}],
			"sum":	{
				"start":	6.000153,
				"end":	7.000165,
				"seconds":	1.0000120401382446,
				"bytes":	9568256,
				"bits_per_second":	76545126.386096358,
				"retransmits":	0,
				"omitted":	false,
				"sender":	true
			}
		}, {
			"streams":	[{
					"socket":	5,
					"start":	7.000165,
					"end":	8.000154,
					"seconds":	0.99998897314071655,
					"bytes":	1835008,
					"bits_per_second":	14680225.876784993,
					"retransmits":	0,
					"snd_cwnd":	15912072,
					"rtt":	652261,
					"rttvar":	91324,
					"pmtu":	1500,
					"omitted":	false,
					"sender":	true
				}],
			"sum":	{
				"start":	7.000165,
				"end":	8.000154,
				"seconds":	0.99998897314071655,
				"bytes":	1835008,
				"bits_per_second":	14680225.876784993,
				"retransmits":	0,
				"omitted":	false,
				"sender":	true
			}
		}, {
			"streams":	[{
					"socket":	5,
					"start":	8.000154,
					"end":	9.000111,
					"seconds":	0.99995702505111694,
					"bytes":	0,
					"bits_per_second":	0,
					"retransmits":	1,
					"snd_cwnd":	1448,
					"rtt":	652261,
					"rttvar":	91324,
					"pmtu":	1500,
					"omitted":	false,
					"sender":	true
				}],
			"sum":	{
				"start":	8.000154,
				"end":	9.000111,
				"seconds":	0.99995702505111694,
				"bytes":	0,
				"bits_per_second":	0,
				"retransmits":	1,
				"omitted":	false,
				"sender":	true
			}
		}, {
			"streams":	[{
					"socket":	5,
					"start":	9.000111,
					"end":	10.000188,
					"seconds":	1.0000770092010498,
					"bytes":	0,
					"bits_per_second":	0,
					"retransmits":	0,
					"snd_cwnd":	1448,
					"rtt":	652261,
					"rttvar":	91324,
					"pmtu":	1500,
					"omitted":	false,
					"sender":	true
				}],
			"sum":	{
				"start":	9.000111,
				"end":	10.000188,
				"seconds":	1.0000770092010498,
				"bytes":	0,
				"bits_per_second":	0,
				"retransmits":	0,
				"omitted":	false,
				"sender":	true
			}
		}],
	"end":	{
		"streams":	[{
				"sender":	{
					"socket":	5,
					"start":	0,
					"end":	10.000188,
					"seconds":	10.000188,
					"bytes":	26708224,
					"bits_per_second":	21366177.515862703,
					"retransmits":	1,
					"max_snd_cwnd":	15912072,
					"max_rtt":	652261,
					"min_rtt":	215145,
					"mean_rtt":	572300,
					"sender":	true
				},
				"receiver":	{
					"socket":	5,
					"start":	0,
					"end":	10.295343,
					"seconds":	10.000188,
					"bytes":	24285176,
					"bits_per_second":	18870804.7900881,
					"sender":	true
				}
			}],
		"sum_sent":	{
			"start":	0,
			"end":	10.000188,
			"seconds":	10.000188,
			"bytes":	26708224,
			"bits_per_second":	21366177.515862703,
			"retransmits":	1,
			"sender":	true
		},
		"sum_received":	{
			"start":	0,
			"end":	10.295343,
			"seconds":	10.295343,
			"bytes":	24285176,
			"bits_per_second":	18870804.7900881,
			"sender":	true
		},
		"cpu_utilization_percent":	{
			"host_total":	3.2717030538599174,
			"host_user":	1.080582703643842,
			"host_system":	2.1911203502160754,
			"remote_total":	0.52093495337242035,
			"remote_user":	0.520925848823888,
			"remote_system":	0
		},
		"sender_tcp_congestion":	"cubic",
		"receiver_tcp_congestion":	"cubic"
	}
}
