{
	"start":	{
		"connected":	[{
				"socket":	5,
				"local_host":	"10.0.4.13",
				"local_port":	49440,
				"remote_host":	"10.0.6.10",
				"remote_port":	5203
			}],
		"version":	"iperf 3.7",
		"system_info":	"Linux a-VirtualBox 5.11.0-40-generic #44~20.04.2-Ubuntu SMP Tue Oct 26 18:07:44 UTC 2021 x86_64",
		"timestamp":	{
			"time":	"Wed, 17 Nov 2021 13:36:47 GMT",
			"timesecs":	1637156207
		},
		"connecting_to":	{
			"host":	"10.0.6.10",
			"port":	5203
		},
		"cookie":	"6xwicdqia2b3feys523ruq42iur5zr3am7xx",
		"tcp_mss_default":	1448,
		"target_bitrate":	1000000000,
		"sock_bufsize":	0,
		"sndbuf_actual":	87380,
		"rcvbuf_actual":	87380,
		"test_start":	{
			"protocol":	"TCP",
			"num_streams":	1,
			"blksize":	131072,
			"omit":	0,
			"duration":	10,
			"bytes":	0,
			"blocks":	0,
			"reverse":	0,
			"tos":	0
		}
	},
	"intervals":	[{
			"streams":	[{
					"socket":	5,
					"start":	0,
					"end":	1.000208,
					"seconds":	1.0002080202102661,
					"bytes":	79640,
					"bits_per_second":	636987.4937276179,
					"retransmits":	0,
					"snd_cwnd":	17376,
					"rtt":	211391,
					"rttvar":	178994,
					"pmtu":	1500,
					"omitted":	false,
					"sender":	true
				}],
			"sum":	{
				"start":	0,
				"end":	1.000208,
				"seconds":	1.0002080202102661,
				"bytes":	79640,
				"bits_per_second":	636987.4937276179,
				"retransmits":	0,
				"omitted":	false,
				"sender":	true
			}
		}, {
			"streams":	[{
					"socket":	5,
					"start":	1.000208,
					"end":	2.000476,
					"seconds":	1.0002679824829102,
					"bytes":	130320,
					"bits_per_second":	1042280.6870335995,
					"retransmits":	1,
					"snd_cwnd":	36200,
					"rtt":	285600,
					"rttvar":	229313,
					"pmtu":	1500,
					"omitted":	false,
					"sender":	true
				}],
			"sum":	{
				"start":	1.000208,
				"end":	2.000476,
				"seconds":	1.0002679824829102,
				"bytes":	130320,
				"bits_per_second":	1042280.6870335995,
				"retransmits":	1,
				"omitted":	false,
				"sender":	true
			}
		}, {
			"streams":	[{
					"socket":	5,
					"start":	2.000476,
					"end":	3.000277,
					"seconds":	0.999800980091095,
					"bytes":	131072,
					"bits_per_second":	1048784.7290412348,
					"retransmits":	0,
					"snd_cwnd":	69504,
					"rtt":	381218,
					"rttvar":	363222,
					"pmtu":	1500,
					"omitted":	false,
					"sender":	true
				}],
			"sum":	{
				"start":	2.000476,
				"end":	3.000277,
				"seconds":	0.999800980091095,
				"bytes":	131072,
				"bits_per_second":	1048784.7290412348,
				"retransmits":	0,
				"omitted":	false,
				"sender":	true
			}
		}, {
			"streams":	[{
					"socket":	5,
					"start":	3.000277,
					"end":	4.000199,
					"seconds":	0.999921977519989,
					"bytes":	262144,
					"bits_per_second":	2097315.6377674243,
					"retransmits":	0,
					"snd_cwnd":	111496,
					"rtt":	538255,
					"rttvar":	476570,
					"pmtu":	1500,
					"omitted":	false,
					"sender":	true
				}],
			"sum":	{
				"start":	3.000277,
				"end":	4.000199,
				"seconds":	0.999921977519989,
				"bytes":	262144,
				"bits_per_second":	2097315.6377674243,
				"retransmits":	0,
				"omitted":	false,
				"sender":	true
			}
		}, {
			"streams":	[{
					"socket":	5,
					"start":	4.000199,
					"end":	5.000187,
					"seconds":	0.99998801946640015,
					"bytes":	524288,
					"bits_per_second":	4194354.2506020293,
					"retransmits":	0,
					"snd_cwnd":	224440,
					"rtt":	658674,
					"rttvar":	476830,
					"pmtu":	1500,
					"omitted":	false,
					"sender":	true
				}],
			"sum":	{
				"start":	4.000199,
				"end":	5.000187,
				"seconds":	0.99998801946640015,
				"bytes":	524288,
				"bits_per_second":	4194354.2506020293,
				"retransmits":	0,
				"omitted":	false,
				"sender":	true
			}
		}, {
			"streams":	[{
					"socket":	5,
					"start":	5.000187,
					"end":	6.000246,
					"seconds":	1.0000590085983276,
					"bytes":	1179648,
					"bits_per_second":	9436627.1578584742,
					"retransmits":	0,
					"snd_cwnd":	451776,
					"rtt":	751314,
					"rttvar":	428781,
					"pmtu":	1500,
					"omitted":	false,
					"sender":	true
				}],
			"sum":	{
				"start":	5.000187,
				"end":	6.000246,
				"seconds":	1.0000590085983276,
				"bytes":	1179648,
				"bits_per_second":	9436627.1578584742,
				"retransmits":	0,
				"omitted":	false,
				"sender":	true
			}
		}, {
			"streams":	[{
					"socket":	5,
					"start":	6.000246,
					"end":	7.000417,
					"seconds":	1.0001709461212158,
					"bytes":	1966080,
					"bits_per_second":	15725951.709552824,
					"retransmits":	0,
					"snd_cwnd":	905000,
					"rtt":	788545,
					"rttvar":	248390,
					"pmtu":	1500,
					"omitted":	false,
					"sender":	true
				}],
			"sum":	{
				"start":	6.000246,
				"end":	7.000417,
				"seconds":	1.0001709461212158,
				"bytes":	1966080,
				"bits_per_second":	15725951.709552824,
				"retransmits":	0,
				"omitted":	false,
				"sender":	true
			}
		}, {
			"streams":	[{
					"socket":	5,
					"start":	7.000417,
					"end":	8.000171,
					"seconds":	0.999754011631012,
					"bytes":	131072,
					"bits_per_second":	1048834.0009652367,
					"retransmits":	0,
					"snd_cwnd":	961472,
					"rtt":	795419,
					"rttvar":	200041,
					"pmtu":	1500,
					"omitted":	false,
					"sender":	true
				}],
			"sum":	{
				"start":	7.000417,
				"end":	8.000171,
				"seconds":	0.999754011631012,
				"bytes":	131072,
				"bits_per_second":	1048834.0009652367,
				"retransmits":	0,
				"omitted":	false,
				"sender":	true
			}
		}, {
			"streams":	[{
					"socket":	5,
					"start":	8.000171,
					"end":	9.000189,
					"seconds":	1.0000180006027222,
					"bytes":	0,
					"bits_per_second":	0,
					"retransmits":	0,
					"snd_cwnd":	961472,
					"rtt":	795419,
					"rttvar":	200041,
					"pmtu":	1500,
					"omitted":	false,
					"sender":	true
				}],
			"sum":	{
				"start":	8.000171,
				"end":	9.000189,
				"seconds":	1.0000180006027222,
				"bytes":	0,
				"bits_per_second":	0,
				"retransmits":	0,
				"omitted":	false,
				"sender":	true
			}
		}, {
			"streams":	[{
					"socket":	5,
					"start":	9.000189,
					"end":	10.000154,
					"seconds":	0.99996501207351685,
					"bytes":	0,
					"bits_per_second":	0,
					"retransmits":	0,
					"snd_cwnd":	961472,
					"rtt":	795419,
					"rttvar":	200041,
					"pmtu":	1500,
					"omitted":	false,
					"sender":	true
				}],
			"sum":	{
				"start":	9.000189,
				"end":	10.000154,
				"seconds":	0.99996501207351685,
				"bytes":	0,
				"bits_per_second":	0,
				"retransmits":	0,
				"omitted":	false,
				"sender":	true
			}
		}],
	"end":	{
		"streams":	[{
				"sender":	{
					"socket":	5,
					"start":	0,
					"end":	10.000154,
					"seconds":	10.000154,
					"bytes":	4404264,
					"bits_per_second":	3523356.9403031194,
					"retransmits":	1,
					"max_snd_cwnd":	961472,
					"max_rtt":	795419,
					"min_rtt":	211391,
					"mean_rtt":	600125,
					"sender":	true
				},
				"receiver":	{
					"socket":	5,
					"start":	0,
					"end":	10.480946,
					"seconds":	10.000154,
					"bytes":	1908464,
					"bits_per_second":	1456711.2548810004,
					"sender":	true
				}
			}],
		"sum_sent":	{
			"start":	0,
			"end":	10.000154,
			"seconds":	10.000154,
			"bytes":	4404264,
			"bits_per_second":	3523356.9403031194,
			"retransmits":	1,
			"sender":	true
		},
		"sum_received":	{
			"start":	0,
			"end":	10.480946,
			"seconds":	10.480946,
			"bytes":	1908464,
			"bits_per_second":	1456711.2548810004,
			"sender":	true
		},
		"cpu_utilization_percent":	{
			"host_total":	4.3785863048245632,
			"host_user":	1.171735520857895,
			"host_system":	3.2068781803812811,
			"remote_total":	0.14026848844515438,
			"remote_user":	0.14026848844515438,
			"remote_system":	0
		},
		"sender_tcp_congestion":	"cubic",
		"receiver_tcp_congestion":	"cubic"
	}
}
