{
	"start":	{
		"connected":	[{
				"socket":	5,
				"local_host":	"10.0.3.12",
				"local_port":	44395,
				"remote_host":	"10.0.6.10",
				"remote_port":	5202
			}],
		"version":	"iperf 3.7",
		"system_info":	"Linux a-VirtualBox 5.11.0-40-generic #44~20.04.2-Ubuntu SMP Tue Oct 26 18:07:44 UTC 2021 x86_64",
		"timestamp":	{
			"time":	"Wed, 17 Nov 2021 16:17:51 GMT",
			"timesecs":	1637165871
		},
		"connecting_to":	{
			"host":	"10.0.6.10",
			"port":	5202
		},
		"cookie":	"sx7u6dq24nznido3zcylpkroyndbw4pqsshi",
		"sock_bufsize":	0,
		"sndbuf_actual":	212992,
		"rcvbuf_actual":	212992,
		"test_start":	{
			"protocol":	"UDP",
			"num_streams":	1,
			"blksize":	1448,
			"omit":	0,
			"duration":	10,
			"bytes":	0,
			"blocks":	0,
			"reverse":	0,
			"tos":	0
		}
	},
	"intervals":	[{
			"streams":	[{
					"socket":	5,
					"start":	0,
					"end":	1.000001,
					"seconds":	1.0000009536743164,
					"bytes":	12794528,
					"bits_per_second":	102356126.38559113,
					"packets":	8836,
					"omitted":	false,
					"sender":	true
				}],
			"sum":	{
				"start":	0,
				"end":	1.000001,
				"seconds":	1.0000009536743164,
				"bytes":	12794528,
				"bits_per_second":	102356126.38559113,
				"packets":	8836,
				"omitted":	false,
				"sender":	true
			}
		}, {
			"streams":	[{
					"socket":	5,
					"start":	1.000001,
					"end":	2.000059,
					"seconds":	1.0000580549240112,
					"bytes":	15987368,
					"bits_per_second":	127891519.26756725,
					"packets":	11041,
					"omitted":	false,
					"sender":	true
				}],
			"sum":	{
				"start":	1.000001,
				"end":	2.000059,
				"seconds":	1.0000580549240112,
				"bytes":	15987368,
				"bits_per_second":	127891519.26756725,
				"packets":	11041,
				"omitted":	false,
				"sender":	true
			}
		}, {
			"streams":	[{
					"socket":	5,
					"start":	2.000059,
					"end":	3.000053,
					"seconds":	0.99999397993087769,
					"bytes":	14045600,
					"bits_per_second":	112365476.44793518,
					"packets":	9700,
					"omitted":	false,
					"sender":	true
				}],
			"sum":	{
				"start":	2.000059,
				"end":	3.000053,
				"seconds":	0.99999397993087769,
				"bytes":	14045600,
				"bits_per_second":	112365476.44793518,
				"packets":	9700,
				"omitted":	false,
				"sender":	true
			}
		}, {
			"streams":	[{
					"socket":	5,
					"start":	3.000053,
					"end":	4.00015,
					"seconds":	1.0000970363616943,
					"bytes":	13880528,
					"bits_per_second":	111033449.71801299,
					"packets":	9586,
					"omitted":	false,
					"sender":	true
				}],
			"sum":	{
				"start":	3.000053,
				"end":	4.00015,
				"seconds":	1.0000970363616943,
				"bytes":	13880528,
				"bits_per_second":	111033449.71801299,
				"packets":	9586,
				"omitted":	false,
				"sender":	true
			}
		}, {
			"streams":	[{
					"socket":	5,
					"start":	4.00015,
					"end":	5.000088,
					"seconds":	0.99993801116943359,
					"bytes":	13182592,
					"bits_per_second":	105467273.79296546,
					"packets":	9104,
					"omitted":	false,
					"sender":	true
				}],
			"sum":	{
				"start":	4.00015,
				"end":	5.000088,
				"seconds":	0.99993801116943359,
				"bytes":	13182592,
				"bits_per_second":	105467273.79296546,
				"packets":	9104,
				"omitted":	false,
				"sender":	true
			}
		}, {
			"streams":	[{
					"socket":	5,
					"start":	5.000088,
					"end":	6.000026,
					"seconds":	0.99993801116943359,
					"bytes":	16825760,
					"bits_per_second":	134614424.59075776,
					"packets":	11620,
					"omitted":	false,
					"sender":	true
				}],
			"sum":	{
				"start":	5.000088,
				"end":	6.000026,
				"seconds":	0.99993801116943359,
				"bytes":	16825760,
				"bits_per_second":	134614424.59075776,
				"packets":	11620,
				"omitted":	false,
				"sender":	true
			}
		}, {
			"streams":	[{
					"socket":	5,
					"start":	6.000026,
					"end":	7.000058,
					"seconds":	1.0000319480895996,
					"bytes":	17360072,
					"bits_per_second":	138876139.17266247,
					"packets":	11989,
					"omitted":	false,
					"sender":	true
				}],
			"sum":	{
				"start":	6.000026,
				"end":	7.000058,
				"seconds":	1.0000319480895996,
				"bytes":	17360072,
				"bits_per_second":	138876139.17266247,
				"packets":	11989,
				"omitted":	false,
				"sender":	true
			}
		}, {
			"streams":	[{
					"socket":	5,
					"start":	7.000058,
					"end":	8.000067,
					"seconds":	1.0000089406967163,
					"bytes":	13459160,
					"bits_per_second":	107672317.33446597,
					"packets":	9295,
					"omitted":	false,
					"sender":	true
				}],
			"sum":	{
				"start":	7.000058,
				"end":	8.000067,
				"seconds":	1.0000089406967163,
				"bytes":	13459160,
				"bits_per_second":	107672317.33446597,
				"packets":	9295,
				"omitted":	false,
				"sender":	true
			}
		}, {
			"streams":	[{
					"socket":	5,
					"start":	8.000067,
					"end":	9.001245,
					"seconds":	1.0011780261993408,
					"bytes":	15356040,
					"bits_per_second":	122703771.74212983,
					"packets":	10605,
					"omitted":	false,
					"sender":	true
				}],
			"sum":	{
				"start":	8.000067,
				"end":	9.001245,
				"seconds":	1.0011780261993408,
				"bytes":	15356040,
				"bits_per_second":	122703771.74212983,
				"packets":	10605,
				"omitted":	false,
				"sender":	true
			}
		}, {
			"streams":	[{
					"socket":	5,
					"start":	9.001245,
					"end":	10.000034,
					"seconds":	0.99878901243209839,
					"bytes":	15054856,
					"bits_per_second":	120584874.78424069,
					"packets":	10397,
					"omitted":	false,
					"sender":	true
				}],
			"sum":	{
				"start":	9.001245,
				"end":	10.000034,
				"seconds":	0.99878901243209839,
				"bytes":	15054856,
				"bits_per_second":	120584874.78424069,
				"packets":	10397,
				"omitted":	false,
				"sender":	true
			}
		}],
	"end":	{
		"streams":	[{
				"udp":	{
					"socket":	5,
					"start":	0,
					"end":	10.000034,
					"seconds":	10.000034,
					"bytes":	147946504,
					"bits_per_second":	118356800.78687733,
					"jitter_ms":	0.000723675456969781,
					"lost_packets":	14385,
					"packets":	102173,
					"lost_percent":	14.079061983107083,
					"out_of_order":	0,
					"sender":	true
				}
			}],
		"sum":	{
			"start":	0,
			"end":	10.11084,
			"seconds":	10.11084,
			"bytes":	147946504,
			"bits_per_second":	118356800.78687733,
			"jitter_ms":	0.000723675456969781,
			"lost_packets":	14385,
			"packets":	102173,
			"lost_percent":	14.079061983107083,
			"sender":	true
		},
		"cpu_utilization_percent":	{
			"host_total":	12.061946362856467,
			"host_user":	1.7988913061151677,
			"host_system":	10.2630550567413,
			"remote_total":	7.1021129747239993,
			"remote_user":	1.7571541234948487,
			"remote_system":	5.3449494993420474
		}
	}
}
