{
	"start":	{
		"connected":	[{
				"socket":	5,
				"local_host":	"10.0.4.13",
				"local_port":	57480,
				"remote_host":	"10.0.6.10",
				"remote_port":	5203
			}],
		"version":	"iperf 3.7",
		"system_info":	"Linux a-VirtualBox 5.11.0-40-generic #44~20.04.2-Ubuntu SMP Tue Oct 26 18:07:44 UTC 2021 x86_64",
		"timestamp":	{
			"time":	"Wed, 17 Nov 2021 13:37:17 GMT",
			"timesecs":	1637156237
		},
		"connecting_to":	{
			"host":	"10.0.6.10",
			"port":	5203
		},
		"cookie":	"x7hxn4yimnsjlnz7fq556tpxflbxw4ilq5jp",
		"sock_bufsize":	0,
		"sndbuf_actual":	212992,
		"rcvbuf_actual":	212992,
		"test_start":	{
			"protocol":	"UDP",
			"num_streams":	1,
			"blksize":	1448,
			"omit":	0,
			"duration":	10,
			"bytes":	0,
			"blocks":	0,
			"reverse":	0,
			"tos":	0
		}
	},
	"intervals":	[{
			"streams":	[{
					"socket":	5,
					"start":	0,
					"end":	1.000076,
					"seconds":	1.0000760555267334,
					"bytes":	9390280,
					"bits_per_second":	75116526.972974688,
					"packets":	6485,
					"omitted":	false,
					"sender":	true
				}],
			"sum":	{
				"start":	0,
				"end":	1.000076,
				"seconds":	1.0000760555267334,
				"bytes":	9390280,
				"bits_per_second":	75116526.972974688,
				"packets":	6485,
				"omitted":	false,
				"sender":	true
			}
		}, {
			"streams":	[{
					"socket":	5,
					"start":	1.000076,
					"end":	2.000007,
					"seconds":	0.9999309778213501,
					"bytes":	21298632,
					"bits_per_second":	170400817.43566313,
					"packets":	14709,
					"omitted":	false,
					"sender":	true
				}],
			"sum":	{
				"start":	1.000076,
				"end":	2.000007,
				"seconds":	0.9999309778213501,
				"bytes":	21298632,
				"bits_per_second":	170400817.43566313,
				"packets":	14709,
				"omitted":	false,
				"sender":	true
			}
		}, {
			"streams":	[{
					"socket":	5,
					"start":	2.000007,
					"end":	3.000104,
					"seconds":	1.0000970363616943,
					"bytes":	15487808,
					"bits_per_second":	123890442.12224776,
					"packets":	10696,
					"omitted":	false,
					"sender":	true
				}],
			"sum":	{
				"start":	2.000007,
				"end":	3.000104,
				"seconds":	1.0000970363616943,
				"bytes":	15487808,
				"bits_per_second":	123890442.12224776,
				"packets":	10696,
				"omitted":	false,
				"sender":	true
			}
		}, {
			"streams":	[{
					"socket":	5,
					"start":	3.000104,
					"end":	4.000082,
					"seconds":	0.99997800588607788,
					"bytes":	13634368,
					"bits_per_second":	109077343.05950958,
					"packets":	9416,
					"omitted":	false,
					"sender":	true
				}],
			"sum":	{
				"start":	3.000104,
				"end":	4.000082,
				"seconds":	0.99997800588607788,
				"bytes":	13634368,
				"bits_per_second":	109077343.05950958,
				"packets":	9416,
				"omitted":	false,
				"sender":	true
			}
		}, {
			"streams":	[{
					"socket":	5,
					"start":	4.000082,
					"end":	5.000056,
					"seconds":	0.99997401237487793,
					"bytes":	14022432,
					"bits_per_second":	112182371.35341203,
					"packets":	9684,
					"omitted":	false,
					"sender":	true
				}],
			"sum":	{
				"start":	4.000082,
				"end":	5.000056,
				"seconds":	0.99997401237487793,
				"bytes":	14022432,
				"bits_per_second":	112182371.35341203,
				"packets":	9684,
				"omitted":	false,
				"sender":	true
			}
		}, {
			"streams":	[{
					"socket":	5,
					"start":	5.000056,
					"end":	6.000058,
					"seconds":	1.0000020265579224,
					"bytes":	13506944,
					"bits_per_second":	108055333.01960881,
					"packets":	9328,
					"omitted":	false,
					"sender":	true
				}],
			"sum":	{
				"start":	5.000056,
				"end":	6.000058,
				"seconds":	1.0000020265579224,
				"bytes":	13506944,
				"bits_per_second":	108055333.01960881,
				"packets":	9328,
				"omitted":	false,
				"sender":	true
			}
		}, {
			"streams":	[{
					"socket":	5,
					"start":	6.000058,
					"end":	7.000414,
					"seconds":	1.0003559589385986,
					"bytes":	10098352,
					"bits_per_second":	80758069.443317682,
					"packets":	6974,
					"omitted":	false,
					"sender":	true
				}],
			"sum":	{
				"start":	6.000058,
				"end":	7.000414,
				"seconds":	1.0003559589385986,
				"bytes":	10098352,
				"bits_per_second":	80758069.443317682,
				"packets":	6974,
				"omitted":	false,
				"sender":	true
			}
		}, {
			"streams":	[{
					"socket":	5,
					"start":	7.000414,
					"end":	8.000007,
					"seconds":	0.99959301948547363,
					"bytes":	12219672,
					"bits_per_second":	97797177.545636743,
					"packets":	8439,
					"omitted":	false,
					"sender":	true
				}],
			"sum":	{
				"start":	7.000414,
				"end":	8.000007,
				"seconds":	0.99959301948547363,
				"bytes":	12219672,
				"bits_per_second":	97797177.545636743,
				"packets":	8439,
				"omitted":	false,
				"sender":	true
			}
		}, {
			"streams":	[{
					"socket":	5,
					"start":	8.000007,
					"end":	9.000022,
					"seconds":	1.0000150203704834,
					"bytes":	16198776,
					"bits_per_second":	129588261.53630142,
					"packets":	11187,
					"omitted":	false,
					"sender":	true
				}],
			"sum":	{
				"start":	8.000007,
				"end":	9.000022,
				"seconds":	1.0000150203704834,
				"bytes":	16198776,
				"bits_per_second":	129588261.53630142,
				"packets":	11187,
				"omitted":	false,
				"sender":	true
			}
		}, {
			"streams":	[{
					"socket":	5,
					"start":	9.000022,
					"end":	10.000011,
					"seconds":	0.99998897314071655,
					"bytes":	15392240,
					"bits_per_second":	123139277.839489,
					"packets":	10630,
					"omitted":	false,
					"sender":	true
				}],
			"sum":	{
				"start":	9.000022,
				"end":	10.000011,
				"seconds":	0.99998897314071655,
				"bytes":	15392240,
				"bits_per_second":	123139277.839489,
				"packets":	10630,
				"omitted":	false,
				"sender":	true
			}
		}],
	"end":	{
		"streams":	[{
				"udp":	{
					"socket":	5,
					"start":	0,
					"end":	10.000011,
					"seconds":	10.000011,
					"bytes":	141249504,
					"bits_per_second":	112999478.90057321,
					"jitter_ms":	0.001952558260171533,
					"lost_packets":	13506,
					"packets":	97548,
					"lost_percent":	13.845491450362898,
					"out_of_order":	0,
					"sender":	true
				}
			}],
		"sum":	{
			"start":	0,
			"end":	10.23422,
			"seconds":	10.23422,
			"bytes":	141249504,
			"bits_per_second":	112999478.90057321,
			"jitter_ms":	0.001952558260171533,
			"lost_packets":	13506,
			"packets":	97548,
			"lost_percent":	13.845491450362898,
			"sender":	true
		},
		"cpu_utilization_percent":	{
			"host_total":	11.713033933268987,
			"host_user":	0.91925471715967377,
			"host_system":	10.793788678816783,
			"remote_total":	6.7237652686161606,
			"remote_user":	1.4509264286991284,
			"remote_system":	5.2728295958744944
		}
	}
}
