{
	"start":	{
		"connected":	[{
				"socket":	5,
				"local_host":	"10.0.5.10",
				"local_port":	34271,
				"remote_host":	"10.0.6.10",
				"remote_port":	5204
			}],
		"version":	"iperf 3.7",
		"system_info":	"Linux a-VirtualBox 5.11.0-40-generic #44~20.04.2-Ubuntu SMP Tue Oct 26 18:07:44 UTC 2021 x86_64",
		"timestamp":	{
			"time":	"Wed, 17 Nov 2021 13:37:17 GMT",
			"timesecs":	1637156237
		},
		"connecting_to":	{
			"host":	"10.0.6.10",
			"port":	5204
		},
		"cookie":	"qr2reile5ohrgtsowgf45rcjlzri7yw62zjn",
		"sock_bufsize":	0,
		"sndbuf_actual":	212992,
		"rcvbuf_actual":	212992,
		"test_start":	{
			"protocol":	"UDP",
			"num_streams":	1,
			"blksize":	1448,
			"omit":	0,
			"duration":	10,
			"bytes":	0,
			"blocks":	0,
			"reverse":	0,
			"tos":	0
		}
	},
	"intervals":	[{
			"streams":	[{
					"socket":	5,
					"start":	0,
					"end":	1.000043,
					"seconds":	1.0000430345535278,
					"bytes":	11909800,
					"bits_per_second":	95274299.913040563,
					"packets":	8225,
					"omitted":	false,
					"sender":	true
				}],
			"sum":	{
				"start":	0,
				"end":	1.000043,
				"seconds":	1.0000430345535278,
				"bytes":	11909800,
				"bits_per_second":	95274299.913040563,
				"packets":	8225,
				"omitted":	false,
				"sender":	true
			}
		}, {
			"streams":	[{
					"socket":	5,
					"start":	1.000043,
					"end":	2.000047,
					"seconds":	1.0000040531158447,
					"bytes":	15548624,
					"bits_per_second":	124388487.83904904,
					"packets":	10738,
					"omitted":	false,
					"sender":	true
				}],
			"sum":	{
				"start":	1.000043,
				"end":	2.000047,
				"seconds":	1.0000040531158447,
				"bytes":	15548624,
				"bits_per_second":	124388487.83904904,
				"packets":	10738,
				"omitted":	false,
				"sender":	true
			}
		}, {
			"streams":	[{
					"socket":	5,
					"start":	2.000047,
					"end":	3.000066,
					"seconds":	1.0000189542770386,
					"bytes":	14681272,
					"bits_per_second":	117447949.85902075,
					"packets":	10139,
					"omitted":	false,
					"sender":	true
				}],
			"sum":	{
				"start":	2.000047,
				"end":	3.000066,
				"seconds":	1.0000189542770386,
				"bytes":	14681272,
				"bits_per_second":	117447949.85902075,
				"packets":	10139,
				"omitted":	false,
				"sender":	true
			}
		}, {
			"streams":	[{
					"socket":	5,
					"start":	3.000066,
					"end":	4.001385,
					"seconds":	1.0013190507888794,
					"bytes":	16145200,
					"bits_per_second":	128991453.72121033,
					"packets":	11150,
					"omitted":	false,
					"sender":	true
				}],
			"sum":	{
				"start":	3.000066,
				"end":	4.001385,
				"seconds":	1.0013190507888794,
				"bytes":	16145200,
				"bits_per_second":	128991453.72121033,
				"packets":	11150,
				"omitted":	false,
				"sender":	true
			}
		}, {
			"streams":	[{
					"socket":	5,
					"start":	4.001385,
					"end":	5.000061,
					"seconds":	0.99867600202560425,
					"bytes":	13047928,
					"bits_per_second":	104521810.66560143,
					"packets":	9011,
					"omitted":	false,
					"sender":	true
				}],
			"sum":	{
				"start":	4.001385,
				"end":	5.000061,
				"seconds":	0.99867600202560425,
				"bytes":	13047928,
				"bits_per_second":	104521810.66560143,
				"packets":	9011,
				"omitted":	false,
				"sender":	true
			}
		}, {
			"streams":	[{
					"socket":	5,
					"start":	5.000061,
					"end":	6.002919,
					"seconds":	1.00285804271698,
					"bytes":	14257008,
					"bits_per_second":	113731015.89831708,
					"packets":	9846,
					"omitted":	false,
					"sender":	true
				}],
			"sum":	{
				"start":	5.000061,
				"end":	6.002919,
				"seconds":	1.00285804271698,
				"bytes":	14257008,
				"bits_per_second":	113731015.89831708,
				"packets":	9846,
				"omitted":	false,
				"sender":	true
			}
		}, {
			"streams":	[{
					"socket":	5,
					"start":	6.002919,
					"end":	7.000203,
					"seconds":	0.99728399515151978,
					"bytes":	11882288,
					"bits_per_second":	95317185.939154238,
					"packets":	8206,
					"omitted":	false,
					"sender":	true
				}],
			"sum":	{
				"start":	6.002919,
				"end":	7.000203,
				"seconds":	0.99728399515151978,
				"bytes":	11882288,
				"bits_per_second":	95317185.939154238,
				"packets":	8206,
				"omitted":	false,
				"sender":	true
			}
		}, {
			"streams":	[{
					"socket":	5,
					"start":	7.000203,
					"end":	8.000124,
					"seconds":	0.99992102384567261,
					"bytes":	12323928,
					"bits_per_second":	98599210.986503422,
					"packets":	8511,
					"omitted":	false,
					"sender":	true
				}],
			"sum":	{
				"start":	7.000203,
				"end":	8.000124,
				"seconds":	0.99992102384567261,
				"bytes":	12323928,
				"bits_per_second":	98599210.986503422,
				"packets":	8511,
				"omitted":	false,
				"sender":	true
			}
		}, {
			"streams":	[{
					"socket":	5,
					"start":	8.000124,
					"end":	9.000083,
					"seconds":	0.99995899200439453,
					"bytes":	13918176,
					"bits_per_second":	111349974.23925427,
					"packets":	9612,
					"omitted":	false,
					"sender":	true
				}],
			"sum":	{
				"start":	8.000124,
				"end":	9.000083,
				"seconds":	0.99995899200439453,
				"bytes":	13918176,
				"bits_per_second":	111349974.23925427,
				"packets":	9612,
				"omitted":	false,
				"sender":	true
			}
		}, {
			"streams":	[{
					"socket":	5,
					"start":	9.000083,
					"end":	10.000195,
					"seconds":	1.0001120567321777,
					"bytes":	14947704,
					"bits_per_second":	119568233.57447338,
					"packets":	10323,
					"omitted":	false,
					"sender":	true
				}],
			"sum":	{
				"start":	9.000083,
				"end":	10.000195,
				"seconds":	1.0001120567321777,
				"bytes":	14947704,
				"bits_per_second":	119568233.57447338,
				"packets":	10323,
				"omitted":	false,
				"sender":	true
			}
		}],
	"end":	{
		"streams":	[{
				"udp":	{
					"socket":	5,
					"start":	0,
					"end":	10.000195,
					"seconds":	10.000195,
					"bytes":	138661928,
					"bits_per_second":	110927379.31610334,
					"jitter_ms":	0.035596358171953849,
					"lost_packets":	7299,
					"packets":	95761,
					"lost_percent":	7.6221008552542271,
					"out_of_order":	0,
					"sender":	true
				}
			}],
		"sum":	{
			"start":	0,
			"end":	10.11532,
			"seconds":	10.11532,
			"bytes":	138661928,
			"bits_per_second":	110927379.31610334,
			"jitter_ms":	0.035596358171953849,
			"lost_packets":	7299,
			"packets":	95761,
			"lost_percent":	7.6221008552542271,
			"sender":	true
		},
		"cpu_utilization_percent":	{
			"host_total":	11.949609993014414,
			"host_user":	1.1322218477988419,
			"host_system":	10.817407286427857,
			"remote_total":	6.9529495526738332,
			"remote_user":	1.5745237640769354,
			"remote_system":	5.3784351407218924
		}
	}
}
