{
	"start":	{
		"connected":	[{
				"socket":	5,
				"local_host":	"10.0.1.10",
				"local_port":	52894,
				"remote_host":	"10.0.6.10",
				"remote_port":	5200
			}],
		"version":	"iperf 3.7",
		"system_info":	"Linux a-VirtualBox 5.11.0-40-generic #44~20.04.2-Ubuntu SMP Tue Oct 26 18:07:44 UTC 2021 x86_64",
		"timestamp":	{
			"time":	"Wed, 17 Nov 2021 16:17:51 GMT",
			"timesecs":	1637165871
		},
		"connecting_to":	{
			"host":	"10.0.6.10",
			"port":	5200
		},
		"cookie":	"n62feu3h6yfnavru4nk2fsjq3zjmzcpbdcw2",
		"sock_bufsize":	0,
		"sndbuf_actual":	212992,
		"rcvbuf_actual":	212992,
		"test_start":	{
			"protocol":	"UDP",
			"num_streams":	1,
			"blksize":	1448,
			"omit":	0,
			"duration":	10,
			"bytes":	0,
			"blocks":	0,
			"reverse":	0,
			"tos":	0
		}
	},
	"intervals":	[{
			"streams":	[{
					"socket":	5,
					"start":	0,
					"end":	1.001009,
					"seconds":	1.0010089874267578,
					"bytes":	10364784,
					"bits_per_second":	82834692.8364287,
					"packets":	7158,
					"omitted":	false,
					"sender":	true
				}],
			"sum":	{
				"start":	0,
				"end":	1.001009,
				"seconds":	1.0010089874267578,
				"bytes":	10364784,
				"bits_per_second":	82834692.8364287,
				"packets":	7158,
				"omitted":	false,
				"sender":	true
			}
		}, {
			"streams":	[{
					"socket":	5,
					"start":	1.001009,
					"end":	2.000022,
					"seconds":	0.99901300668716431,
					"bytes":	16019224,
					"bits_per_second":	128280403.90081798,
					"packets":	11063,
					"omitted":	false,
					"sender":	true
				}],
			"sum":	{
				"start":	1.001009,
				"end":	2.000022,
				"seconds":	0.99901300668716431,
				"bytes":	16019224,
				"bits_per_second":	128280403.90081798,
				"packets":	11063,
				"omitted":	false,
				"sender":	true
			}
		}, {
			"streams":	[{
					"socket":	5,
					"start":	2.000022,
					"end":	3.000017,
					"seconds":	0.99999499320983887,
					"bytes":	15305360,
					"bits_per_second":	122443493.04887629,
					"packets":	10570,
					"omitted":	false,
					"sender":	true
				}],
			"sum":	{
				"start":	2.000022,
				"end":	3.000017,
				"seconds":	0.99999499320983887,
				"bytes":	15305360,
				"bits_per_second":	122443493.04887629,
				"packets":	10570,
				"omitted":	false,
				"sender":	true
			}
		}, {
			"streams":	[{
					"socket":	5,
					"start":	3.000017,
					"end":	4.000094,
					"seconds":	1.0000770092010498,
					"bytes":	15018656,
					"bits_per_second":	120139996.11488506,
					"packets":	10372,
					"omitted":	false,
					"sender":	true
				}],
			"sum":	{
				"start":	3.000017,
				"end":	4.000094,
				"seconds":	1.0000770092010498,
				"bytes":	15018656,
				"bits_per_second":	120139996.11488506,
				"packets":	10372,
				"omitted":	false,
				"sender":	true
			}
		}, {
			"streams":	[{
					"socket":	5,
					"start":	4.000094,
					"end":	5.000037,
					"seconds":	0.99994301795959473,
					"bytes":	13278160,
					"bits_per_second":	106231333.27812517,
					"packets":	9170,
					"omitted":	false,
					"sender":	true
				}],
			"sum":	{
				"start":	4.000094,
				"end":	5.000037,
				"seconds":	0.99994301795959473,
				"bytes":	13278160,
				"bits_per_second":	106231333.27812517,
				"packets":	9170,
				"omitted":	false,
				"sender":	true
			}
		}, {
			"streams":	[{
					"socket":	5,
					"start":	5.000037,
					"end":	6.000444,
					"seconds":	1.0004069805145264,
					"bytes":	15739760,
					"bits_per_second":	125866854.64273569,
					"packets":	10870,
					"omitted":	false,
					"sender":	true
				}],
			"sum":	{
				"start":	5.000037,
				"end":	6.000444,
				"seconds":	1.0004069805145264,
				"bytes":	15739760,
				"bits_per_second":	125866854.64273569,
				"packets":	10870,
				"omitted":	false,
				"sender":	true
			}
		}, {
			"streams":	[{
					"socket":	5,
					"start":	6.000444,
					"end":	7.001307,
					"seconds":	1.0008629560470581,
					"bytes":	17998640,
					"bits_per_second":	143864970.85344219,
					"packets":	12430,
					"omitted":	false,
					"sender":	true
				}],
			"sum":	{
				"start":	6.000444,
				"end":	7.001307,
				"seconds":	1.0008629560470581,
				"bytes":	17998640,
				"bits_per_second":	143864970.85344219,
				"packets":	12430,
				"omitted":	false,
				"sender":	true
			}
		}, {
			"streams":	[{
					"socket":	5,
					"start":	7.001307,
					"end":	8.000034,
					"seconds":	0.998727023601532,
					"bytes":	13450472,
					"bits_per_second":	107740927.65805776,
					"packets":	9289,
					"omitted":	false,
					"sender":	true
				}],
			"sum":	{
				"start":	7.001307,
				"end":	8.000034,
				"seconds":	0.998727023601532,
				"bytes":	13450472,
				"bits_per_second":	107740927.65805776,
				"packets":	9289,
				"omitted":	false,
				"sender":	true
			}
		}, {
			"streams":	[{
					"socket":	5,
					"start":	8.000034,
					"end":	9.00948,
					"seconds":	1.0094460248947144,
					"bytes":	13683600,
					"bits_per_second":	108444431.20316179,
					"packets":	9450,
					"omitted":	false,
					"sender":	true
				}],
			"sum":	{
				"start":	8.000034,
				"end":	9.00948,
				"seconds":	1.0094460248947144,
				"bytes":	13683600,
				"bits_per_second":	108444431.20316179,
				"packets":	9450,
				"omitted":	false,
				"sender":	true
			}
		}, {
			"streams":	[{
					"socket":	5,
					"start":	9.00948,
					"end":	10.006891,
					"seconds":	0.99741101264953613,
					"bytes":	14102072,
					"bits_per_second":	113109414.84425013,
					"packets":	9739,
					"omitted":	false,
					"sender":	true
				}],
			"sum":	{
				"start":	9.00948,
				"end":	10.006891,
				"seconds":	0.99741101264953613,
				"bytes":	14102072,
				"bits_per_second":	113109414.84425013,
				"packets":	9739,
				"omitted":	false,
				"sender":	true
			}
		}],
	"end":	{
		"streams":	[{
				"udp":	{
					"socket":	5,
					"start":	0,
					"end":	10.006891,
					"seconds":	10.006891,
					"bytes":	144960728,
					"bits_per_second":	115888723.48064949,
					"jitter_ms":	0.097725531930604292,
					"lost_packets":	12990,
					"packets":	100111,
					"lost_percent":	12.975597087233171,
					"out_of_order":	0,
					"sender":	true
				}
			}],
		"sum":	{
			"start":	0,
			"end":	10.171198,
			"seconds":	10.171198,
			"bytes":	144960728,
			"bits_per_second":	115888723.48064949,
			"jitter_ms":	0.097725531930604292,
			"lost_packets":	12990,
			"packets":	100111,
			"lost_percent":	12.975597087233171,
			"sender":	true
		},
		"cpu_utilization_percent":	{
			"host_total":	12.054060805982306,
			"host_user":	1.5976094077539442,
			"host_system":	10.456451398228364,
			"remote_total":	7.0584062777647381,
			"remote_user":	1.6721608443992744,
			"remote_system":	5.3862361416730362
		}
	}
}
