{
	"start":	{
		"connected":	[{
				"socket":	5,
				"local_host":	"10.0.2.11",
				"local_port":	40134,
				"remote_host":	"10.0.6.10",
				"remote_port":	5201
			}],
		"version":	"iperf 3.7",
		"system_info":	"Linux a-VirtualBox 5.11.0-40-generic #44~20.04.2-Ubuntu SMP Tue Oct 26 18:07:44 UTC 2021 x86_64",
		"timestamp":	{
			"time":	"Wed, 17 Nov 2021 16:17:51 GMT",
			"timesecs":	1637165871
		},
		"connecting_to":	{
			"host":	"10.0.6.10",
			"port":	5201
		},
		"cookie":	"yz2p7feofmn7z3gddobutcvy74izfp2ghhlq",
		"sock_bufsize":	0,
		"sndbuf_actual":	212992,
		"rcvbuf_actual":	212992,
		"test_start":	{
			"protocol":	"UDP",
			"num_streams":	1,
			"blksize":	1448,
			"omit":	0,
			"duration":	10,
			"bytes":	0,
			"blocks":	0,
			"reverse":	0,
			"tos":	0
		}
	},
	"intervals":	[{
			"streams":	[{
					"socket":	5,
					"start":	0,
					"end":	1.000059,
					"seconds":	1.0000590085983276,
					"bytes":	9326568,
					"bits_per_second":	74608141.478147551,
					"packets":	6441,
					"omitted":	false,
					"sender":	true
				}],
			"sum":	{
				"start":	0,
				"end":	1.000059,
				"seconds":	1.0000590085983276,
				"bytes":	9326568,
				"bits_per_second":	74608141.478147551,
				"packets":	6441,
				"omitted":	false,
				"sender":	true
			}
		}, {
			"streams":	[{
					"socket":	5,
					"start":	1.000059,
					"end":	2.000091,
					"seconds":	1.0000319480895996,
					"bytes":	14054288,
					"bits_per_second":	112430712.05353756,
					"packets":	9706,
					"omitted":	false,
					"sender":	true
				}],
			"sum":	{
				"start":	1.000059,
				"end":	2.000091,
				"seconds":	1.0000319480895996,
				"bytes":	14054288,
				"bits_per_second":	112430712.05353756,
				"packets":	9706,
				"omitted":	false,
				"sender":	true
			}
		}, {
			"streams":	[{
					"socket":	5,
					"start":	2.000091,
					"end":	3.00004,
					"seconds":	0.99994897842407227,
					"bytes":	13663328,
					"bits_per_second":	109312201.28077747,
					"packets":	9436,
					"omitted":	false,
					"sender":	true
				}],
			"sum":	{
				"start":	2.000091,
				"end":	3.00004,
				"seconds":	0.99994897842407227,
				"bytes":	13663328,
				"bits_per_second":	109312201.28077747,
				"packets":	9436,
				"omitted":	false,
				"sender":	true
			}
		}, {
			"streams":	[{
					"socket":	5,
					"start":	3.00004,
					"end":	4.000006,
					"seconds":	0.999966025352478,
					"bytes":	13101504,
					"bits_per_second":	104815593.07282946,
					"packets":	9048,
					"omitted":	false,
					"sender":	true
				}],
			"sum":	{
				"start":	3.00004,
				"end":	4.000006,
				"seconds":	0.999966025352478,
				"bytes":	13101504,
				"bits_per_second":	104815593.07282946,
				"packets":	9048,
				"omitted":	false,
				"sender":	true
			}
		}, {
			"streams":	[{
					"socket":	5,
					"start":	4.000006,
					"end":	5.000031,
					"seconds":	1.0000250339508057,
					"bytes":	13576448,
					"bits_per_second":	108608865.09101425,
					"packets":	9376,
					"omitted":	false,
					"sender":	true
				}],
			"sum":	{
				"start":	4.000006,
				"end":	5.000031,
				"seconds":	1.0000250339508057,
				"bytes":	13576448,
				"bits_per_second":	108608865.09101425,
				"packets":	9376,
				"omitted":	false,
				"sender":	true
			}
		}, {
			"streams":	[{
					"socket":	5,
					"start":	5.000031,
					"end":	6.000883,
					"seconds":	1.0008519887924194,
					"bytes":	18676304,
					"bits_per_second":	149283244.34891871,
					"packets":	12898,
					"omitted":	false,
					"sender":	true
				}],
			"sum":	{
				"start":	5.000031,
				"end":	6.000883,
				"seconds":	1.0008519887924194,
				"bytes":	18676304,
				"bits_per_second":	149283244.34891871,
				"packets":	12898,
				"omitted":	false,
				"sender":	true
			}
		}, {
			"streams":	[{
					"socket":	5,
					"start":	6.000883,
					"end":	7.000105,
					"seconds":	0.99922198057174683,
					"bytes":	15901936,
					"bits_per_second":	127314541.18654227,
					"packets":	10982,
					"omitted":	false,
					"sender":	true
				}],
			"sum":	{
				"start":	6.000883,
				"end":	7.000105,
				"seconds":	0.99922198057174683,
				"bytes":	15901936,
				"bits_per_second":	127314541.18654227,
				"packets":	10982,
				"omitted":	false,
				"sender":	true
			}
		}, {
			"streams":	[{
					"socket":	5,
					"start":	7.000105,
					"end":	8.000165,
					"seconds":	1.000059962272644,
					"bytes":	13653192,
					"bits_per_second":	109218986.98132472,
					"packets":	9429,
					"omitted":	false,
					"sender":	true
				}],
			"sum":	{
				"start":	7.000105,
				"end":	8.000165,
				"seconds":	1.000059962272644,
				"bytes":	13653192,
				"bits_per_second":	109218986.98132472,
				"packets":	9429,
				"omitted":	false,
				"sender":	true
			}
		}, {
			"streams":	[{
					"socket":	5,
					"start":	8.000165,
					"end":	9.0051,
					"seconds":	1.0049350261688232,
					"bytes":	17403512,
					"bits_per_second":	138544375.87949142,
					"packets":	12019,
					"omitted":	false,
					"sender":	true
				}],
			"sum":	{
				"start":	8.000165,
				"end":	9.0051,
				"seconds":	1.0049350261688232,
				"bytes":	17403512,
				"bits_per_second":	138544375.87949142,
				"packets":	12019,
				"omitted":	false,
				"sender":	true
			}
		}, {
			"streams":	[{
					"socket":	5,
					"start":	9.0051,
					"end":	10.005424,
					"seconds":	1.000324010848999,
					"bytes":	14339544,
					"bits_per_second":	114679194.69676378,
					"packets":	9903,
					"omitted":	false,
					"sender":	true
				}],
			"sum":	{
				"start":	9.0051,
				"end":	10.005424,
				"seconds":	1.000324010848999,
				"bytes":	14339544,
				"bits_per_second":	114679194.69676378,
				"packets":	9903,
				"omitted":	false,
				"sender":	true
			}
		}],
	"end":	{
		"streams":	[{
				"udp":	{
					"socket":	5,
					"start":	0,
					"end":	10.005424,
					"seconds":	10.005424,
					"bytes":	143696624,
					"bits_per_second":	114894980.16275972,
					"jitter_ms":	0.0013116423384254947,
					"lost_packets":	14432,
					"packets":	99238,
					"lost_percent":	14.542816259900441,
					"out_of_order":	0,
					"sender":	true
				}
			}],
		"sum":	{
			"start":	0,
			"end":	10.234638,
			"seconds":	10.234638,
			"bytes":	143696624,
			"bits_per_second":	114894980.16275972,
			"jitter_ms":	0.0013116423384254947,
			"lost_packets":	14432,
			"packets":	99238,
			"lost_percent":	14.542816259900441,
			"sender":	true
		},
		"cpu_utilization_percent":	{
			"host_total":	11.705658304700309,
			"host_user":	1.2183246566781352,
			"host_system":	10.48734311139947,
			"remote_total":	6.9850914390444716,
			"remote_user":	1.067840130630243,
			"remote_system":	5.9172420664058629
		}
	}
}
