{
	"start":	{
		"connected":	[{
				"socket":	5,
				"local_host":	"10.0.5.10",
				"local_port":	43103,
				"remote_host":	"10.0.6.10",
				"remote_port":	5204
			}],
		"version":	"iperf 3.7",
		"system_info":	"Linux a-VirtualBox 5.11.0-40-generic #44~20.04.2-Ubuntu SMP Tue Oct 26 18:07:44 UTC 2021 x86_64",
		"timestamp":	{
			"time":	"Wed, 17 Nov 2021 16:17:51 GMT",
			"timesecs":	1637165871
		},
		"connecting_to":	{
			"host":	"10.0.6.10",
			"port":	5204
		},
		"cookie":	"g6cyxu2e7juemf4xtjiphyd6xubx6xs6xurf",
		"sock_bufsize":	0,
		"sndbuf_actual":	212992,
		"rcvbuf_actual":	212992,
		"test_start":	{
			"protocol":	"UDP",
			"num_streams":	1,
			"blksize":	1448,
			"omit":	0,
			"duration":	10,
			"bytes":	0,
			"blocks":	0,
			"reverse":	0,
			"tos":	0
		}
	},
	"intervals":	[{
			"streams":	[{
					"socket":	5,
					"start":	0,
					"end":	1.000077,
					"seconds":	1.0000770092010498,
					"bytes":	9590104,
					"bits_per_second":	76714924.2449753,
					"packets":	6623,
					"omitted":	false,
					"sender":	true
				}],
			"sum":	{
				"start":	0,
				"end":	1.000077,
				"seconds":	1.0000770092010498,
				"bytes":	9590104,
				"bits_per_second":	76714924.2449753,
				"packets":	6623,
				"omitted":	false,
				"sender":	true
			}
		}, {
			"streams":	[{
					"socket":	5,
					"start":	1.000077,
					"end":	2.000084,
					"seconds":	1.0000070333480835,
					"bytes":	14259904,
					"bits_per_second":	114078429.64669548,
					"packets":	9848,
					"omitted":	false,
					"sender":	true
				}],
			"sum":	{
				"start":	1.000077,
				"end":	2.000084,
				"seconds":	1.0000070333480835,
				"bytes":	14259904,
				"bits_per_second":	114078429.64669548,
				"packets":	9848,
				"omitted":	false,
				"sender":	true
			}
		}, {
			"streams":	[{
					"socket":	5,
					"start":	2.000084,
					"end":	3.000051,
					"seconds":	0.99996697902679443,
					"bytes":	17529488,
					"bits_per_second":	140240534.87894458,
					"packets":	12106,
					"omitted":	false,
					"sender":	true
				}],
			"sum":	{
				"start":	2.000084,
				"end":	3.000051,
				"seconds":	0.99996697902679443,
				"bytes":	17529488,
				"bits_per_second":	140240534.87894458,
				"packets":	12106,
				"omitted":	false,
				"sender":	true
			}
		}, {
			"streams":	[{
					"socket":	5,
					"start":	3.000051,
					"end":	4.000176,
					"seconds":	1.0001250505447388,
					"bytes":	12264560,
					"bits_per_second":	98104212.01484637,
					"packets":	8470,
					"omitted":	false,
					"sender":	true
				}],
			"sum":	{
				"start":	3.000051,
				"end":	4.000176,
				"seconds":	1.0001250505447388,
				"bytes":	12264560,
				"bits_per_second":	98104212.01484637,
				"packets":	8470,
				"omitted":	false,
				"sender":	true
			}
		}, {
			"streams":	[{
					"socket":	5,
					"start":	4.000176,
					"end":	5.000066,
					"seconds":	0.9998900294303894,
					"bytes":	12952360,
					"bits_per_second":	103630276.28051147,
					"packets":	8945,
					"omitted":	false,
					"sender":	true
				}],
			"sum":	{
				"start":	4.000176,
				"end":	5.000066,
				"seconds":	0.9998900294303894,
				"bytes":	12952360,
				"bits_per_second":	103630276.28051147,
				"packets":	8945,
				"omitted":	false,
				"sender":	true
			}
		}, {
			"streams":	[{
					"socket":	5,
					"start":	5.000066,
					"end":	6.000055,
					"seconds":	0.99998897314071655,
					"bytes":	15625368,
					"bits_per_second":	125004322.40507299,
					"packets":	10791,
					"omitted":	false,
					"sender":	true
				}],
			"sum":	{
				"start":	5.000066,
				"end":	6.000055,
				"seconds":	0.99998897314071655,
				"bytes":	15625368,
				"bits_per_second":	125004322.40507299,
				"packets":	10791,
				"omitted":	false,
				"sender":	true
			}
		}, {
			"streams":	[{
					"socket":	5,
					"start":	6.000055,
					"end":	7.000136,
					"seconds":	1.000080943107605,
					"bytes":	13325944,
					"bits_per_second":	106598923.55186036,
					"packets":	9203,
					"omitted":	false,
					"sender":	true
				}],
			"sum":	{
				"start":	6.000055,
				"end":	7.000136,
				"seconds":	1.000080943107605,
				"bytes":	13325944,
				"bits_per_second":	106598923.55186036,
				"packets":	9203,
				"omitted":	false,
				"sender":	true
			}
		}, {
			"streams":	[{
					"socket":	5,
					"start":	7.000136,
					"end":	8.000054,
					"seconds":	0.99991798400878906,
					"bytes":	13084128,
					"bits_per_second":	104681609.56597011,
					"packets":	9036,
					"omitted":	false,
					"sender":	true
				}],
			"sum":	{
				"start":	7.000136,
				"end":	8.000054,
				"seconds":	0.99991798400878906,
				"bytes":	13084128,
				"bits_per_second":	104681609.56597011,
				"packets":	9036,
				"omitted":	false,
				"sender":	true
			}
		}, {
			"streams":	[{
					"socket":	5,
					"start":	8.000054,
					"end":	9.009792,
					"seconds":	1.0097379684448242,
					"bytes":	15579032,
					"bits_per_second":	123430295.67557591,
					"packets":	10759,
					"omitted":	false,
					"sender":	true
				}],
			"sum":	{
				"start":	8.000054,
				"end":	9.009792,
				"seconds":	1.0097379684448242,
				"bytes":	15579032,
				"bits_per_second":	123430295.67557591,
				"packets":	10759,
				"omitted":	false,
				"sender":	true
			}
		}, {
			"streams":	[{
					"socket":	5,
					"start":	9.009792,
					"end":	10.007983,
					"seconds":	0.99819099903106689,
					"bytes":	23915168,
					"bits_per_second":	191668071.72746852,
					"packets":	16516,
					"omitted":	false,
					"sender":	true
				}],
			"sum":	{
				"start":	9.009792,
				"end":	10.007983,
				"seconds":	0.99819099903106689,
				"bytes":	23915168,
				"bits_per_second":	191668071.72746852,
				"packets":	16516,
				"omitted":	false,
				"sender":	true
			}
		}],
	"end":	{
		"streams":	[{
				"udp":	{
					"socket":	5,
					"start":	0,
					"end":	10.007983,
					"seconds":	10.007983,
					"bytes":	148126056,
					"bits_per_second":	118406321.03391863,
					"jitter_ms":	0.1482891295903829,
					"lost_packets":	15044,
					"packets":	102297,
					"lost_percent":	14.706198617750276,
					"out_of_order":	0,
					"sender":	true
				}
			}],
		"sum":	{
			"start":	0,
			"end":	10.436496,
			"seconds":	10.436496,
			"bytes":	148126056,
			"bits_per_second":	118406321.03391863,
			"jitter_ms":	0.1482891295903829,
			"lost_packets":	15044,
			"packets":	102297,
			"lost_percent":	14.706198617750276,
			"sender":	true
		},
		"cpu_utilization_percent":	{
			"host_total":	11.584718796301008,
			"host_user":	1.5665688940426796,
			"host_system":	10.01814990225833,
			"remote_total":	6.7880285853233886,
			"remote_user":	1.4383693127045083,
			"remote_system":	5.34965927261888
		}
	}
}
