{
	"start":	{
		"connected":	[{
				"socket":	5,
				"local_host":	"10.0.2.11",
				"local_port":	40184,
				"remote_host":	"10.0.6.10",
				"remote_port":	5201
			}],
		"version":	"iperf 3.7",
		"system_info":	"Linux a-VirtualBox 5.11.0-40-generic #44~20.04.2-Ubuntu SMP Tue Oct 26 18:07:44 UTC 2021 x86_64",
		"timestamp":	{
			"time":	"Wed, 17 Nov 2021 13:37:17 GMT",
			"timesecs":	1637156237
		},
		"connecting_to":	{
			"host":	"10.0.6.10",
			"port":	5201
		},
		"cookie":	"243s4meldv532zooxcnka5hqafnumvdh77xz",
		"sock_bufsize":	0,
		"sndbuf_actual":	212992,
		"rcvbuf_actual":	212992,
		"test_start":	{
			"protocol":	"UDP",
			"num_streams":	1,
			"blksize":	1448,
			"omit":	0,
			"duration":	10,
			"bytes":	0,
			"blocks":	0,
			"reverse":	0,
			"tos":	0
		}
	},
	"intervals":	[{
			"streams":	[{
					"socket":	5,
					"start":	0,
					"end":	1.000042,
					"seconds":	1.0000419616699219,
					"bytes":	8640216,
					"bits_per_second":	69118827.6585684,
					"packets":	5967,
					"omitted":	false,
					"sender":	true
				}],
			"sum":	{
				"start":	0,
				"end":	1.000042,
				"seconds":	1.0000419616699219,
				"bytes":	8640216,
				"bits_per_second":	69118827.6585684,
				"packets":	5967,
				"omitted":	false,
				"sender":	true
			}
		}, {
			"streams":	[{
					"socket":	5,
					"start":	1.000042,
					"end":	2.000759,
					"seconds":	1.0007170438766479,
					"bytes":	18657480,
					"bits_per_second":	149152890.83294389,
					"packets":	12885,
					"omitted":	false,
					"sender":	true
				}],
			"sum":	{
				"start":	1.000042,
				"end":	2.000759,
				"seconds":	1.0007170438766479,
				"bytes":	18657480,
				"bits_per_second":	149152890.83294389,
				"packets":	12885,
				"omitted":	false,
				"sender":	true
			}
		}, {
			"streams":	[{
					"socket":	5,
					"start":	2.000759,
					"end":	3.000053,
					"seconds":	0.9992939829826355,
					"bytes":	14093384,
					"bits_per_second":	112826729.59110491,
					"packets":	9733,
					"omitted":	false,
					"sender":	true
				}],
			"sum":	{
				"start":	2.000759,
				"end":	3.000053,
				"seconds":	0.9992939829826355,
				"bytes":	14093384,
				"bits_per_second":	112826729.59110491,
				"packets":	9733,
				"omitted":	false,
				"sender":	true
			}
		}, {
			"streams":	[{
					"socket":	5,
					"start":	3.000053,
					"end":	4.004115,
					"seconds":	1.0040620565414429,
					"bytes":	14744984,
					"bits_per_second":	117482650.8296912,
					"packets":	10183,
					"omitted":	false,
					"sender":	true
				}],
			"sum":	{
				"start":	3.000053,
				"end":	4.004115,
				"seconds":	1.0040620565414429,
				"bytes":	14744984,
				"bits_per_second":	117482650.8296912,
				"packets":	10183,
				"omitted":	false,
				"sender":	true
			}
		}, {
			"streams":	[{
					"socket":	5,
					"start":	4.004115,
					"end":	5.000043,
					"seconds":	0.99592798948287964,
					"bytes":	13699528,
					"bits_per_second":	110044325.65140192,
					"packets":	9461,
					"omitted":	false,
					"sender":	true
				}],
			"sum":	{
				"start":	4.004115,
				"end":	5.000043,
				"seconds":	0.99592798948287964,
				"bytes":	13699528,
				"bits_per_second":	110044325.65140192,
				"packets":	9461,
				"omitted":	false,
				"sender":	true
			}
		}, {
			"streams":	[{
					"socket":	5,
					"start":	5.000043,
					"end":	6.000032,
					"seconds":	0.99998897314071655,
					"bytes":	13669120,
					"bits_per_second":	109354165.83299869,
					"packets":	9440,
					"omitted":	false,
					"sender":	true
				}],
			"sum":	{
				"start":	5.000043,
				"end":	6.000032,
				"seconds":	0.99998897314071655,
				"bytes":	13669120,
				"bits_per_second":	109354165.83299869,
				"packets":	9440,
				"omitted":	false,
				"sender":	true
			}
		}, {
			"streams":	[{
					"socket":	5,
					"start":	6.000032,
					"end":	7.000008,
					"seconds":	0.99997597932815552,
					"bytes":	11534768,
					"bits_per_second":	92280360.636260539,
					"packets":	7966,
					"omitted":	false,
					"sender":	true
				}],
			"sum":	{
				"start":	6.000032,
				"end":	7.000008,
				"seconds":	0.99997597932815552,
				"bytes":	11534768,
				"bits_per_second":	92280360.636260539,
				"packets":	7966,
				"omitted":	false,
				"sender":	true
			}
		}, {
			"streams":	[{
					"socket":	5,
					"start":	7.000008,
					"end":	8.003943,
					"seconds":	1.0039349794387817,
					"bytes":	16475344,
					"bits_per_second":	131286143.72384971,
					"packets":	11378,
					"omitted":	false,
					"sender":	true
				}],
			"sum":	{
				"start":	7.000008,
				"end":	8.003943,
				"seconds":	1.0039349794387817,
				"bytes":	16475344,
				"bits_per_second":	131286143.72384971,
				"packets":	11378,
				"omitted":	false,
				"sender":	true
			}
		}, {
			"streams":	[{
					"socket":	5,
					"start":	8.003943,
					"end":	9.000062,
					"seconds":	0.99611902236938477,
					"bytes":	15146080,
					"bits_per_second":	121640724.9324346,
					"packets":	10460,
					"omitted":	false,
					"sender":	true
				}],
			"sum":	{
				"start":	8.003943,
				"end":	9.000062,
				"seconds":	0.99611902236938477,
				"bytes":	15146080,
				"bits_per_second":	121640724.9324346,
				"packets":	10460,
				"omitted":	false,
				"sender":	true
			}
		}, {
			"streams":	[{
					"socket":	5,
					"start":	9.000062,
					"end":	10.000008,
					"seconds":	0.9999459981918335,
					"bytes":	18696576,
					"bits_per_second":	149580685.62749067,
					"packets":	12912,
					"omitted":	false,
					"sender":	true
				}],
			"sum":	{
				"start":	9.000062,
				"end":	10.000008,
				"seconds":	0.9999459981918335,
				"bytes":	18696576,
				"bits_per_second":	149580685.62749067,
				"packets":	12912,
				"omitted":	false,
				"sender":	true
			}
		}],
	"end":	{
		"streams":	[{
				"udp":	{
					"socket":	5,
					"start":	0,
					"end":	10.000008,
					"seconds":	10.000008,
					"bytes":	145357480,
					"bits_per_second":	116285890.97128724,
					"jitter_ms":	0.00043587274183874973,
					"lost_packets":	15306,
					"packets":	100385,
					"lost_percent":	15.247297903073168,
					"out_of_order":	0,
					"sender":	true
				}
			}],
		"sum":	{
			"start":	0,
			"end":	10.318577,
			"seconds":	10.318577,
			"bytes":	145357480,
			"bits_per_second":	116285890.97128724,
			"jitter_ms":	0.00043587274183874973,
			"lost_packets":	15306,
			"packets":	100385,
			"lost_percent":	15.247297903073168,
			"sender":	true
		},
		"cpu_utilization_percent":	{
			"host_total":	11.461476271353829,
			"host_user":	0.88428781016632452,
			"host_system":	10.577188461187506,
			"remote_total":	6.8114408178173642,
			"remote_user":	1.6164515480764012,
			"remote_system":	5.1949892697409625
		}
	}
}
