{
	"start":	{
		"connected":	[{
				"socket":	5,
				"local_host":	"10.0.4.13",
				"local_port":	43140,
				"remote_host":	"10.0.6.10",
				"remote_port":	5203
			}],
		"version":	"iperf 3.7",
		"system_info":	"Linux ubunu2004 5.11.0-40-generic #44~20.04.2-Ubuntu SMP Tue Oct 26 18:07:44 UTC 2021 x86_64",
		"timestamp":	{
			"time":	"Fri, 19 Nov 2021 08:45:52 GMT",
			"timesecs":	1637311552
		},
		"connecting_to":	{
			"host":	"10.0.6.10",
			"port":	5203
		},
		"cookie":	"7kgeaqfxnbfmmsjzswlvxocmcj5l4r4ouk5n",
		"tcp_mss_default":	1448,
		"target_bitrate":	1000000000,
		"sock_bufsize":	0,
		"sndbuf_actual":	87380,
		"rcvbuf_actual":	87380,
		"test_start":	{
			"protocol":	"TCP",
			"num_streams":	1,
			"blksize":	131072,
			"omit":	0,
			"duration":	10,
			"bytes":	0,
			"blocks":	0,
			"reverse":	0,
			"tos":	0
		}
	},
	"intervals":	[{
			"streams":	[{
					"socket":	5,
					"start":	0,
					"end":	1.000077,
					"seconds":	1.0000770092010498,
					"bytes":	79640,
					"bits_per_second":	637070.93967592355,
					"retransmits":	0,
					"snd_cwnd":	17376,
					"rtt":	320720,
					"rttvar":	191320,
					"pmtu":	1500,
					"omitted":	false,
					"sender":	true
				}],
			"sum":	{
				"start":	0,
				"end":	1.000077,
				"seconds":	1.0000770092010498,
				"bytes":	79640,
				"bits_per_second":	637070.93967592355,
				"retransmits":	0,
				"omitted":	false,
				"sender":	true
			}
		}, {
			"streams":	[{
					"socket":	5,
					"start":	1.000077,
					"end":	2.000055,
					"seconds":	0.99997800588607788,
					"bytes":	130320,
					"bits_per_second":	1042582.9306877508,
					"retransmits":	0,
					"snd_cwnd":	37648,
					"rtt":	491484,
					"rttvar":	403167,
					"pmtu":	1500,
					"omitted":	false,
					"sender":	true
				}],
			"sum":	{
				"start":	1.000077,
				"end":	2.000055,
				"seconds":	0.99997800588607788,
				"bytes":	130320,
				"bits_per_second":	1042582.9306877508,
				"retransmits":	0,
				"omitted":	false,
				"sender":	true
			}
		}, {
			"streams":	[{
					"socket":	5,
					"start":	2.000055,
					"end":	3.000091,
					"seconds":	1.0000360012054443,
					"bytes":	262144,
					"bits_per_second":	2097076.5027179932,
					"retransmits":	0,
					"snd_cwnd":	92672,
					"rtt":	615634,
					"rttvar":	350912,
					"pmtu":	1500,
					"omitted":	false,
					"sender":	true
				}],
			"sum":	{
				"start":	2.000055,
				"end":	3.000091,
				"seconds":	1.0000360012054443,
				"bytes":	262144,
				"bits_per_second":	2097076.5027179932,
				"retransmits":	0,
				"omitted":	false,
				"sender":	true
			}
		}, {
			"streams":	[{
					"socket":	5,
					"start":	3.000091,
					"end":	4.000195,
					"seconds":	1.0001039505004883,
					"bytes":	524288,
					"bits_per_second":	4193868.0453177076,
					"retransmits":	0,
					"snd_cwnd":	186792,
					"rtt":	710563,
					"rttvar":	364041,
					"pmtu":	1500,
					"omitted":	false,
					"sender":	true
				}],
			"sum":	{
				"start":	3.000091,
				"end":	4.000195,
				"seconds":	1.0001039505004883,
				"bytes":	524288,
				"bits_per_second":	4193868.0453177076,
				"retransmits":	0,
				"omitted":	false,
				"sender":	true
			}
		}, {
			"streams":	[{
					"socket":	5,
					"start":	4.000195,
					"end":	5.000053,
					"seconds":	0.999858021736145,
					"bytes":	262144,
					"bits_per_second":	2097449.7922800309,
					"retransmits":	0,
					"snd_cwnd":	246160,
					"rtt":	753265,
					"rttvar":	358435,
					"pmtu":	1500,
					"omitted":	false,
					"sender":	true
				}],
			"sum":	{
				"start":	4.000195,
				"end":	5.000053,
				"seconds":	0.999858021736145,
				"bytes":	262144,
				"bits_per_second":	2097449.7922800309,
				"retransmits":	0,
				"omitted":	false,
				"sender":	true
			}
		}, {
			"streams":	[{
					"socket":	5,
					"start":	5.000053,
					"end":	6.000132,
					"seconds":	1.0000790357589722,
					"bytes":	0,
					"bits_per_second":	0,
					"retransmits":	0,
					"snd_cwnd":	246160,
					"rtt":	753265,
					"rttvar":	358435,
					"pmtu":	1500,
					"omitted":	false,
					"sender":	true
				}],
			"sum":	{
				"start":	5.000053,
				"end":	6.000132,
				"seconds":	1.0000790357589722,
				"bytes":	0,
				"bits_per_second":	0,
				"retransmits":	0,
				"omitted":	false,
				"sender":	true
			}
		}, {
			"streams":	[{
					"socket":	5,
					"start":	6.000132,
					"end":	7.000103,
					"seconds":	0.99997097253799438,
					"bytes":	0,
					"bits_per_second":	0,
					"retransmits":	0,
					"snd_cwnd":	246160,
					"rtt":	753265,
					"rttvar":	358435,
					"pmtu":	1500,
					"omitted":	false,
					"sender":	true
				}],
			"sum":	{
				"start":	6.000132,
				"end":	7.000103,
				"seconds":	0.99997097253799438,
				"bytes":	0,
				"bits_per_second":	0,
				"retransmits":	0,
				"omitted":	false,
				"sender":	true
			}
		}, {
			"streams":	[{
					"socket":	5,
					"start":	7.000103,
					"end":	8.000059,
					"seconds":	0.99995601177215576,
					"bytes":	0,
					"bits_per_second":	0,
					"retransmits":	0,
					"snd_cwnd":	246160,
					"rtt":	753265,
					"rttvar":	358435,
					"pmtu":	1500,
					"omitted":	false,
					"sender":	true
				}],
			"sum":	{
				"start":	7.000103,
				"end":	8.000059,
				"seconds":	0.99995601177215576,
				"bytes":	0,
				"bits_per_second":	0,
				"retransmits":	0,
				"omitted":	false,
				"sender":	true
			}
		}, {
			"streams":	[{
					"socket":	5,
					"start":	8.000059,
					"end":	9.002874,
					"seconds":	1.0028150081634521,
					"bytes":	0,
					"bits_per_second":	0,
					"retransmits":	1,
					"snd_cwnd":	1448,
					"rtt":	753265,
					"rttvar":	358435,
					"pmtu":	1500,
					"omitted":	false,
					"sender":	true
				}],
			"sum":	{
				"start":	8.000059,
				"end":	9.002874,
				"seconds":	1.0028150081634521,
				"bytes":	0,
				"bits_per_second":	0,
				"retransmits":	1,
				"omitted":	false,
				"sender":	true
			}
		}, {
			"streams":	[{
					"socket":	5,
					"start":	9.002874,
					"end":	10.002253,
					"seconds":	0.99937897920608521,
					"bytes":	0,
					"bits_per_second":	0,
					"retransmits":	0,
					"snd_cwnd":	1448,
					"rtt":	753265,
					"rttvar":	358435,
					"pmtu":	1500,
					"omitted":	false,
					"sender":	true
				}],
			"sum":	{
				"start":	9.002874,
				"end":	10.002253,
				"seconds":	0.99937897920608521,
				"bytes":	0,
				"bits_per_second":	0,
				"retransmits":	0,
				"omitted":	false,
				"sender":	true
			}
		}],
	"end":	{
		"streams":	[{
				"sender":	{
					"socket":	5,
					"start":	0,
					"end":	10.002253,
					"seconds":	10.002253,
					"bytes":	1258536,
					"bits_per_second":	1006602.0125665688,
					"retransmits":	1,
					"max_snd_cwnd":	246160,
					"max_rtt":	753265,
					"min_rtt":	320720,
					"mean_rtt":	665799,
					"sender":	true
				},
				"receiver":	{
					"socket":	5,
					"start":	0,
					"end":	11.371079,
					"seconds":	10.002253,
					"bytes":	477840,
					"bits_per_second":	336179.17877450329,
					"sender":	true
				}
			}],
		"sum_sent":	{
			"start":	0,
			"end":	10.002253,
			"seconds":	10.002253,
			"bytes":	1258536,
			"bits_per_second":	1006602.0125665688,
			"retransmits":	1,
			"sender":	true
		},
		"sum_received":	{
			"start":	0,
			"end":	11.371079,
			"seconds":	11.371079,
			"bytes":	477840,
			"bits_per_second":	336179.17877450329,
			"sender":	true
		},
		"cpu_utilization_percent":	{
			"host_total":	9.396991469934763,
			"host_user":	3.0232690735977292,
			"host_system":	6.3737140361507834,
			"remote_total":	0.10898859144541201,
			"remote_user":	0,
			"remote_system":	0.10898039434918416
		},
		"sender_tcp_congestion":	"cubic",
		"receiver_tcp_congestion":	"cubic"
	}
}
