{
	"start":	{
		"connected":	[{
				"socket":	5,
				"local_host":	"10.0.1.10",
				"local_port":	33924,
				"remote_host":	"10.0.6.10",
				"remote_port":	5200
			}],
		"version":	"iperf 3.7",
		"system_info":	"Linux ubunu2004 5.11.0-40-generic #44~20.04.2-Ubuntu SMP Tue Oct 26 18:07:44 UTC 2021 x86_64",
		"timestamp":	{
			"time":	"Fri, 19 Nov 2021 08:45:52 GMT",
			"timesecs":	1637311552
		},
		"connecting_to":	{
			"host":	"10.0.6.10",
			"port":	5200
		},
		"cookie":	"ilfmlndzh73bmocbqf6sq5wabix4t43ryxvp",
		"tcp_mss_default":	1448,
		"target_bitrate":	1000000000,
		"sock_bufsize":	0,
		"sndbuf_actual":	87380,
		"rcvbuf_actual":	87380,
		"test_start":	{
			"protocol":	"TCP",
			"num_streams":	1,
			"blksize":	131072,
			"omit":	0,
			"duration":	10,
			"bytes":	0,
			"blocks":	0,
			"reverse":	0,
			"tos":	0
		}
	},
	"intervals":	[{
			"streams":	[{
					"socket":	5,
					"start":	0,
					"end":	1.00184,
					"seconds":	1.0018399953842163,
					"bytes":	79640,
					"bits_per_second":	635949.85520183563,
					"retransmits":	0,
					"snd_cwnd":	14480,
					"rtt":	143370,
					"rttvar":	82850,
					"pmtu":	1500,
					"omitted":	false,
					"sender":	true
				}],
			"sum":	{
				"start":	0,
				"end":	1.00184,
				"seconds":	1.0018399953842163,
				"bytes":	79640,
				"bits_per_second":	635949.85520183563,
				"retransmits":	0,
				"omitted":	false,
				"sender":	true
			}
		}, {
			"streams":	[{
					"socket":	5,
					"start":	1.00184,
					"end":	2.000185,
					"seconds":	0.9983450174331665,
					"bytes":	130320,
					"bits_per_second":	1044288.278896322,
					"retransmits":	1,
					"snd_cwnd":	33304,
					"rtt":	234120,
					"rttvar":	203791,
					"pmtu":	1500,
					"omitted":	false,
					"sender":	true
				}],
			"sum":	{
				"start":	1.00184,
				"end":	2.000185,
				"seconds":	0.9983450174331665,
				"bytes":	130320,
				"bits_per_second":	1044288.278896322,
				"retransmits":	1,
				"omitted":	false,
				"sender":	true
			}
		}, {
			"streams":	[{
					"socket":	5,
					"start":	2.000185,
					"end":	3.000199,
					"seconds":	1.0000139474868774,
					"bytes":	131072,
					"bits_per_second":	1048561.3752039792,
					"retransmits":	0,
					"snd_cwnd":	69504,
					"rtt":	368374,
					"rttvar":	364780,
					"pmtu":	1500,
					"omitted":	false,
					"sender":	true
				}],
			"sum":	{
				"start":	2.000185,
				"end":	3.000199,
				"seconds":	1.0000139474868774,
				"bytes":	131072,
				"bits_per_second":	1048561.3752039792,
				"retransmits":	0,
				"omitted":	false,
				"sender":	true
			}
		}, {
			"streams":	[{
					"socket":	5,
					"start":	3.000199,
					"end":	4.000263,
					"seconds":	1.0000640153884888,
					"bytes":	262144,
					"bits_per_second":	2097017.7585935157,
					"retransmits":	0,
					"snd_cwnd":	111496,
					"rtt":	528455,
					"rttvar":	482694,
					"pmtu":	1500,
					"omitted":	false,
					"sender":	true
				}],
			"sum":	{
				"start":	3.000199,
				"end":	4.000263,
				"seconds":	1.0000640153884888,
				"bytes":	262144,
				"bits_per_second":	2097017.7585935157,
				"retransmits":	0,
				"omitted":	false,
				"sender":	true
			}
		}, {
			"streams":	[{
					"socket":	5,
					"start":	4.000263,
					"end":	5.000436,
					"seconds":	1.0001729726791382,
					"bytes":	524288,
					"bits_per_second":	4193578.6254699756,
					"retransmits":	0,
					"snd_cwnd":	224440,
					"rtt":	651175,
					"rttvar":	484265,
					"pmtu":	1500,
					"omitted":	false,
					"sender":	true
				}],
			"sum":	{
				"start":	4.000263,
				"end":	5.000436,
				"seconds":	1.0001729726791382,
				"bytes":	524288,
				"bits_per_second":	4193578.6254699756,
				"retransmits":	0,
				"omitted":	false,
				"sender":	true
			}
		}, {
			"streams":	[{
					"socket":	5,
					"start":	5.000436,
					"end":	6.000198,
					"seconds":	0.99976199865341187,
					"bytes":	1048576,
					"bits_per_second":	8390604.9752828069,
					"retransmits":	0,
					"snd_cwnd":	479288,
					"rtt":	700991,
					"rttvar":	200021,
					"pmtu":	1500,
					"omitted":	false,
					"sender":	true
				}],
			"sum":	{
				"start":	5.000436,
				"end":	6.000198,
				"seconds":	0.99976199865341187,
				"bytes":	1048576,
				"bits_per_second":	8390604.9752828069,
				"retransmits":	0,
				"omitted":	false,
				"sender":	true
			}
		}, {
			"streams":	[{
					"socket":	5,
					"start":	6.000198,
					"end":	7.00046,
					"seconds":	1.0002620220184326,
					"bytes":	3407872,
					"bits_per_second":	27255834.371263977,
					"retransmits":	0,
					"snd_cwnd":	1187360,
					"rtt":	726394,
					"rttvar":	136491,
					"pmtu":	1500,
					"omitted":	false,
					"sender":	true
				}],
			"sum":	{
				"start":	6.000198,
				"end":	7.00046,
				"seconds":	1.0002620220184326,
				"bytes":	3407872,
				"bits_per_second":	27255834.371263977,
				"retransmits":	0,
				"omitted":	false,
				"sender":	true
			}
		}, {
			"streams":	[{
					"socket":	5,
					"start":	7.00046,
					"end":	8.000126,
					"seconds":	0.99966597557067871,
					"bytes":	8257536,
					"bits_per_second":	66082361.1229623,
					"retransmits":	0,
					"snd_cwnd":	3160984,
					"rtt":	736354,
					"rttvar":	91449,
					"pmtu":	1500,
					"omitted":	false,
					"sender":	true
				}],
			"sum":	{
				"start":	7.00046,
				"end":	8.000126,
				"seconds":	0.99966597557067871,
				"bytes":	8257536,
				"bits_per_second":	66082361.1229623,
				"retransmits":	0,
				"omitted":	false,
				"sender":	true
			}
		}, {
			"streams":	[{
					"socket":	5,
					"start":	8.000126,
					"end":	9.023358,
					"seconds":	1.0232319831848145,
					"bytes":	5505024,
					"bits_per_second":	43040280.917455971,
					"retransmits":	0,
					"snd_cwnd":	8588088,
					"rtt":	775082,
					"rttvar":	122533,
					"pmtu":	1500,
					"omitted":	false,
					"sender":	true
				}],
			"sum":	{
				"start":	8.000126,
				"end":	9.023358,
				"seconds":	1.0232319831848145,
				"bytes":	5505024,
				"bits_per_second":	43040280.917455971,
				"retransmits":	0,
				"omitted":	false,
				"sender":	true
			}
		}, {
			"streams":	[{
					"socket":	5,
					"start":	9.023358,
					"end":	10.000169,
					"seconds":	0.9768109917640686,
					"bytes":	4325376,
					"bits_per_second":	35424466.239378422,
					"retransmits":	0,
					"snd_cwnd":	12853896,
					"rtt":	766938,
					"rttvar":	166254,
					"pmtu":	1500,
					"omitted":	false,
					"sender":	true
				}],
			"sum":	{
				"start":	9.023358,
				"end":	10.000169,
				"seconds":	0.9768109917640686,
				"bytes":	4325376,
				"bits_per_second":	35424466.239378422,
				"retransmits":	0,
				"omitted":	false,
				"sender":	true
			}
		}],
	"end":	{
		"streams":	[{
				"sender":	{
					"socket":	5,
					"start":	0,
					"end":	10.000169,
					"seconds":	10.000169,
					"bytes":	23671848,
					"bits_per_second":	18937158.362023681,
					"retransmits":	1,
					"max_snd_cwnd":	12853896,
					"max_rtt":	775082,
					"min_rtt":	143370,
					"mean_rtt":	563125,
					"sender":	true
				},
				"receiver":	{
					"socket":	5,
					"start":	0,
					"end":	10.359815,
					"seconds":	10.000169,
					"bytes":	21221888,
					"bits_per_second":	16387850.941353684,
					"sender":	true
				}
			}],
		"sum_sent":	{
			"start":	0,
			"end":	10.000169,
			"seconds":	10.000169,
			"bytes":	23671848,
			"bits_per_second":	18937158.362023681,
			"retransmits":	1,
			"sender":	true
		},
		"sum_received":	{
			"start":	0,
			"end":	10.359815,
			"seconds":	10.359815,
			"bytes":	21221888,
			"bits_per_second":	16387850.941353684,
			"sender":	true
		},
		"cpu_utilization_percent":	{
			"host_total":	5.4722230016925177,
			"host_user":	1.3453647034845768,
			"host_system":	4.1268490676386573,
			"remote_total":	0.77841721682099885,
			"remote_user":	0,
			"remote_system":	0.77842624561200757
		},
		"sender_tcp_congestion":	"cubic",
		"receiver_tcp_congestion":	"cubic"
	}
}
