{
	"start":	{
		"connected":	[{
				"socket":	5,
				"local_host":	"10.0.2.11",
				"local_port":	36652,
				"remote_host":	"10.0.6.10",
				"remote_port":	5201
			}],
		"version":	"iperf 3.7",
		"system_info":	"Linux ubunu2004 5.11.0-40-generic #44~20.04.2-Ubuntu SMP Tue Oct 26 18:07:44 UTC 2021 x86_64",
		"timestamp":	{
			"time":	"Fri, 19 Nov 2021 08:45:52 GMT",
			"timesecs":	1637311552
		},
		"connecting_to":	{
			"host":	"10.0.6.10",
			"port":	5201
		},
		"cookie":	"yhqeoagjgfq5wtqavro2y7pvlnqtynxlvw5r",
		"tcp_mss_default":	1448,
		"target_bitrate":	1000000000,
		"sock_bufsize":	0,
		"sndbuf_actual":	87380,
		"rcvbuf_actual":	87380,
		"test_start":	{
			"protocol":	"TCP",
			"num_streams":	1,
			"blksize":	131072,
			"omit":	0,
			"duration":	10,
			"bytes":	0,
			"blocks":	0,
			"reverse":	0,
			"tos":	0
		}
	},
	"intervals":	[{
			"streams":	[{
					"socket":	5,
					"start":	0,
					"end":	1.000313,
					"seconds":	1.0003130435943604,
					"bytes":	166520,
					"bits_per_second":	1331743.1063512233,
					"retransmits":	1,
					"snd_cwnd":	28960,
					"rtt":	276315,
					"rttvar":	172588,
					"pmtu":	1500,
					"omitted":	false,
					"sender":	true
				}],
			"sum":	{
				"start":	0,
				"end":	1.000313,
				"seconds":	1.0003130435943604,
				"bytes":	166520,
				"bits_per_second":	1331743.1063512233,
				"retransmits":	1,
				"omitted":	false,
				"sender":	true
			}
		}, {
			"streams":	[{
					"socket":	5,
					"start":	1.000313,
					"end":	2.000374,
					"seconds":	1.00006103515625,
					"bytes":	239672,
					"bits_per_second":	1917258.9797985964,
					"retransmits":	0,
					"snd_cwnd":	92672,
					"rtt":	513206,
					"rttvar":	136939,
					"pmtu":	1500,
					"omitted":	false,
					"sender":	true
				}],
			"sum":	{
				"start":	1.000313,
				"end":	2.000374,
				"seconds":	1.00006103515625,
				"bytes":	239672,
				"bits_per_second":	1917258.9797985964,
				"retransmits":	0,
				"omitted":	false,
				"sender":	true
			}
		}, {
			"streams":	[{
					"socket":	5,
					"start":	2.000374,
					"end":	3.000338,
					"seconds":	0.99996399879455566,
					"bytes":	786432,
					"bits_per_second":	6291682.5081545664,
					"retransmits":	0,
					"snd_cwnd":	257744,
					"rtt":	587234,
					"rttvar":	48928,
					"pmtu":	1500,
					"omitted":	false,
					"sender":	true
				}],
			"sum":	{
				"start":	2.000374,
				"end":	3.000338,
				"seconds":	0.99996399879455566,
				"bytes":	786432,
				"bits_per_second":	6291682.5081545664,
				"retransmits":	0,
				"omitted":	false,
				"sender":	true
			}
		}, {
			"streams":	[{
					"socket":	5,
					"start":	3.000338,
					"end":	4.000244,
					"seconds":	0.99990600347518921,
					"bytes":	2359296,
					"bits_per_second":	18876142.291777261,
					"retransmits":	0,
					"snd_cwnd":	758752,
					"rtt":	617901,
					"rttvar":	78803,
					"pmtu":	1500,
					"omitted":	false,
					"sender":	true
				}],
			"sum":	{
				"start":	3.000338,
				"end":	4.000244,
				"seconds":	0.99990600347518921,
				"bytes":	2359296,
				"bits_per_second":	18876142.291777261,
				"retransmits":	0,
				"omitted":	false,
				"sender":	true
			}
		}, {
			"streams":	[{
					"socket":	5,
					"start":	4.000244,
					"end":	5.000182,
					"seconds":	0.99993801116943359,
					"bytes":	5242880,
					"bits_per_second":	41945640.161180951,
					"retransmits":	0,
					"snd_cwnd":	1860680,
					"rtt":	644890,
					"rttvar":	99538,
					"pmtu":	1500,
					"omitted":	false,
					"sender":	true
				}],
			"sum":	{
				"start":	4.000244,
				"end":	5.000182,
				"seconds":	0.99993801116943359,
				"bytes":	5242880,
				"bits_per_second":	41945640.161180951,
				"retransmits":	0,
				"omitted":	false,
				"sender":	true
			}
		}, {
			"streams":	[{
					"socket":	5,
					"start":	5.000182,
					"end":	6.000117,
					"seconds":	0.99993497133255,
					"bytes":	6684672,
					"bits_per_second":	53480853.788655959,
					"retransmits":	0,
					"snd_cwnd":	4875416,
					"rtt":	675490,
					"rttvar":	124500,
					"pmtu":	1500,
					"omitted":	false,
					"sender":	true
				}],
			"sum":	{
				"start":	5.000182,
				"end":	6.000117,
				"seconds":	0.99993497133255,
				"bytes":	6684672,
				"bits_per_second":	53480853.788655959,
				"retransmits":	0,
				"omitted":	false,
				"sender":	true
			}
		}, {
			"streams":	[{
					"socket":	5,
					"start":	6.000117,
					"end":	7.000026,
					"seconds":	0.999908983707428,
					"bytes":	4980736,
					"bits_per_second":	39849514.95511201,
					"retransmits":	0,
					"snd_cwnd":	9759520,
					"rtt":	737214,
					"rttvar":	199762,
					"pmtu":	1500,
					"omitted":	false,
					"sender":	true
				}],
			"sum":	{
				"start":	6.000117,
				"end":	7.000026,
				"seconds":	0.999908983707428,
				"bytes":	4980736,
				"bits_per_second":	39849514.95511201,
				"retransmits":	0,
				"omitted":	false,
				"sender":	true
			}
		}, {
			"streams":	[{
					"socket":	5,
					"start":	7.000026,
					"end":	8.000076,
					"seconds":	1.0000499486923218,
					"bytes":	7602176,
					"bits_per_second":	60814370.401724063,
					"retransmits":	0,
					"snd_cwnd":	17195000,
					"rtt":	731688,
					"rttvar":	202373,
					"pmtu":	1500,
					"omitted":	false,
					"sender":	true
				}],
			"sum":	{
				"start":	7.000026,
				"end":	8.000076,
				"seconds":	1.0000499486923218,
				"bytes":	7602176,
				"bits_per_second":	60814370.401724063,
				"retransmits":	0,
				"omitted":	false,
				"sender":	true
			}
		}, {
			"streams":	[{
					"socket":	5,
					"start":	8.000076,
					"end":	9.000198,
					"seconds":	1.0001219511032104,
					"bytes":	8519680,
					"bits_per_second":	68149129.138518721,
					"retransmits":	0,
					"snd_cwnd":	17195000,
					"rtt":	807292,
					"rttvar":	244786,
					"pmtu":	1500,
					"omitted":	false,
					"sender":	true
				}],
			"sum":	{
				"start":	8.000076,
				"end":	9.000198,
				"seconds":	1.0001219511032104,
				"bytes":	8519680,
				"bits_per_second":	68149129.138518721,
				"retransmits":	0,
				"omitted":	false,
				"sender":	true
			}
		}, {
			"streams":	[{
					"socket":	5,
					"start":	9.000198,
					"end":	10.000256,
					"seconds":	1.0000580549240112,
					"bytes":	12582912,
					"bits_per_second":	100657452.33925328,
					"retransmits":	0,
					"snd_cwnd":	17195000,
					"rtt":	810607,
					"rttvar":	261417,
					"pmtu":	1500,
					"omitted":	false,
					"sender":	true
				}],
			"sum":	{
				"start":	9.000198,
				"end":	10.000256,
				"seconds":	1.0000580549240112,
				"bytes":	12582912,
				"bits_per_second":	100657452.33925328,
				"retransmits":	0,
				"omitted":	false,
				"sender":	true
			}
		}],
	"end":	{
		"streams":	[{
				"sender":	{
					"socket":	5,
					"start":	0,
					"end":	10.000256,
					"seconds":	10.000256,
					"bytes":	49164976,
					"bits_per_second":	39330973.927067466,
					"retransmits":	1,
					"max_snd_cwnd":	17195000,
					"max_rtt":	810607,
					"min_rtt":	276315,
					"mean_rtt":	640183,
					"sender":	true
				},
				"receiver":	{
					"socket":	5,
					"start":	0,
					"end":	10.514598,
					"seconds":	10.000256,
					"bytes":	45500504,
					"bits_per_second":	34618920.476084776,
					"sender":	true
				}
			}],
		"sum_sent":	{
			"start":	0,
			"end":	10.000256,
			"seconds":	10.000256,
			"bytes":	49164976,
			"bits_per_second":	39330973.927067466,
			"retransmits":	1,
			"sender":	true
		},
		"sum_received":	{
			"start":	0,
			"end":	10.514598,
			"seconds":	10.514598,
			"bytes":	45500504,
			"bits_per_second":	34618920.476084776,
			"sender":	true
		},
		"cpu_utilization_percent":	{
			"host_total":	4.407529682583653,
			"host_user":	1.5682200599099188,
			"host_system":	2.83930052832698,
			"remote_total":	0.99293925096264524,
			"remote_user":	0.15196360421389474,
			"remote_system":	0.84097564674875058
		},
		"sender_tcp_congestion":	"cubic",
		"receiver_tcp_congestion":	"cubic"
	}
}
