{
	"start":	{
		"connected":	[{
				"socket":	5,
				"local_host":	"10.0.5.10",
				"local_port":	39978,
				"remote_host":	"10.0.6.10",
				"remote_port":	5204
			}],
		"version":	"iperf 3.7",
		"system_info":	"Linux ubunu2004 5.11.0-40-generic #44~20.04.2-Ubuntu SMP Tue Oct 26 18:07:44 UTC 2021 x86_64",
		"timestamp":	{
			"time":	"Fri, 19 Nov 2021 08:45:52 GMT",
			"timesecs":	1637311552
		},
		"connecting_to":	{
			"host":	"10.0.6.10",
			"port":	5204
		},
		"cookie":	"rcp2aijpwt5i5xzvwzhlyul3bzgrelaj6ogt",
		"tcp_mss_default":	1448,
		"target_bitrate":	1000000000,
		"sock_bufsize":	0,
		"sndbuf_actual":	87380,
		"rcvbuf_actual":	87380,
		"test_start":	{
			"protocol":	"TCP",
			"num_streams":	1,
			"blksize":	131072,
			"omit":	0,
			"duration":	10,
			"bytes":	0,
			"blocks":	0,
			"reverse":	0,
			"tos":	0
		}
	},
	"intervals":	[{
			"streams":	[{
					"socket":	5,
					"start":	0,
					"end":	1.000038,
					"seconds":	1.0000380277633667,
					"bytes":	79640,
					"bits_per_second":	637095.7726727149,
					"retransmits":	0,
					"snd_cwnd":	20272,
					"rtt":	235447,
					"rttvar":	204017,
					"pmtu":	1500,
					"omitted":	false,
					"sender":	true
				}],
			"sum":	{
				"start":	0,
				"end":	1.000038,
				"seconds":	1.0000380277633667,
				"bytes":	79640,
				"bits_per_second":	637095.7726727149,
				"retransmits":	0,
				"omitted":	false,
				"sender":	true
			}
		}, {
			"streams":	[{
					"socket":	5,
					"start":	1.000038,
					"end":	2.000112,
					"seconds":	1.000074028968811,
					"bytes":	261392,
					"bits_per_second":	2090981.2068174561,
					"retransmits":	0,
					"snd_cwnd":	56472,
					"rtt":	453525,
					"rttvar":	327328,
					"pmtu":	1500,
					"omitted":	false,
					"sender":	true
				}],
			"sum":	{
				"start":	1.000038,
				"end":	2.000112,
				"seconds":	1.000074028968811,
				"bytes":	261392,
				"bits_per_second":	2090981.2068174561,
				"retransmits":	0,
				"omitted":	false,
				"sender":	true
			}
		}, {
			"streams":	[{
					"socket":	5,
					"start":	2.000112,
					"end":	3.000458,
					"seconds":	1.0003459453582764,
					"bytes":	131072,
					"bits_per_second":	1048213.3754482805,
					"retransmits":	0,
					"snd_cwnd":	83984,
					"rtt":	584622,
					"rttvar":	339718,
					"pmtu":	1500,
					"omitted":	false,
					"sender":	true
				}],
			"sum":	{
				"start":	2.000112,
				"end":	3.000458,
				"seconds":	1.0003459453582764,
				"bytes":	131072,
				"bits_per_second":	1048213.3754482805,
				"retransmits":	0,
				"omitted":	false,
				"sender":	true
			}
		}, {
			"streams":	[{
					"socket":	5,
					"start":	3.000458,
					"end":	4.0003,
					"seconds":	0.99984198808670044,
					"bytes":	131072,
					"bits_per_second":	1048741.7136847363,
					"retransmits":	0,
					"snd_cwnd":	111496,
					"rtt":	627670,
					"rttvar":	236855,
					"pmtu":	1500,
					"omitted":	false,
					"sender":	true
				}],
			"sum":	{
				"start":	3.000458,
				"end":	4.0003,
				"seconds":	0.99984198808670044,
				"bytes":	131072,
				"bits_per_second":	1048741.7136847363,
				"retransmits":	0,
				"omitted":	false,
				"sender":	true
			}
		}, {
			"streams":	[{
					"socket":	5,
					"start":	4.0003,
					"end":	5.000113,
					"seconds":	0.9998130202293396,
					"bytes":	524288,
					"bits_per_second":	4195088.3966663089,
					"retransmits":	0,
					"snd_cwnd":	225888,
					"rtt":	702311,
					"rttvar":	251734,
					"pmtu":	1500,
					"omitted":	false,
					"sender":	true
				}],
			"sum":	{
				"start":	4.0003,
				"end":	5.000113,
				"seconds":	0.9998130202293396,
				"bytes":	524288,
				"bits_per_second":	4195088.3966663089,
				"retransmits":	0,
				"omitted":	false,
				"sender":	true
			}
		}, {
			"streams":	[{
					"socket":	5,
					"start":	5.000113,
					"end":	6.000295,
					"seconds":	1.000182032585144,
					"bytes":	1048576,
					"bits_per_second":	8387081.2779131681,
					"retransmits":	0,
					"snd_cwnd":	453224,
					"rtt":	784609,
					"rttvar":	284285,
					"pmtu":	1500,
					"omitted":	false,
					"sender":	true
				}],
			"sum":	{
				"start":	5.000113,
				"end":	6.000295,
				"seconds":	1.000182032585144,
				"bytes":	1048576,
				"bits_per_second":	8387081.2779131681,
				"retransmits":	0,
				"omitted":	false,
				"sender":	true
			}
		}, {
			"streams":	[{
					"socket":	5,
					"start":	6.000295,
					"end":	7.000162,
					"seconds":	0.9998670220375061,
					"bytes":	2097152,
					"bits_per_second":	16779447.296713289,
					"retransmits":	0,
					"snd_cwnd":	909344,
					"rtt":	853591,
					"rttvar":	277664,
					"pmtu":	1500,
					"omitted":	false,
					"sender":	true
				}],
			"sum":	{
				"start":	6.000295,
				"end":	7.000162,
				"seconds":	0.9998670220375061,
				"bytes":	2097152,
				"bits_per_second":	16779447.296713289,
				"retransmits":	0,
				"omitted":	false,
				"sender":	true
			}
		}, {
			"streams":	[{
					"socket":	5,
					"start":	7.000162,
					"end":	8.000292,
					"seconds":	1.0001300573349,
					"bytes":	8388608,
					"bits_per_second":	67100137.134992808,
					"retransmits":	0,
					"snd_cwnd":	2646944,
					"rtt":	807208,
					"rttvar":	221387,
					"pmtu":	1500,
					"omitted":	false,
					"sender":	true
				}],
			"sum":	{
				"start":	7.000162,
				"end":	8.000292,
				"seconds":	1.0001300573349,
				"bytes":	8388608,
				"bits_per_second":	67100137.134992808,
				"retransmits":	0,
				"omitted":	false,
				"sender":	true
			}
		}, {
			"streams":	[{
					"socket":	5,
					"start":	8.000292,
					"end":	9.000156,
					"seconds":	0.99986398220062256,
					"bytes":	5242880,
					"bits_per_second":	41948745.776087105,
					"retransmits":	0,
					"snd_cwnd":	7222624,
					"rtt":	674700,
					"rttvar":	84040,
					"pmtu":	1500,
					"omitted":	false,
					"sender":	true
				}],
			"sum":	{
				"start":	8.000292,
				"end":	9.000156,
				"seconds":	0.99986398220062256,
				"bytes":	5242880,
				"bits_per_second":	41948745.776087105,
				"retransmits":	0,
				"omitted":	false,
				"sender":	true
			}
		}, {
			"streams":	[{
					"socket":	5,
					"start":	9.000156,
					"end":	10.003831,
					"seconds":	1.0036749839782715,
					"bytes":	11272192,
					"bits_per_second":	89847348.434014827,
					"retransmits":	0,
					"snd_cwnd":	16924224,
					"rtt":	642356,
					"rttvar":	68896,
					"pmtu":	1500,
					"omitted":	false,
					"sender":	true
				}],
			"sum":	{
				"start":	9.000156,
				"end":	10.003831,
				"seconds":	1.0036749839782715,
				"bytes":	11272192,
				"bits_per_second":	89847348.434014827,
				"retransmits":	0,
				"omitted":	false,
				"sender":	true
			}
		}],
	"end":	{
		"streams":	[{
				"sender":	{
					"socket":	5,
					"start":	0,
					"end":	10.003831,
					"seconds":	10.003831,
					"bytes":	29176872,
					"bits_per_second":	23332558.896686681,
					"retransmits":	0,
					"max_snd_cwnd":	16924224,
					"max_rtt":	853591,
					"min_rtt":	235447,
					"mean_rtt":	636603,
					"sender":	true
				},
				"receiver":	{
					"socket":	5,
					"start":	0,
					"end":	10.439174,
					"seconds":	10.003831,
					"bytes":	26191424,
					"bits_per_second":	20071644.748904463,
					"sender":	true
				}
			}],
		"sum_sent":	{
			"start":	0,
			"end":	10.003831,
			"seconds":	10.003831,
			"bytes":	29176872,
			"bits_per_second":	23332558.896686681,
			"retransmits":	0,
			"sender":	true
		},
		"sum_received":	{
			"start":	0,
			"end":	10.439174,
			"seconds":	10.439174,
			"bytes":	26191424,
			"bits_per_second":	20071644.748904463,
			"sender":	true
		},
		"cpu_utilization_percent":	{
			"host_total":	4.7906161180787974,
			"host_user":	1.3351068650947377,
			"host_system":	3.4555092529840596,
			"remote_total":	0.93421297799878078,
			"remote_user":	0.089478642320537441,
			"remote_system":	0.84474330237253348
		},
		"sender_tcp_congestion":	"cubic",
		"receiver_tcp_congestion":	"cubic"
	}
}
