{
	"start":	{
		"connected":	[{
				"socket":	5,
				"local_host":	"10.0.3.12",
				"local_port":	47272,
				"remote_host":	"10.0.6.10",
				"remote_port":	5202
			}],
		"version":	"iperf 3.7",
		"system_info":	"Linux ubunu2004 5.11.0-40-generic #44~20.04.2-Ubuntu SMP Tue Oct 26 18:07:44 UTC 2021 x86_64",
		"timestamp":	{
			"time":	"Fri, 19 Nov 2021 08:45:52 GMT",
			"timesecs":	1637311552
		},
		"connecting_to":	{
			"host":	"10.0.6.10",
			"port":	5202
		},
		"cookie":	"jp2hcl7oxeyqqcv623e5dieumfc65yp7zlsd",
		"tcp_mss_default":	1448,
		"target_bitrate":	1000000000,
		"sock_bufsize":	0,
		"sndbuf_actual":	87380,
		"rcvbuf_actual":	87380,
		"test_start":	{
			"protocol":	"TCP",
			"num_streams":	1,
			"blksize":	131072,
			"omit":	0,
			"duration":	10,
			"bytes":	0,
			"blocks":	0,
			"reverse":	0,
			"tos":	0
		}
	},
	"intervals":	[{
			"streams":	[{
					"socket":	5,
					"start":	0,
					"end":	1.000419,
					"seconds":	1.000419020652771,
					"bytes":	79640,
					"bits_per_second":	636853.145379304,
					"retransmits":	0,
					"snd_cwnd":	17376,
					"rtt":	269580,
					"rttvar":	193378,
					"pmtu":	1500,
					"omitted":	false,
					"sender":	true
				}],
			"sum":	{
				"start":	0,
				"end":	1.000419,
				"seconds":	1.000419020652771,
				"bytes":	79640,
				"bits_per_second":	636853.145379304,
				"retransmits":	0,
				"omitted":	false,
				"sender":	true
			}
		}, {
			"streams":	[{
					"socket":	5,
					"start":	1.000419,
					"end":	2.001398,
					"seconds":	1.000978946685791,
					"bytes":	131072,
					"bits_per_second":	1047550.5039060025,
					"retransmits":	0,
					"snd_cwnd":	36200,
					"rtt":	389190,
					"rttvar":	298110,
					"pmtu":	1500,
					"omitted":	false,
					"sender":	true
				}],
			"sum":	{
				"start":	1.000419,
				"end":	2.001398,
				"seconds":	1.000978946685791,
				"bytes":	131072,
				"bits_per_second":	1047550.5039060025,
				"retransmits":	0,
				"omitted":	false,
				"sender":	true
			}
		}, {
			"streams":	[{
					"socket":	5,
					"start":	2.001398,
					"end":	3.000095,
					"seconds":	0.99869698286056519,
					"bytes":	131072,
					"bits_per_second":	1049944.0951514307,
					"retransmits":	0,
					"snd_cwnd":	75296,
					"rtt":	543860,
					"rttvar":	435819,
					"pmtu":	1500,
					"omitted":	false,
					"sender":	true
				}],
			"sum":	{
				"start":	2.001398,
				"end":	3.000095,
				"seconds":	0.99869698286056519,
				"bytes":	131072,
				"bits_per_second":	1049944.0951514307,
				"retransmits":	0,
				"omitted":	false,
				"sender":	true
			}
		}, {
			"streams":	[{
					"socket":	5,
					"start":	3.000095,
					"end":	4.000225,
					"seconds":	1.0001300573349,
					"bytes":	393216,
					"bits_per_second":	3145318.9282027879,
					"retransmits":	0,
					"snd_cwnd":	153488,
					"rtt":	662446,
					"rttvar":	450655,
					"pmtu":	1500,
					"omitted":	false,
					"sender":	true
				}],
			"sum":	{
				"start":	3.000095,
				"end":	4.000225,
				"seconds":	1.0001300573349,
				"bytes":	393216,
				"bits_per_second":	3145318.9282027879,
				"retransmits":	0,
				"omitted":	false,
				"sender":	true
			}
		}, {
			"streams":	[{
					"socket":	5,
					"start":	4.000225,
					"end":	5.000025,
					"seconds":	0.99980002641677856,
					"bytes":	917504,
					"bits_per_second":	7341500.1060824338,
					"retransmits":	0,
					"snd_cwnd":	344624,
					"rtt":	660566,
					"rttvar":	185082,
					"pmtu":	1500,
					"omitted":	false,
					"sender":	true
				}],
			"sum":	{
				"start":	4.000225,
				"end":	5.000025,
				"seconds":	0.99980002641677856,
				"bytes":	917504,
				"bits_per_second":	7341500.1060824338,
				"retransmits":	0,
				"omitted":	false,
				"sender":	true
			}
		}, {
			"streams":	[{
					"socket":	5,
					"start":	5.000025,
					"end":	6.000067,
					"seconds":	1.0000419616699219,
					"bytes":	4063232,
					"bits_per_second":	32504492.057233315,
					"retransmits":	0,
					"snd_cwnd":	1203288,
					"rtt":	694777,
					"rttvar":	109041,
					"pmtu":	1500,
					"omitted":	false,
					"sender":	true
				}],
			"sum":	{
				"start":	5.000025,
				"end":	6.000067,
				"seconds":	1.0000419616699219,
				"bytes":	4063232,
				"bits_per_second":	32504492.057233315,
				"retransmits":	0,
				"omitted":	false,
				"sender":	true
			}
		}, {
			"streams":	[{
					"socket":	5,
					"start":	6.000067,
					"end":	7.00004,
					"seconds":	0.99997299909591675,
					"bytes":	8257536,
					"bits_per_second":	66062071.735662475,
					"retransmits":	0,
					"snd_cwnd":	3331848,
					"rtt":	651169,
					"rttvar":	66063,
					"pmtu":	1500,
					"omitted":	false,
					"sender":	true
				}],
			"sum":	{
				"start":	6.000067,
				"end":	7.00004,
				"seconds":	0.99997299909591675,
				"bytes":	8257536,
				"bits_per_second":	66062071.735662475,
				"retransmits":	0,
				"omitted":	false,
				"sender":	true
			}
		}, {
			"streams":	[{
					"socket":	5,
					"start":	7.00004,
					"end":	8.000075,
					"seconds":	1.0000350475311279,
					"bytes":	5242880,
					"bits_per_second":	41941570.051518068,
					"retransmits":	0,
					"snd_cwnd":	8483832,
					"rtt":	657847,
					"rttvar":	79069,
					"pmtu":	1500,
					"omitted":	false,
					"sender":	true
				}],
			"sum":	{
				"start":	7.00004,
				"end":	8.000075,
				"seconds":	1.0000350475311279,
				"bytes":	5242880,
				"bits_per_second":	41941570.051518068,
				"retransmits":	0,
				"omitted":	false,
				"sender":	true
			}
		}, {
			"streams":	[{
					"socket":	5,
					"start":	8.000075,
					"end":	9.000238,
					"seconds":	1.0001629590988159,
					"bytes":	10485760,
					"bits_per_second":	83872412.227287918,
					"retransmits":	0,
					"snd_cwnd":	18750152,
					"rtt":	757603,
					"rttvar":	219156,
					"pmtu":	1500,
					"omitted":	false,
					"sender":	true
				}],
			"sum":	{
				"start":	8.000075,
				"end":	9.000238,
				"seconds":	1.0001629590988159,
				"bytes":	10485760,
				"bits_per_second":	83872412.227287918,
				"retransmits":	0,
				"omitted":	false,
				"sender":	true
			}
		}, {
			"streams":	[{
					"socket":	5,
					"start":	9.000238,
					"end":	10.00044,
					"seconds":	1.000201940536499,
					"bytes":	5636096,
					"bits_per_second":	45079664.58834783,
					"retransmits":	0,
					"snd_cwnd":	18750152,
					"rtt":	762379,
					"rttvar":	180618,
					"pmtu":	1500,
					"omitted":	false,
					"sender":	true
				}],
			"sum":	{
				"start":	9.000238,
				"end":	10.00044,
				"seconds":	1.000201940536499,
				"bytes":	5636096,
				"bits_per_second":	45079664.58834783,
				"retransmits":	0,
				"omitted":	false,
				"sender":	true
			}
		}],
	"end":	{
		"streams":	[{
				"sender":	{
					"socket":	5,
					"start":	0,
					"end":	10.00044,
					"seconds":	10.00044,
					"bytes":	35338008,
					"bits_per_second":	28269162.5568475,
					"retransmits":	0,
					"max_snd_cwnd":	18750152,
					"max_rtt":	762379,
					"min_rtt":	269580,
					"mean_rtt":	604941,
					"sender":	true
				},
				"receiver":	{
					"socket":	5,
					"start":	0,
					"end":	10.573371,
					"seconds":	10.00044,
					"bytes":	32708872,
					"bits_per_second":	24748112.593419828,
					"sender":	true
				}
			}],
		"sum_sent":	{
			"start":	0,
			"end":	10.00044,
			"seconds":	10.00044,
			"bytes":	35338008,
			"bits_per_second":	28269162.5568475,
			"retransmits":	0,
			"sender":	true
		},
		"sum_received":	{
			"start":	0,
			"end":	10.573371,
			"seconds":	10.573371,
			"bytes":	32708872,
			"bits_per_second":	24748112.593419828,
			"sender":	true
		},
		"cpu_utilization_percent":	{
			"host_total":	5.5095595239885835,
			"host_user":	2.2142462076278226,
			"host_system":	3.2953043097948838,
			"remote_total":	0.8371280215896757,
			"remote_user":	0.061571941179753308,
			"remote_system":	0.775564896552703
		},
		"sender_tcp_congestion":	"cubic",
		"receiver_tcp_congestion":	"cubic"
	}
}
