{
	"start":	{
		"connected":	[{
				"socket":	5,
				"local_host":	"10.0.5.10",
				"local_port":	46764,
				"remote_host":	"10.0.6.10",
				"remote_port":	5204
			}],
		"version":	"iperf 3.7",
		"system_info":	"Linux ubunu2004 5.11.0-40-generic #44~20.04.2-Ubuntu SMP Tue Oct 26 18:07:44 UTC 2021 x86_64",
		"timestamp":	{
			"time":	"Fri, 19 Nov 2021 08:53:42 GMT",
			"timesecs":	1637312022
		},
		"connecting_to":	{
			"host":	"10.0.6.10",
			"port":	5204
		},
		"cookie":	"4gfugk7uve4psmvtexfyoekkzt52hidzidlf",
		"sock_bufsize":	0,
		"sndbuf_actual":	212992,
		"rcvbuf_actual":	212992,
		"test_start":	{
			"protocol":	"UDP",
			"num_streams":	1,
			"blksize":	1448,
			"omit":	0,
			"duration":	10,
			"bytes":	0,
			"blocks":	0,
			"reverse":	0,
			"tos":	0
		}
	},
	"intervals":	[{
			"streams":	[{
					"socket":	5,
					"start":	0,
					"end":	1.000039,
					"seconds":	1.0000389814376831,
					"bytes":	22451240,
					"bits_per_second":	179602918.8200123,
					"packets":	15505,
					"omitted":	false,
					"sender":	true
				}],
			"sum":	{
				"start":	0,
				"end":	1.000039,
				"seconds":	1.0000389814376831,
				"bytes":	22451240,
				"bits_per_second":	179602918.8200123,
				"packets":	15505,
				"omitted":	false,
				"sender":	true
			}
		}, {
			"streams":	[{
					"socket":	5,
					"start":	1.000039,
					"end":	2.00001,
					"seconds":	0.99997097253799438,
					"bytes":	27500416,
					"bits_per_second":	220009714.32362339,
					"packets":	18992,
					"omitted":	false,
					"sender":	true
				}],
			"sum":	{
				"start":	1.000039,
				"end":	2.00001,
				"seconds":	0.99997097253799438,
				"bytes":	27500416,
				"bits_per_second":	220009714.32362339,
				"packets":	18992,
				"omitted":	false,
				"sender":	true
			}
		}, {
			"streams":	[{
					"socket":	5,
					"start":	2.00001,
					"end":	3.000015,
					"seconds":	1.0000050067901611,
					"bytes":	24598624,
					"bits_per_second":	196788006.72374409,
					"packets":	16988,
					"omitted":	false,
					"sender":	true
				}],
			"sum":	{
				"start":	2.00001,
				"end":	3.000015,
				"seconds":	1.0000050067901611,
				"bytes":	24598624,
				"bits_per_second":	196788006.72374409,
				"packets":	16988,
				"omitted":	false,
				"sender":	true
			}
		}, {
			"streams":	[{
					"socket":	5,
					"start":	3.000015,
					"end":	4.000129,
					"seconds":	1.0001139640808105,
					"bytes":	22381736,
					"bits_per_second":	179033484.61349171,
					"packets":	15457,
					"omitted":	false,
					"sender":	true
				}],
			"sum":	{
				"start":	3.000015,
				"end":	4.000129,
				"seconds":	1.0001139640808105,
				"bytes":	22381736,
				"bits_per_second":	179033484.61349171,
				"packets":	15457,
				"omitted":	false,
				"sender":	true
			}
		}, {
			"streams":	[{
					"socket":	5,
					"start":	4.000129,
					"end":	5.000021,
					"seconds":	0.999891996383667,
					"bytes":	34250992,
					"bits_per_second":	274037533.0445798,
					"packets":	23654,
					"omitted":	false,
					"sender":	true
				}],
			"sum":	{
				"start":	4.000129,
				"end":	5.000021,
				"seconds":	0.999891996383667,
				"bytes":	34250992,
				"bits_per_second":	274037533.0445798,
				"packets":	23654,
				"omitted":	false,
				"sender":	true
			}
		}, {
			"streams":	[{
					"socket":	5,
					"start":	5.000021,
					"end":	6.011692,
					"seconds":	1.0116709470748901,
					"bytes":	45737976,
					"bits_per_second":	361682629.17696851,
					"packets":	31587,
					"omitted":	false,
					"sender":	true
				}],
			"sum":	{
				"start":	5.000021,
				"end":	6.011692,
				"seconds":	1.0116709470748901,
				"bytes":	45737976,
				"bits_per_second":	361682629.17696851,
				"packets":	31587,
				"omitted":	false,
				"sender":	true
			}
		}, {
			"streams":	[{
					"socket":	5,
					"start":	6.011692,
					"end":	7.000085,
					"seconds":	0.98839300870895386,
					"bytes":	45125472,
					"bits_per_second":	365243150.06188256,
					"packets":	31164,
					"omitted":	false,
					"sender":	true
				}],
			"sum":	{
				"start":	6.011692,
				"end":	7.000085,
				"seconds":	0.98839300870895386,
				"bytes":	45125472,
				"bits_per_second":	365243150.06188256,
				"packets":	31164,
				"omitted":	false,
				"sender":	true
			}
		}, {
			"streams":	[{
					"socket":	5,
					"start":	7.000085,
					"end":	8.000054,
					"seconds":	0.9999690055847168,
					"bytes":	22672784,
					"bits_per_second":	181387894.01171434,
					"packets":	15658,
					"omitted":	false,
					"sender":	true
				}],
			"sum":	{
				"start":	7.000085,
				"end":	8.000054,
				"seconds":	0.9999690055847168,
				"bytes":	22672784,
				"bits_per_second":	181387894.01171434,
				"packets":	15658,
				"omitted":	false,
				"sender":	true
			}
		}, {
			"streams":	[{
					"socket":	5,
					"start":	8.000054,
					"end":	9.000161,
					"seconds":	1.0001070499420166,
					"bytes":	26056760,
					"bits_per_second":	208431767.39138633,
					"packets":	17995,
					"omitted":	false,
					"sender":	true
				}],
			"sum":	{
				"start":	8.000054,
				"end":	9.000161,
				"seconds":	1.0001070499420166,
				"bytes":	26056760,
				"bits_per_second":	208431767.39138633,
				"packets":	17995,
				"omitted":	false,
				"sender":	true
			}
		}, {
			"streams":	[{
					"socket":	5,
					"start":	9.000161,
					"end":	10.000011,
					"seconds":	0.99984997510910034,
					"bytes":	28167944,
					"bits_per_second":	225377364.21447754,
					"packets":	19453,
					"omitted":	false,
					"sender":	true
				}],
			"sum":	{
				"start":	9.000161,
				"end":	10.000011,
				"seconds":	0.99984997510910034,
				"bytes":	28167944,
				"bits_per_second":	225377364.21447754,
				"packets":	19453,
				"omitted":	false,
				"sender":	true
			}
		}],
	"end":	{
		"streams":	[{
				"udp":	{
					"socket":	5,
					"start":	0,
					"end":	10.000011,
					"seconds":	10.000011,
					"bytes":	298943944,
					"bits_per_second":	239154892.12961864,
					"jitter_ms":	0.00097725974557460126,
					"lost_packets":	6216,
					"packets":	206453,
					"lost_percent":	3.0108547708195084,
					"out_of_order":	0,
					"sender":	true
				}
			}],
		"sum":	{
			"start":	0,
			"end":	10.319723,
			"seconds":	10.319723,
			"bytes":	298943944,
			"bits_per_second":	239154892.12961864,
			"jitter_ms":	0.00097725974557460126,
			"lost_packets":	6216,
			"packets":	206453,
			"lost_percent":	3.0108547708195084,
			"sender":	true
		},
		"cpu_utilization_percent":	{
			"host_total":	24.078900272235959,
			"host_user":	3.2280814663362274,
			"host_system":	20.850809418776556,
			"remote_total":	13.094535309806174,
			"remote_user":	2.4535990649385684,
			"remote_system":	10.640927056700091
		}
	}
}
