{
	"start":	{
		"connected":	[{
				"socket":	5,
				"local_host":	"10.0.2.11",
				"local_port":	46510,
				"remote_host":	"10.0.6.10",
				"remote_port":	5201
			}],
		"version":	"iperf 3.7",
		"system_info":	"Linux ubunu2004 5.11.0-40-generic #44~20.04.2-Ubuntu SMP Tue Oct 26 18:07:44 UTC 2021 x86_64",
		"timestamp":	{
			"time":	"Fri, 19 Nov 2021 08:53:42 GMT",
			"timesecs":	1637312022
		},
		"connecting_to":	{
			"host":	"10.0.6.10",
			"port":	5201
		},
		"cookie":	"fgiobdebvsavgqiyq25tnqrpukhxdkzthdxo",
		"sock_bufsize":	0,
		"sndbuf_actual":	212992,
		"rcvbuf_actual":	212992,
		"test_start":	{
			"protocol":	"UDP",
			"num_streams":	1,
			"blksize":	1448,
			"omit":	0,
			"duration":	10,
			"bytes":	0,
			"blocks":	0,
			"reverse":	0,
			"tos":	0
		}
	},
	"intervals":	[{
			"streams":	[{
					"socket":	5,
					"start":	0,
					"end":	1.000008,
					"seconds":	1.0000079870224,
					"bytes":	10038984,
					"bits_per_second":	80311230.552402616,
					"packets":	6933,
					"omitted":	false,
					"sender":	true
				}],
			"sum":	{
				"start":	0,
				"end":	1.000008,
				"seconds":	1.0000079870224,
				"bytes":	10038984,
				"bits_per_second":	80311230.552402616,
				"packets":	6933,
				"omitted":	false,
				"sender":	true
			}
		}, {
			"streams":	[{
					"socket":	5,
					"start":	1.000008,
					"end":	2.000036,
					"seconds":	1.0000280141830444,
					"bytes":	34718696,
					"bits_per_second":	277741787.29073173,
					"packets":	23977,
					"omitted":	false,
					"sender":	true
				}],
			"sum":	{
				"start":	1.000008,
				"end":	2.000036,
				"seconds":	1.0000280141830444,
				"bytes":	34718696,
				"bits_per_second":	277741787.29073173,
				"packets":	23977,
				"omitted":	false,
				"sender":	true
			}
		}, {
			"streams":	[{
					"socket":	5,
					"start":	2.000036,
					"end":	3.000045,
					"seconds":	1.0000089406967163,
					"bytes":	33317032,
					"bits_per_second":	266533873.00147688,
					"packets":	23009,
					"omitted":	false,
					"sender":	true
				}],
			"sum":	{
				"start":	2.000036,
				"end":	3.000045,
				"seconds":	1.0000089406967163,
				"bytes":	33317032,
				"bits_per_second":	266533873.00147688,
				"packets":	23009,
				"omitted":	false,
				"sender":	true
			}
		}, {
			"streams":	[{
					"socket":	5,
					"start":	3.000045,
					"end":	4.000021,
					"seconds":	0.99997597932815552,
					"bytes":	20303856,
					"bits_per_second":	162434749.79182088,
					"packets":	14022,
					"omitted":	false,
					"sender":	true
				}],
			"sum":	{
				"start":	3.000045,
				"end":	4.000021,
				"seconds":	0.99997597932815552,
				"bytes":	20303856,
				"bits_per_second":	162434749.79182088,
				"packets":	14022,
				"omitted":	false,
				"sender":	true
			}
		}, {
			"streams":	[{
					"socket":	5,
					"start":	4.000021,
					"end":	5.00005,
					"seconds":	1.0000289678573608,
					"bytes":	25951056,
					"bits_per_second":	207602434.20229825,
					"packets":	17922,
					"omitted":	false,
					"sender":	true
				}],
			"sum":	{
				"start":	4.000021,
				"end":	5.00005,
				"seconds":	1.0000289678573608,
				"bytes":	25951056,
				"bits_per_second":	207602434.20229825,
				"packets":	17922,
				"omitted":	false,
				"sender":	true
			}
		}, {
			"streams":	[{
					"socket":	5,
					"start":	5.00005,
					"end":	6.000012,
					"seconds":	0.9999619722366333,
					"bytes":	25545616,
					"bits_per_second":	204372699.836668,
					"packets":	17642,
					"omitted":	false,
					"sender":	true
				}],
			"sum":	{
				"start":	5.00005,
				"end":	6.000012,
				"seconds":	0.9999619722366333,
				"bytes":	25545616,
				"bits_per_second":	204372699.836668,
				"packets":	17642,
				"omitted":	false,
				"sender":	true
			}
		}, {
			"streams":	[{
					"socket":	5,
					"start":	6.000012,
					"end":	7.000033,
					"seconds":	1.0000209808349609,
					"bytes":	31996456,
					"bits_per_second":	255966277.61377382,
					"packets":	22097,
					"omitted":	false,
					"sender":	true
				}],
			"sum":	{
				"start":	6.000012,
				"end":	7.000033,
				"seconds":	1.0000209808349609,
				"bytes":	31996456,
				"bits_per_second":	255966277.61377382,
				"packets":	22097,
				"omitted":	false,
				"sender":	true
			}
		}, {
			"streams":	[{
					"socket":	5,
					"start":	7.000033,
					"end":	8.001351,
					"seconds":	1.0013179779052734,
					"bytes":	25334208,
					"bits_per_second":	202406896.18295589,
					"packets":	17496,
					"omitted":	false,
					"sender":	true
				}],
			"sum":	{
				"start":	7.000033,
				"end":	8.001351,
				"seconds":	1.0013179779052734,
				"bytes":	25334208,
				"bits_per_second":	202406896.18295589,
				"packets":	17496,
				"omitted":	false,
				"sender":	true
			}
		}, {
			"streams":	[{
					"socket":	5,
					"start":	8.001351,
					"end":	9.000058,
					"seconds":	0.99870699644088745,
					"bytes":	31158064,
					"bits_per_second":	249587229.17563313,
					"packets":	21518,
					"omitted":	false,
					"sender":	true
				}],
			"sum":	{
				"start":	8.001351,
				"end":	9.000058,
				"seconds":	0.99870699644088745,
				"bytes":	31158064,
				"bits_per_second":	249587229.17563313,
				"packets":	21518,
				"omitted":	false,
				"sender":	true
			}
		}, {
			"streams":	[{
					"socket":	5,
					"start":	9.000058,
					"end":	10.00261,
					"seconds":	1.0025520324707031,
					"bytes":	22344088,
					"bits_per_second":	178297682.52474573,
					"packets":	15431,
					"omitted":	false,
					"sender":	true
				}],
			"sum":	{
				"start":	9.000058,
				"end":	10.00261,
				"seconds":	1.0025520324707031,
				"bytes":	22344088,
				"bits_per_second":	178297682.52474573,
				"packets":	15431,
				"omitted":	false,
				"sender":	true
			}
		}],
	"end":	{
		"streams":	[{
				"udp":	{
					"socket":	5,
					"start":	0,
					"end":	10.00261,
					"seconds":	10.00261,
					"bytes":	260708056,
					"bits_per_second":	208512023.16195473,
					"jitter_ms":	0.026769906768344242,
					"lost_packets":	5218,
					"packets":	180047,
					"lost_percent":	2.8981321543819112,
					"out_of_order":	0,
					"sender":	true
				}
			}],
		"sum":	{
			"start":	0,
			"end":	10.141936,
			"seconds":	10.141936,
			"bytes":	260708056,
			"bits_per_second":	208512023.16195473,
			"jitter_ms":	0.026769906768344242,
			"lost_packets":	5218,
			"packets":	180047,
			"lost_percent":	2.8981321543819112,
			"sender":	true
		},
		"cpu_utilization_percent":	{
			"host_total":	24.989176962158993,
			"host_user":	3.0379842318794084,
			"host_system":	21.952176208795354,
			"remote_total":	13.19071865495677,
			"remote_user":	2.6459586687827685,
			"remote_system":	10.544759986174004
		}
	}
}
