{
	"start":	{
		"connected":	[{
				"socket":	5,
				"local_host":	"10.0.2.11",
				"local_port":	36674,
				"remote_host":	"10.0.6.10",
				"remote_port":	5201
			}],
		"version":	"iperf 3.7",
		"system_info":	"Linux ubunu2004 5.11.0-40-generic #44~20.04.2-Ubuntu SMP Tue Oct 26 18:07:44 UTC 2021 x86_64",
		"timestamp":	{
			"time":	"Fri, 19 Nov 2021 08:46:57 GMT",
			"timesecs":	1637311617
		},
		"connecting_to":	{
			"host":	"10.0.6.10",
			"port":	5201
		},
		"cookie":	"g7sldgdgxx4lz3epa7qga4aiz5pzm7sirz4k",
		"tcp_mss_default":	1448,
		"target_bitrate":	1000000000,
		"sock_bufsize":	0,
		"sndbuf_actual":	87380,
		"rcvbuf_actual":	87380,
		"test_start":	{
			"protocol":	"TCP",
			"num_streams":	1,
			"blksize":	131072,
			"omit":	0,
			"duration":	10,
			"bytes":	0,
			"blocks":	0,
			"reverse":	0,
			"tos":	0
		}
	},
	"intervals":	[{
			"streams":	[{
					"socket":	5,
					"start":	0,
					"end":	1.000259,
					"seconds":	1.0002590417861938,
					"bytes":	79640,
					"bits_per_second":	636955.00203854684,
					"retransmits":	0,
					"snd_cwnd":	17376,
					"rtt":	190819,
					"rttvar":	177644,
					"pmtu":	1500,
					"omitted":	false,
					"sender":	true
				}],
			"sum":	{
				"start":	0,
				"end":	1.000259,
				"seconds":	1.0002590417861938,
				"bytes":	79640,
				"bits_per_second":	636955.00203854684,
				"retransmits":	0,
				"omitted":	false,
				"sender":	true
			}
		}, {
			"streams":	[{
					"socket":	5,
					"start":	1.000259,
					"end":	2.000036,
					"seconds":	0.99977701902389526,
					"bytes":	239672,
					"bits_per_second":	1917803.6337262255,
					"retransmits":	0,
					"snd_cwnd":	62264,
					"rtt":	387207,
					"rttvar":	246936,
					"pmtu":	1500,
					"omitted":	false,
					"sender":	true
				}],
			"sum":	{
				"start":	1.000259,
				"end":	2.000036,
				"seconds":	0.99977701902389526,
				"bytes":	239672,
				"bits_per_second":	1917803.6337262255,
				"retransmits":	0,
				"omitted":	false,
				"sender":	true
			}
		}, {
			"streams":	[{
					"socket":	5,
					"start":	2.000036,
					"end":	3.000128,
					"seconds":	1.0000920295715332,
					"bytes":	262144,
					"bits_per_second":	2096959.0177600728,
					"retransmits":	0,
					"snd_cwnd":	118736,
					"rtt":	531785,
					"rttvar":	179983,
					"pmtu":	1500,
					"omitted":	false,
					"sender":	true
				}],
			"sum":	{
				"start":	2.000036,
				"end":	3.000128,
				"seconds":	1.0000920295715332,
				"bytes":	262144,
				"bits_per_second":	2096959.0177600728,
				"retransmits":	0,
				"omitted":	false,
				"sender":	true
			}
		}, {
			"streams":	[{
					"socket":	5,
					"start":	3.000128,
					"end":	4.000238,
					"seconds":	1.0001100301742554,
					"bytes":	1048576,
					"bits_per_second":	8387685.1015466778,
					"retransmits":	0,
					"snd_cwnd":	363448,
					"rtt":	615490,
					"rttvar":	87031,
					"pmtu":	1500,
					"omitted":	false,
					"sender":	true
				}],
			"sum":	{
				"start":	3.000128,
				"end":	4.000238,
				"seconds":	1.0001100301742554,
				"bytes":	1048576,
				"bits_per_second":	8387685.1015466778,
				"retransmits":	0,
				"omitted":	false,
				"sender":	true
			}
		}, {
			"streams":	[{
					"socket":	5,
					"start":	4.000238,
					"end":	5.000367,
					"seconds":	1.0001289844512939,
					"bytes":	2490368,
					"bits_per_second":	19920374.581415046,
					"retransmits":	0,
					"snd_cwnd":	884728,
					"rtt":	620407,
					"rttvar":	25805,
					"pmtu":	1500,
					"omitted":	false,
					"sender":	true
				}],
			"sum":	{
				"start":	4.000238,
				"end":	5.000367,
				"seconds":	1.0001289844512939,
				"bytes":	2490368,
				"bits_per_second":	19920374.581415046,
				"retransmits":	0,
				"omitted":	false,
				"sender":	true
			}
		}, {
			"streams":	[{
					"socket":	5,
					"start":	5.000367,
					"end":	6.000215,
					"seconds":	0.99984800815582275,
					"bytes":	9699328,
					"bits_per_second":	77606419.54282631,
					"retransmits":	0,
					"snd_cwnd":	3017632,
					"rtt":	638329,
					"rttvar":	70943,
					"pmtu":	1500,
					"omitted":	false,
					"sender":	true
				}],
			"sum":	{
				"start":	5.000367,
				"end":	6.000215,
				"seconds":	0.99984800815582275,
				"bytes":	9699328,
				"bits_per_second":	77606419.54282631,
				"retransmits":	0,
				"omitted":	false,
				"sender":	true
			}
		}, {
			"streams":	[{
					"socket":	5,
					"start":	6.000215,
					"end":	7.000079,
					"seconds":	0.99986398220062256,
					"bytes":	2883584,
					"bits_per_second":	23071810.176847909,
					"retransmits":	0,
					"snd_cwnd":	6036712,
					"rtt":	699351,
					"rttvar":	146428,
					"pmtu":	1500,
					"omitted":	false,
					"sender":	true
				}],
			"sum":	{
				"start":	6.000215,
				"end":	7.000079,
				"seconds":	0.99986398220062256,
				"bytes":	2883584,
				"bits_per_second":	23071810.176847909,
				"retransmits":	0,
				"omitted":	false,
				"sender":	true
			}
		}, {
			"streams":	[{
					"socket":	5,
					"start":	7.000079,
					"end":	8.000104,
					"seconds":	1.0000250339508057,
					"bytes":	8126464,
					"bits_per_second":	65010084.540741734,
					"retransmits":	0,
					"snd_cwnd":	14116552,
					"rtt":	669605,
					"rttvar":	120748,
					"pmtu":	1500,
					"omitted":	false,
					"sender":	true
				}],
			"sum":	{
				"start":	7.000079,
				"end":	8.000104,
				"seconds":	1.0000250339508057,
				"bytes":	8126464,
				"bits_per_second":	65010084.540741734,
				"retransmits":	0,
				"omitted":	false,
				"sender":	true
			}
		}, {
			"streams":	[{
					"socket":	5,
					"start":	8.000104,
					"end":	9.000196,
					"seconds":	1.0000920295715332,
					"bytes":	8519680,
					"bits_per_second":	68151168.077202365,
					"retransmits":	0,
					"snd_cwnd":	20077968,
					"rtt":	703796,
					"rttvar":	147020,
					"pmtu":	1500,
					"omitted":	false,
					"sender":	true
				}],
			"sum":	{
				"start":	8.000104,
				"end":	9.000196,
				"seconds":	1.0000920295715332,
				"bytes":	8519680,
				"bits_per_second":	68151168.077202365,
				"retransmits":	0,
				"omitted":	false,
				"sender":	true
			}
		}, {
			"streams":	[{
					"socket":	5,
					"start":	9.000196,
					"end":	10.002571,
					"seconds":	1.0023750066757202,
					"bytes":	11272192,
					"bits_per_second":	89963871.205313742,
					"retransmits":	0,
					"snd_cwnd":	20077968,
					"rtt":	760663,
					"rttvar":	220609,
					"pmtu":	1500,
					"omitted":	false,
					"sender":	true
				}],
			"sum":	{
				"start":	9.000196,
				"end":	10.002571,
				"seconds":	1.0023750066757202,
				"bytes":	11272192,
				"bits_per_second":	89963871.205313742,
				"retransmits":	0,
				"omitted":	false,
				"sender":	true
			}
		}],
	"end":	{
		"streams":	[{
				"sender":	{
					"socket":	5,
					"start":	0,
					"end":	10.002571,
					"seconds":	10.002571,
					"bytes":	44621648,
					"bits_per_second":	35688142.978440247,
					"retransmits":	0,
					"max_snd_cwnd":	20077968,
					"max_rtt":	760663,
					"min_rtt":	190819,
					"mean_rtt":	581745,
					"sender":	true
				},
				"receiver":	{
					"socket":	5,
					"start":	0,
					"end":	10.521613,
					"seconds":	10.002571,
					"bytes":	42055712,
					"bits_per_second":	31976627.157832168,
					"sender":	true
				}
			}],
		"sum_sent":	{
			"start":	0,
			"end":	10.002571,
			"seconds":	10.002571,
			"bytes":	44621648,
			"bits_per_second":	35688142.978440247,
			"retransmits":	0,
			"sender":	true
		},
		"sum_received":	{
			"start":	0,
			"end":	10.521613,
			"seconds":	10.521613,
			"bytes":	42055712,
			"bits_per_second":	31976627.157832168,
			"sender":	true
		},
		"cpu_utilization_percent":	{
			"host_total":	5.2095546507737813,
			"host_user":	1.3537283378270235,
			"host_system":	3.8558172170216771,
			"remote_total":	0.88243917627728752,
			"remote_user":	0,
			"remote_system":	0.88243917627728752
		},
		"sender_tcp_congestion":	"cubic",
		"receiver_tcp_congestion":	"cubic"
	}
}
