{
	"start":	{
		"connected":	[{
				"socket":	5,
				"local_host":	"10.0.3.12",
				"local_port":	47290,
				"remote_host":	"10.0.6.10",
				"remote_port":	5202
			}],
		"version":	"iperf 3.7",
		"system_info":	"Linux ubunu2004 5.11.0-40-generic #44~20.04.2-Ubuntu SMP Tue Oct 26 18:07:44 UTC 2021 x86_64",
		"timestamp":	{
			"time":	"Fri, 19 Nov 2021 08:46:57 GMT",
			"timesecs":	1637311617
		},
		"connecting_to":	{
			"host":	"10.0.6.10",
			"port":	5202
		},
		"cookie":	"c36fuy7vg2jnhoryolw76fn5fjdwkhdrjto6",
		"tcp_mss_default":	1448,
		"target_bitrate":	1000000000,
		"sock_bufsize":	0,
		"sndbuf_actual":	87380,
		"rcvbuf_actual":	87380,
		"test_start":	{
			"protocol":	"TCP",
			"num_streams":	1,
			"blksize":	131072,
			"omit":	0,
			"duration":	10,
			"bytes":	0,
			"blocks":	0,
			"reverse":	0,
			"tos":	0
		}
	},
	"intervals":	[{
			"streams":	[{
					"socket":	5,
					"start":	0,
					"end":	1.000308,
					"seconds":	1.0003080368041992,
					"bytes":	144800,
					"bits_per_second":	1158043.2800488893,
					"retransmits":	0,
					"snd_cwnd":	26064,
					"rtt":	276680,
					"rttvar":	228476,
					"pmtu":	1500,
					"omitted":	false,
					"sender":	true
				}],
			"sum":	{
				"start":	0,
				"end":	1.000308,
				"seconds":	1.0003080368041992,
				"bytes":	144800,
				"bits_per_second":	1158043.2800488893,
				"retransmits":	0,
				"omitted":	false,
				"sender":	true
			}
		}, {
			"streams":	[{
					"socket":	5,
					"start":	1.000308,
					"end":	2.000368,
					"seconds":	1.000059962272644,
					"bytes":	217952,
					"bits_per_second":	1743511.4550907719,
					"retransmits":	0,
					"snd_cwnd":	83984,
					"rtt":	518652,
					"rttvar":	166732,
					"pmtu":	1500,
					"omitted":	false,
					"sender":	true
				}],
			"sum":	{
				"start":	1.000308,
				"end":	2.000368,
				"seconds":	1.000059962272644,
				"bytes":	217952,
				"bits_per_second":	1743511.4550907719,
				"retransmits":	0,
				"omitted":	false,
				"sender":	true
			}
		}, {
			"streams":	[{
					"socket":	5,
					"start":	2.000368,
					"end":	3.000071,
					"seconds":	0.99970299005508423,
					"bytes":	524288,
					"bits_per_second":	4195550.1201100657,
					"retransmits":	0,
					"snd_cwnd":	195480,
					"rtt":	603684,
					"rttvar":	86914,
					"pmtu":	1500,
					"omitted":	false,
					"sender":	true
				}],
			"sum":	{
				"start":	2.000368,
				"end":	3.000071,
				"seconds":	0.99970299005508423,
				"bytes":	524288,
				"bits_per_second":	4195550.1201100657,
				"retransmits":	0,
				"omitted":	false,
				"sender":	true
			}
		}, {
			"streams":	[{
					"socket":	5,
					"start":	3.000071,
					"end":	4.000141,
					"seconds":	1.0000699758529663,
					"bytes":	1703936,
					"bits_per_second":	13630534.191743547,
					"retransmits":	0,
					"snd_cwnd":	543000,
					"rtt":	638660,
					"rttvar":	90909,
					"pmtu":	1500,
					"omitted":	false,
					"sender":	true
				}],
			"sum":	{
				"start":	3.000071,
				"end":	4.000141,
				"seconds":	1.0000699758529663,
				"bytes":	1703936,
				"bits_per_second":	13630534.191743547,
				"retransmits":	0,
				"omitted":	false,
				"sender":	true
			}
		}, {
			"streams":	[{
					"socket":	5,
					"start":	4.000141,
					"end":	5.000158,
					"seconds":	1.0000170469284058,
					"bytes":	2359296,
					"bits_per_second":	18874046.255484756,
					"retransmits":	0,
					"snd_cwnd":	1046904,
					"rtt":	659898,
					"rttvar":	84988,
					"pmtu":	1500,
					"omitted":	false,
					"sender":	true
				}],
			"sum":	{
				"start":	4.000141,
				"end":	5.000158,
				"seconds":	1.0000170469284058,
				"bytes":	2359296,
				"bits_per_second":	18874046.255484756,
				"retransmits":	0,
				"omitted":	false,
				"sender":	true
			}
		}, {
			"streams":	[{
					"socket":	5,
					"start":	5.000158,
					"end":	6.000134,
					"seconds":	0.99997597932815552,
					"bytes":	9568256,
					"bits_per_second":	76547886.731667563,
					"retransmits":	0,
					"snd_cwnd":	3718464,
					"rtt":	721119,
					"rttvar":	117658,
					"pmtu":	1500,
					"omitted":	false,
					"sender":	true
				}],
			"sum":	{
				"start":	5.000158,
				"end":	6.000134,
				"seconds":	0.99997597932815552,
				"bytes":	9568256,
				"bits_per_second":	76547886.731667563,
				"retransmits":	0,
				"omitted":	false,
				"sender":	true
			}
		}, {
			"streams":	[{
					"socket":	5,
					"start":	6.000134,
					"end":	7.000105,
					"seconds":	0.99997097253799438,
					"bytes":	2228224,
					"bits_per_second":	17826309.452520333,
					"retransmits":	0,
					"snd_cwnd":	4778400,
					"rtt":	701346,
					"rttvar":	102802,
					"pmtu":	1500,
					"omitted":	false,
					"sender":	true
				}],
			"sum":	{
				"start":	6.000134,
				"end":	7.000105,
				"seconds":	0.99997097253799438,
				"bytes":	2228224,
				"bits_per_second":	17826309.452520333,
				"retransmits":	0,
				"omitted":	false,
				"sender":	true
			}
		}, {
			"streams":	[{
					"socket":	5,
					"start":	7.000105,
					"end":	8.000062,
					"seconds":	0.99995702505111694,
					"bytes":	7471104,
					"bits_per_second":	59771400.672888584,
					"retransmits":	0,
					"snd_cwnd":	12235600,
					"rtt":	744962,
					"rttvar":	180785,
					"pmtu":	1500,
					"omitted":	false,
					"sender":	true
				}],
			"sum":	{
				"start":	7.000105,
				"end":	8.000062,
				"seconds":	0.99995702505111694,
				"bytes":	7471104,
				"bits_per_second":	59771400.672888584,
				"retransmits":	0,
				"omitted":	false,
				"sender":	true
			}
		}, {
			"streams":	[{
					"socket":	5,
					"start":	8.000062,
					"end":	9.000024,
					"seconds":	0.9999619722366333,
					"bytes":	262144,
					"bits_per_second":	2097231.7530328296,
					"retransmits":	0,
					"snd_cwnd":	12719232,
					"rtt":	770561,
					"rttvar":	186786,
					"pmtu":	1500,
					"omitted":	false,
					"sender":	true
				}],
			"sum":	{
				"start":	8.000062,
				"end":	9.000024,
				"seconds":	0.9999619722366333,
				"bytes":	262144,
				"bits_per_second":	2097231.7530328296,
				"retransmits":	0,
				"omitted":	false,
				"sender":	true
			}
		}, {
			"streams":	[{
					"socket":	5,
					"start":	9.000024,
					"end":	10.000056,
					"seconds":	1.0000319480895996,
					"bytes":	0,
					"bits_per_second":	0,
					"retransmits":	0,
					"snd_cwnd":	12719232,
					"rtt":	770561,
					"rttvar":	186786,
					"pmtu":	1500,
					"omitted":	false,
					"sender":	true
				}],
			"sum":	{
				"start":	9.000024,
				"end":	10.000056,
				"seconds":	1.0000319480895996,
				"bytes":	0,
				"bits_per_second":	0,
				"retransmits":	0,
				"omitted":	false,
				"sender":	true
			}
		}],
	"end":	{
		"streams":	[{
				"sender":	{
					"socket":	5,
					"start":	0,
					"end":	10.000056,
					"seconds":	10.000056,
					"bytes":	24480000,
					"bits_per_second":	19583890.33021415,
					"retransmits":	0,
					"max_snd_cwnd":	12719232,
					"max_rtt":	770561,
					"min_rtt":	276680,
					"mean_rtt":	640612,
					"sender":	true
				},
				"receiver":	{
					"socket":	5,
					"start":	0,
					"end":	10.393045,
					"seconds":	10.000056,
					"bytes":	22161704,
					"bits_per_second":	17058872.736527167,
					"sender":	true
				}
			}],
		"sum_sent":	{
			"start":	0,
			"end":	10.000056,
			"seconds":	10.000056,
			"bytes":	24480000,
			"bits_per_second":	19583890.33021415,
			"retransmits":	0,
			"sender":	true
		},
		"sum_received":	{
			"start":	0,
			"end":	10.393045,
			"seconds":	10.393045,
			"bytes":	22161704,
			"bits_per_second":	17058872.736527167,
			"sender":	true
		},
		"cpu_utilization_percent":	{
			"host_total":	4.6870294996407029,
			"host_user":	1.5916960887377163,
			"host_system":	3.0953149712073373,
			"remote_total":	0.78124809591763844,
			"remote_user":	0.090655758969598862,
			"remote_system":	0.69059233694803956
		},
		"sender_tcp_congestion":	"cubic",
		"receiver_tcp_congestion":	"cubic"
	}
}
