{
	"start":	{
		"connected":	[{
				"socket":	5,
				"local_host":	"10.0.2.11",
				"local_port":	55211,
				"remote_host":	"10.0.6.10",
				"remote_port":	5201
			}],
		"version":	"iperf 3.7",
		"system_info":	"Linux ubunu2004 5.11.0-40-generic #44~20.04.2-Ubuntu SMP Tue Oct 26 18:07:44 UTC 2021 x86_64",
		"timestamp":	{
			"time":	"Fri, 19 Nov 2021 08:54:51 GMT",
			"timesecs":	1637312091
		},
		"connecting_to":	{
			"host":	"10.0.6.10",
			"port":	5201
		},
		"cookie":	"4mwo3i33u2eqndan77xr6i7d6ux7lih2gqxk",
		"sock_bufsize":	0,
		"sndbuf_actual":	212992,
		"rcvbuf_actual":	212992,
		"test_start":	{
			"protocol":	"UDP",
			"num_streams":	1,
			"blksize":	1448,
			"omit":	0,
			"duration":	10,
			"bytes":	0,
			"blocks":	0,
			"reverse":	0,
			"tos":	0
		}
	},
	"intervals":	[{
			"streams":	[{
					"socket":	5,
					"start":	0,
					"end":	1.016999,
					"seconds":	1.0169990062713623,
					"bytes":	28642888,
					"bits_per_second":	225313006.78464827,
					"packets":	19781,
					"omitted":	false,
					"sender":	true
				}],
			"sum":	{
				"start":	0,
				"end":	1.016999,
				"seconds":	1.0169990062713623,
				"bytes":	28642888,
				"bits_per_second":	225313006.78464827,
				"packets":	19781,
				"omitted":	false,
				"sender":	true
			}
		}, {
			"streams":	[{
					"socket":	5,
					"start":	1.016999,
					"end":	2.000984,
					"seconds":	0.98398500680923462,
					"bytes":	30939416,
					"bits_per_second":	251543800.24815342,
					"packets":	21367,
					"omitted":	false,
					"sender":	true
				}],
			"sum":	{
				"start":	1.016999,
				"end":	2.000984,
				"seconds":	0.98398500680923462,
				"bytes":	30939416,
				"bits_per_second":	251543800.24815342,
				"packets":	21367,
				"omitted":	false,
				"sender":	true
			}
		}, {
			"streams":	[{
					"socket":	5,
					"start":	2.000984,
					"end":	3.000058,
					"seconds":	0.99907398223876953,
					"bytes":	27652456,
					"bits_per_second":	221424691.19682324,
					"packets":	19097,
					"omitted":	false,
					"sender":	true
				}],
			"sum":	{
				"start":	2.000984,
				"end":	3.000058,
				"seconds":	0.99907398223876953,
				"bytes":	27652456,
				"bits_per_second":	221424691.19682324,
				"packets":	19097,
				"omitted":	false,
				"sender":	true
			}
		}, {
			"streams":	[{
					"socket":	5,
					"start":	3.000058,
					"end":	4.005654,
					"seconds":	1.0055960416793823,
					"bytes":	42391648,
					"bits_per_second":	337245941.6543,
					"packets":	29276,
					"omitted":	false,
					"sender":	true
				}],
			"sum":	{
				"start":	3.000058,
				"end":	4.005654,
				"seconds":	1.0055960416793823,
				"bytes":	42391648,
				"bits_per_second":	337245941.6543,
				"packets":	29276,
				"omitted":	false,
				"sender":	true
			}
		}, {
			"streams":	[{
					"socket":	5,
					"start":	4.005654,
					"end":	5.00003,
					"seconds":	0.994376003742218,
					"bytes":	46686416,
					"bits_per_second":	375603721.92652375,
					"packets":	32242,
					"omitted":	false,
					"sender":	true
				}],
			"sum":	{
				"start":	4.005654,
				"end":	5.00003,
				"seconds":	0.994376003742218,
				"bytes":	46686416,
				"bits_per_second":	375603721.92652375,
				"packets":	32242,
				"omitted":	false,
				"sender":	true
			}
		}, {
			"streams":	[{
					"socket":	5,
					"start":	5.00003,
					"end":	6.001728,
					"seconds":	1.0016980171203613,
					"bytes":	36234752,
					"bits_per_second":	289386632.54353738,
					"packets":	25024,
					"omitted":	false,
					"sender":	true
				}],
			"sum":	{
				"start":	5.00003,
				"end":	6.001728,
				"seconds":	1.0016980171203613,
				"bytes":	36234752,
				"bits_per_second":	289386632.54353738,
				"packets":	25024,
				"omitted":	false,
				"sender":	true
			}
		}, {
			"streams":	[{
					"socket":	5,
					"start":	6.001728,
					"end":	7.000009,
					"seconds":	0.99828100204467773,
					"bytes":	26485368,
					"bits_per_second":	212247797.52997568,
					"packets":	18291,
					"omitted":	false,
					"sender":	true
				}],
			"sum":	{
				"start":	6.001728,
				"end":	7.000009,
				"seconds":	0.99828100204467773,
				"bytes":	26485368,
				"bits_per_second":	212247797.52997568,
				"packets":	18291,
				"omitted":	false,
				"sender":	true
			}
		}, {
			"streams":	[{
					"socket":	5,
					"start":	7.000009,
					"end":	8.000031,
					"seconds":	1.0000220537185669,
					"bytes":	23359136,
					"bits_per_second":	186868966.84439632,
					"packets":	16132,
					"omitted":	false,
					"sender":	true
				}],
			"sum":	{
				"start":	7.000009,
				"end":	8.000031,
				"seconds":	1.0000220537185669,
				"bytes":	23359136,
				"bits_per_second":	186868966.84439632,
				"packets":	16132,
				"omitted":	false,
				"sender":	true
			}
		}, {
			"streams":	[{
					"socket":	5,
					"start":	8.000031,
					"end":	9.013345,
					"seconds":	1.0133140087127686,
					"bytes":	23564752,
					"bits_per_second":	186041063.6575309,
					"packets":	16274,
					"omitted":	false,
					"sender":	true
				}],
			"sum":	{
				"start":	8.000031,
				"end":	9.013345,
				"seconds":	1.0133140087127686,
				"bytes":	23564752,
				"bits_per_second":	186041063.6575309,
				"packets":	16274,
				"omitted":	false,
				"sender":	true
			}
		}, {
			"streams":	[{
					"socket":	5,
					"start":	9.013345,
					"end":	10.000119,
					"seconds":	0.9867740273475647,
					"bytes":	29445080,
					"bits_per_second":	238717916.63708845,
					"packets":	20335,
					"omitted":	false,
					"sender":	true
				}],
			"sum":	{
				"start":	9.013345,
				"end":	10.000119,
				"seconds":	0.9867740273475647,
				"bytes":	29445080,
				"bits_per_second":	238717916.63708845,
				"packets":	20335,
				"omitted":	false,
				"sender":	true
			}
		}],
	"end":	{
		"streams":	[{
				"udp":	{
					"socket":	5,
					"start":	0,
					"end":	10.000119,
					"seconds":	10.000119,
					"bytes":	315401912,
					"bits_per_second":	252318527.00952861,
					"jitter_ms":	0.036933864874665261,
					"lost_packets":	10109,
					"packets":	217819,
					"lost_percent":	4.6410092783457824,
					"out_of_order":	0,
					"sender":	true
				}
			}],
		"sum":	{
			"start":	0,
			"end":	10.120865,
			"seconds":	10.120865,
			"bytes":	315401912,
			"bits_per_second":	252318527.00952861,
			"jitter_ms":	0.036933864874665261,
			"lost_packets":	10109,
			"packets":	217819,
			"lost_percent":	4.6410092783457824,
			"sender":	true
		},
		"cpu_utilization_percent":	{
			"host_total":	23.875237577356828,
			"host_user":	3.1312702706808477,
			"host_system":	20.743938999787414,
			"remote_total":	12.074207861587466,
			"remote_user":	2.3428104845167965,
			"remote_system":	9.731397377070671
		}
	}
}
