{
	"start":	{
		"connected":	[{
				"socket":	5,
				"local_host":	"10.0.3.12",
				"local_port":	44814,
				"remote_host":	"10.0.6.10",
				"remote_port":	5202
			}],
		"version":	"iperf 3.7",
		"system_info":	"Linux ubunu2004 5.11.0-40-generic #44~20.04.2-Ubuntu SMP Tue Oct 26 18:07:44 UTC 2021 x86_64",
		"timestamp":	{
			"time":	"Fri, 19 Nov 2021 08:54:51 GMT",
			"timesecs":	1637312091
		},
		"connecting_to":	{
			"host":	"10.0.6.10",
			"port":	5202
		},
		"cookie":	"wdhpjctrp737afrbxocwog35v5uwdvkp6mmm",
		"sock_bufsize":	0,
		"sndbuf_actual":	212992,
		"rcvbuf_actual":	212992,
		"test_start":	{
			"protocol":	"UDP",
			"num_streams":	1,
			"blksize":	1448,
			"omit":	0,
			"duration":	10,
			"bytes":	0,
			"blocks":	0,
			"reverse":	0,
			"tos":	0
		}
	},
	"intervals":	[{
			"streams":	[{
					"socket":	5,
					"start":	0,
					"end":	1.008295,
					"seconds":	1.0082950592041016,
					"bytes":	26463648,
					"bits_per_second":	209967491.22931615,
					"packets":	18276,
					"omitted":	false,
					"sender":	true
				}],
			"sum":	{
				"start":	0,
				"end":	1.008295,
				"seconds":	1.0082950592041016,
				"bytes":	26463648,
				"bits_per_second":	209967491.22931615,
				"packets":	18276,
				"omitted":	false,
				"sender":	true
			}
		}, {
			"streams":	[{
					"socket":	5,
					"start":	1.008295,
					"end":	2.003876,
					"seconds":	0.99558097124099731,
					"bytes":	33402464,
					"bits_per_second":	268405804.97125122,
					"packets":	23068,
					"omitted":	false,
					"sender":	true
				}],
			"sum":	{
				"start":	1.008295,
				"end":	2.003876,
				"seconds":	0.99558097124099731,
				"bytes":	33402464,
				"bits_per_second":	268405804.97125122,
				"packets":	23068,
				"omitted":	false,
				"sender":	true
			}
		}, {
			"streams":	[{
					"socket":	5,
					"start":	2.003876,
					"end":	3.000038,
					"seconds":	0.99616199731826782,
					"bytes":	25935128,
					"bits_per_second":	208280404.75199041,
					"packets":	17911,
					"omitted":	false,
					"sender":	true
				}],
			"sum":	{
				"start":	2.003876,
				"end":	3.000038,
				"seconds":	0.99616199731826782,
				"bytes":	25935128,
				"bits_per_second":	208280404.75199041,
				"packets":	17911,
				"omitted":	false,
				"sender":	true
			}
		}, {
			"streams":	[{
					"socket":	5,
					"start":	3.000038,
					"end":	4.020477,
					"seconds":	1.0204390287399292,
					"bytes":	29781016,
					"bits_per_second":	233476103.21627587,
					"packets":	20567,
					"omitted":	false,
					"sender":	true
				}],
			"sum":	{
				"start":	3.000038,
				"end":	4.020477,
				"seconds":	1.0204390287399292,
				"bytes":	29781016,
				"bits_per_second":	233476103.21627587,
				"packets":	20567,
				"omitted":	false,
				"sender":	true
			}
		}, {
			"streams":	[{
					"socket":	5,
					"start":	4.020477,
					"end":	5.00003,
					"seconds":	0.9795529842376709,
					"bytes":	32342528,
					"bits_per_second":	264141121.67843831,
					"packets":	22336,
					"omitted":	false,
					"sender":	true
				}],
			"sum":	{
				"start":	4.020477,
				"end":	5.00003,
				"seconds":	0.9795529842376709,
				"bytes":	32342528,
				"bits_per_second":	264141121.67843831,
				"packets":	22336,
				"omitted":	false,
				"sender":	true
			}
		}, {
			"streams":	[{
					"socket":	5,
					"start":	5.00003,
					"end":	6.000004,
					"seconds":	0.99997401237487793,
					"bytes":	27383128,
					"bits_per_second":	219070717.12767193,
					"packets":	18911,
					"omitted":	false,
					"sender":	true
				}],
			"sum":	{
				"start":	5.00003,
				"end":	6.000004,
				"seconds":	0.99997401237487793,
				"bytes":	27383128,
				"bits_per_second":	219070717.12767193,
				"packets":	18911,
				"omitted":	false,
				"sender":	true
			}
		}, {
			"streams":	[{
					"socket":	5,
					"start":	6.000004,
					"end":	7.00004,
					"seconds":	1.0000360012054443,
					"bytes":	41776248,
					"bits_per_second":	334197952.47085404,
					"packets":	28851,
					"omitted":	false,
					"sender":	true
				}],
			"sum":	{
				"start":	6.000004,
				"end":	7.00004,
				"seconds":	1.0000360012054443,
				"bytes":	41776248,
				"bits_per_second":	334197952.47085404,
				"packets":	28851,
				"omitted":	false,
				"sender":	true
			}
		}, {
			"streams":	[{
					"socket":	5,
					"start":	7.00004,
					"end":	8.003892,
					"seconds":	1.0038520097732544,
					"bytes":	27750920,
					"bits_per_second":	221155466.97978523,
					"packets":	19165,
					"omitted":	false,
					"sender":	true
				}],
			"sum":	{
				"start":	7.00004,
				"end":	8.003892,
				"seconds":	1.0038520097732544,
				"bytes":	27750920,
				"bits_per_second":	221155466.97978523,
				"packets":	19165,
				"omitted":	false,
				"sender":	true
			}
		}, {
			"streams":	[{
					"socket":	5,
					"start":	8.003892,
					"end":	9.000018,
					"seconds":	0.99612599611282349,
					"bytes":	32855120,
					"bits_per_second":	263863166.93438652,
					"packets":	22690,
					"omitted":	false,
					"sender":	true
				}],
			"sum":	{
				"start":	8.003892,
				"end":	9.000018,
				"seconds":	0.99612599611282349,
				"bytes":	32855120,
				"bits_per_second":	263863166.93438652,
				"packets":	22690,
				"omitted":	false,
				"sender":	true
			}
		}, {
			"streams":	[{
					"socket":	5,
					"start":	9.000018,
					"end":	10.000013,
					"seconds":	0.99999499320983887,
					"bytes":	29896856,
					"bits_per_second":	239176045.50427142,
					"packets":	20647,
					"omitted":	false,
					"sender":	true
				}],
			"sum":	{
				"start":	9.000018,
				"end":	10.000013,
				"seconds":	0.99999499320983887,
				"bytes":	29896856,
				"bits_per_second":	239176045.50427142,
				"packets":	20647,
				"omitted":	false,
				"sender":	true
			}
		}],
	"end":	{
		"streams":	[{
				"udp":	{
					"socket":	5,
					"start":	0,
					"end":	10.000013,
					"seconds":	10.000013,
					"bytes":	307587056,
					"bits_per_second":	246069324.90987763,
					"jitter_ms":	0.0027434748271109579,
					"lost_packets":	7237,
					"packets":	212422,
					"lost_percent":	3.4068975906450367,
					"out_of_order":	0,
					"sender":	true
				}
			}],
		"sum":	{
			"start":	0,
			"end":	10.113963,
			"seconds":	10.113963,
			"bytes":	307587056,
			"bits_per_second":	246069324.90987763,
			"jitter_ms":	0.0027434748271109579,
			"lost_packets":	7237,
			"packets":	212422,
			"lost_percent":	3.4068975906450367,
			"sender":	true
		},
		"cpu_utilization_percent":	{
			"host_total":	24.663948581739419,
			"host_user":	3.0620284228088743,
			"host_system":	21.601901274598024,
			"remote_total":	14.253122218799403,
			"remote_user":	3.1717983546145931,
			"remote_system":	11.081314627192688
		}
	}
}
