{
	"start":	{
		"connected":	[{
				"socket":	5,
				"local_host":	"10.0.4.13",
				"local_port":	54543,
				"remote_host":	"10.0.6.10",
				"remote_port":	5203
			}],
		"version":	"iperf 3.7",
		"system_info":	"Linux ubunu2004 5.11.0-40-generic #44~20.04.2-Ubuntu SMP Tue Oct 26 18:07:44 UTC 2021 x86_64",
		"timestamp":	{
			"time":	"Fri, 19 Nov 2021 08:54:51 GMT",
			"timesecs":	1637312091
		},
		"connecting_to":	{
			"host":	"10.0.6.10",
			"port":	5203
		},
		"cookie":	"uxnyygshiv4hzna6tjqfkokkghznstovs4xn",
		"sock_bufsize":	0,
		"sndbuf_actual":	212992,
		"rcvbuf_actual":	212992,
		"test_start":	{
			"protocol":	"UDP",
			"num_streams":	1,
			"blksize":	1448,
			"omit":	0,
			"duration":	10,
			"bytes":	0,
			"blocks":	0,
			"reverse":	0,
			"tos":	0
		}
	},
	"intervals":	[{
			"streams":	[{
					"socket":	5,
					"start":	0,
					"end":	1.001771,
					"seconds":	1.0017709732055664,
					"bytes":	20822240,
					"bits_per_second":	166283436.48944768,
					"packets":	14380,
					"omitted":	false,
					"sender":	true
				}],
			"sum":	{
				"start":	0,
				"end":	1.001771,
				"seconds":	1.0017709732055664,
				"bytes":	20822240,
				"bits_per_second":	166283436.48944768,
				"packets":	14380,
				"omitted":	false,
				"sender":	true
			}
		}, {
			"streams":	[{
					"socket":	5,
					"start":	1.001771,
					"end":	2.000027,
					"seconds":	0.99825602769851685,
					"bytes":	32703080,
					"bits_per_second":	262081703.23116067,
					"packets":	22585,
					"omitted":	false,
					"sender":	true
				}],
			"sum":	{
				"start":	1.001771,
				"end":	2.000027,
				"seconds":	0.99825602769851685,
				"bytes":	32703080,
				"bits_per_second":	262081703.23116067,
				"packets":	22585,
				"omitted":	false,
				"sender":	true
			}
		}, {
			"streams":	[{
					"socket":	5,
					"start":	2.000027,
					"end":	3.000058,
					"seconds":	1.0000309944152832,
					"bytes":	31434632,
					"bits_per_second":	251469261.85726702,
					"packets":	21709,
					"omitted":	false,
					"sender":	true
				}],
			"sum":	{
				"start":	2.000027,
				"end":	3.000058,
				"seconds":	1.0000309944152832,
				"bytes":	31434632,
				"bits_per_second":	251469261.85726702,
				"packets":	21709,
				"omitted":	false,
				"sender":	true
			}
		}, {
			"streams":	[{
					"socket":	5,
					"start":	3.000058,
					"end":	4.000024,
					"seconds":	0.999966025352478,
					"bytes":	17005312,
					"bits_per_second":	136047118.15288562,
					"packets":	11744,
					"omitted":	false,
					"sender":	true
				}],
			"sum":	{
				"start":	3.000058,
				"end":	4.000024,
				"seconds":	0.999966025352478,
				"bytes":	17005312,
				"bits_per_second":	136047118.15288562,
				"packets":	11744,
				"omitted":	false,
				"sender":	true
			}
		}, {
			"streams":	[{
					"socket":	5,
					"start":	4.000024,
					"end":	5.000012,
					"seconds":	0.99998801946640015,
					"bytes":	24684056,
					"bits_per_second":	197474813.85364249,
					"packets":	17047,
					"omitted":	false,
					"sender":	true
				}],
			"sum":	{
				"start":	4.000024,
				"end":	5.000012,
				"seconds":	0.99998801946640015,
				"bytes":	24684056,
				"bits_per_second":	197474813.85364249,
				"packets":	17047,
				"omitted":	false,
				"sender":	true
			}
		}, {
			"streams":	[{
					"socket":	5,
					"start":	5.000012,
					"end":	6.010088,
					"seconds":	1.0100760459899902,
					"bytes":	29844728,
					"bits_per_second":	236376087.66970608,
					"packets":	20611,
					"omitted":	false,
					"sender":	true
				}],
			"sum":	{
				"start":	5.000012,
				"end":	6.010088,
				"seconds":	1.0100760459899902,
				"bytes":	29844728,
				"bits_per_second":	236376087.66970608,
				"packets":	20611,
				"omitted":	false,
				"sender":	true
			}
		}, {
			"streams":	[{
					"socket":	5,
					"start":	6.010088,
					"end":	7.000006,
					"seconds":	0.98991799354553223,
					"bytes":	56880336,
					"bits_per_second":	459677156.054311,
					"packets":	39282,
					"omitted":	false,
					"sender":	true
				}],
			"sum":	{
				"start":	6.010088,
				"end":	7.000006,
				"seconds":	0.98991799354553223,
				"bytes":	56880336,
				"bits_per_second":	459677156.054311,
				"packets":	39282,
				"omitted":	false,
				"sender":	true
			}
		}, {
			"streams":	[{
					"socket":	5,
					"start":	7.000006,
					"end":	8.002123,
					"seconds":	1.0021170377731323,
					"bytes":	27619152,
					"bits_per_second":	220486437.88253927,
					"packets":	19074,
					"omitted":	false,
					"sender":	true
				}],
			"sum":	{
				"start":	7.000006,
				"end":	8.002123,
				"seconds":	1.0021170377731323,
				"bytes":	27619152,
				"bits_per_second":	220486437.88253927,
				"packets":	19074,
				"omitted":	false,
				"sender":	true
			}
		}, {
			"streams":	[{
					"socket":	5,
					"start":	8.002123,
					"end":	9.008384,
					"seconds":	1.0062609910964966,
					"bytes":	50216640,
					"bits_per_second":	399233522.4703899,
					"packets":	34680,
					"omitted":	false,
					"sender":	true
				}],
			"sum":	{
				"start":	8.002123,
				"end":	9.008384,
				"seconds":	1.0062609910964966,
				"bytes":	50216640,
				"bits_per_second":	399233522.4703899,
				"packets":	34680,
				"omitted":	false,
				"sender":	true
			}
		}, {
			"streams":	[{
					"socket":	5,
					"start":	9.008384,
					"end":	10.000048,
					"seconds":	0.99166399240493774,
					"bytes":	44731616,
					"bits_per_second":	360861068.6086843,
					"packets":	30892,
					"omitted":	false,
					"sender":	true
				}],
			"sum":	{
				"start":	9.008384,
				"end":	10.000048,
				"seconds":	0.99166399240493774,
				"bytes":	44731616,
				"bits_per_second":	360861068.6086843,
				"packets":	30892,
				"omitted":	false,
				"sender":	true
			}
		}],
	"end":	{
		"streams":	[{
				"udp":	{
					"socket":	5,
					"start":	0,
					"end":	10.000048,
					"seconds":	10.000048,
					"bytes":	335941792,
					"bits_per_second":	268752143.58971077,
					"jitter_ms":	0.0069868965573156782,
					"lost_packets":	8855,
					"packets":	232004,
					"lost_percent":	3.8167445388872605,
					"out_of_order":	0,
					"sender":	true
				}
			}],
		"sum":	{
			"start":	0,
			"end":	10.110497,
			"seconds":	10.110497,
			"bytes":	335941792,
			"bits_per_second":	268752143.58971077,
			"jitter_ms":	0.0069868965573156782,
			"lost_packets":	8855,
			"packets":	232004,
			"lost_percent":	3.8167445388872605,
			"sender":	true
		},
		"cpu_utilization_percent":	{
			"host_total":	23.503574415712787,
			"host_user":	2.5323307872971164,
			"host_system":	20.971234182909395,
			"remote_total":	12.211332143140332,
			"remote_user":	2.8290064537688759,
			"remote_system":	9.3823164477858718
		}
	}
}
