{
	"start":	{
		"connected":	[{
				"socket":	5,
				"local_host":	"10.0.5.10",
				"local_port":	43768,
				"remote_host":	"10.0.6.10",
				"remote_port":	5204
			}],
		"version":	"iperf 3.7",
		"system_info":	"Linux ubunu2004 5.11.0-40-generic #44~20.04.2-Ubuntu SMP Tue Oct 26 18:07:44 UTC 2021 x86_64",
		"timestamp":	{
			"time":	"Fri, 19 Nov 2021 08:54:51 GMT",
			"timesecs":	1637312091
		},
		"connecting_to":	{
			"host":	"10.0.6.10",
			"port":	5204
		},
		"cookie":	"f7cgmkor5bmqkaqp24bgkiav4bziqlbnfkfe",
		"sock_bufsize":	0,
		"sndbuf_actual":	212992,
		"rcvbuf_actual":	212992,
		"test_start":	{
			"protocol":	"UDP",
			"num_streams":	1,
			"blksize":	1448,
			"omit":	0,
			"duration":	10,
			"bytes":	0,
			"blocks":	0,
			"reverse":	0,
			"tos":	0
		}
	},
	"intervals":	[{
			"streams":	[{
					"socket":	5,
					"start":	0,
					"end":	1.000104,
					"seconds":	1.0001039505004883,
					"bytes":	20550016,
					"bits_per_second":	164383040.30068895,
					"packets":	14192,
					"omitted":	false,
					"sender":	true
				}],
			"sum":	{
				"start":	0,
				"end":	1.000104,
				"seconds":	1.0001039505004883,
				"bytes":	20550016,
				"bits_per_second":	164383040.30068895,
				"packets":	14192,
				"omitted":	false,
				"sender":	true
			}
		}, {
			"streams":	[{
					"socket":	5,
					"start":	1.000104,
					"end":	2.000015,
					"seconds":	0.99991101026535034,
					"bytes":	37588632,
					"bits_per_second":	300735818.40067911,
					"packets":	25959,
					"omitted":	false,
					"sender":	true
				}],
			"sum":	{
				"start":	1.000104,
				"end":	2.000015,
				"seconds":	0.99991101026535034,
				"bytes":	37588632,
				"bits_per_second":	300735818.40067911,
				"packets":	25959,
				"omitted":	false,
				"sender":	true
			}
		}, {
			"streams":	[{
					"socket":	5,
					"start":	2.000015,
					"end":	3.000205,
					"seconds":	1.0001900196075439,
					"bytes":	25631048,
					"bits_per_second":	205009428.18891272,
					"packets":	17701,
					"omitted":	false,
					"sender":	true
				}],
			"sum":	{
				"start":	2.000015,
				"end":	3.000205,
				"seconds":	1.0001900196075439,
				"bytes":	25631048,
				"bits_per_second":	205009428.18891272,
				"packets":	17701,
				"omitted":	false,
				"sender":	true
			}
		}, {
			"streams":	[{
					"socket":	5,
					"start":	3.000205,
					"end":	4.000069,
					"seconds":	0.99986398220062256,
					"bytes":	15120016,
					"bits_per_second":	120976582.96859159,
					"packets":	10442,
					"omitted":	false,
					"sender":	true
				}],
			"sum":	{
				"start":	3.000205,
				"end":	4.000069,
				"seconds":	0.99986398220062256,
				"bytes":	15120016,
				"bits_per_second":	120976582.96859159,
				"packets":	10442,
				"omitted":	false,
				"sender":	true
			}
		}, {
			"streams":	[{
					"socket":	5,
					"start":	4.000069,
					"end":	5.000141,
					"seconds":	1.0000720024108887,
					"bytes":	26197216,
					"bits_per_second":	209562638.98476091,
					"packets":	18092,
					"omitted":	false,
					"sender":	true
				}],
			"sum":	{
				"start":	4.000069,
				"end":	5.000141,
				"seconds":	1.0000720024108887,
				"bytes":	26197216,
				"bits_per_second":	209562638.98476091,
				"packets":	18092,
				"omitted":	false,
				"sender":	true
			}
		}, {
			"streams":	[{
					"socket":	5,
					"start":	5.000141,
					"end":	6.000046,
					"seconds":	0.999904990196228,
					"bytes":	19862216,
					"bits_per_second":	158912826.27644137,
					"packets":	13717,
					"omitted":	false,
					"sender":	true
				}],
			"sum":	{
				"start":	5.000141,
				"end":	6.000046,
				"seconds":	0.999904990196228,
				"bytes":	19862216,
				"bits_per_second":	158912826.27644137,
				"packets":	13717,
				"omitted":	false,
				"sender":	true
			}
		}, {
			"streams":	[{
					"socket":	5,
					"start":	6.000046,
					"end":	7.000145,
					"seconds":	1.0000989437103271,
					"bytes":	26365184,
					"bits_per_second":	210900604.71165958,
					"packets":	18208,
					"omitted":	false,
					"sender":	true
				}],
			"sum":	{
				"start":	6.000046,
				"end":	7.000145,
				"seconds":	1.0000989437103271,
				"bytes":	26365184,
				"bits_per_second":	210900604.71165958,
				"packets":	18208,
				"omitted":	false,
				"sender":	true
			}
		}, {
			"streams":	[{
					"socket":	5,
					"start":	7.000145,
					"end":	8.00403,
					"seconds":	1.00388503074646,
					"bytes":	32248408,
					"bits_per_second":	256988854.39916173,
					"packets":	22271,
					"omitted":	false,
					"sender":	true
				}],
			"sum":	{
				"start":	7.000145,
				"end":	8.00403,
				"seconds":	1.00388503074646,
				"bytes":	32248408,
				"bits_per_second":	256988854.39916173,
				"packets":	22271,
				"omitted":	false,
				"sender":	true
			}
		}, {
			"streams":	[{
					"socket":	5,
					"start":	8.00403,
					"end":	9.007853,
					"seconds":	1.0038230419158936,
					"bytes":	20551464,
					"bits_per_second":	163785552.96579397,
					"packets":	14193,
					"omitted":	false,
					"sender":	true
				}],
			"sum":	{
				"start":	8.00403,
				"end":	9.007853,
				"seconds":	1.0038230419158936,
				"bytes":	20551464,
				"bits_per_second":	163785552.96579397,
				"packets":	14193,
				"omitted":	false,
				"sender":	true
			}
		}, {
			"streams":	[{
					"socket":	5,
					"start":	9.007853,
					"end":	10.000021,
					"seconds":	0.99216800928115845,
					"bytes":	25066328,
					"bits_per_second":	202113575.64863196,
					"packets":	17311,
					"omitted":	false,
					"sender":	true
				}],
			"sum":	{
				"start":	9.007853,
				"end":	10.000021,
				"seconds":	0.99216800928115845,
				"bytes":	25066328,
				"bits_per_second":	202113575.64863196,
				"packets":	17311,
				"omitted":	false,
				"sender":	true
			}
		}],
	"end":	{
		"streams":	[{
				"udp":	{
					"socket":	5,
					"start":	0,
					"end":	10.000021,
					"seconds":	10.000021,
					"bytes":	249180528,
					"bits_per_second":	199344003.77759206,
					"jitter_ms":	0.019274834212200775,
					"lost_packets":	6476,
					"packets":	172086,
					"lost_percent":	3.7632346617388981,
					"out_of_order":	0,
					"sender":	true
				}
			}],
		"sum":	{
			"start":	0,
			"end":	10.265076,
			"seconds":	10.265076,
			"bytes":	249180528,
			"bits_per_second":	199344003.77759206,
			"jitter_ms":	0.019274834212200775,
			"lost_packets":	6476,
			"packets":	172086,
			"lost_percent":	3.7632346617388981,
			"sender":	true
		},
		"cpu_utilization_percent":	{
			"host_total":	22.461617141187968,
			"host_user":	1.9091128606011569,
			"host_system":	20.552476354610011,
			"remote_total":	11.82407006710536,
			"remote_user":	2.1223467931335853,
			"remote_system":	9.7017141614718589
		}
	}
}
