{
	"start":	{
		"connected":	[{
				"socket":	5,
				"local_host":	"10.0.4.13",
				"local_port":	43184,
				"remote_host":	"10.0.6.10",
				"remote_port":	5203
			}],
		"version":	"iperf 3.7",
		"system_info":	"Linux ubunu2004 5.11.0-40-generic #44~20.04.2-Ubuntu SMP Tue Oct 26 18:07:44 UTC 2021 x86_64",
		"timestamp":	{
			"time":	"Fri, 19 Nov 2021 08:48:05 GMT",
			"timesecs":	1637311685
		},
		"connecting_to":	{
			"host":	"10.0.6.10",
			"port":	5203
		},
		"cookie":	"ffwm4spvizfaf4pgik35b74sjj4u5eddx5uu",
		"tcp_mss_default":	1448,
		"target_bitrate":	1000000000,
		"sock_bufsize":	0,
		"sndbuf_actual":	87380,
		"rcvbuf_actual":	87380,
		"test_start":	{
			"protocol":	"TCP",
			"num_streams":	1,
			"blksize":	131072,
			"omit":	0,
			"duration":	10,
			"bytes":	0,
			"blocks":	0,
			"reverse":	0,
			"tos":	0
		}
	},
	"intervals":	[{
			"streams":	[{
					"socket":	5,
					"start":	0,
					"end":	1.000382,
					"seconds":	1.0003819465637207,
					"bytes":	79640,
					"bits_per_second":	636876.74711492588,
					"retransmits":	0,
					"snd_cwnd":	17376,
					"rtt":	261814,
					"rttvar":	182000,
					"pmtu":	1500,
					"omitted":	false,
					"sender":	true
				}],
			"sum":	{
				"start":	0,
				"end":	1.000382,
				"seconds":	1.0003819465637207,
				"bytes":	79640,
				"bits_per_second":	636876.74711492588,
				"retransmits":	0,
				"omitted":	false,
				"sender":	true
			}
		}, {
			"streams":	[{
					"socket":	5,
					"start":	1.000382,
					"end":	2.000465,
					"seconds":	1.0000829696655273,
					"bytes":	238920,
					"bits_per_second":	1911201.4282567422,
					"retransmits":	1,
					"snd_cwnd":	50680,
					"rtt":	377936,
					"rttvar":	212655,
					"pmtu":	1500,
					"omitted":	false,
					"sender":	true
				}],
			"sum":	{
				"start":	1.000382,
				"end":	2.000465,
				"seconds":	1.0000829696655273,
				"bytes":	238920,
				"bits_per_second":	1911201.4282567422,
				"retransmits":	1,
				"omitted":	false,
				"sender":	true
			}
		}, {
			"streams":	[{
					"socket":	5,
					"start":	2.000465,
					"end":	3.000112,
					"seconds":	0.99964702129364014,
					"bytes":	131072,
					"bits_per_second":	1048946.2556923754,
					"retransmits":	0,
					"snd_cwnd":	92672,
					"rtt":	545086,
					"rttvar":	262652,
					"pmtu":	1500,
					"omitted":	false,
					"sender":	true
				}],
			"sum":	{
				"start":	2.000465,
				"end":	3.000112,
				"seconds":	0.99964702129364014,
				"bytes":	131072,
				"bits_per_second":	1048946.2556923754,
				"retransmits":	0,
				"omitted":	false,
				"sender":	true
			}
		}, {
			"streams":	[{
					"socket":	5,
					"start":	3.000112,
					"end":	4.000606,
					"seconds":	1.0004940032958984,
					"bytes":	131072,
					"bits_per_second":	1048058.2557673573,
					"retransmits":	0,
					"snd_cwnd":	117288,
					"rtt":	592304,
					"rttvar":	226552,
					"pmtu":	1500,
					"omitted":	false,
					"sender":	true
				}],
			"sum":	{
				"start":	3.000112,
				"end":	4.000606,
				"seconds":	1.0004940032958984,
				"bytes":	131072,
				"bits_per_second":	1048058.2557673573,
				"retransmits":	0,
				"omitted":	false,
				"sender":	true
			}
		}, {
			"streams":	[{
					"socket":	5,
					"start":	4.000606,
					"end":	5.00036,
					"seconds":	0.999754011631012,
					"bytes":	0,
					"bits_per_second":	0,
					"retransmits":	0,
					"snd_cwnd":	117288,
					"rtt":	592304,
					"rttvar":	226552,
					"pmtu":	1500,
					"omitted":	false,
					"sender":	true
				}],
			"sum":	{
				"start":	4.000606,
				"end":	5.00036,
				"seconds":	0.999754011631012,
				"bytes":	0,
				"bits_per_second":	0,
				"retransmits":	0,
				"omitted":	false,
				"sender":	true
			}
		}, {
			"streams":	[{
					"socket":	5,
					"start":	5.00036,
					"end":	6.000267,
					"seconds":	0.99990701675415039,
					"bytes":	0,
					"bits_per_second":	0,
					"retransmits":	0,
					"snd_cwnd":	117288,
					"rtt":	592304,
					"rttvar":	226552,
					"pmtu":	1500,
					"omitted":	false,
					"sender":	true
				}],
			"sum":	{
				"start":	5.00036,
				"end":	6.000267,
				"seconds":	0.99990701675415039,
				"bytes":	0,
				"bits_per_second":	0,
				"retransmits":	0,
				"omitted":	false,
				"sender":	true
			}
		}, {
			"streams":	[{
					"socket":	5,
					"start":	6.000267,
					"end":	7.000158,
					"seconds":	0.99989098310470581,
					"bytes":	0,
					"bits_per_second":	0,
					"retransmits":	1,
					"snd_cwnd":	1448,
					"rtt":	592304,
					"rttvar":	226552,
					"pmtu":	1500,
					"omitted":	false,
					"sender":	true
				}],
			"sum":	{
				"start":	6.000267,
				"end":	7.000158,
				"seconds":	0.99989098310470581,
				"bytes":	0,
				"bits_per_second":	0,
				"retransmits":	1,
				"omitted":	false,
				"sender":	true
			}
		}, {
			"streams":	[{
					"socket":	5,
					"start":	7.000158,
					"end":	8.000098,
					"seconds":	0.99993997812271118,
					"bytes":	0,
					"bits_per_second":	0,
					"retransmits":	0,
					"snd_cwnd":	1448,
					"rtt":	592304,
					"rttvar":	226552,
					"pmtu":	1500,
					"omitted":	false,
					"sender":	true
				}],
			"sum":	{
				"start":	7.000158,
				"end":	8.000098,
				"seconds":	0.99993997812271118,
				"bytes":	0,
				"bits_per_second":	0,
				"retransmits":	0,
				"omitted":	false,
				"sender":	true
			}
		}, {
			"streams":	[{
					"socket":	5,
					"start":	8.000098,
					"end":	9.000559,
					"seconds":	1.0004609823226929,
					"bytes":	0,
					"bits_per_second":	0,
					"retransmits":	0,
					"snd_cwnd":	1448,
					"rtt":	592304,
					"rttvar":	226552,
					"pmtu":	1500,
					"omitted":	false,
					"sender":	true
				}],
			"sum":	{
				"start":	8.000098,
				"end":	9.000559,
				"seconds":	1.0004609823226929,
				"bytes":	0,
				"bits_per_second":	0,
				"retransmits":	0,
				"omitted":	false,
				"sender":	true
			}
		}, {
			"streams":	[{
					"socket":	5,
					"start":	9.000559,
					"end":	10.000997,
					"seconds":	1.0004379749298096,
					"bytes":	0,
					"bits_per_second":	0,
					"retransmits":	0,
					"snd_cwnd":	1448,
					"rtt":	592304,
					"rttvar":	226552,
					"pmtu":	1500,
					"omitted":	false,
					"sender":	true
				}],
			"sum":	{
				"start":	9.000559,
				"end":	10.000997,
				"seconds":	1.0004379749298096,
				"bytes":	0,
				"bits_per_second":	0,
				"retransmits":	0,
				"omitted":	false,
				"sender":	true
			}
		}],
	"end":	{
		"streams":	[{
				"sender":	{
					"socket":	5,
					"start":	0,
					"end":	10.000997,
					"seconds":	10.000997,
					"bytes":	580704,
					"bits_per_second":	464516.88766629965,
					"retransmits":	2,
					"max_snd_cwnd":	117288,
					"max_rtt":	592304,
					"min_rtt":	261814,
					"mean_rtt":	533096,
					"sender":	true
				},
				"receiver":	{
					"socket":	5,
					"start":	0,
					"end":	10.48863,
					"seconds":	10.000997,
					"bytes":	238920,
					"bits_per_second":	182231.61652189083,
					"sender":	true
				}
			}],
		"sum_sent":	{
			"start":	0,
			"end":	10.000997,
			"seconds":	10.000997,
			"bytes":	580704,
			"bits_per_second":	464516.88766629965,
			"retransmits":	2,
			"sender":	true
		},
		"sum_received":	{
			"start":	0,
			"end":	10.48863,
			"seconds":	10.48863,
			"bytes":	238920,
			"bits_per_second":	182231.61652189083,
			"sender":	true
		},
		"cpu_utilization_percent":	{
			"host_total":	5.1985857202784249,
			"host_user":	1.330182014967249,
			"host_system":	3.8684037053111764,
			"remote_total":	0.075807836420711358,
			"remote_user":	0,
			"remote_system":	0.075807836420711358
		},
		"sender_tcp_congestion":	"cubic",
		"receiver_tcp_congestion":	"cubic"
	}
}
