{
	"start":	{
		"connected":	[{
				"socket":	5,
				"local_host":	"10.0.5.10",
				"local_port":	41778,
				"remote_host":	"10.0.6.10",
				"remote_port":	5204
			}],
		"version":	"iperf 3.7",
		"system_info":	"Linux ubunu2004 5.11.0-40-generic #44~20.04.2-Ubuntu SMP Tue Oct 26 18:07:44 UTC 2021 x86_64",
		"timestamp":	{
			"time":	"Fri, 19 Nov 2021 08:55:57 GMT",
			"timesecs":	1637312157
		},
		"connecting_to":	{
			"host":	"10.0.6.10",
			"port":	5204
		},
		"cookie":	"hwhvypilv4qypivct7k6w53arsru6rut7ytm",
		"sock_bufsize":	0,
		"sndbuf_actual":	212992,
		"rcvbuf_actual":	212992,
		"test_start":	{
			"protocol":	"UDP",
			"num_streams":	1,
			"blksize":	1448,
			"omit":	0,
			"duration":	10,
			"bytes":	0,
			"blocks":	0,
			"reverse":	0,
			"tos":	0
		}
	},
	"intervals":	[{
			"streams":	[{
					"socket":	5,
					"start":	0,
					"end":	1.00005,
					"seconds":	1.0000499486923218,
					"bytes":	11938760,
					"bits_per_second":	95505309.634673968,
					"packets":	8245,
					"omitted":	false,
					"sender":	true
				}],
			"sum":	{
				"start":	0,
				"end":	1.00005,
				"seconds":	1.0000499486923218,
				"bytes":	11938760,
				"bits_per_second":	95505309.634673968,
				"packets":	8245,
				"omitted":	false,
				"sender":	true
			}
		}, {
			"streams":	[{
					"socket":	5,
					"start":	1.00005,
					"end":	2.000006,
					"seconds":	0.99995601177215576,
					"bytes":	35140064,
					"bits_per_second":	281132878.53711557,
					"packets":	24268,
					"omitted":	false,
					"sender":	true
				}],
			"sum":	{
				"start":	1.00005,
				"end":	2.000006,
				"seconds":	0.99995601177215576,
				"bytes":	35140064,
				"bits_per_second":	281132878.53711557,
				"packets":	24268,
				"omitted":	false,
				"sender":	true
			}
		}, {
			"streams":	[{
					"socket":	5,
					"start":	2.000006,
					"end":	3.000025,
					"seconds":	1.0000189542770386,
					"bytes":	29385712,
					"bits_per_second":	235081240.20504659,
					"packets":	20294,
					"omitted":	false,
					"sender":	true
				}],
			"sum":	{
				"start":	2.000006,
				"end":	3.000025,
				"seconds":	1.0000189542770386,
				"bytes":	29385712,
				"bits_per_second":	235081240.20504659,
				"packets":	20294,
				"omitted":	false,
				"sender":	true
			}
		}, {
			"streams":	[{
					"socket":	5,
					"start":	3.000025,
					"end":	4.000022,
					"seconds":	0.99999701976776123,
					"bytes":	30615064,
					"bits_per_second":	244921241.92218113,
					"packets":	21143,
					"omitted":	false,
					"sender":	true
				}],
			"sum":	{
				"start":	3.000025,
				"end":	4.000022,
				"seconds":	0.99999701976776123,
				"bytes":	30615064,
				"bits_per_second":	244921241.92218113,
				"packets":	21143,
				"omitted":	false,
				"sender":	true
			}
		}, {
			"streams":	[{
					"socket":	5,
					"start":	4.000022,
					"end":	5.000043,
					"seconds":	1.0000209808349609,
					"bytes":	24698536,
					"bits_per_second":	197584142.51971489,
					"packets":	17057,
					"omitted":	false,
					"sender":	true
				}],
			"sum":	{
				"start":	4.000022,
				"end":	5.000043,
				"seconds":	1.0000209808349609,
				"bytes":	24698536,
				"bits_per_second":	197584142.51971489,
				"packets":	17057,
				"omitted":	false,
				"sender":	true
			}
		}, {
			"streams":	[{
					"socket":	5,
					"start":	5.000043,
					"end":	6.000047,
					"seconds":	1.0000040531158447,
					"bytes":	35907504,
					"bits_per_second":	287258867.70653176,
					"packets":	24798,
					"omitted":	false,
					"sender":	true
				}],
			"sum":	{
				"start":	5.000043,
				"end":	6.000047,
				"seconds":	1.0000040531158447,
				"bytes":	35907504,
				"bits_per_second":	287258867.70653176,
				"packets":	24798,
				"omitted":	false,
				"sender":	true
			}
		}, {
			"streams":	[{
					"socket":	5,
					"start":	6.000047,
					"end":	7.000214,
					"seconds":	1.0001670122146606,
					"bytes":	29825904,
					"bits_per_second":	238567388.33212885,
					"packets":	20598,
					"omitted":	false,
					"sender":	true
				}],
			"sum":	{
				"start":	6.000047,
				"end":	7.000214,
				"seconds":	1.0001670122146606,
				"bytes":	29825904,
				"bits_per_second":	238567388.33212885,
				"packets":	20598,
				"omitted":	false,
				"sender":	true
			}
		}, {
			"streams":	[{
					"socket":	5,
					"start":	7.000214,
					"end":	8.000054,
					"seconds":	0.99984002113342285,
					"bytes":	29699928,
					"bits_per_second":	237637440.96846244,
					"packets":	20511,
					"omitted":	false,
					"sender":	true
				}],
			"sum":	{
				"start":	7.000214,
				"end":	8.000054,
				"seconds":	0.99984002113342285,
				"bytes":	29699928,
				"bits_per_second":	237637440.96846244,
				"packets":	20511,
				"omitted":	false,
				"sender":	true
			}
		}, {
			"streams":	[{
					"socket":	5,
					"start":	8.000054,
					"end":	9.000021,
					"seconds":	0.99996697902679443,
					"bytes":	28584968,
					"bits_per_second":	228687295.47705641,
					"packets":	19741,
					"omitted":	false,
					"sender":	true
				}],
			"sum":	{
				"start":	8.000054,
				"end":	9.000021,
				"seconds":	0.99996697902679443,
				"bytes":	28584968,
				"bits_per_second":	228687295.47705641,
				"packets":	19741,
				"omitted":	false,
				"sender":	true
			}
		}, {
			"streams":	[{
					"socket":	5,
					"start":	9.000021,
					"end":	10.000028,
					"seconds":	1.0000070333480835,
					"bytes":	61283704,
					"bits_per_second":	490266183.78727585,
					"packets":	42323,
					"omitted":	false,
					"sender":	true
				}],
			"sum":	{
				"start":	9.000021,
				"end":	10.000028,
				"seconds":	1.0000070333480835,
				"bytes":	61283704,
				"bits_per_second":	490266183.78727585,
				"packets":	42323,
				"omitted":	false,
				"sender":	true
			}
		}],
	"end":	{
		"streams":	[{
				"udp":	{
					"socket":	5,
					"start":	0,
					"end":	10.000028,
					"seconds":	10.000028,
					"bytes":	317080144,
					"bits_per_second":	253663404.94246614,
					"jitter_ms":	0.00067600489299799772,
					"lost_packets":	7803,
					"packets":	218978,
					"lost_percent":	3.5633716629067762,
					"out_of_order":	0,
					"sender":	true
				}
			}],
		"sum":	{
			"start":	0,
			"end":	10.1807,
			"seconds":	10.1807,
			"bytes":	317080144,
			"bits_per_second":	253663404.94246614,
			"jitter_ms":	0.00067600489299799772,
			"lost_packets":	7803,
			"packets":	218978,
			"lost_percent":	3.5633716629067762,
			"sender":	true
		},
		"cpu_utilization_percent":	{
			"host_total":	24.638521842391238,
			"host_user":	2.9603431401310316,
			"host_system":	21.678178702260208,
			"remote_total":	13.790272936102221,
			"remote_user":	2.9073760475975816,
			"remote_system":	10.882888075443329
		}
	}
}
