{
	"start":	{
		"connected":	[{
				"socket":	5,
				"local_host":	"10.0.4.13",
				"local_port":	55746,
				"remote_host":	"10.0.6.10",
				"remote_port":	5203
			}],
		"version":	"iperf 3.7",
		"system_info":	"Linux ubunu2004 5.11.0-40-generic #44~20.04.2-Ubuntu SMP Tue Oct 26 18:07:44 UTC 2021 x86_64",
		"timestamp":	{
			"time":	"Fri, 19 Nov 2021 08:55:57 GMT",
			"timesecs":	1637312157
		},
		"connecting_to":	{
			"host":	"10.0.6.10",
			"port":	5203
		},
		"cookie":	"ivg6xo2vr3733jn6kzegvz37ixiv7cvxcwso",
		"sock_bufsize":	0,
		"sndbuf_actual":	212992,
		"rcvbuf_actual":	212992,
		"test_start":	{
			"protocol":	"UDP",
			"num_streams":	1,
			"blksize":	1448,
			"omit":	0,
			"duration":	10,
			"bytes":	0,
			"blocks":	0,
			"reverse":	0,
			"tos":	0
		}
	},
	"intervals":	[{
			"streams":	[{
					"socket":	5,
					"start":	0,
					"end":	1.00001,
					"seconds":	1.0000100135803223,
					"bytes":	16258144,
					"bits_per_second":	130063849.59519506,
					"packets":	11228,
					"omitted":	false,
					"sender":	true
				}],
			"sum":	{
				"start":	0,
				"end":	1.00001,
				"seconds":	1.0000100135803223,
				"bytes":	16258144,
				"bits_per_second":	130063849.59519506,
				"packets":	11228,
				"omitted":	false,
				"sender":	true
			}
		}, {
			"streams":	[{
					"socket":	5,
					"start":	1.00001,
					"end":	2.000028,
					"seconds":	1.0000180006027222,
					"bytes":	34862048,
					"bits_per_second":	278891363.78735781,
					"packets":	24076,
					"omitted":	false,
					"sender":	true
				}],
			"sum":	{
				"start":	1.00001,
				"end":	2.000028,
				"seconds":	1.0000180006027222,
				"bytes":	34862048,
				"bits_per_second":	278891363.78735781,
				"packets":	24076,
				"omitted":	false,
				"sender":	true
			}
		}, {
			"streams":	[{
					"socket":	5,
					"start":	2.000028,
					"end":	3.000021,
					"seconds":	0.99999302625656128,
					"bytes":	25636840,
					"bits_per_second":	205096150.28793237,
					"packets":	17705,
					"omitted":	false,
					"sender":	true
				}],
			"sum":	{
				"start":	2.000028,
				"end":	3.000021,
				"seconds":	0.99999302625656128,
				"bytes":	25636840,
				"bits_per_second":	205096150.28793237,
				"packets":	17705,
				"omitted":	false,
				"sender":	true
			}
		}, {
			"streams":	[{
					"socket":	5,
					"start":	3.000021,
					"end":	4.000034,
					"seconds":	1.000012993812561,
					"bytes":	51264992,
					"bits_per_second":	410114607.0476675,
					"packets":	35404,
					"omitted":	false,
					"sender":	true
				}],
			"sum":	{
				"start":	3.000021,
				"end":	4.000034,
				"seconds":	1.000012993812561,
				"bytes":	51264992,
				"bits_per_second":	410114607.0476675,
				"packets":	35404,
				"omitted":	false,
				"sender":	true
			}
		}, {
			"streams":	[{
					"socket":	5,
					"start":	4.000034,
					"end":	5.000203,
					"seconds":	1.000169038772583,
					"bytes":	31974736,
					"bits_per_second":	255754655.54694396,
					"packets":	22082,
					"omitted":	false,
					"sender":	true
				}],
			"sum":	{
				"start":	4.000034,
				"end":	5.000203,
				"seconds":	1.000169038772583,
				"bytes":	31974736,
				"bits_per_second":	255754655.54694396,
				"packets":	22082,
				"omitted":	false,
				"sender":	true
			}
		}, {
			"streams":	[{
					"socket":	5,
					"start":	5.000203,
					"end":	6.000324,
					"seconds":	1.000120997428894,
					"bytes":	31055256,
					"bits_per_second":	248411990.78780821,
					"packets":	21447,
					"omitted":	false,
					"sender":	true
				}],
			"sum":	{
				"start":	5.000203,
				"end":	6.000324,
				"seconds":	1.000120997428894,
				"bytes":	31055256,
				"bits_per_second":	248411990.78780821,
				"packets":	21447,
				"omitted":	false,
				"sender":	true
			}
		}, {
			"streams":	[{
					"socket":	5,
					"start":	6.000324,
					"end":	7.000006,
					"seconds":	0.99968200922012329,
					"bytes":	45199320,
					"bits_per_second":	361709580.31153214,
					"packets":	31215,
					"omitted":	false,
					"sender":	true
				}],
			"sum":	{
				"start":	6.000324,
				"end":	7.000006,
				"seconds":	0.99968200922012329,
				"bytes":	45199320,
				"bits_per_second":	361709580.31153214,
				"packets":	31215,
				"omitted":	false,
				"sender":	true
			}
		}, {
			"streams":	[{
					"socket":	5,
					"start":	7.000006,
					"end":	8.000061,
					"seconds":	1.0000549554824829,
					"bytes":	22779936,
					"bits_per_second":	182229473.49136168,
					"packets":	15732,
					"omitted":	false,
					"sender":	true
				}],
			"sum":	{
				"start":	7.000006,
				"end":	8.000061,
				"seconds":	1.0000549554824829,
				"bytes":	22779936,
				"bits_per_second":	182229473.49136168,
				"packets":	15732,
				"omitted":	false,
				"sender":	true
			}
		}, {
			"streams":	[{
					"socket":	5,
					"start":	8.000061,
					"end":	9.000012,
					"seconds":	0.99995100498199463,
					"bytes":	25066328,
					"bits_per_second":	200540449.48293322,
					"packets":	17311,
					"omitted":	false,
					"sender":	true
				}],
			"sum":	{
				"start":	8.000061,
				"end":	9.000012,
				"seconds":	0.99995100498199463,
				"bytes":	25066328,
				"bits_per_second":	200540449.48293322,
				"packets":	17311,
				"omitted":	false,
				"sender":	true
			}
		}, {
			"streams":	[{
					"socket":	5,
					"start":	9.000012,
					"end":	10.000015,
					"seconds":	1.0000029802322388,
					"bytes":	51503912,
					"bits_per_second":	412030068.05470783,
					"packets":	35569,
					"omitted":	false,
					"sender":	true
				}],
			"sum":	{
				"start":	9.000012,
				"end":	10.000015,
				"seconds":	1.0000029802322388,
				"bytes":	51503912,
				"bits_per_second":	412030068.05470783,
				"packets":	35569,
				"omitted":	false,
				"sender":	true
			}
		}],
	"end":	{
		"streams":	[{
				"udp":	{
					"socket":	5,
					"start":	0,
					"end":	10.000015,
					"seconds":	10.000015,
					"bytes":	335601512,
					"bits_per_second":	268480806.87878972,
					"jitter_ms":	0.0091103343216804612,
					"lost_packets":	10477,
					"packets":	231769,
					"lost_percent":	4.5204492404074745,
					"out_of_order":	0,
					"sender":	true
				}
			}],
		"sum":	{
			"start":	0,
			"end":	10.19925,
			"seconds":	10.19925,
			"bytes":	335601512,
			"bits_per_second":	268480806.87878972,
			"jitter_ms":	0.0091103343216804612,
			"lost_packets":	10477,
			"packets":	231769,
			"lost_percent":	4.5204492404074745,
			"sender":	true
		},
		"cpu_utilization_percent":	{
			"host_total":	24.847495711412144,
			"host_user":	3.2835997434103779,
			"host_system":	21.563905038619062,
			"remote_total":	13.43615440832372,
			"remote_user":	1.9409731194683391,
			"remote_system":	11.495181288855381
		}
	}
}
