{
	"start":	{
		"connected":	[{
				"socket":	5,
				"local_host":	"10.0.3.12",
				"local_port":	46900,
				"remote_host":	"10.0.6.10",
				"remote_port":	5202
			}],
		"version":	"iperf 3.7",
		"system_info":	"Linux ubuntu 5.11.0-40-generic #44~20.04.2-Ubuntu SMP Tue Oct 26 18:07:44 UTC 2021 x86_64",
		"timestamp":	{
			"time":	"Sat, 20 Nov 2021 13:37:24 GMT",
			"timesecs":	1637415444
		},
		"connecting_to":	{
			"host":	"10.0.6.10",
			"port":	5202
		},
		"cookie":	"7zuswpxl757xibgw4m5nf4of5ijmajlb272s",
		"tcp_mss_default":	1448,
		"target_bitrate":	1000000000,
		"sock_bufsize":	0,
		"sndbuf_actual":	87380,
		"rcvbuf_actual":	87380,
		"test_start":	{
			"protocol":	"TCP",
			"num_streams":	1,
			"blksize":	131072,
			"omit":	0,
			"duration":	10,
			"bytes":	0,
			"blocks":	0,
			"reverse":	0,
			"tos":	0
		}
	},
	"intervals":	[{
			"streams":	[{
					"socket":	5,
					"start":	0,
					"end":	1.000007,
					"seconds":	1.0000070333480835,
					"bytes":	79640,
					"bits_per_second":	637115.51894478581,
					"retransmits":	0,
					"snd_cwnd":	17376,
					"rtt":	202995,
					"rttvar":	173391,
					"pmtu":	1500,
					"omitted":	false,
					"sender":	true
				}],
			"sum":	{
				"start":	0,
				"end":	1.000007,
				"seconds":	1.0000070333480835,
				"bytes":	79640,
				"bits_per_second":	637115.51894478581,
				"retransmits":	0,
				"omitted":	false,
				"sender":	true
			}
		}, {
			"streams":	[{
					"socket":	5,
					"start":	1.000007,
					"end":	2.000777,
					"seconds":	1.0007699728012085,
					"bytes":	130320,
					"bits_per_second":	1041757.8747709816,
					"retransmits":	1,
					"snd_cwnd":	33304,
					"rtt":	243496,
					"rttvar":	211044,
					"pmtu":	1500,
					"omitted":	false,
					"sender":	true
				}],
			"sum":	{
				"start":	1.000007,
				"end":	2.000777,
				"seconds":	1.0007699728012085,
				"bytes":	130320,
				"bits_per_second":	1041757.8747709816,
				"retransmits":	1,
				"omitted":	false,
				"sender":	true
			}
		}, {
			"streams":	[{
					"socket":	5,
					"start":	2.000777,
					"end":	3.000306,
					"seconds":	0.99952900409698486,
					"bytes":	131072,
					"bits_per_second":	1049070.1077227131,
					"retransmits":	0,
					"snd_cwnd":	69504,
					"rtt":	375668,
					"rttvar":	365232,
					"pmtu":	1500,
					"omitted":	false,
					"sender":	true
				}],
			"sum":	{
				"start":	2.000777,
				"end":	3.000306,
				"seconds":	0.99952900409698486,
				"bytes":	131072,
				"bits_per_second":	1049070.1077227131,
				"retransmits":	0,
				"omitted":	false,
				"sender":	true
			}
		}, {
			"streams":	[{
					"socket":	5,
					"start":	3.000306,
					"end":	4.000639,
					"seconds":	1.0003329515457153,
					"bytes":	0,
					"bits_per_second":	0,
					"retransmits":	0,
					"snd_cwnd":	75296,
					"rtt":	459981,
					"rttvar":	442549,
					"pmtu":	1500,
					"omitted":	false,
					"sender":	true
				}],
			"sum":	{
				"start":	3.000306,
				"end":	4.000639,
				"seconds":	1.0003329515457153,
				"bytes":	0,
				"bits_per_second":	0,
				"retransmits":	0,
				"omitted":	false,
				"sender":	true
			}
		}, {
			"streams":	[{
					"socket":	5,
					"start":	4.000639,
					"end":	5.000584,
					"seconds":	0.99994498491287231,
					"bytes":	0,
					"bits_per_second":	0,
					"retransmits":	1,
					"snd_cwnd":	75296,
					"rtt":	459981,
					"rttvar":	442549,
					"pmtu":	1500,
					"omitted":	false,
					"sender":	true
				}],
			"sum":	{
				"start":	4.000639,
				"end":	5.000584,
				"seconds":	0.99994498491287231,
				"bytes":	0,
				"bits_per_second":	0,
				"retransmits":	1,
				"omitted":	false,
				"sender":	true
			}
		}, {
			"streams":	[{
					"socket":	5,
					"start":	5.000584,
					"end":	6.000423,
					"seconds":	0.99983900785446167,
					"bytes":	0,
					"bits_per_second":	0,
					"retransmits":	0,
					"snd_cwnd":	75296,
					"rtt":	459981,
					"rttvar":	442549,
					"pmtu":	1500,
					"omitted":	false,
					"sender":	true
				}],
			"sum":	{
				"start":	5.000584,
				"end":	6.000423,
				"seconds":	0.99983900785446167,
				"bytes":	0,
				"bits_per_second":	0,
				"retransmits":	0,
				"omitted":	false,
				"sender":	true
			}
		}, {
			"streams":	[{
					"socket":	5,
					"start":	6.000423,
					"end":	7.000507,
					"seconds":	1.0000840425491333,
					"bytes":	0,
					"bits_per_second":	0,
					"retransmits":	1,
					"snd_cwnd":	1448,
					"rtt":	459981,
					"rttvar":	442549,
					"pmtu":	1500,
					"omitted":	false,
					"sender":	true
				}],
			"sum":	{
				"start":	6.000423,
				"end":	7.000507,
				"seconds":	1.0000840425491333,
				"bytes":	0,
				"bits_per_second":	0,
				"retransmits":	1,
				"omitted":	false,
				"sender":	true
			}
		}, {
			"streams":	[{
					"socket":	5,
					"start":	7.000507,
					"end":	8.000125,
					"seconds":	0.99961799383163452,
					"bytes":	0,
					"bits_per_second":	0,
					"retransmits":	0,
					"snd_cwnd":	1448,
					"rtt":	459981,
					"rttvar":	442549,
					"pmtu":	1500,
					"omitted":	false,
					"sender":	true
				}],
			"sum":	{
				"start":	7.000507,
				"end":	8.000125,
				"seconds":	0.99961799383163452,
				"bytes":	0,
				"bits_per_second":	0,
				"retransmits":	0,
				"omitted":	false,
				"sender":	true
			}
		}, {
			"streams":	[{
					"socket":	5,
					"start":	8.000125,
					"end":	9.000542,
					"seconds":	1.0004169940948486,
					"bytes":	0,
					"bits_per_second":	0,
					"retransmits":	0,
					"snd_cwnd":	1448,
					"rtt":	459981,
					"rttvar":	442549,
					"pmtu":	1500,
					"omitted":	false,
					"sender":	true
				}],
			"sum":	{
				"start":	8.000125,
				"end":	9.000542,
				"seconds":	1.0004169940948486,
				"bytes":	0,
				"bits_per_second":	0,
				"retransmits":	0,
				"omitted":	false,
				"sender":	true
			}
		}, {
			"streams":	[{
					"socket":	5,
					"start":	9.000542,
					"end":	10.000552,
					"seconds":	1.0000100135803223,
					"bytes":	0,
					"bits_per_second":	0,
					"retransmits":	0,
					"snd_cwnd":	1448,
					"rtt":	459981,
					"rttvar":	442549,
					"pmtu":	1500,
					"omitted":	false,
					"sender":	true
				}],
			"sum":	{
				"start":	9.000542,
				"end":	10.000552,
				"seconds":	1.0000100135803223,
				"bytes":	0,
				"bits_per_second":	0,
				"retransmits":	0,
				"omitted":	false,
				"sender":	true
			}
		}],
	"end":	{
		"streams":	[{
				"sender":	{
					"socket":	5,
					"start":	0,
					"end":	10.000552,
					"seconds":	10.000552,
					"bytes":	341032,
					"bits_per_second":	272810.54085814458,
					"retransmits":	3,
					"max_snd_cwnd":	75296,
					"max_rtt":	459981,
					"min_rtt":	202995,
					"mean_rtt":	404202,
					"sender":	true
				},
				"receiver":	{
					"socket":	5,
					"start":	0,
					"end":	10.392885,
					"seconds":	10.000552,
					"bytes":	101360,
					"bits_per_second":	78022.608736650131,
					"sender":	true
				}
			}],
		"sum_sent":	{
			"start":	0,
			"end":	10.000552,
			"seconds":	10.000552,
			"bytes":	341032,
			"bits_per_second":	272810.54085814458,
			"retransmits":	3,
			"sender":	true
		},
		"sum_received":	{
			"start":	0,
			"end":	10.392885,
			"seconds":	10.392885,
			"bytes":	101360,
			"bits_per_second":	78022.608736650131,
			"sender":	true
		},
		"cpu_utilization_percent":	{
			"host_total":	5.0876639381406381,
			"host_user":	0.9255196394189853,
			"host_system":	4.1621442987216524,
			"remote_total":	0.05127738495076388,
			"remote_user":	0,
			"remote_system":	0.051268366768394774
		},
		"sender_tcp_congestion":	"cubic",
		"receiver_tcp_congestion":	"cubic"
	}
}
