{
	"start":	{
		"connected":	[{
				"socket":	5,
				"local_host":	"10.0.3.12",
				"local_port":	32906,
				"remote_host":	"10.0.6.10",
				"remote_port":	5202
			}],
		"version":	"iperf 3.7",
		"system_info":	"Linux ubunu2004 5.11.0-40-generic #44~20.04.2-Ubuntu SMP Tue Oct 26 18:07:44 UTC 2021 x86_64",
		"timestamp":	{
			"time":	"Wed, 17 Nov 2021 21:23:20 GMT",
			"timesecs":	1637184200
		},
		"connecting_to":	{
			"host":	"10.0.6.10",
			"port":	5202
		},
		"cookie":	"rj273ggphsvaho6z35r7mloe5jjues644seg",
		"tcp_mss_default":	1448,
		"target_bitrate":	1000000000,
		"sock_bufsize":	0,
		"sndbuf_actual":	87380,
		"rcvbuf_actual":	87380,
		"test_start":	{
			"protocol":	"TCP",
			"num_streams":	1,
			"blksize":	131072,
			"omit":	0,
			"duration":	10,
			"bytes":	0,
			"blocks":	0,
			"reverse":	0,
			"tos":	0
		}
	},
	"intervals":	[{
			"streams":	[{
					"socket":	5,
					"start":	0,
					"end":	1.00019,
					"seconds":	1.0001900196075439,
					"bytes":	79640,
					"bits_per_second":	636998.95770805038,
					"retransmits":	0,
					"snd_cwnd":	20272,
					"rtt":	238202,
					"rttvar":	200966,
					"pmtu":	1500,
					"omitted":	false,
					"sender":	true
				}],
			"sum":	{
				"start":	0,
				"end":	1.00019,
				"seconds":	1.0001900196075439,
				"bytes":	79640,
				"bits_per_second":	636998.95770805038,
				"retransmits":	0,
				"omitted":	false,
				"sender":	true
			}
		}, {
			"streams":	[{
					"socket":	5,
					"start":	1.00019,
					"end":	2.000043,
					"seconds":	0.99985301494598389,
					"bytes":	261392,
					"bits_per_second":	2091443.4109227262,
					"retransmits":	0,
					"snd_cwnd":	56472,
					"rtt":	454971,
					"rttvar":	325065,
					"pmtu":	1500,
					"omitted":	false,
					"sender":	true
				}],
			"sum":	{
				"start":	1.00019,
				"end":	2.000043,
				"seconds":	0.99985301494598389,
				"bytes":	261392,
				"bits_per_second":	2091443.4109227262,
				"retransmits":	0,
				"omitted":	false,
				"sender":	true
			}
		}, {
			"streams":	[{
					"socket":	5,
					"start":	2.000043,
					"end":	3.000315,
					"seconds":	1.0002720355987549,
					"bytes":	131072,
					"bits_per_second":	1048290.8275770508,
					"retransmits":	0,
					"snd_cwnd":	83984,
					"rtt":	585582,
					"rttvar":	338033,
					"pmtu":	1500,
					"omitted":	false,
					"sender":	true
				}],
			"sum":	{
				"start":	2.000043,
				"end":	3.000315,
				"seconds":	1.0002720355987549,
				"bytes":	131072,
				"bits_per_second":	1048290.8275770508,
				"retransmits":	0,
				"omitted":	false,
				"sender":	true
			}
		}, {
			"streams":	[{
					"socket":	5,
					"start":	3.000315,
					"end":	4.000135,
					"seconds":	0.99981999397277832,
					"bytes":	131072,
					"bits_per_second":	1048764.7839822546,
					"retransmits":	0,
					"snd_cwnd":	111496,
					"rtt":	628305,
					"rttvar":	236152,
					"pmtu":	1500,
					"omitted":	false,
					"sender":	true
				}],
			"sum":	{
				"start":	3.000315,
				"end":	4.000135,
				"seconds":	0.99981999397277832,
				"bytes":	131072,
				"bits_per_second":	1048764.7839822546,
				"retransmits":	0,
				"omitted":	false,
				"sender":	true
			}
		}, {
			"streams":	[{
					"socket":	5,
					"start":	4.000135,
					"end":	5.000498,
					"seconds":	1.0003629922866821,
					"bytes":	655360,
					"bits_per_second":	5240977.5655690245,
					"retransmits":	0,
					"snd_cwnd":	253400,
					"rtt":	687131,
					"rttvar":	219716,
					"pmtu":	1500,
					"omitted":	false,
					"sender":	true
				}],
			"sum":	{
				"start":	4.000135,
				"end":	5.000498,
				"seconds":	1.0003629922866821,
				"bytes":	655360,
				"bits_per_second":	5240977.5655690245,
				"retransmits":	0,
				"omitted":	false,
				"sender":	true
			}
		}, {
			"streams":	[{
					"socket":	5,
					"start":	5.000498,
					"end":	6.000669,
					"seconds":	1.0001709461212158,
					"bytes":	1441792,
					"bits_per_second":	11532364.587005405,
					"retransmits":	0,
					"snd_cwnd":	563272,
					"rtt":	749895,
					"rttvar":	248801,
					"pmtu":	1500,
					"omitted":	false,
					"sender":	true
				}],
			"sum":	{
				"start":	5.000498,
				"end":	6.000669,
				"seconds":	1.0001709461212158,
				"bytes":	1441792,
				"bits_per_second":	11532364.587005405,
				"retransmits":	0,
				"omitted":	false,
				"sender":	true
			}
		}, {
			"streams":	[{
					"socket":	5,
					"start":	6.000669,
					"end":	7.000144,
					"seconds":	0.99947500228881836,
					"bytes":	4980736,
					"bits_per_second":	39866817.988195896,
					"retransmits":	0,
					"snd_cwnd":	1558048,
					"rtt":	847462,
					"rttvar":	316212,
					"pmtu":	1500,
					"omitted":	false,
					"sender":	true
				}],
			"sum":	{
				"start":	6.000669,
				"end":	7.000144,
				"seconds":	0.99947500228881836,
				"bytes":	4980736,
				"bits_per_second":	39866817.988195896,
				"retransmits":	0,
				"omitted":	false,
				"sender":	true
			}
		}, {
			"streams":	[{
					"socket":	5,
					"start":	7.000144,
					"end":	8.000466,
					"seconds":	1.0003219842910767,
					"bytes":	6029312,
					"bits_per_second":	48218970.249047913,
					"retransmits":	0,
					"snd_cwnd":	2872832,
					"rtt":	856755,
					"rttvar":	234404,
					"pmtu":	1500,
					"omitted":	false,
					"sender":	true
				}],
			"sum":	{
				"start":	7.000144,
				"end":	8.000466,
				"seconds":	1.0003219842910767,
				"bytes":	6029312,
				"bits_per_second":	48218970.249047913,
				"retransmits":	0,
				"omitted":	false,
				"sender":	true
			}
		}, {
			"streams":	[{
					"socket":	5,
					"start":	8.000466,
					"end":	9.000267,
					"seconds":	0.999800980091095,
					"bytes":	1572864,
					"bits_per_second":	12585416.748494817,
					"retransmits":	0,
					"snd_cwnd":	4562648,
					"rtt":	787203,
					"rttvar":	181942,
					"pmtu":	1500,
					"omitted":	false,
					"sender":	true
				}],
			"sum":	{
				"start":	8.000466,
				"end":	9.000267,
				"seconds":	0.999800980091095,
				"bytes":	1572864,
				"bits_per_second":	12585416.748494817,
				"retransmits":	0,
				"omitted":	false,
				"sender":	true
			}
		}, {
			"streams":	[{
					"socket":	5,
					"start":	9.000267,
					"end":	10.001298,
					"seconds":	1.0010310411453247,
					"bytes":	9175040,
					"bits_per_second":	73324719.197537959,
					"retransmits":	0,
					"snd_cwnd":	13547488,
					"rtt":	747922,
					"rttvar":	119810,
					"pmtu":	1500,
					"omitted":	false,
					"sender":	true
				}],
			"sum":	{
				"start":	9.000267,
				"end":	10.001298,
				"seconds":	1.0010310411453247,
				"bytes":	9175040,
				"bits_per_second":	73324719.197537959,
				"retransmits":	0,
				"omitted":	false,
				"sender":	true
			}
		}],
	"end":	{
		"streams":	[{
				"sender":	{
					"socket":	5,
					"start":	0,
					"end":	10.001298,
					"seconds":	10.001298,
					"bytes":	24458280,
					"bits_per_second":	19564084.581821278,
					"retransmits":	0,
					"max_snd_cwnd":	13547488,
					"max_rtt":	856755,
					"min_rtt":	238202,
					"mean_rtt":	658342,
					"sender":	true
				},
				"receiver":	{
					"socket":	5,
					"start":	0,
					"end":	10.391473,
					"seconds":	10.001298,
					"bytes":	21940096,
					"bits_per_second":	16890845.792506993,
					"sender":	true
				}
			}],
		"sum_sent":	{
			"start":	0,
			"end":	10.001298,
			"seconds":	10.001298,
			"bytes":	24458280,
			"bits_per_second":	19564084.581821278,
			"retransmits":	0,
			"sender":	true
		},
		"sum_received":	{
			"start":	0,
			"end":	10.391473,
			"seconds":	10.391473,
			"bytes":	21940096,
			"bits_per_second":	16890845.792506993,
			"sender":	true
		},
		"cpu_utilization_percent":	{
			"host_total":	5.0133988716662108,
			"host_user":	1.5880222631939107,
			"host_system":	3.425367400891441,
			"remote_total":	0.81462970513252464,
			"remote_user":	0.055686011949391385,
			"remote_system":	0.758934686873583
		},
		"sender_tcp_congestion":	"cubic",
		"receiver_tcp_congestion":	"cubic"
	}
}
