{
	"start":	{
		"connected":	[{
				"socket":	5,
				"local_host":	"10.0.4.13",
				"local_port":	40608,
				"remote_host":	"10.0.6.10",
				"remote_port":	5203
			}],
		"version":	"iperf 3.7",
		"system_info":	"Linux ubunu2004 5.11.0-40-generic #44~20.04.2-Ubuntu SMP Tue Oct 26 18:07:44 UTC 2021 x86_64",
		"timestamp":	{
			"time":	"Wed, 17 Nov 2021 21:23:20 GMT",
			"timesecs":	1637184200
		},
		"connecting_to":	{
			"host":	"10.0.6.10",
			"port":	5203
		},
		"cookie":	"6ssmgdcghrv2yohkqmm6i7xtwtkhslaxcj24",
		"tcp_mss_default":	1448,
		"target_bitrate":	1000000000,
		"sock_bufsize":	0,
		"sndbuf_actual":	87380,
		"rcvbuf_actual":	87380,
		"test_start":	{
			"protocol":	"TCP",
			"num_streams":	1,
			"blksize":	131072,
			"omit":	0,
			"duration":	10,
			"bytes":	0,
			"blocks":	0,
			"reverse":	0,
			"tos":	0
		}
	},
	"intervals":	[{
			"streams":	[{
					"socket":	5,
					"start":	0,
					"end":	1.000222,
					"seconds":	1.0002219676971436,
					"bytes":	79640,
					"bits_per_second":	636978.61132451461,
					"retransmits":	0,
					"snd_cwnd":	17376,
					"rtt":	264939,
					"rttvar":	186092,
					"pmtu":	1500,
					"omitted":	false,
					"sender":	true
				}],
			"sum":	{
				"start":	0,
				"end":	1.000222,
				"seconds":	1.0002219676971436,
				"bytes":	79640,
				"bits_per_second":	636978.61132451461,
				"retransmits":	0,
				"omitted":	false,
				"sender":	true
			}
		}, {
			"streams":	[{
					"socket":	5,
					"start":	1.000222,
					"end":	2.000063,
					"seconds":	0.99984097480773926,
					"bytes":	131072,
					"bits_per_second":	1048742.7765216685,
					"retransmits":	0,
					"snd_cwnd":	36200,
					"rtt":	383702,
					"rttvar":	293116,
					"pmtu":	1500,
					"omitted":	false,
					"sender":	true
				}],
			"sum":	{
				"start":	1.000222,
				"end":	2.000063,
				"seconds":	0.99984097480773926,
				"bytes":	131072,
				"bits_per_second":	1048742.7765216685,
				"retransmits":	0,
				"omitted":	false,
				"sender":	true
			}
		}, {
			"streams":	[{
					"socket":	5,
					"start":	2.000063,
					"end":	3.00017,
					"seconds":	1.0001070499420166,
					"bytes":	131072,
					"bits_per_second":	1048463.7620150698,
					"retransmits":	0,
					"snd_cwnd":	75296,
					"rtt":	539452,
					"rttvar":	434858,
					"pmtu":	1500,
					"omitted":	false,
					"sender":	true
				}],
			"sum":	{
				"start":	2.000063,
				"end":	3.00017,
				"seconds":	1.0001070499420166,
				"bytes":	131072,
				"bits_per_second":	1048463.7620150698,
				"retransmits":	0,
				"omitted":	false,
				"sender":	true
			}
		}, {
			"streams":	[{
					"socket":	5,
					"start":	3.00017,
					"end":	4.000125,
					"seconds":	0.99995499849319458,
					"bytes":	917504,
					"bits_per_second":	7340362.3273652289,
					"retransmits":	0,
					"snd_cwnd":	251952,
					"rtt":	632263,
					"rttvar":	203294,
					"pmtu":	1500,
					"omitted":	false,
					"sender":	true
				}],
			"sum":	{
				"start":	3.00017,
				"end":	4.000125,
				"seconds":	0.99995499849319458,
				"bytes":	917504,
				"bits_per_second":	7340362.3273652289,
				"retransmits":	0,
				"omitted":	false,
				"sender":	true
			}
		}, {
			"streams":	[{
					"socket":	5,
					"start":	4.000125,
					"end":	5.000263,
					"seconds":	1.0001380443572998,
					"bytes":	1310720,
					"bits_per_second":	10484312.699791627,
					"retransmits":	0,
					"snd_cwnd":	551688,
					"rtt":	662733,
					"rttvar":	82054,
					"pmtu":	1500,
					"omitted":	false,
					"sender":	true
				}],
			"sum":	{
				"start":	4.000125,
				"end":	5.000263,
				"seconds":	1.0001380443572998,
				"bytes":	1310720,
				"bits_per_second":	10484312.699791627,
				"retransmits":	0,
				"omitted":	false,
				"sender":	true
			}
		}, {
			"streams":	[{
					"socket":	5,
					"start":	5.000263,
					"end":	6.000065,
					"seconds":	0.99980199337005615,
					"bytes":	6029312,
					"bits_per_second":	48244048.641486347,
					"retransmits":	0,
					"snd_cwnd":	1810000,
					"rtt":	659629,
					"rttvar":	68049,
					"pmtu":	1500,
					"omitted":	false,
					"sender":	true
				}],
			"sum":	{
				"start":	5.000263,
				"end":	6.000065,
				"seconds":	0.99980199337005615,
				"bytes":	6029312,
				"bits_per_second":	48244048.641486347,
				"retransmits":	0,
				"omitted":	false,
				"sender":	true
			}
		}, {
			"streams":	[{
					"socket":	5,
					"start":	6.000065,
					"end":	7.000131,
					"seconds":	1.0000660419464111,
					"bytes":	6815744,
					"bits_per_second":	54522351.237801343,
					"retransmits":	0,
					"snd_cwnd":	4755232,
					"rtt":	640818,
					"rttvar":	57361,
					"pmtu":	1500,
					"omitted":	false,
					"sender":	true
				}],
			"sum":	{
				"start":	6.000065,
				"end":	7.000131,
				"seconds":	1.0000660419464111,
				"bytes":	6815744,
				"bits_per_second":	54522351.237801343,
				"retransmits":	0,
				"omitted":	false,
				"sender":	true
			}
		}, {
			"streams":	[{
					"socket":	5,
					"start":	7.000131,
					"end":	8.000046,
					"seconds":	0.99991500377655029,
					"bytes":	8519680,
					"bits_per_second":	68163233.6174356,
					"retransmits":	0,
					"snd_cwnd":	13194176,
					"rtt":	646313,
					"rttvar":	61692,
					"pmtu":	1500,
					"omitted":	false,
					"sender":	true
				}],
			"sum":	{
				"start":	7.000131,
				"end":	8.000046,
				"seconds":	0.99991500377655029,
				"bytes":	8519680,
				"bits_per_second":	68163233.6174356,
				"retransmits":	0,
				"omitted":	false,
				"sender":	true
			}
		}, {
			"streams":	[{
					"socket":	5,
					"start":	8.000046,
					"end":	9.000054,
					"seconds":	1.0000079870224,
					"bytes":	11141120,
					"bits_per_second":	89128248.130685717,
					"retransmits":	0,
					"snd_cwnd":	17465776,
					"rtt":	663970,
					"rttvar":	89259,
					"pmtu":	1500,
					"omitted":	false,
					"sender":	true
				}],
			"sum":	{
				"start":	8.000046,
				"end":	9.000054,
				"seconds":	1.0000079870224,
				"bytes":	11141120,
				"bits_per_second":	89128248.130685717,
				"retransmits":	0,
				"omitted":	false,
				"sender":	true
			}
		}, {
			"streams":	[{
					"socket":	5,
					"start":	9.000054,
					"end":	10.001459,
					"seconds":	1.0014050006866455,
					"bytes":	11141120,
					"bits_per_second":	89003909.446114078,
					"retransmits":	0,
					"snd_cwnd":	17465776,
					"rtt":	729145,
					"rttvar":	192388,
					"pmtu":	1500,
					"omitted":	false,
					"sender":	true
				}],
			"sum":	{
				"start":	9.000054,
				"end":	10.001459,
				"seconds":	1.0014050006866455,
				"bytes":	11141120,
				"bits_per_second":	89003909.446114078,
				"retransmits":	0,
				"omitted":	false,
				"sender":	true
			}
		}],
	"end":	{
		"streams":	[{
				"sender":	{
					"socket":	5,
					"start":	0,
					"end":	10.001459,
					"seconds":	10.001459,
					"bytes":	46216984,
					"bits_per_second":	36968193.540562429,
					"retransmits":	0,
					"max_snd_cwnd":	17465776,
					"max_rtt":	729145,
					"min_rtt":	264939,
					"mean_rtt":	582296,
					"sender":	true
				},
				"receiver":	{
					"socket":	5,
					"start":	0,
					"end":	10.557441,
					"seconds":	10.001459,
					"bytes":	43552944,
					"bits_per_second":	33002652.063127797,
					"sender":	true
				}
			}],
		"sum_sent":	{
			"start":	0,
			"end":	10.001459,
			"seconds":	10.001459,
			"bytes":	46216984,
			"bits_per_second":	36968193.540562429,
			"retransmits":	0,
			"sender":	true
		},
		"sum_received":	{
			"start":	0,
			"end":	10.557441,
			"seconds":	10.557441,
			"bytes":	43552944,
			"bits_per_second":	33002652.063127797,
			"sender":	true
		},
		"cpu_utilization_percent":	{
			"host_total":	4.93633205430206,
			"host_user":	1.909005803210988,
			"host_system":	3.0273262510910723,
			"remote_total":	1.0382632847361104,
			"remote_user":	0.19254820612138057,
			"remote_system":	0.84571507861472983
		},
		"sender_tcp_congestion":	"cubic",
		"receiver_tcp_congestion":	"cubic"
	}
}
