{
	"start":	{
		"connected":	[{
				"socket":	5,
				"local_host":	"10.0.2.11",
				"local_port":	58670,
				"remote_host":	"10.0.6.10",
				"remote_port":	5201
			}],
		"version":	"iperf 3.7",
		"system_info":	"Linux ubunu2004 5.11.0-40-generic #44~20.04.2-Ubuntu SMP Tue Oct 26 18:07:44 UTC 2021 x86_64",
		"timestamp":	{
			"time":	"Wed, 17 Nov 2021 21:23:20 GMT",
			"timesecs":	1637184200
		},
		"connecting_to":	{
			"host":	"10.0.6.10",
			"port":	5201
		},
		"cookie":	"6q4xblqjcjd4prkmq4n3n5ugvhxc3uvqhsmt",
		"tcp_mss_default":	1448,
		"target_bitrate":	1000000000,
		"sock_bufsize":	0,
		"sndbuf_actual":	87380,
		"rcvbuf_actual":	87380,
		"test_start":	{
			"protocol":	"TCP",
			"num_streams":	1,
			"blksize":	131072,
			"omit":	0,
			"duration":	10,
			"bytes":	0,
			"blocks":	0,
			"reverse":	0,
			"tos":	0
		}
	},
	"intervals":	[{
			"streams":	[{
					"socket":	5,
					"start":	0,
					"end":	1.000106,
					"seconds":	1.0001059770584106,
					"bytes":	79640,
					"bits_per_second":	637052.48705136916,
					"retransmits":	0,
					"snd_cwnd":	17376,
					"rtt":	316497,
					"rttvar":	187824,
					"pmtu":	1500,
					"omitted":	false,
					"sender":	true
				}],
			"sum":	{
				"start":	0,
				"end":	1.000106,
				"seconds":	1.0001059770584106,
				"bytes":	79640,
				"bits_per_second":	637052.48705136916,
				"retransmits":	0,
				"omitted":	false,
				"sender":	true
			}
		}, {
			"streams":	[{
					"socket":	5,
					"start":	1.000106,
					"end":	2.000141,
					"seconds":	1.0000350475311279,
					"bytes":	130320,
					"bits_per_second":	1042523.4621265095,
					"retransmits":	0,
					"snd_cwnd":	37648,
					"rtt":	488343,
					"rttvar":	403022,
					"pmtu":	1500,
					"omitted":	false,
					"sender":	true
				}],
			"sum":	{
				"start":	1.000106,
				"end":	2.000141,
				"seconds":	1.0000350475311279,
				"bytes":	130320,
				"bits_per_second":	1042523.4621265095,
				"retransmits":	0,
				"omitted":	false,
				"sender":	true
			}
		}, {
			"streams":	[{
					"socket":	5,
					"start":	2.000141,
					"end":	3.000252,
					"seconds":	1.0001109838485718,
					"bytes":	262144,
					"bits_per_second":	2096919.2758286241,
					"retransmits":	0,
					"snd_cwnd":	78192,
					"rtt":	619194,
					"rttvar":	453512,
					"pmtu":	1500,
					"omitted":	false,
					"sender":	true
				}],
			"sum":	{
				"start":	2.000141,
				"end":	3.000252,
				"seconds":	1.0001109838485718,
				"bytes":	262144,
				"bits_per_second":	2096919.2758286241,
				"retransmits":	0,
				"omitted":	false,
				"sender":	true
			}
		}, {
			"streams":	[{
					"socket":	5,
					"start":	3.000252,
					"end":	4.000206,
					"seconds":	0.9999539852142334,
					"bytes":	131072,
					"bits_per_second":	1048624.2522203156,
					"retransmits":	0,
					"snd_cwnd":	121632,
					"rtt":	720150,
					"rttvar":	430103,
					"pmtu":	1500,
					"omitted":	false,
					"sender":	true
				}],
			"sum":	{
				"start":	3.000252,
				"end":	4.000206,
				"seconds":	0.9999539852142334,
				"bytes":	131072,
				"bits_per_second":	1048624.2522203156,
				"retransmits":	0,
				"omitted":	false,
				"sender":	true
			}
		}, {
			"streams":	[{
					"socket":	5,
					"start":	4.000206,
					"end":	5.000145,
					"seconds":	0.99993902444839478,
					"bytes":	524288,
					"bits_per_second":	4194559.7655954482,
					"retransmits":	0,
					"snd_cwnd":	244712,
					"rtt":	797933,
					"rttvar":	376792,
					"pmtu":	1500,
					"omitted":	false,
					"sender":	true
				}],
			"sum":	{
				"start":	4.000206,
				"end":	5.000145,
				"seconds":	0.99993902444839478,
				"bytes":	524288,
				"bits_per_second":	4194559.7655954482,
				"retransmits":	0,
				"omitted":	false,
				"sender":	true
			}
		}, {
			"streams":	[{
					"socket":	5,
					"start":	5.000145,
					"end":	6.000283,
					"seconds":	1.0001380443572998,
					"bytes":	0,
					"bits_per_second":	0,
					"retransmits":	0,
					"snd_cwnd":	244712,
					"rtt":	797933,
					"rttvar":	376792,
					"pmtu":	1500,
					"omitted":	false,
					"sender":	true
				}],
			"sum":	{
				"start":	5.000145,
				"end":	6.000283,
				"seconds":	1.0001380443572998,
				"bytes":	0,
				"bits_per_second":	0,
				"retransmits":	0,
				"omitted":	false,
				"sender":	true
			}
		}, {
			"streams":	[{
					"socket":	5,
					"start":	6.000283,
					"end":	7.00034,
					"seconds":	1.0000569820404053,
					"bytes":	0,
					"bits_per_second":	0,
					"retransmits":	0,
					"snd_cwnd":	244712,
					"rtt":	797933,
					"rttvar":	376792,
					"pmtu":	1500,
					"omitted":	false,
					"sender":	true
				}],
			"sum":	{
				"start":	6.000283,
				"end":	7.00034,
				"seconds":	1.0000569820404053,
				"bytes":	0,
				"bits_per_second":	0,
				"retransmits":	0,
				"omitted":	false,
				"sender":	true
			}
		}, {
			"streams":	[{
					"socket":	5,
					"start":	7.00034,
					"end":	8.000094,
					"seconds":	0.999754011631012,
					"bytes":	0,
					"bits_per_second":	0,
					"retransmits":	0,
					"snd_cwnd":	244712,
					"rtt":	797933,
					"rttvar":	376792,
					"pmtu":	1500,
					"omitted":	false,
					"sender":	true
				}],
			"sum":	{
				"start":	7.00034,
				"end":	8.000094,
				"seconds":	0.999754011631012,
				"bytes":	0,
				"bits_per_second":	0,
				"retransmits":	0,
				"omitted":	false,
				"sender":	true
			}
		}, {
			"streams":	[{
					"socket":	5,
					"start":	8.000094,
					"end":	9.000082,
					"seconds":	0.99998801946640015,
					"bytes":	0,
					"bits_per_second":	0,
					"retransmits":	0,
					"snd_cwnd":	244712,
					"rtt":	797933,
					"rttvar":	376792,
					"pmtu":	1500,
					"omitted":	false,
					"sender":	true
				}],
			"sum":	{
				"start":	8.000094,
				"end":	9.000082,
				"seconds":	0.99998801946640015,
				"bytes":	0,
				"bits_per_second":	0,
				"retransmits":	0,
				"omitted":	false,
				"sender":	true
			}
		}, {
			"streams":	[{
					"socket":	5,
					"start":	9.000082,
					"end":	10.000109,
					"seconds":	1.0000269412994385,
					"bytes":	0,
					"bits_per_second":	0,
					"retransmits":	1,
					"snd_cwnd":	1448,
					"rtt":	797933,
					"rttvar":	376792,
					"pmtu":	1500,
					"omitted":	false,
					"sender":	true
				}],
			"sum":	{
				"start":	9.000082,
				"end":	10.000109,
				"seconds":	1.0000269412994385,
				"bytes":	0,
				"bits_per_second":	0,
				"retransmits":	1,
				"omitted":	false,
				"sender":	true
			}
		}],
	"end":	{
		"streams":	[{
				"sender":	{
					"socket":	5,
					"start":	0,
					"end":	10.000109,
					"seconds":	10.000109,
					"bytes":	1127464,
					"bits_per_second":	901961.368621082,
					"retransmits":	1,
					"max_snd_cwnd":	244712,
					"max_rtt":	797933,
					"min_rtt":	316497,
					"mean_rtt":	693178,
					"sender":	true
				},
				"receiver":	{
					"socket":	5,
					"start":	0,
					"end":	10.809432,
					"seconds":	10.000109,
					"bytes":	474944,
					"bits_per_second":	351503.39074245532,
					"sender":	true
				}
			}],
		"sum_sent":	{
			"start":	0,
			"end":	10.000109,
			"seconds":	10.000109,
			"bytes":	1127464,
			"bits_per_second":	901961.368621082,
			"retransmits":	1,
			"sender":	true
		},
		"sum_received":	{
			"start":	0,
			"end":	10.809432,
			"seconds":	10.809432,
			"bytes":	474944,
			"bits_per_second":	351503.39074245532,
			"sender":	true
		},
		"cpu_utilization_percent":	{
			"host_total":	5.467533750105467,
			"host_user":	1.3339976848851136,
			"host_system":	4.1335360652203539,
			"remote_total":	0.0972043152600984,
			"remote_user":	0,
			"remote_system":	0.097195726789055817
		},
		"sender_tcp_congestion":	"cubic",
		"receiver_tcp_congestion":	"cubic"
	}
}
