{
	"start":	{
		"connected":	[{
				"socket":	5,
				"local_host":	"10.0.4.13",
				"local_port":	43862,
				"remote_host":	"10.0.6.10",
				"remote_port":	5203
			}],
		"version":	"iperf 3.7",
		"system_info":	"Linux ubuntu 5.11.0-40-generic #44~20.04.2-Ubuntu SMP Tue Oct 26 18:07:44 UTC 2021 x86_64",
		"timestamp":	{
			"time":	"Sat, 20 Nov 2021 13:37:24 GMT",
			"timesecs":	1637415444
		},
		"connecting_to":	{
			"host":	"10.0.6.10",
			"port":	5203
		},
		"cookie":	"5aasev4rubja4ejihrujiwxt5jw4tzdoke72",
		"tcp_mss_default":	1448,
		"target_bitrate":	1000000000,
		"sock_bufsize":	0,
		"sndbuf_actual":	87380,
		"rcvbuf_actual":	87380,
		"test_start":	{
			"protocol":	"TCP",
			"num_streams":	1,
			"blksize":	131072,
			"omit":	0,
			"duration":	10,
			"bytes":	0,
			"blocks":	0,
			"reverse":	0,
			"tos":	0
		}
	},
	"intervals":	[{
			"streams":	[{
					"socket":	5,
					"start":	0,
					"end":	1.000984,
					"seconds":	1.0009839534759521,
					"bytes":	79640,
					"bits_per_second":	636493.719791989,
					"retransmits":	0,
					"snd_cwnd":	17376,
					"rtt":	304787,
					"rttvar":	174901,
					"pmtu":	1500,
					"omitted":	false,
					"sender":	true
				}],
			"sum":	{
				"start":	0,
				"end":	1.000984,
				"seconds":	1.0009839534759521,
				"bytes":	79640,
				"bits_per_second":	636493.719791989,
				"retransmits":	0,
				"omitted":	false,
				"sender":	true
			}
		}, {
			"streams":	[{
					"socket":	5,
					"start":	1.000984,
					"end":	2.000407,
					"seconds":	0.99942302703857422,
					"bytes":	130320,
					"bits_per_second":	1043161.8761969558,
					"retransmits":	0,
					"snd_cwnd":	39096,
					"rtt":	481481,
					"rttvar":	403532,
					"pmtu":	1500,
					"omitted":	false,
					"sender":	true
				}],
			"sum":	{
				"start":	1.000984,
				"end":	2.000407,
				"seconds":	0.99942302703857422,
				"bytes":	130320,
				"bits_per_second":	1043161.8761969558,
				"retransmits":	0,
				"omitted":	false,
				"sender":	true
			}
		}, {
			"streams":	[{
					"socket":	5,
					"start":	2.000407,
					"end":	3.000631,
					"seconds":	1.0002239942550659,
					"bytes":	262144,
					"bits_per_second":	2096682.3551977377,
					"retransmits":	0,
					"snd_cwnd":	81088,
					"rtt":	613994,
					"rttvar":	456656,
					"pmtu":	1500,
					"omitted":	false,
					"sender":	true
				}],
			"sum":	{
				"start":	2.000407,
				"end":	3.000631,
				"seconds":	1.0002239942550659,
				"bytes":	262144,
				"bits_per_second":	2096682.3551977377,
				"retransmits":	0,
				"omitted":	false,
				"sender":	true
			}
		}, {
			"streams":	[{
					"socket":	5,
					"start":	3.000631,
					"end":	4.000389,
					"seconds":	0.99975800514221191,
					"bytes":	262144,
					"bits_per_second":	2097659.6228421177,
					"retransmits":	0,
					"snd_cwnd":	133216,
					"rtt":	668471,
					"rttvar":	451445,
					"pmtu":	1500,
					"omitted":	false,
					"sender":	true
				}],
			"sum":	{
				"start":	3.000631,
				"end":	4.000389,
				"seconds":	0.99975800514221191,
				"bytes":	262144,
				"bits_per_second":	2097659.6228421177,
				"retransmits":	0,
				"omitted":	false,
				"sender":	true
			}
		}, {
			"streams":	[{
					"socket":	5,
					"start":	4.000389,
					"end":	5.000512,
					"seconds":	1.0001230239868164,
					"bytes":	1310720,
					"bits_per_second":	10484470.158681421,
					"retransmits":	0,
					"snd_cwnd":	409784,
					"rtt":	738350,
					"rttvar":	325879,
					"pmtu":	1500,
					"omitted":	false,
					"sender":	true
				}],
			"sum":	{
				"start":	4.000389,
				"end":	5.000512,
				"seconds":	1.0001230239868164,
				"bytes":	1310720,
				"bits_per_second":	10484470.158681421,
				"retransmits":	0,
				"omitted":	false,
				"sender":	true
			}
		}, {
			"streams":	[{
					"socket":	5,
					"start":	5.000512,
					"end":	6.000647,
					"seconds":	1.0001349449157715,
					"bytes":	0,
					"bits_per_second":	0,
					"retransmits":	0,
					"snd_cwnd":	418472,
					"rtt":	770800,
					"rttvar":	309310,
					"pmtu":	1500,
					"omitted":	false,
					"sender":	true
				}],
			"sum":	{
				"start":	5.000512,
				"end":	6.000647,
				"seconds":	1.0001349449157715,
				"bytes":	0,
				"bits_per_second":	0,
				"retransmits":	0,
				"omitted":	false,
				"sender":	true
			}
		}, {
			"streams":	[{
					"socket":	5,
					"start":	6.000647,
					"end":	7.000459,
					"seconds":	0.99981200695037842,
					"bytes":	0,
					"bits_per_second":	0,
					"retransmits":	0,
					"snd_cwnd":	418472,
					"rtt":	770800,
					"rttvar":	309310,
					"pmtu":	1500,
					"omitted":	false,
					"sender":	true
				}],
			"sum":	{
				"start":	6.000647,
				"end":	7.000459,
				"seconds":	0.99981200695037842,
				"bytes":	0,
				"bits_per_second":	0,
				"retransmits":	0,
				"omitted":	false,
				"sender":	true
			}
		}, {
			"streams":	[{
					"socket":	5,
					"start":	7.000459,
					"end":	8.000198,
					"seconds":	0.99973899126052856,
					"bytes":	0,
					"bits_per_second":	0,
					"retransmits":	0,
					"snd_cwnd":	418472,
					"rtt":	770800,
					"rttvar":	309310,
					"pmtu":	1500,
					"omitted":	false,
					"sender":	true
				}],
			"sum":	{
				"start":	7.000459,
				"end":	8.000198,
				"seconds":	0.99973899126052856,
				"bytes":	0,
				"bits_per_second":	0,
				"retransmits":	0,
				"omitted":	false,
				"sender":	true
			}
		}, {
			"streams":	[{
					"socket":	5,
					"start":	8.000198,
					"end":	9.000534,
					"seconds":	1.0003360509872437,
					"bytes":	0,
					"bits_per_second":	0,
					"retransmits":	0,
					"snd_cwnd":	418472,
					"rtt":	770800,
					"rttvar":	309310,
					"pmtu":	1500,
					"omitted":	false,
					"sender":	true
				}],
			"sum":	{
				"start":	8.000198,
				"end":	9.000534,
				"seconds":	1.0003360509872437,
				"bytes":	0,
				"bits_per_second":	0,
				"retransmits":	0,
				"omitted":	false,
				"sender":	true
			}
		}, {
			"streams":	[{
					"socket":	5,
					"start":	9.000534,
					"end":	10.000486,
					"seconds":	0.99995201826095581,
					"bytes":	0,
					"bits_per_second":	0,
					"retransmits":	1,
					"snd_cwnd":	1448,
					"rtt":	770800,
					"rttvar":	309310,
					"pmtu":	1500,
					"omitted":	false,
					"sender":	true
				}],
			"sum":	{
				"start":	9.000534,
				"end":	10.000486,
				"seconds":	0.99995201826095581,
				"bytes":	0,
				"bits_per_second":	0,
				"retransmits":	1,
				"omitted":	false,
				"sender":	true
			}
		}],
	"end":	{
		"streams":	[{
				"sender":	{
					"socket":	5,
					"start":	0,
					"end":	10.000486,
					"seconds":	10.000486,
					"bytes":	2044968,
					"bits_per_second":	1635894.8955080782,
					"retransmits":	1,
					"max_snd_cwnd":	418472,
					"max_rtt":	770800,
					"min_rtt":	304787,
					"mean_rtt":	666108,
					"sender":	true
				},
				"receiver":	{
					"socket":	5,
					"start":	0,
					"end":	10.490221,
					"seconds":	10.000486,
					"bytes":	823912,
					"bits_per_second":	628327.65868326323,
					"sender":	true
				}
			}],
		"sum_sent":	{
			"start":	0,
			"end":	10.000486,
			"seconds":	10.000486,
			"bytes":	2044968,
			"bits_per_second":	1635894.8955080782,
			"retransmits":	1,
			"sender":	true
		},
		"sum_received":	{
			"start":	0,
			"end":	10.490221,
			"seconds":	10.490221,
			"bytes":	823912,
			"bits_per_second":	628327.65868326323,
			"sender":	true
		},
		"cpu_utilization_percent":	{
			"host_total":	4.7204622323198713,
			"host_user":	0.95525725150204277,
			"host_system":	3.7652049808178281,
			"remote_total":	0.066921910578527311,
			"remote_user":	0.066921910578527311,
			"remote_system":	0
		},
		"sender_tcp_congestion":	"cubic",
		"receiver_tcp_congestion":	"cubic"
	}
}
