{
	"start":	{
		"connected":	[{
				"socket":	5,
				"local_host":	"10.0.1.10",
				"local_port":	46280,
				"remote_host":	"10.0.6.10",
				"remote_port":	5200
			}],
		"version":	"iperf 3.7",
		"system_info":	"Linux ubunu2004 5.11.0-40-generic #44~20.04.2-Ubuntu SMP Tue Oct 26 18:07:44 UTC 2021 x86_64",
		"timestamp":	{
			"time":	"Wed, 17 Nov 2021 21:23:20 GMT",
			"timesecs":	1637184200
		},
		"connecting_to":	{
			"host":	"10.0.6.10",
			"port":	5200
		},
		"cookie":	"jachsy2us7iqqg4umqli4truh3mugcieyvqn",
		"tcp_mss_default":	1448,
		"target_bitrate":	1000000000,
		"sock_bufsize":	0,
		"sndbuf_actual":	87380,
		"rcvbuf_actual":	87380,
		"test_start":	{
			"protocol":	"TCP",
			"num_streams":	1,
			"blksize":	131072,
			"omit":	0,
			"duration":	10,
			"bytes":	0,
			"blocks":	0,
			"reverse":	0,
			"tos":	0
		}
	},
	"intervals":	[{
			"streams":	[{
					"socket":	5,
					"start":	0,
					"end":	1.000707,
					"seconds":	1.0007070302963257,
					"bytes":	144800,
					"bits_per_second":	1157581.5547703097,
					"retransmits":	0,
					"snd_cwnd":	28960,
					"rtt":	251008,
					"rttvar":	185474,
					"pmtu":	1500,
					"omitted":	false,
					"sender":	true
				}],
			"sum":	{
				"start":	0,
				"end":	1.000707,
				"seconds":	1.0007070302963257,
				"bytes":	144800,
				"bits_per_second":	1157581.5547703097,
				"retransmits":	0,
				"omitted":	false,
				"sender":	true
			}
		}, {
			"streams":	[{
					"socket":	5,
					"start":	1.000707,
					"end":	2.000197,
					"seconds":	0.99949002265930176,
					"bytes":	349024,
					"bits_per_second":	2793616.6812060117,
					"retransmits":	0,
					"snd_cwnd":	89776,
					"rtt":	505190,
					"rttvar":	150911,
					"pmtu":	1500,
					"omitted":	false,
					"sender":	true
				}],
			"sum":	{
				"start":	1.000707,
				"end":	2.000197,
				"seconds":	0.99949002265930176,
				"bytes":	349024,
				"bits_per_second":	2793616.6812060117,
				"retransmits":	0,
				"omitted":	false,
				"sender":	true
			}
		}, {
			"streams":	[{
					"socket":	5,
					"start":	2.000197,
					"end":	3.000088,
					"seconds":	0.99989098310470581,
					"bytes":	655360,
					"bits_per_second":	5243451.6248167632,
					"retransmits":	0,
					"snd_cwnd":	233128,
					"rtt":	586452,
					"rttvar":	58672,
					"pmtu":	1500,
					"omitted":	false,
					"sender":	true
				}],
			"sum":	{
				"start":	2.000197,
				"end":	3.000088,
				"seconds":	0.99989098310470581,
				"bytes":	655360,
				"bits_per_second":	5243451.6248167632,
				"retransmits":	0,
				"omitted":	false,
				"sender":	true
			}
		}, {
			"streams":	[{
					"socket":	5,
					"start":	3.000088,
					"end":	4.000096,
					"seconds":	1.0000079870224,
					"bytes":	1835008,
					"bits_per_second":	14679946.750936471,
					"retransmits":	0,
					"snd_cwnd":	625536,
					"rtt":	636424,
					"rttvar":	79616,
					"pmtu":	1500,
					"omitted":	false,
					"sender":	true
				}],
			"sum":	{
				"start":	3.000088,
				"end":	4.000096,
				"seconds":	1.0000079870224,
				"bytes":	1835008,
				"bits_per_second":	14679946.750936471,
				"retransmits":	0,
				"omitted":	false,
				"sender":	true
			}
		}, {
			"streams":	[{
					"socket":	5,
					"start":	4.000096,
					"end":	5.000186,
					"seconds":	1.0000900030136108,
					"bytes":	3538944,
					"bits_per_second":	28309004.104318291,
					"retransmits":	0,
					"snd_cwnd":	1388632,
					"rtt":	679682,
					"rttvar":	131762,
					"pmtu":	1500,
					"omitted":	false,
					"sender":	true
				}],
			"sum":	{
				"start":	4.000096,
				"end":	5.000186,
				"seconds":	1.0000900030136108,
				"bytes":	3538944,
				"bits_per_second":	28309004.104318291,
				"retransmits":	0,
				"omitted":	false,
				"sender":	true
			}
		}, {
			"streams":	[{
					"socket":	5,
					"start":	5.000186,
					"end":	6.000196,
					"seconds":	1.0000100135803223,
					"bytes":	7864320,
					"bits_per_second":	62913930.006308496,
					"retransmits":	0,
					"snd_cwnd":	3501264,
					"rtt":	680619,
					"rttvar":	153205,
					"pmtu":	1500,
					"omitted":	false,
					"sender":	true
				}],
			"sum":	{
				"start":	5.000186,
				"end":	6.000196,
				"seconds":	1.0000100135803223,
				"bytes":	7864320,
				"bits_per_second":	62913930.006308496,
				"retransmits":	0,
				"omitted":	false,
				"sender":	true
			}
		}, {
			"streams":	[{
					"socket":	5,
					"start":	6.000196,
					"end":	7.00015,
					"seconds":	0.9999539852142334,
					"bytes":	3801088,
					"bits_per_second":	30410103.314389151,
					"retransmits":	0,
					"snd_cwnd":	7432584,
					"rtt":	771128,
					"rttvar":	208088,
					"pmtu":	1500,
					"omitted":	false,
					"sender":	true
				}],
			"sum":	{
				"start":	6.000196,
				"end":	7.00015,
				"seconds":	0.9999539852142334,
				"bytes":	3801088,
				"bits_per_second":	30410103.314389151,
				"retransmits":	0,
				"omitted":	false,
				"sender":	true
			}
		}, {
			"streams":	[{
					"socket":	5,
					"start":	7.00015,
					"end":	8.000202,
					"seconds":	1.0000519752502441,
					"bytes":	10354688,
					"bits_per_second":	82833198.7237678,
					"retransmits":	0,
					"snd_cwnd":	17667048,
					"rtt":	785845,
					"rttvar":	142049,
					"pmtu":	1500,
					"omitted":	false,
					"sender":	true
				}],
			"sum":	{
				"start":	7.00015,
				"end":	8.000202,
				"seconds":	1.0000519752502441,
				"bytes":	10354688,
				"bits_per_second":	82833198.7237678,
				"retransmits":	0,
				"omitted":	false,
				"sender":	true
			}
		}, {
			"streams":	[{
					"socket":	5,
					"start":	8.000202,
					"end":	9.000072,
					"seconds":	0.99987000226974487,
					"bytes":	8519680,
					"bits_per_second":	68166301.464470267,
					"retransmits":	0,
					"snd_cwnd":	17667048,
					"rtt":	849040,
					"rttvar":	189462,
					"pmtu":	1500,
					"omitted":	false,
					"sender":	true
				}],
			"sum":	{
				"start":	8.000202,
				"end":	9.000072,
				"seconds":	0.99987000226974487,
				"bytes":	8519680,
				"bits_per_second":	68166301.464470267,
				"retransmits":	0,
				"omitted":	false,
				"sender":	true
			}
		}, {
			"streams":	[{
					"socket":	5,
					"start":	9.000072,
					"end":	10.000162,
					"seconds":	1.0000900030136108,
					"bytes":	7077888,
					"bits_per_second":	56618008.208636582,
					"retransmits":	0,
					"snd_cwnd":	17667048,
					"rtt":	844633,
					"rttvar":	195198,
					"pmtu":	1500,
					"omitted":	false,
					"sender":	true
				}],
			"sum":	{
				"start":	9.000072,
				"end":	10.000162,
				"seconds":	1.0000900030136108,
				"bytes":	7077888,
				"bits_per_second":	56618008.208636582,
				"retransmits":	0,
				"omitted":	false,
				"sender":	true
			}
		}],
	"end":	{
		"streams":	[{
				"sender":	{
					"socket":	5,
					"start":	0,
					"end":	10.000162,
					"seconds":	10.000162,
					"bytes":	44140800,
					"bits_per_second":	35312067.9444993,
					"retransmits":	0,
					"max_snd_cwnd":	17667048,
					"max_rtt":	849040,
					"min_rtt":	251008,
					"mean_rtt":	659002,
					"sender":	true
				},
				"receiver":	{
					"socket":	5,
					"start":	0,
					"end":	10.290767,
					"seconds":	10.000162,
					"bytes":	41554704,
					"bits_per_second":	32304456.217889298,
					"sender":	true
				}
			}],
		"sum_sent":	{
			"start":	0,
			"end":	10.000162,
			"seconds":	10.000162,
			"bytes":	44140800,
			"bits_per_second":	35312067.9444993,
			"retransmits":	0,
			"sender":	true
		},
		"sum_received":	{
			"start":	0,
			"end":	10.290767,
			"seconds":	10.290767,
			"bytes":	41554704,
			"bits_per_second":	32304456.217889298,
			"sender":	true
		},
		"cpu_utilization_percent":	{
			"host_total":	5.1334758818069792,
			"host_user":	1.348093657659958,
			"host_system":	3.7853636130659467,
			"remote_total":	0.94935954531766165,
			"remote_user":	0.30210864666134735,
			"remote_system":	0.64725089865631436
		},
		"sender_tcp_congestion":	"cubic",
		"receiver_tcp_congestion":	"cubic"
	}
}
