{
	"start":	{
		"connected":	[{
				"socket":	5,
				"local_host":	"10.0.5.10",
				"local_port":	45722,
				"remote_host":	"10.0.6.10",
				"remote_port":	5204
			}],
		"version":	"iperf 3.7",
		"system_info":	"Linux ubuntu 5.11.0-40-generic #44~20.04.2-Ubuntu SMP Tue Oct 26 18:07:44 UTC 2021 x86_64",
		"timestamp":	{
			"time":	"Sat, 20 Nov 2021 13:37:24 GMT",
			"timesecs":	1637415444
		},
		"connecting_to":	{
			"host":	"10.0.6.10",
			"port":	5204
		},
		"cookie":	"6mz3aq6emjrbbwvtroswawxusj4ix6dyeihc",
		"tcp_mss_default":	1448,
		"target_bitrate":	1000000000,
		"sock_bufsize":	0,
		"sndbuf_actual":	87380,
		"rcvbuf_actual":	87380,
		"test_start":	{
			"protocol":	"TCP",
			"num_streams":	1,
			"blksize":	131072,
			"omit":	0,
			"duration":	10,
			"bytes":	0,
			"blocks":	0,
			"reverse":	0,
			"tos":	0
		}
	},
	"intervals":	[{
			"streams":	[{
					"socket":	5,
					"start":	0,
					"end":	1.000045,
					"seconds":	1.0000449419021606,
					"bytes":	79640,
					"bits_per_second":	637091.36790207634,
					"retransmits":	0,
					"snd_cwnd":	17376,
					"rtt":	343393,
					"rttvar":	176530,
					"pmtu":	1500,
					"omitted":	false,
					"sender":	true
				}],
			"sum":	{
				"start":	0,
				"end":	1.000045,
				"seconds":	1.0000449419021606,
				"bytes":	79640,
				"bits_per_second":	637091.36790207634,
				"retransmits":	0,
				"omitted":	false,
				"sender":	true
			}
		}, {
			"streams":	[{
					"socket":	5,
					"start":	1.000045,
					"end":	2.000238,
					"seconds":	1.0001929998397827,
					"bytes":	130320,
					"bits_per_second":	1042358.8249137956,
					"retransmits":	0,
					"snd_cwnd":	37648,
					"rtt":	510769,
					"rttvar":	388279,
					"pmtu":	1500,
					"omitted":	false,
					"sender":	true
				}],
			"sum":	{
				"start":	1.000045,
				"end":	2.000238,
				"seconds":	1.0001929998397827,
				"bytes":	130320,
				"bits_per_second":	1042358.8249137956,
				"retransmits":	0,
				"omitted":	false,
				"sender":	true
			}
		}, {
			"streams":	[{
					"socket":	5,
					"start":	2.000238,
					"end":	3.000394,
					"seconds":	1.000156044960022,
					"bytes":	393216,
					"bits_per_second":	3145237.201586619,
					"retransmits":	0,
					"snd_cwnd":	105704,
					"rtt":	591954,
					"rttvar":	253630,
					"pmtu":	1500,
					"omitted":	false,
					"sender":	true
				}],
			"sum":	{
				"start":	2.000238,
				"end":	3.000394,
				"seconds":	1.000156044960022,
				"bytes":	393216,
				"bits_per_second":	3145237.201586619,
				"retransmits":	0,
				"omitted":	false,
				"sender":	true
			}
		}, {
			"streams":	[{
					"socket":	5,
					"start":	3.000394,
					"end":	4.000153,
					"seconds":	0.9997590184211731,
					"bytes":	393216,
					"bits_per_second":	3146486.245223131,
					"retransmits":	0,
					"snd_cwnd":	201272,
					"rtt":	662432,
					"rttvar":	206387,
					"pmtu":	1500,
					"omitted":	false,
					"sender":	true
				}],
			"sum":	{
				"start":	3.000394,
				"end":	4.000153,
				"seconds":	0.9997590184211731,
				"bytes":	393216,
				"bits_per_second":	3146486.245223131,
				"retransmits":	0,
				"omitted":	false,
				"sender":	true
			}
		}, {
			"streams":	[{
					"socket":	5,
					"start":	4.000153,
					"end":	5.000598,
					"seconds":	1.0004450082778931,
					"bytes":	917504,
					"bits_per_second":	7336767.0779173533,
					"retransmits":	0,
					"snd_cwnd":	393856,
					"rtt":	679365,
					"rttvar":	161947,
					"pmtu":	1500,
					"omitted":	false,
					"sender":	true
				}],
			"sum":	{
				"start":	4.000153,
				"end":	5.000598,
				"seconds":	1.0004450082778931,
				"bytes":	917504,
				"bits_per_second":	7336767.0779173533,
				"retransmits":	0,
				"omitted":	false,
				"sender":	true
			}
		}, {
			"streams":	[{
					"socket":	5,
					"start":	5.000598,
					"end":	6.000632,
					"seconds":	1.000033974647522,
					"bytes":	3145728,
					"bits_per_second":	25164969.029047336,
					"retransmits":	0,
					"snd_cwnd":	1084552,
					"rtt":	696610,
					"rttvar":	116073,
					"pmtu":	1500,
					"omitted":	false,
					"sender":	true
				}],
			"sum":	{
				"start":	5.000598,
				"end":	6.000632,
				"seconds":	1.000033974647522,
				"bytes":	3145728,
				"bits_per_second":	25164969.029047336,
				"retransmits":	0,
				"omitted":	false,
				"sender":	true
			}
		}, {
			"streams":	[{
					"socket":	5,
					"start":	6.000632,
					"end":	7.000553,
					"seconds":	0.99992102384567261,
					"bytes":	7995392,
					"bits_per_second":	63968187.961484492,
					"retransmits":	0,
					"snd_cwnd":	2709208,
					"rtt":	738196,
					"rttvar":	207057,
					"pmtu":	1500,
					"omitted":	false,
					"sender":	true
				}],
			"sum":	{
				"start":	6.000632,
				"end":	7.000553,
				"seconds":	0.99992102384567261,
				"bytes":	7995392,
				"bits_per_second":	63968187.961484492,
				"retransmits":	0,
				"omitted":	false,
				"sender":	true
			}
		}, {
			"streams":	[{
					"socket":	5,
					"start":	7.000553,
					"end":	8.000121,
					"seconds":	0.999567985534668,
					"bytes":	4587520,
					"bits_per_second":	36716021.852549747,
					"retransmits":	0,
					"snd_cwnd":	7031488,
					"rtt":	678555,
					"rttvar":	75591,
					"pmtu":	1500,
					"omitted":	false,
					"sender":	true
				}],
			"sum":	{
				"start":	7.000553,
				"end":	8.000121,
				"seconds":	0.999567985534668,
				"bytes":	4587520,
				"bits_per_second":	36716021.852549747,
				"retransmits":	0,
				"omitted":	false,
				"sender":	true
			}
		}, {
			"streams":	[{
					"socket":	5,
					"start":	8.000121,
					"end":	9.000462,
					"seconds":	1.0003410577774048,
					"bytes":	9175040,
					"bits_per_second":	73375294.7850442,
					"retransmits":	0,
					"snd_cwnd":	15988816,
					"rtt":	738531,
					"rttvar":	185969,
					"pmtu":	1500,
					"omitted":	false,
					"sender":	true
				}],
			"sum":	{
				"start":	8.000121,
				"end":	9.000462,
				"seconds":	1.0003410577774048,
				"bytes":	9175040,
				"bits_per_second":	73375294.7850442,
				"retransmits":	0,
				"omitted":	false,
				"sender":	true
			}
		}, {
			"streams":	[{
					"socket":	5,
					"start":	9.000462,
					"end":	10.000492,
					"seconds":	1.0000300407409668,
					"bytes":	12320768,
					"bits_per_second":	98563183.088947967,
					"retransmits":	0,
					"snd_cwnd":	19802848,
					"rtt":	737316,
					"rttvar":	157103,
					"pmtu":	1500,
					"omitted":	false,
					"sender":	true
				}],
			"sum":	{
				"start":	9.000462,
				"end":	10.000492,
				"seconds":	1.0000300407409668,
				"bytes":	12320768,
				"bits_per_second":	98563183.088947967,
				"retransmits":	0,
				"omitted":	false,
				"sender":	true
			}
		}],
	"end":	{
		"streams":	[{
				"sender":	{
					"socket":	5,
					"start":	0,
					"end":	10.000492,
					"seconds":	10.000492,
					"bytes":	39138344,
					"bits_per_second":	31309134.790568307,
					"retransmits":	0,
					"max_snd_cwnd":	19802848,
					"max_rtt":	738531,
					"min_rtt":	343393,
					"mean_rtt":	637712,
					"sender":	true
				},
				"receiver":	{
					"socket":	5,
					"start":	0,
					"end":	10.537905,
					"seconds":	10.000492,
					"bytes":	32968064,
					"bits_per_second":	25028173.246959429,
					"sender":	true
				}
			}],
		"sum_sent":	{
			"start":	0,
			"end":	10.000492,
			"seconds":	10.000492,
			"bytes":	39138344,
			"bits_per_second":	31309134.790568307,
			"retransmits":	0,
			"sender":	true
		},
		"sum_received":	{
			"start":	0,
			"end":	10.537905,
			"seconds":	10.537905,
			"bytes":	32968064,
			"bits_per_second":	25028173.246959429,
			"sender":	true
		},
		"cpu_utilization_percent":	{
			"host_total":	5.3645410176554886,
			"host_user":	0.54641021456214522,
			"host_system":	4.8181397459773789,
			"remote_total":	0.45958807784148187,
			"remote_user":	0,
			"remote_system":	0.45959684124774081
		},
		"sender_tcp_congestion":	"cubic",
		"receiver_tcp_congestion":	"cubic"
	}
}
