{
	"start":	{
		"connected":	[{
				"socket":	5,
				"local_host":	"10.0.3.12",
				"local_port":	57559,
				"remote_host":	"10.0.6.10",
				"remote_port":	5202
			}],
		"version":	"iperf 3.7",
		"system_info":	"Linux ubuntu 5.11.0-40-generic #44~20.04.2-Ubuntu SMP Tue Oct 26 18:07:44 UTC 2021 x86_64",
		"timestamp":	{
			"time":	"Sat, 20 Nov 2021 13:39:41 GMT",
			"timesecs":	1637415581
		},
		"connecting_to":	{
			"host":	"10.0.6.10",
			"port":	5202
		},
		"cookie":	"okhgdsron375bcsvlhz7i3zuiz2wtuwpzwoz",
		"sock_bufsize":	0,
		"sndbuf_actual":	212992,
		"rcvbuf_actual":	212992,
		"test_start":	{
			"protocol":	"UDP",
			"num_streams":	1,
			"blksize":	1448,
			"omit":	0,
			"duration":	10,
			"bytes":	0,
			"blocks":	0,
			"reverse":	0,
			"tos":	0
		}
	},
	"intervals":	[{
			"streams":	[{
					"socket":	5,
					"start":	0,
					"end":	1.000011,
					"seconds":	1.0000109672546387,
					"bytes":	41693712,
					"bits_per_second":	333546037.91566849,
					"packets":	28794,
					"omitted":	false,
					"sender":	true
				}],
			"sum":	{
				"start":	0,
				"end":	1.000011,
				"seconds":	1.0000109672546387,
				"bytes":	41693712,
				"bits_per_second":	333546037.91566849,
				"packets":	28794,
				"omitted":	false,
				"sender":	true
			}
		}, {
			"streams":	[{
					"socket":	5,
					"start":	1.000011,
					"end":	2.000012,
					"seconds":	1.0000009536743164,
					"bytes":	64517088,
					"bits_per_second":	516136211.77415109,
					"packets":	44556,
					"omitted":	false,
					"sender":	true
				}],
			"sum":	{
				"start":	1.000011,
				"end":	2.000012,
				"seconds":	1.0000009536743164,
				"bytes":	64517088,
				"bits_per_second":	516136211.77415109,
				"packets":	44556,
				"omitted":	false,
				"sender":	true
			}
		}, {
			"streams":	[{
					"socket":	5,
					"start":	2.000012,
					"end":	3.019154,
					"seconds":	1.0191420316696167,
					"bytes":	52604392,
					"bits_per_second":	412930801.519945,
					"packets":	36329,
					"omitted":	false,
					"sender":	true
				}],
			"sum":	{
				"start":	2.000012,
				"end":	3.019154,
				"seconds":	1.0191420316696167,
				"bytes":	52604392,
				"bits_per_second":	412930801.519945,
				"packets":	36329,
				"omitted":	false,
				"sender":	true
			}
		}, {
			"streams":	[{
					"socket":	5,
					"start":	3.019154,
					"end":	4.01479,
					"seconds":	0.995635986328125,
					"bytes":	60345400,
					"bits_per_second":	484879219.543295,
					"packets":	41675,
					"omitted":	false,
					"sender":	true
				}],
			"sum":	{
				"start":	3.019154,
				"end":	4.01479,
				"seconds":	0.995635986328125,
				"bytes":	60345400,
				"bits_per_second":	484879219.543295,
				"packets":	41675,
				"omitted":	false,
				"sender":	true
			}
		}, {
			"streams":	[{
					"socket":	5,
					"start":	4.01479,
					"end":	5.000195,
					"seconds":	0.98540502786636353,
					"bytes":	52070080,
					"bits_per_second":	422730378.08823949,
					"packets":	35960,
					"omitted":	false,
					"sender":	true
				}],
			"sum":	{
				"start":	4.01479,
				"end":	5.000195,
				"seconds":	0.98540502786636353,
				"bytes":	52070080,
				"bits_per_second":	422730378.08823949,
				"packets":	35960,
				"omitted":	false,
				"sender":	true
			}
		}, {
			"streams":	[{
					"socket":	5,
					"start":	5.000195,
					"end":	6.000009,
					"seconds":	0.999813973903656,
					"bytes":	63659872,
					"bits_per_second":	509373732.80709428,
					"packets":	43964,
					"omitted":	false,
					"sender":	true
				}],
			"sum":	{
				"start":	5.000195,
				"end":	6.000009,
				"seconds":	0.999813973903656,
				"bytes":	63659872,
				"bits_per_second":	509373732.80709428,
				"packets":	43964,
				"omitted":	false,
				"sender":	true
			}
		}, {
			"streams":	[{
					"socket":	5,
					"start":	6.000009,
					"end":	7.000194,
					"seconds":	1.0001850128173828,
					"bytes":	37180296,
					"bits_per_second":	297387347.52897966,
					"packets":	25677,
					"omitted":	false,
					"sender":	true
				}],
			"sum":	{
				"start":	6.000009,
				"end":	7.000194,
				"seconds":	1.0001850128173828,
				"bytes":	37180296,
				"bits_per_second":	297387347.52897966,
				"packets":	25677,
				"omitted":	false,
				"sender":	true
			}
		}, {
			"streams":	[{
					"socket":	5,
					"start":	7.000194,
					"end":	8.000011,
					"seconds":	0.99981701374053955,
					"bytes":	59787920,
					"bits_per_second":	478390898.96116084,
					"packets":	41290,
					"omitted":	false,
					"sender":	true
				}],
			"sum":	{
				"start":	7.000194,
				"end":	8.000011,
				"seconds":	0.99981701374053955,
				"bytes":	59787920,
				"bits_per_second":	478390898.96116084,
				"packets":	41290,
				"omitted":	false,
				"sender":	true
			}
		}, {
			"streams":	[{
					"socket":	5,
					"start":	8.000011,
					"end":	9.000029,
					"seconds":	1.0000180006027222,
					"bytes":	49967584,
					"bits_per_second":	399733476.55649376,
					"packets":	34508,
					"omitted":	false,
					"sender":	true
				}],
			"sum":	{
				"start":	8.000011,
				"end":	9.000029,
				"seconds":	1.0000180006027222,
				"bytes":	49967584,
				"bits_per_second":	399733476.55649376,
				"packets":	34508,
				"omitted":	false,
				"sender":	true
			}
		}, {
			"streams":	[{
					"socket":	5,
					"start":	9.000029,
					"end":	10.000009,
					"seconds":	0.99997997283935547,
					"bytes":	68018352,
					"bits_per_second":	544157713.93395293,
					"packets":	46974,
					"omitted":	false,
					"sender":	true
				}],
			"sum":	{
				"start":	9.000029,
				"end":	10.000009,
				"seconds":	0.99997997283935547,
				"bytes":	68018352,
				"bits_per_second":	544157713.93395293,
				"packets":	46974,
				"omitted":	false,
				"sender":	true
			}
		}],
	"end":	{
		"streams":	[{
				"udp":	{
					"socket":	5,
					"start":	0,
					"end":	10.000009,
					"seconds":	10.000009,
					"bytes":	549844696,
					"bits_per_second":	439875360.91217518,
					"jitter_ms":	0.025751326931471634,
					"lost_packets":	15218,
					"packets":	379727,
					"lost_percent":	4.0076159978089523,
					"out_of_order":	0,
					"sender":	true
				}
			}],
		"sum":	{
			"start":	0,
			"end":	10.455183,
			"seconds":	10.455183,
			"bytes":	549844696,
			"bits_per_second":	439875360.91217518,
			"jitter_ms":	0.025751326931471634,
			"lost_packets":	15218,
			"packets":	379727,
			"lost_percent":	4.0076159978089523,
			"sender":	true
		},
		"cpu_utilization_percent":	{
			"host_total":	23.211476191367478,
			"host_user":	2.0838310782963378,
			"host_system":	21.127645113071143,
			"remote_total":	11.108820930704171,
			"remote_user":	2.3513866009537572,
			"remote_system":	8.7574433108500482
		}
	}
}
