{
	"start":	{
		"connected":	[{
				"socket":	5,
				"local_host":	"10.0.3.12",
				"local_port":	54761,
				"remote_host":	"10.0.6.10",
				"remote_port":	5202
			}],
		"version":	"iperf 3.7",
		"system_info":	"Linux ubunu2004 5.11.0-40-generic #44~20.04.2-Ubuntu SMP Tue Oct 26 18:07:44 UTC 2021 x86_64",
		"timestamp":	{
			"time":	"Wed, 17 Nov 2021 21:22:07 GMT",
			"timesecs":	1637184127
		},
		"connecting_to":	{
			"host":	"10.0.6.10",
			"port":	5202
		},
		"cookie":	"3ccocmziuidjs2r4c4rvhneg7r62iv4tcolr",
		"sock_bufsize":	0,
		"sndbuf_actual":	212992,
		"rcvbuf_actual":	212992,
		"test_start":	{
			"protocol":	"UDP",
			"num_streams":	1,
			"blksize":	1448,
			"omit":	0,
			"duration":	10,
			"bytes":	0,
			"blocks":	0,
			"reverse":	0,
			"tos":	0
		}
	},
	"intervals":	[{
			"streams":	[{
					"socket":	5,
					"start":	0,
					"end":	1.000012,
					"seconds":	1.0000120401382446,
					"bytes":	18392496,
					"bits_per_second":	147138196.43577385,
					"packets":	12702,
					"omitted":	false,
					"sender":	true
				}],
			"sum":	{
				"start":	0,
				"end":	1.000012,
				"seconds":	1.0000120401382446,
				"bytes":	18392496,
				"bits_per_second":	147138196.43577385,
				"packets":	12702,
				"omitted":	false,
				"sender":	true
			}
		}, {
			"streams":	[{
					"socket":	5,
					"start":	1.000012,
					"end":	2.017711,
					"seconds":	1.0176990032196045,
					"bytes":	15910624,
					"bits_per_second":	125071353.70804109,
					"packets":	10988,
					"omitted":	false,
					"sender":	true
				}],
			"sum":	{
				"start":	1.000012,
				"end":	2.017711,
				"seconds":	1.0176990032196045,
				"bytes":	15910624,
				"bits_per_second":	125071353.70804109,
				"packets":	10988,
				"omitted":	false,
				"sender":	true
			}
		}, {
			"streams":	[{
					"socket":	5,
					"start":	2.017711,
					"end":	3.002274,
					"seconds":	0.98456299304962158,
					"bytes":	13886320,
					"bits_per_second":	112832353.830306,
					"packets":	9590,
					"omitted":	false,
					"sender":	true
				}],
			"sum":	{
				"start":	2.017711,
				"end":	3.002274,
				"seconds":	0.98456299304962158,
				"bytes":	13886320,
				"bits_per_second":	112832353.830306,
				"packets":	9590,
				"omitted":	false,
				"sender":	true
			}
		}, {
			"streams":	[{
					"socket":	5,
					"start":	3.002274,
					"end":	4.000149,
					"seconds":	0.99787497520446777,
					"bytes":	14850688,
					"bits_per_second":	119058506.27795969,
					"packets":	10256,
					"omitted":	false,
					"sender":	true
				}],
			"sum":	{
				"start":	3.002274,
				"end":	4.000149,
				"seconds":	0.99787497520446777,
				"bytes":	14850688,
				"bits_per_second":	119058506.27795969,
				"packets":	10256,
				"omitted":	false,
				"sender":	true
			}
		}, {
			"streams":	[{
					"socket":	5,
					"start":	4.000149,
					"end":	5.000067,
					"seconds":	0.99991798400878906,
					"bytes":	20451552,
					"bits_per_second":	163625835.93512192,
					"packets":	14124,
					"omitted":	false,
					"sender":	true
				}],
			"sum":	{
				"start":	4.000149,
				"end":	5.000067,
				"seconds":	0.99991798400878906,
				"bytes":	20451552,
				"bits_per_second":	163625835.93512192,
				"packets":	14124,
				"omitted":	false,
				"sender":	true
			}
		}, {
			"streams":	[{
					"socket":	5,
					"start":	5.000067,
					"end":	6.000008,
					"seconds":	0.99994099140167236,
					"bytes":	21896656,
					"bits_per_second":	175183585.3378208,
					"packets":	15122,
					"omitted":	false,
					"sender":	true
				}],
			"sum":	{
				"start":	5.000067,
				"end":	6.000008,
				"seconds":	0.99994099140167236,
				"bytes":	21896656,
				"bits_per_second":	175183585.3378208,
				"packets":	15122,
				"omitted":	false,
				"sender":	true
			}
		}, {
			"streams":	[{
					"socket":	5,
					"start":	6.000008,
					"end":	7.000023,
					"seconds":	1.0000150203704834,
					"bytes":	17387584,
					"bits_per_second":	139098582.6877543,
					"packets":	12008,
					"omitted":	false,
					"sender":	true
				}],
			"sum":	{
				"start":	6.000008,
				"end":	7.000023,
				"seconds":	1.0000150203704834,
				"bytes":	17387584,
				"bits_per_second":	139098582.6877543,
				"packets":	12008,
				"omitted":	false,
				"sender":	true
			}
		}, {
			"streams":	[{
					"socket":	5,
					"start":	7.000023,
					"end":	8.000079,
					"seconds":	1.0000560283660889,
					"bytes":	19116496,
					"bits_per_second":	152923399.95176396,
					"packets":	13202,
					"omitted":	false,
					"sender":	true
				}],
			"sum":	{
				"start":	7.000023,
				"end":	8.000079,
				"seconds":	1.0000560283660889,
				"bytes":	19116496,
				"bits_per_second":	152923399.95176396,
				"packets":	13202,
				"omitted":	false,
				"sender":	true
			}
		}, {
			"streams":	[{
					"socket":	5,
					"start":	8.000079,
					"end":	9.000127,
					"seconds":	1.000048041343689,
					"bytes":	20777352,
					"bits_per_second":	166210831.00834271,
					"packets":	14349,
					"omitted":	false,
					"sender":	true
				}],
			"sum":	{
				"start":	8.000079,
				"end":	9.000127,
				"seconds":	1.000048041343689,
				"bytes":	20777352,
				"bits_per_second":	166210831.00834271,
				"packets":	14349,
				"omitted":	false,
				"sender":	true
			}
		}, {
			"streams":	[{
					"socket":	5,
					"start":	9.000127,
					"end":	10.000016,
					"seconds":	0.99988901615142822,
					"bytes":	49914008,
					"bits_per_second":	399356386.10868204,
					"packets":	34471,
					"omitted":	false,
					"sender":	true
				}],
			"sum":	{
				"start":	9.000127,
				"end":	10.000016,
				"seconds":	0.99988901615142822,
				"bytes":	49914008,
				"bits_per_second":	399356386.10868204,
				"packets":	34471,
				"omitted":	false,
				"sender":	true
			}
		}],
	"end":	{
		"streams":	[{
				"udp":	{
					"socket":	5,
					"start":	0,
					"end":	10.000016,
					"seconds":	10.000016,
					"bytes":	212583776,
					"bits_per_second":	170066748.69320208,
					"jitter_ms":	0.00019075177281755557,
					"lost_packets":	1881,
					"packets":	146812,
					"lost_percent":	1.2812304171321145,
					"out_of_order":	0,
					"sender":	true
				}
			}],
		"sum":	{
			"start":	0,
			"end":	10.217751,
			"seconds":	10.217751,
			"bytes":	212583776,
			"bits_per_second":	170066748.69320208,
			"jitter_ms":	0.00019075177281755557,
			"lost_packets":	1881,
			"packets":	146812,
			"lost_percent":	1.2812304171321145,
			"sender":	true
		},
		"cpu_utilization_percent":	{
			"host_total":	21.800486869088722,
			"host_user":	2.3283476875853362,
			"host_system":	19.472139181503387,
			"remote_total":	12.257236312976289,
			"remote_user":	3.2064644338018282,
			"remote_system":	9.0507718791744622
		}
	}
}
