{
	"start":	{
		"connected":	[{
				"socket":	5,
				"local_host":	"10.0.4.13",
				"local_port":	33885,
				"remote_host":	"10.0.6.10",
				"remote_port":	5203
			}],
		"version":	"iperf 3.7",
		"system_info":	"Linux ubunu2004 5.11.0-40-generic #44~20.04.2-Ubuntu SMP Tue Oct 26 18:07:44 UTC 2021 x86_64",
		"timestamp":	{
			"time":	"Wed, 17 Nov 2021 21:22:07 GMT",
			"timesecs":	1637184127
		},
		"connecting_to":	{
			"host":	"10.0.6.10",
			"port":	5203
		},
		"cookie":	"k57hxi772jivjsibqgicjettfizrmhmbjg4p",
		"sock_bufsize":	0,
		"sndbuf_actual":	212992,
		"rcvbuf_actual":	212992,
		"test_start":	{
			"protocol":	"UDP",
			"num_streams":	1,
			"blksize":	1448,
			"omit":	0,
			"duration":	10,
			"bytes":	0,
			"blocks":	0,
			"reverse":	0,
			"tos":	0
		}
	},
	"intervals":	[{
			"streams":	[{
					"socket":	5,
					"start":	0,
					"end":	1.000013,
					"seconds":	1.000012993812561,
					"bytes":	26446272,
					"bits_per_second":	211567426.93251041,
					"packets":	18264,
					"omitted":	false,
					"sender":	true
				}],
			"sum":	{
				"start":	0,
				"end":	1.000013,
				"seconds":	1.000012993812561,
				"bytes":	26446272,
				"bits_per_second":	211567426.93251041,
				"packets":	18264,
				"omitted":	false,
				"sender":	true
			}
		}, {
			"streams":	[{
					"socket":	5,
					"start":	1.000013,
					"end":	2.000037,
					"seconds":	1.0000239610671997,
					"bytes":	17053096,
					"bits_per_second":	136421499.1952903,
					"packets":	11777,
					"omitted":	false,
					"sender":	true
				}],
			"sum":	{
				"start":	1.000013,
				"end":	2.000037,
				"seconds":	1.0000239610671997,
				"bytes":	17053096,
				"bits_per_second":	136421499.1952903,
				"packets":	11777,
				"omitted":	false,
				"sender":	true
			}
		}, {
			"streams":	[{
					"socket":	5,
					"start":	2.000037,
					"end":	3.000125,
					"seconds":	1.0000879764556885,
					"bytes":	16583944,
					"bits_per_second":	132659881.05385283,
					"packets":	11453,
					"omitted":	false,
					"sender":	true
				}],
			"sum":	{
				"start":	2.000037,
				"end":	3.000125,
				"seconds":	1.0000879764556885,
				"bytes":	16583944,
				"bits_per_second":	132659881.05385283,
				"packets":	11453,
				"omitted":	false,
				"sender":	true
			}
		}, {
			"streams":	[{
					"socket":	5,
					"start":	3.000125,
					"end":	4.00215,
					"seconds":	1.0020250082015991,
					"bytes":	20933736,
					"bits_per_second":	167131445.45221415,
					"packets":	14457,
					"omitted":	false,
					"sender":	true
				}],
			"sum":	{
				"start":	3.000125,
				"end":	4.00215,
				"seconds":	1.0020250082015991,
				"bytes":	20933736,
				"bits_per_second":	167131445.45221415,
				"packets":	14457,
				"omitted":	false,
				"sender":	true
			}
		}, {
			"streams":	[{
					"socket":	5,
					"start":	4.00215,
					"end":	5.002679,
					"seconds":	1.0005290508270264,
					"bytes":	25460184,
					"bits_per_second":	203573771.12802383,
					"packets":	17583,
					"omitted":	false,
					"sender":	true
				}],
			"sum":	{
				"start":	4.00215,
				"end":	5.002679,
				"seconds":	1.0005290508270264,
				"bytes":	25460184,
				"bits_per_second":	203573771.12802383,
				"packets":	17583,
				"omitted":	false,
				"sender":	true
			}
		}, {
			"streams":	[{
					"socket":	5,
					"start":	5.002679,
					"end":	6.00004,
					"seconds":	0.99736100435256958,
					"bytes":	22074760,
					"bits_per_second":	177065354.70036498,
					"packets":	15245,
					"omitted":	false,
					"sender":	true
				}],
			"sum":	{
				"start":	5.002679,
				"end":	6.00004,
				"seconds":	0.99736100435256958,
				"bytes":	22074760,
				"bits_per_second":	177065354.70036498,
				"packets":	15245,
				"omitted":	false,
				"sender":	true
			}
		}, {
			"streams":	[{
					"socket":	5,
					"start":	6.00004,
					"end":	7.006238,
					"seconds":	1.0061980485916138,
					"bytes":	21951680,
					"bits_per_second":	174531684.1409184,
					"packets":	15160,
					"omitted":	false,
					"sender":	true
				}],
			"sum":	{
				"start":	6.00004,
				"end":	7.006238,
				"seconds":	1.0061980485916138,
				"bytes":	21951680,
				"bits_per_second":	174531684.1409184,
				"packets":	15160,
				"omitted":	false,
				"sender":	true
			}
		}, {
			"streams":	[{
					"socket":	5,
					"start":	7.006238,
					"end":	8.000058,
					"seconds":	0.99382001161575317,
					"bytes":	20510920,
					"bits_per_second":	165107723.81532815,
					"packets":	14165,
					"omitted":	false,
					"sender":	true
				}],
			"sum":	{
				"start":	7.006238,
				"end":	8.000058,
				"seconds":	0.99382001161575317,
				"bytes":	20510920,
				"bits_per_second":	165107723.81532815,
				"packets":	14165,
				"omitted":	false,
				"sender":	true
			}
		}, {
			"streams":	[{
					"socket":	5,
					"start":	8.000058,
					"end":	9.000023,
					"seconds":	0.99996501207351685,
					"bytes":	23173792,
					"bits_per_second":	185396822.65040112,
					"packets":	16004,
					"omitted":	false,
					"sender":	true
				}],
			"sum":	{
				"start":	8.000058,
				"end":	9.000023,
				"seconds":	0.99996501207351685,
				"bytes":	23173792,
				"bits_per_second":	185396822.65040112,
				"packets":	16004,
				"omitted":	false,
				"sender":	true
			}
		}, {
			"streams":	[{
					"socket":	5,
					"start":	9.000023,
					"end":	10.002159,
					"seconds":	1.0021359920501709,
					"bytes":	26333328,
					"bits_per_second":	210217600.87572345,
					"packets":	18186,
					"omitted":	false,
					"sender":	true
				}],
			"sum":	{
				"start":	9.000023,
				"end":	10.002159,
				"seconds":	1.0021359920501709,
				"bytes":	26333328,
				"bits_per_second":	210217600.87572345,
				"packets":	18186,
				"omitted":	false,
				"sender":	true
			}
		}],
	"end":	{
		"streams":	[{
				"udp":	{
					"socket":	5,
					"start":	0,
					"end":	10.002159,
					"seconds":	10.002159,
					"bytes":	220521712,
					"bits_per_second":	176379289.31143764,
					"jitter_ms":	0.0052580021121771637,
					"lost_packets":	1824,
					"packets":	152294,
					"lost_percent":	1.197683428106163,
					"out_of_order":	0,
					"sender":	true
				}
			}],
		"sum":	{
			"start":	0,
			"end":	10.299498,
			"seconds":	10.299498,
			"bytes":	220521712,
			"bits_per_second":	176379289.31143764,
			"jitter_ms":	0.0052580021121771637,
			"lost_packets":	1824,
			"packets":	152294,
			"lost_percent":	1.197683428106163,
			"sender":	true
		},
		"cpu_utilization_percent":	{
			"host_total":	24.515225977516554,
			"host_user":	2.2862554938114146,
			"host_system":	22.22897048370514,
			"remote_total":	12.722429928440205,
			"remote_user":	2.2769275490934762,
			"remote_system":	10.445493226605043
		}
	}
}
