{
	"start":	{
		"connected":	[{
				"socket":	5,
				"local_host":	"10.0.2.11",
				"local_port":	44989,
				"remote_host":	"10.0.6.10",
				"remote_port":	5201
			}],
		"version":	"iperf 3.7",
		"system_info":	"Linux ubunu2004 5.11.0-40-generic #44~20.04.2-Ubuntu SMP Tue Oct 26 18:07:44 UTC 2021 x86_64",
		"timestamp":	{
			"time":	"Wed, 17 Nov 2021 21:22:07 GMT",
			"timesecs":	1637184127
		},
		"connecting_to":	{
			"host":	"10.0.6.10",
			"port":	5201
		},
		"cookie":	"4i6ezlrwhtzfsprfk3dw4ygdydpwos52vbrg",
		"sock_bufsize":	0,
		"sndbuf_actual":	212992,
		"rcvbuf_actual":	212992,
		"test_start":	{
			"protocol":	"UDP",
			"num_streams":	1,
			"blksize":	1448,
			"omit":	0,
			"duration":	10,
			"bytes":	0,
			"blocks":	0,
			"reverse":	0,
			"tos":	0
		}
	},
	"intervals":	[{
			"streams":	[{
					"socket":	5,
					"start":	0,
					"end":	1.000028,
					"seconds":	1.0000280141830444,
					"bytes":	34563760,
					"bits_per_second":	276502334.01300275,
					"packets":	23870,
					"omitted":	false,
					"sender":	true
				}],
			"sum":	{
				"start":	0,
				"end":	1.000028,
				"seconds":	1.0000280141830444,
				"bytes":	34563760,
				"bits_per_second":	276502334.01300275,
				"packets":	23870,
				"omitted":	false,
				"sender":	true
			}
		}, {
			"streams":	[{
					"socket":	5,
					"start":	1.000028,
					"end":	2.000035,
					"seconds":	1.0000070333480835,
					"bytes":	30394968,
					"bits_per_second":	243158033.7849091,
					"packets":	20991,
					"omitted":	false,
					"sender":	true
				}],
			"sum":	{
				"start":	1.000028,
				"end":	2.000035,
				"seconds":	1.0000070333480835,
				"bytes":	30394968,
				"bits_per_second":	243158033.7849091,
				"packets":	20991,
				"omitted":	false,
				"sender":	true
			}
		}, {
			"streams":	[{
					"socket":	5,
					"start":	2.000035,
					"end":	3.000013,
					"seconds":	0.99997800588607788,
					"bytes":	17711936,
					"bits_per_second":	141698604.53525075,
					"packets":	12232,
					"omitted":	false,
					"sender":	true
				}],
			"sum":	{
				"start":	2.000035,
				"end":	3.000013,
				"seconds":	0.99997800588607788,
				"bytes":	17711936,
				"bits_per_second":	141698604.53525075,
				"packets":	12232,
				"omitted":	false,
				"sender":	true
			}
		}, {
			"streams":	[{
					"socket":	5,
					"start":	3.000013,
					"end":	4.007968,
					"seconds":	1.0079549551010132,
					"bytes":	44316040,
					"bits_per_second":	351730321.08807939,
					"packets":	30605,
					"omitted":	false,
					"sender":	true
				}],
			"sum":	{
				"start":	3.000013,
				"end":	4.007968,
				"seconds":	1.0079549551010132,
				"bytes":	44316040,
				"bits_per_second":	351730321.08807939,
				"packets":	30605,
				"omitted":	false,
				"sender":	true
			}
		}, {
			"streams":	[{
					"socket":	5,
					"start":	4.007968,
					"end":	5.000007,
					"seconds":	0.9920390248298645,
					"bytes":	44708448,
					"bits_per_second":	360537816.60589439,
					"packets":	30876,
					"omitted":	false,
					"sender":	true
				}],
			"sum":	{
				"start":	4.007968,
				"end":	5.000007,
				"seconds":	0.9920390248298645,
				"bytes":	44708448,
				"bits_per_second":	360537816.60589439,
				"packets":	30876,
				"omitted":	false,
				"sender":	true
			}
		}, {
			"streams":	[{
					"socket":	5,
					"start":	5.000007,
					"end":	6.000204,
					"seconds":	1.0001970529556274,
					"bytes":	17258712,
					"bits_per_second":	138042494.31849235,
					"packets":	11919,
					"omitted":	false,
					"sender":	true
				}],
			"sum":	{
				"start":	5.000007,
				"end":	6.000204,
				"seconds":	1.0001970529556274,
				"bytes":	17258712,
				"bits_per_second":	138042494.31849235,
				"packets":	11919,
				"omitted":	false,
				"sender":	true
			}
		}, {
			"streams":	[{
					"socket":	5,
					"start":	6.000204,
					"end":	7.00006,
					"seconds":	0.99985599517822266,
					"bytes":	18450416,
					"bits_per_second":	147624586.65229082,
					"packets":	12742,
					"omitted":	false,
					"sender":	true
				}],
			"sum":	{
				"start":	6.000204,
				"end":	7.00006,
				"seconds":	0.99985599517822266,
				"bytes":	18450416,
				"bits_per_second":	147624586.65229082,
				"packets":	12742,
				"omitted":	false,
				"sender":	true
			}
		}, {
			"streams":	[{
					"socket":	5,
					"start":	7.00006,
					"end":	8.000027,
					"seconds":	0.99996697902679443,
					"bytes":	17239888,
					"bits_per_second":	137923658.37342757,
					"packets":	11906,
					"omitted":	false,
					"sender":	true
				}],
			"sum":	{
				"start":	7.00006,
				"end":	8.000027,
				"seconds":	0.99996697902679443,
				"bytes":	17239888,
				"bits_per_second":	137923658.37342757,
				"packets":	11906,
				"omitted":	false,
				"sender":	true
			}
		}, {
			"streams":	[{
					"socket":	5,
					"start":	8.000027,
					"end":	9.000012,
					"seconds":	0.9999849796295166,
					"bytes":	19794160,
					"bits_per_second":	158355658.56065974,
					"packets":	13670,
					"omitted":	false,
					"sender":	true
				}],
			"sum":	{
				"start":	8.000027,
				"end":	9.000012,
				"seconds":	0.9999849796295166,
				"bytes":	19794160,
				"bits_per_second":	158355658.56065974,
				"packets":	13670,
				"omitted":	false,
				"sender":	true
			}
		}, {
			"streams":	[{
					"socket":	5,
					"start":	9.000012,
					"end":	10.000055,
					"seconds":	1.0000430345535278,
					"bytes":	20238696,
					"bits_per_second":	161902600.59386843,
					"packets":	13977,
					"omitted":	false,
					"sender":	true
				}],
			"sum":	{
				"start":	9.000012,
				"end":	10.000055,
				"seconds":	1.0000430345535278,
				"bytes":	20238696,
				"bits_per_second":	161902600.59386843,
				"packets":	13977,
				"omitted":	false,
				"sender":	true
			}
		}],
	"end":	{
		"streams":	[{
				"udp":	{
					"socket":	5,
					"start":	0,
					"end":	10.000055,
					"seconds":	10.000055,
					"bytes":	264677024,
					"bits_per_second":	211740454.62749955,
					"jitter_ms":	0.017248360592064284,
					"lost_packets":	7557,
					"packets":	182788,
					"lost_percent":	4.134297656301289,
					"out_of_order":	0,
					"sender":	true
				}
			}],
		"sum":	{
			"start":	0,
			"end":	10.243912,
			"seconds":	10.243912,
			"bytes":	264677024,
			"bits_per_second":	211740454.62749955,
			"jitter_ms":	0.017248360592064284,
			"lost_packets":	7557,
			"packets":	182788,
			"lost_percent":	4.134297656301289,
			"sender":	true
		},
		"cpu_utilization_percent":	{
			"host_total":	23.247435197934362,
			"host_user":	3.0650306069856166,
			"host_system":	20.182414028955993,
			"remote_total":	11.766863171775178,
			"remote_user":	2.0101466966007804,
			"remote_system":	9.75672567585683
		}
	}
}
