{
	"start":	{
		"connected":	[{
				"socket":	5,
				"local_host":	"10.0.4.13",
				"local_port":	46269,
				"remote_host":	"10.0.6.10",
				"remote_port":	5203
			}],
		"version":	"iperf 3.7",
		"system_info":	"Linux ubuntu 5.11.0-40-generic #44~20.04.2-Ubuntu SMP Tue Oct 26 18:07:44 UTC 2021 x86_64",
		"timestamp":	{
			"time":	"Sat, 20 Nov 2021 13:39:41 GMT",
			"timesecs":	1637415581
		},
		"connecting_to":	{
			"host":	"10.0.6.10",
			"port":	5203
		},
		"cookie":	"4fb4dlh5lfp7b4bkrhdsarbc5k4v465dnxby",
		"sock_bufsize":	0,
		"sndbuf_actual":	212992,
		"rcvbuf_actual":	212992,
		"test_start":	{
			"protocol":	"UDP",
			"num_streams":	1,
			"blksize":	1448,
			"omit":	0,
			"duration":	10,
			"bytes":	0,
			"blocks":	0,
			"reverse":	0,
			"tos":	0
		}
	},
	"intervals":	[{
			"streams":	[{
					"socket":	5,
					"start":	0,
					"end":	1.000009,
					"seconds":	1.0000089406967163,
					"bytes":	34917072,
					"bits_per_second":	279334078.55872107,
					"packets":	24114,
					"omitted":	false,
					"sender":	true
				}],
			"sum":	{
				"start":	0,
				"end":	1.000009,
				"seconds":	1.0000089406967163,
				"bytes":	34917072,
				"bits_per_second":	279334078.55872107,
				"packets":	24114,
				"omitted":	false,
				"sender":	true
			}
		}, {
			"streams":	[{
					"socket":	5,
					"start":	1.000009,
					"end":	2.000021,
					"seconds":	1.0000120401382446,
					"bytes":	49023488,
					"bits_per_second":	392183182.06027079,
					"packets":	33856,
					"omitted":	false,
					"sender":	true
				}],
			"sum":	{
				"start":	1.000009,
				"end":	2.000021,
				"seconds":	1.0000120401382446,
				"bytes":	49023488,
				"bits_per_second":	392183182.06027079,
				"packets":	33856,
				"omitted":	false,
				"sender":	true
			}
		}, {
			"streams":	[{
					"socket":	5,
					"start":	2.000021,
					"end":	3.000016,
					"seconds":	0.99999499320983887,
					"bytes":	62489888,
					"bits_per_second":	499921607.00258327,
					"packets":	43156,
					"omitted":	false,
					"sender":	true
				}],
			"sum":	{
				"start":	2.000021,
				"end":	3.000016,
				"seconds":	0.99999499320983887,
				"bytes":	62489888,
				"bits_per_second":	499921607.00258327,
				"packets":	43156,
				"omitted":	false,
				"sender":	true
			}
		}, {
			"streams":	[{
					"socket":	5,
					"start":	3.000016,
					"end":	4.000011,
					"seconds":	0.99999499320983887,
					"bytes":	58429696,
					"bits_per_second":	467439908.37353414,
					"packets":	40352,
					"omitted":	false,
					"sender":	true
				}],
			"sum":	{
				"start":	3.000016,
				"end":	4.000011,
				"seconds":	0.99999499320983887,
				"bytes":	58429696,
				"bits_per_second":	467439908.37353414,
				"packets":	40352,
				"omitted":	false,
				"sender":	true
			}
		}, {
			"streams":	[{
					"socket":	5,
					"start":	4.000011,
					"end":	5.00013,
					"seconds":	1.0001189708709717,
					"bytes":	64010288,
					"bits_per_second":	512021388.36946958,
					"packets":	44206,
					"omitted":	false,
					"sender":	true
				}],
			"sum":	{
				"start":	4.000011,
				"end":	5.00013,
				"seconds":	1.0001189708709717,
				"bytes":	64010288,
				"bits_per_second":	512021388.36946958,
				"packets":	44206,
				"omitted":	false,
				"sender":	true
			}
		}, {
			"streams":	[{
					"socket":	5,
					"start":	5.00013,
					"end":	6.000125,
					"seconds":	0.99999499320983887,
					"bytes":	72265336,
					"bits_per_second":	578125582.5534786,
					"packets":	49907,
					"omitted":	false,
					"sender":	true
				}],
			"sum":	{
				"start":	5.00013,
				"end":	6.000125,
				"seconds":	0.99999499320983887,
				"bytes":	72265336,
				"bits_per_second":	578125582.5534786,
				"packets":	49907,
				"omitted":	false,
				"sender":	true
			}
		}, {
			"streams":	[{
					"socket":	5,
					"start":	6.000125,
					"end":	7.003074,
					"seconds":	1.0029489994049072,
					"bytes":	78478704,
					"bits_per_second":	625983606.71631193,
					"packets":	54198,
					"omitted":	false,
					"sender":	true
				}],
			"sum":	{
				"start":	6.000125,
				"end":	7.003074,
				"seconds":	1.0029489994049072,
				"bytes":	78478704,
				"bits_per_second":	625983606.71631193,
				"packets":	54198,
				"omitted":	false,
				"sender":	true
			}
		}, {
			"streams":	[{
					"socket":	5,
					"start":	7.003074,
					"end":	8.000008,
					"seconds":	0.99693399667739868,
					"bytes":	59659048,
					"bits_per_second":	478740203.053224,
					"packets":	41201,
					"omitted":	false,
					"sender":	true
				}],
			"sum":	{
				"start":	7.003074,
				"end":	8.000008,
				"seconds":	0.99693399667739868,
				"bytes":	59659048,
				"bits_per_second":	478740203.053224,
				"packets":	41201,
				"omitted":	false,
				"sender":	true
			}
		}, {
			"streams":	[{
					"socket":	5,
					"start":	8.000008,
					"end":	9.000006,
					"seconds":	0.99999797344207764,
					"bytes":	61871592,
					"bits_per_second":	494973739.09295231,
					"packets":	42729,
					"omitted":	false,
					"sender":	true
				}],
			"sum":	{
				"start":	8.000008,
				"end":	9.000006,
				"seconds":	0.99999797344207764,
				"bytes":	61871592,
				"bits_per_second":	494973739.09295231,
				"packets":	42729,
				"omitted":	false,
				"sender":	true
			}
		}, {
			"streams":	[{
					"socket":	5,
					"start":	9.000006,
					"end":	10.002812,
					"seconds":	1.0028059482574463,
					"bytes":	61044784,
					"bits_per_second":	486991798.21241522,
					"packets":	42158,
					"omitted":	false,
					"sender":	true
				}],
			"sum":	{
				"start":	9.000006,
				"end":	10.002812,
				"seconds":	1.0028059482574463,
				"bytes":	61044784,
				"bits_per_second":	486991798.21241522,
				"packets":	42158,
				"omitted":	false,
				"sender":	true
			}
		}],
	"end":	{
		"streams":	[{
				"udp":	{
					"socket":	5,
					"start":	0,
					"end":	10.002812,
					"seconds":	10.002812,
					"bytes":	602189896,
					"bits_per_second":	481616486.24406815,
					"jitter_ms":	0.0034087402554164965,
					"lost_packets":	5090,
					"packets":	415877,
					"lost_percent":	1.2239195723735623,
					"out_of_order":	0,
					"sender":	true
				}
			}],
		"sum":	{
			"start":	0,
			"end":	10.298146,
			"seconds":	10.298146,
			"bytes":	602189896,
			"bits_per_second":	481616486.24406815,
			"jitter_ms":	0.0034087402554164965,
			"lost_packets":	5090,
			"packets":	415877,
			"lost_percent":	1.2239195723735623,
			"sender":	true
		},
		"cpu_utilization_percent":	{
			"host_total":	26.216474238912557,
			"host_user":	2.6088957281725276,
			"host_system":	23.60757851074003,
			"remote_total":	14.220823983720788,
			"remote_user":	2.9340665522692411,
			"remote_system":	11.286757431451546
		}
	}
}
