{
	"start":	{
		"connected":	[{
				"socket":	5,
				"local_host":	"10.0.5.10",
				"local_port":	44635,
				"remote_host":	"10.0.6.10",
				"remote_port":	5204
			}],
		"version":	"iperf 3.7",
		"system_info":	"Linux ubuntu 5.11.0-40-generic #44~20.04.2-Ubuntu SMP Tue Oct 26 18:07:44 UTC 2021 x86_64",
		"timestamp":	{
			"time":	"Sat, 20 Nov 2021 13:39:41 GMT",
			"timesecs":	1637415581
		},
		"connecting_to":	{
			"host":	"10.0.6.10",
			"port":	5204
		},
		"cookie":	"omwukv4rf54ta6c3hylcnwteynbfnvo7hyvx",
		"sock_bufsize":	0,
		"sndbuf_actual":	212992,
		"rcvbuf_actual":	212992,
		"test_start":	{
			"protocol":	"UDP",
			"num_streams":	1,
			"blksize":	1448,
			"omit":	0,
			"duration":	10,
			"bytes":	0,
			"blocks":	0,
			"reverse":	0,
			"tos":	0
		}
	},
	"intervals":	[{
			"streams":	[{
					"socket":	5,
					"start":	0,
					"end":	1.000012,
					"seconds":	1.0000120401382446,
					"bytes":	42104944,
					"bits_per_second":	336835496.454057,
					"packets":	29078,
					"omitted":	false,
					"sender":	true
				}],
			"sum":	{
				"start":	0,
				"end":	1.000012,
				"seconds":	1.0000120401382446,
				"bytes":	42104944,
				"bits_per_second":	336835496.454057,
				"packets":	29078,
				"omitted":	false,
				"sender":	true
			}
		}, {
			"streams":	[{
					"socket":	5,
					"start":	1.000012,
					"end":	2.000031,
					"seconds":	1.0000189542770386,
					"bytes":	59189896,
					"bits_per_second":	473510192.95662212,
					"packets":	40877,
					"omitted":	false,
					"sender":	true
				}],
			"sum":	{
				"start":	1.000012,
				"end":	2.000031,
				"seconds":	1.0000189542770386,
				"bytes":	59189896,
				"bits_per_second":	473510192.95662212,
				"packets":	40877,
				"omitted":	false,
				"sender":	true
			}
		}, {
			"streams":	[{
					"socket":	5,
					"start":	2.000031,
					"end":	3.000011,
					"seconds":	0.99997997283935547,
					"bytes":	62670888,
					"bits_per_second":	501377145.16062963,
					"packets":	43281,
					"omitted":	false,
					"sender":	true
				}],
			"sum":	{
				"start":	2.000031,
				"end":	3.000011,
				"seconds":	0.99997997283935547,
				"bytes":	62670888,
				"bits_per_second":	501377145.16062963,
				"packets":	43281,
				"omitted":	false,
				"sender":	true
			}
		}, {
			"streams":	[{
					"socket":	5,
					"start":	3.000011,
					"end":	4.006786,
					"seconds":	1.0067750215530396,
					"bytes":	63368824,
					"bits_per_second":	503539103.71950215,
					"packets":	43763,
					"omitted":	false,
					"sender":	true
				}],
			"sum":	{
				"start":	3.000011,
				"end":	4.006786,
				"seconds":	1.0067750215530396,
				"bytes":	63368824,
				"bits_per_second":	503539103.71950215,
				"packets":	43763,
				"omitted":	false,
				"sender":	true
			}
		}, {
			"streams":	[{
					"socket":	5,
					"start":	4.006786,
					"end":	5.000052,
					"seconds":	0.99326598644256592,
					"bytes":	60035528,
					"bits_per_second":	483540391.55228,
					"packets":	41461,
					"omitted":	false,
					"sender":	true
				}],
			"sum":	{
				"start":	4.006786,
				"end":	5.000052,
				"seconds":	0.99326598644256592,
				"bytes":	60035528,
				"bits_per_second":	483540391.55228,
				"packets":	41461,
				"omitted":	false,
				"sender":	true
			}
		}, {
			"streams":	[{
					"socket":	5,
					"start":	5.000052,
					"end":	6.000022,
					"seconds":	0.999970018863678,
					"bytes":	43143160,
					"bits_per_second":	345155628.15794009,
					"packets":	29795,
					"omitted":	false,
					"sender":	true
				}],
			"sum":	{
				"start":	5.000052,
				"end":	6.000022,
				"seconds":	0.999970018863678,
				"bytes":	43143160,
				"bits_per_second":	345155628.15794009,
				"packets":	29795,
				"omitted":	false,
				"sender":	true
			}
		}, {
			"streams":	[{
					"socket":	5,
					"start":	6.000022,
					"end":	7.000306,
					"seconds":	1.00028395652771,
					"bytes":	44692520,
					"bits_per_second":	357438662.95839703,
					"packets":	30865,
					"omitted":	false,
					"sender":	true
				}],
			"sum":	{
				"start":	6.000022,
				"end":	7.000306,
				"seconds":	1.00028395652771,
				"bytes":	44692520,
				"bits_per_second":	357438662.95839703,
				"packets":	30865,
				"omitted":	false,
				"sender":	true
			}
		}, {
			"streams":	[{
					"socket":	5,
					"start":	7.000306,
					"end":	8.000039,
					"seconds":	0.99973297119140625,
					"bytes":	47112128,
					"bits_per_second":	376997693.24486977,
					"packets":	32536,
					"omitted":	false,
					"sender":	true
				}],
			"sum":	{
				"start":	7.000306,
				"end":	8.000039,
				"seconds":	0.99973297119140625,
				"bytes":	47112128,
				"bits_per_second":	376997693.24486977,
				"packets":	32536,
				"omitted":	false,
				"sender":	true
			}
		}, {
			"streams":	[{
					"socket":	5,
					"start":	8.000039,
					"end":	9.000014,
					"seconds":	0.99997502565383911,
					"bytes":	60469928,
					"bits_per_second":	483771505.87705052,
					"packets":	41761,
					"omitted":	false,
					"sender":	true
				}],
			"sum":	{
				"start":	8.000039,
				"end":	9.000014,
				"seconds":	0.99997502565383911,
				"bytes":	60469928,
				"bits_per_second":	483771505.87705052,
				"packets":	41761,
				"omitted":	false,
				"sender":	true
			}
		}, {
			"streams":	[{
					"socket":	5,
					"start":	9.000014,
					"end":	10.000021,
					"seconds":	1.0000070333480835,
					"bytes":	62906912,
					"bits_per_second":	503251756.4552232,
					"packets":	43444,
					"omitted":	false,
					"sender":	true
				}],
			"sum":	{
				"start":	9.000014,
				"end":	10.000021,
				"seconds":	1.0000070333480835,
				"bytes":	62906912,
				"bits_per_second":	503251756.4552232,
				"packets":	43444,
				"omitted":	false,
				"sender":	true
			}
		}],
	"end":	{
		"streams":	[{
				"udp":	{
					"socket":	5,
					"start":	0,
					"end":	10.000021,
					"seconds":	10.000021,
					"bytes":	545694728,
					"bits_per_second":	436554865.63478214,
					"jitter_ms":	0.0006882164852515713,
					"lost_packets":	15204,
					"packets":	376861,
					"lost_percent":	4.0343787231897172,
					"out_of_order":	0,
					"sender":	true
				}
			}],
		"sum":	{
			"start":	0,
			"end":	10.24239,
			"seconds":	10.24239,
			"bytes":	545694728,
			"bits_per_second":	436554865.63478214,
			"jitter_ms":	0.0006882164852515713,
			"lost_packets":	15204,
			"packets":	376861,
			"lost_percent":	4.0343787231897172,
			"sender":	true
		},
		"cpu_utilization_percent":	{
			"host_total":	26.011694338135339,
			"host_user":	2.1228399119737889,
			"host_system":	23.888854426161547,
			"remote_total":	11.903758570656006,
			"remote_user":	2.2220930573718078,
			"remote_system":	9.6816562578410945
		}
	}
}
