{
	"start":	{
		"connected":	[{
				"socket":	5,
				"local_host":	"10.0.1.10",
				"local_port":	49706,
				"remote_host":	"10.0.6.10",
				"remote_port":	5200
			}],
		"version":	"iperf 3.7",
		"system_info":	"Linux ubunu2004 5.11.0-40-generic #44~20.04.2-Ubuntu SMP Tue Oct 26 18:07:44 UTC 2021 x86_64",
		"timestamp":	{
			"time":	"Wed, 17 Nov 2021 21:22:07 GMT",
			"timesecs":	1637184127
		},
		"connecting_to":	{
			"host":	"10.0.6.10",
			"port":	5200
		},
		"cookie":	"a2zdqsmpgrokb73fzzdhda6daeqmeb5yrr6q",
		"sock_bufsize":	0,
		"sndbuf_actual":	212992,
		"rcvbuf_actual":	212992,
		"test_start":	{
			"protocol":	"UDP",
			"num_streams":	1,
			"blksize":	1448,
			"omit":	0,
			"duration":	10,
			"bytes":	0,
			"blocks":	0,
			"reverse":	0,
			"tos":	0
		}
	},
	"intervals":	[{
			"streams":	[{
					"socket":	5,
					"start":	0,
					"end":	1.000017,
					"seconds":	1.0000170469284058,
					"bytes":	31469384,
					"bits_per_second":	251750780.42247003,
					"packets":	21733,
					"omitted":	false,
					"sender":	true
				}],
			"sum":	{
				"start":	0,
				"end":	1.000017,
				"seconds":	1.0000170469284058,
				"bytes":	31469384,
				"bits_per_second":	251750780.42247003,
				"packets":	21733,
				"omitted":	false,
				"sender":	true
			}
		}, {
			"streams":	[{
					"socket":	5,
					"start":	1.000017,
					"end":	2.000045,
					"seconds":	1.0000280141830444,
					"bytes":	31240600,
					"bits_per_second":	249917798.75703955,
					"packets":	21575,
					"omitted":	false,
					"sender":	true
				}],
			"sum":	{
				"start":	1.000017,
				"end":	2.000045,
				"seconds":	1.0000280141830444,
				"bytes":	31240600,
				"bits_per_second":	249917798.75703955,
				"packets":	21575,
				"omitted":	false,
				"sender":	true
			}
		}, {
			"streams":	[{
					"socket":	5,
					"start":	2.000045,
					"end":	3.000061,
					"seconds":	1.0000159740447998,
					"bytes":	19427816,
					"bits_per_second":	155420045.31323338,
					"packets":	13417,
					"omitted":	false,
					"sender":	true
				}],
			"sum":	{
				"start":	2.000045,
				"end":	3.000061,
				"seconds":	1.0000159740447998,
				"bytes":	19427816,
				"bits_per_second":	155420045.31323338,
				"packets":	13417,
				"omitted":	false,
				"sender":	true
			}
		}, {
			"streams":	[{
					"socket":	5,
					"start":	3.000061,
					"end":	4.000003,
					"seconds":	0.99994200468063354,
					"bytes":	23612536,
					"bits_per_second":	188911243.96792585,
					"packets":	16307,
					"omitted":	false,
					"sender":	true
				}],
			"sum":	{
				"start":	3.000061,
				"end":	4.000003,
				"seconds":	0.99994200468063354,
				"bytes":	23612536,
				"bits_per_second":	188911243.96792585,
				"packets":	16307,
				"omitted":	false,
				"sender":	true
			}
		}, {
			"streams":	[{
					"socket":	5,
					"start":	4.000003,
					"end":	5.002009,
					"seconds":	1.0020060539245605,
					"bytes":	40312320,
					"bits_per_second":	321852905.7153585,
					"packets":	27840,
					"omitted":	false,
					"sender":	true
				}],
			"sum":	{
				"start":	4.000003,
				"end":	5.002009,
				"seconds":	1.0020060539245605,
				"bytes":	40312320,
				"bits_per_second":	321852905.7153585,
				"packets":	27840,
				"omitted":	false,
				"sender":	true
			}
		}, {
			"streams":	[{
					"socket":	5,
					"start":	5.002009,
					"end":	6.000024,
					"seconds":	0.99801498651504517,
					"bytes":	30295056,
					"bits_per_second":	242842493.62456483,
					"packets":	20922,
					"omitted":	false,
					"sender":	true
				}],
			"sum":	{
				"start":	5.002009,
				"end":	6.000024,
				"seconds":	0.99801498651504517,
				"bytes":	30295056,
				"bits_per_second":	242842493.62456483,
				"packets":	20922,
				"omitted":	false,
				"sender":	true
			}
		}, {
			"streams":	[{
					"socket":	5,
					"start":	6.000024,
					"end":	7.000006,
					"seconds":	0.99998199939727783,
					"bytes":	21631672,
					"bits_per_second":	173056491.12114516,
					"packets":	14939,
					"omitted":	false,
					"sender":	true
				}],
			"sum":	{
				"start":	6.000024,
				"end":	7.000006,
				"seconds":	0.99998199939727783,
				"bytes":	21631672,
				"bits_per_second":	173056491.12114516,
				"packets":	14939,
				"omitted":	false,
				"sender":	true
			}
		}, {
			"streams":	[{
					"socket":	5,
					"start":	7.000006,
					"end":	8.000034,
					"seconds":	1.0000280141830444,
					"bytes":	20177880,
					"bits_per_second":	161418517.9920902,
					"packets":	13935,
					"omitted":	false,
					"sender":	true
				}],
			"sum":	{
				"start":	7.000006,
				"end":	8.000034,
				"seconds":	1.0000280141830444,
				"bytes":	20177880,
				"bits_per_second":	161418517.9920902,
				"packets":	13935,
				"omitted":	false,
				"sender":	true
			}
		}, {
			"streams":	[{
					"socket":	5,
					"start":	8.000034,
					"end":	9.000091,
					"seconds":	1.0000569820404053,
					"bytes":	22772696,
					"bits_per_second":	182171187.51403239,
					"packets":	15727,
					"omitted":	false,
					"sender":	true
				}],
			"sum":	{
				"start":	8.000034,
				"end":	9.000091,
				"seconds":	1.0000569820404053,
				"bytes":	22772696,
				"bits_per_second":	182171187.51403239,
				"packets":	15727,
				"omitted":	false,
				"sender":	true
			}
		}, {
			"streams":	[{
					"socket":	5,
					"start":	9.000091,
					"end":	10.000017,
					"seconds":	0.999925971031189,
					"bytes":	24353912,
					"bits_per_second":	194845720.22774571,
					"packets":	16819,
					"omitted":	false,
					"sender":	true
				}],
			"sum":	{
				"start":	9.000091,
				"end":	10.000017,
				"seconds":	0.999925971031189,
				"bytes":	24353912,
				"bits_per_second":	194845720.22774571,
				"packets":	16819,
				"omitted":	false,
				"sender":	true
			}
		}],
	"end":	{
		"streams":	[{
				"udp":	{
					"socket":	5,
					"start":	0,
					"end":	10.000017,
					"seconds":	10.000017,
					"bytes":	265293872,
					"bits_per_second":	212234736.80094746,
					"jitter_ms":	0.015084859493427114,
					"lost_packets":	4005,
					"packets":	183214,
					"lost_percent":	2.1859683211981618,
					"out_of_order":	0,
					"sender":	true
				}
			}],
		"sum":	{
			"start":	0,
			"end":	10.110362,
			"seconds":	10.110362,
			"bytes":	265293872,
			"bits_per_second":	212234736.80094746,
			"jitter_ms":	0.015084859493427114,
			"lost_packets":	4005,
			"packets":	183214,
			"lost_percent":	2.1859683211981618,
			"sender":	true
		},
		"cpu_utilization_percent":	{
			"host_total":	24.762580635787206,
			"host_user":	3.0296324449615706,
			"host_system":	21.732938631725734,
			"remote_total":	13.352774497833062,
			"remote_user":	3.2323692128126478,
			"remote_system":	10.120395968466072
		}
	}
}
