{
	"start":	{
		"connected":	[{
				"socket":	5,
				"local_host":	"10.0.5.10",
				"local_port":	34554,
				"remote_host":	"10.0.6.10",
				"remote_port":	5204
			}],
		"version":	"iperf 3.7",
		"system_info":	"Linux ubunu2004 5.11.0-40-generic #44~20.04.2-Ubuntu SMP Tue Oct 26 18:07:44 UTC 2021 x86_64",
		"timestamp":	{
			"time":	"Wed, 17 Nov 2021 21:22:07 GMT",
			"timesecs":	1637184127
		},
		"connecting_to":	{
			"host":	"10.0.6.10",
			"port":	5204
		},
		"cookie":	"c64noojobiffzqdgg2nrapjvpzrdhqzf5wtt",
		"sock_bufsize":	0,
		"sndbuf_actual":	212992,
		"rcvbuf_actual":	212992,
		"test_start":	{
			"protocol":	"UDP",
			"num_streams":	1,
			"blksize":	1448,
			"omit":	0,
			"duration":	10,
			"bytes":	0,
			"blocks":	0,
			"reverse":	0,
			"tos":	0
		}
	},
	"intervals":	[{
			"streams":	[{
					"socket":	5,
					"start":	0,
					"end":	1.000007,
					"seconds":	1.0000070333480835,
					"bytes":	31867584,
					"bits_per_second":	254938878.92612448,
					"packets":	22008,
					"omitted":	false,
					"sender":	true
				}],
			"sum":	{
				"start":	0,
				"end":	1.000007,
				"seconds":	1.0000070333480835,
				"bytes":	31867584,
				"bits_per_second":	254938878.92612448,
				"packets":	22008,
				"omitted":	false,
				"sender":	true
			}
		}, {
			"streams":	[{
					"socket":	5,
					"start":	1.000007,
					"end":	2.002006,
					"seconds":	1.0019990205764771,
					"bytes":	29074392,
					"bits_per_second":	232131101.15235618,
					"packets":	20079,
					"omitted":	false,
					"sender":	true
				}],
			"sum":	{
				"start":	1.000007,
				"end":	2.002006,
				"seconds":	1.0019990205764771,
				"bytes":	29074392,
				"bits_per_second":	232131101.15235618,
				"packets":	20079,
				"omitted":	false,
				"sender":	true
			}
		}, {
			"streams":	[{
					"socket":	5,
					"start":	2.002006,
					"end":	3.00002,
					"seconds":	0.998013973236084,
					"bytes":	21133560,
					"bits_per_second":	169404922.71044207,
					"packets":	14595,
					"omitted":	false,
					"sender":	true
				}],
			"sum":	{
				"start":	2.002006,
				"end":	3.00002,
				"seconds":	0.998013973236084,
				"bytes":	21133560,
				"bits_per_second":	169404922.71044207,
				"packets":	14595,
				"omitted":	false,
				"sender":	true
			}
		}, {
			"streams":	[{
					"socket":	5,
					"start":	3.00002,
					"end":	4.002143,
					"seconds":	1.0021229982376099,
					"bytes":	16970560,
					"bits_per_second":	135476862.8589136,
					"packets":	11720,
					"omitted":	false,
					"sender":	true
				}],
			"sum":	{
				"start":	3.00002,
				"end":	4.002143,
				"seconds":	1.0021229982376099,
				"bytes":	16970560,
				"bits_per_second":	135476862.8589136,
				"packets":	11720,
				"omitted":	false,
				"sender":	true
			}
		}, {
			"streams":	[{
					"socket":	5,
					"start":	4.002143,
					"end":	5.018017,
					"seconds":	1.0158740282058716,
					"bytes":	19711624,
					"bits_per_second":	155228884.31206432,
					"packets":	13613,
					"omitted":	false,
					"sender":	true
				}],
			"sum":	{
				"start":	4.002143,
				"end":	5.018017,
				"seconds":	1.0158740282058716,
				"bytes":	19711624,
				"bits_per_second":	155228884.31206432,
				"packets":	13613,
				"omitted":	false,
				"sender":	true
			}
		}, {
			"streams":	[{
					"socket":	5,
					"start":	5.018017,
					"end":	6.006388,
					"seconds":	0.98837101459503174,
					"bytes":	37284552,
					"bits_per_second":	301785879.58916795,
					"packets":	25749,
					"omitted":	false,
					"sender":	true
				}],
			"sum":	{
				"start":	5.018017,
				"end":	6.006388,
				"seconds":	0.98837101459503174,
				"bytes":	37284552,
				"bits_per_second":	301785879.58916795,
				"packets":	25749,
				"omitted":	false,
				"sender":	true
			}
		}, {
			"streams":	[{
					"socket":	5,
					"start":	6.006388,
					"end":	7.000044,
					"seconds":	0.9936559796333313,
					"bytes":	18518472,
					"bits_per_second":	149093629.01903731,
					"packets":	12789,
					"omitted":	false,
					"sender":	true
				}],
			"sum":	{
				"start":	6.006388,
				"end":	7.000044,
				"seconds":	0.9936559796333313,
				"bytes":	18518472,
				"bits_per_second":	149093629.01903731,
				"packets":	12789,
				"omitted":	false,
				"sender":	true
			}
		}, {
			"streams":	[{
					"socket":	5,
					"start":	7.000044,
					"end":	8.000063,
					"seconds":	1.0000189542770386,
					"bytes":	16879336,
					"bits_per_second":	135032128.56362611,
					"packets":	11657,
					"omitted":	false,
					"sender":	true
				}],
			"sum":	{
				"start":	7.000044,
				"end":	8.000063,
				"seconds":	1.0000189542770386,
				"bytes":	16879336,
				"bits_per_second":	135032128.56362611,
				"packets":	11657,
				"omitted":	false,
				"sender":	true
			}
		}, {
			"streams":	[{
					"socket":	5,
					"start":	8.000063,
					"end":	9.000017,
					"seconds":	0.9999539852142334,
					"bytes":	19342384,
					"bits_per_second":	154746192.61290127,
					"packets":	13358,
					"omitted":	false,
					"sender":	true
				}],
			"sum":	{
				"start":	8.000063,
				"end":	9.000017,
				"seconds":	0.9999539852142334,
				"bytes":	19342384,
				"bits_per_second":	154746192.61290127,
				"packets":	13358,
				"omitted":	false,
				"sender":	true
			}
		}, {
			"streams":	[{
					"socket":	5,
					"start":	9.000017,
					"end":	10.000043,
					"seconds":	1.0000259876251221,
					"bytes":	20592008,
					"bits_per_second":	164731783.01217738,
					"packets":	14221,
					"omitted":	false,
					"sender":	true
				}],
			"sum":	{
				"start":	9.000017,
				"end":	10.000043,
				"seconds":	1.0000259876251221,
				"bytes":	20592008,
				"bits_per_second":	164731783.01217738,
				"packets":	14221,
				"omitted":	false,
				"sender":	true
			}
		}],
	"end":	{
		"streams":	[{
				"udp":	{
					"socket":	5,
					"start":	0,
					"end":	10.000043,
					"seconds":	10.000043,
					"bytes":	231374472,
					"bits_per_second":	185098781.67523879,
					"jitter_ms":	0.014137335047500659,
					"lost_packets":	5419,
					"packets":	159789,
					"lost_percent":	3.3913473393037066,
					"out_of_order":	0,
					"sender":	true
				}
			}],
		"sum":	{
			"start":	0,
			"end":	10.110566,
			"seconds":	10.110566,
			"bytes":	231374472,
			"bits_per_second":	185098781.67523879,
			"jitter_ms":	0.014137335047500659,
			"lost_packets":	5419,
			"packets":	159789,
			"lost_percent":	3.3913473393037066,
			"sender":	true
		},
		"cpu_utilization_percent":	{
			"host_total":	23.405301742712378,
			"host_user":	2.6779524725929158,
			"host_system":	20.727368388450845,
			"remote_total":	11.593191345712818,
			"remote_user":	2.5809946833819639,
			"remote_system":	9.0138081538864512
		}
	}
}
