{
	"start":	{
		"connected":	[{
				"socket":	5,
				"local_host":	"10.0.4.13",
				"local_port":	43370,
				"remote_host":	"10.0.6.10",
				"remote_port":	5203
			}],
		"version":	"iperf 3.7",
		"system_info":	"Linux ubuntu 5.11.0-40-generic #44~20.04.2-Ubuntu SMP Tue Oct 26 18:07:44 UTC 2021 x86_64",
		"timestamp":	{
			"time":	"Sat, 20 Nov 2021 06:10:10 GMT",
			"timesecs":	1637388610
		},
		"connecting_to":	{
			"host":	"10.0.6.10",
			"port":	5203
		},
		"cookie":	"rikaevvyxnodf7g3rbfo37i4vhsbcgij7ymb",
		"tcp_mss_default":	1448,
		"target_bitrate":	1000000000,
		"sock_bufsize":	0,
		"sndbuf_actual":	87380,
		"rcvbuf_actual":	87380,
		"test_start":	{
			"protocol":	"TCP",
			"num_streams":	1,
			"blksize":	131072,
			"omit":	0,
			"duration":	10,
			"bytes":	0,
			"blocks":	0,
			"reverse":	0,
			"tos":	0
		}
	},
	"intervals":	[{
			"streams":	[{
					"socket":	5,
					"start":	0,
					"end":	1.000749,
					"seconds":	1.0007489919662476,
					"bytes":	79640,
					"bits_per_second":	636643.15938825172,
					"retransmits":	0,
					"snd_cwnd":	17376,
					"rtt":	220523,
					"rttvar":	181321,
					"pmtu":	1500,
					"omitted":	false,
					"sender":	true
				}],
			"sum":	{
				"start":	0,
				"end":	1.000749,
				"seconds":	1.0007489919662476,
				"bytes":	79640,
				"bits_per_second":	636643.15938825172,
				"retransmits":	0,
				"omitted":	false,
				"sender":	true
			}
		}, {
			"streams":	[{
					"socket":	5,
					"start":	1.000749,
					"end":	2.000269,
					"seconds":	0.99952000379562378,
					"bytes":	130320,
					"bits_per_second":	1043060.665160211,
					"retransmits":	1,
					"snd_cwnd":	36200,
					"rtt":	292629,
					"rttvar":	226989,
					"pmtu":	1500,
					"omitted":	false,
					"sender":	true
				}],
			"sum":	{
				"start":	1.000749,
				"end":	2.000269,
				"seconds":	0.99952000379562378,
				"bytes":	130320,
				"bits_per_second":	1043060.665160211,
				"retransmits":	1,
				"omitted":	false,
				"sender":	true
			}
		}, {
			"streams":	[{
					"socket":	5,
					"start":	2.000269,
					"end":	3.000661,
					"seconds":	1.000391960144043,
					"bytes":	131072,
					"bits_per_second":	1048165.1610325009,
					"retransmits":	0,
					"snd_cwnd":	69504,
					"rtt":	387404,
					"rttvar":	359790,
					"pmtu":	1500,
					"omitted":	false,
					"sender":	true
				}],
			"sum":	{
				"start":	2.000269,
				"end":	3.000661,
				"seconds":	1.000391960144043,
				"bytes":	131072,
				"bits_per_second":	1048165.1610325009,
				"retransmits":	0,
				"omitted":	false,
				"sender":	true
			}
		}, {
			"streams":	[{
					"socket":	5,
					"start":	3.000661,
					"end":	4.000785,
					"seconds":	1.0001239776611328,
					"bytes":	655360,
					"bits_per_second":	5242230.08057549,
					"retransmits":	0,
					"snd_cwnd":	208512,
					"rtt":	533689,
					"rttvar":	110490,
					"pmtu":	1500,
					"omitted":	false,
					"sender":	true
				}],
			"sum":	{
				"start":	3.000661,
				"end":	4.000785,
				"seconds":	1.0001239776611328,
				"bytes":	655360,
				"bits_per_second":	5242230.08057549,
				"retransmits":	0,
				"omitted":	false,
				"sender":	true
			}
		}, {
			"streams":	[{
					"socket":	5,
					"start":	4.000785,
					"end":	5.000127,
					"seconds":	0.99934202432632446,
					"bytes":	1966080,
					"bits_per_second":	15738995.876414761,
					"retransmits":	0,
					"snd_cwnd":	629880,
					"rtt":	599273,
					"rttvar":	60769,
					"pmtu":	1500,
					"omitted":	false,
					"sender":	true
				}],
			"sum":	{
				"start":	4.000785,
				"end":	5.000127,
				"seconds":	0.99934202432632446,
				"bytes":	1966080,
				"bits_per_second":	15738995.876414761,
				"retransmits":	0,
				"omitted":	false,
				"sender":	true
			}
		}, {
			"streams":	[{
					"socket":	5,
					"start":	5.000127,
					"end":	6.000094,
					"seconds":	0.99996697902679443,
					"bytes":	5767168,
					"bits_per_second":	46138867.550309114,
					"retransmits":	0,
					"snd_cwnd":	1831720,
					"rtt":	638586,
					"rttvar":	86709,
					"pmtu":	1500,
					"omitted":	false,
					"sender":	true
				}],
			"sum":	{
				"start":	5.000127,
				"end":	6.000094,
				"seconds":	0.99996697902679443,
				"bytes":	5767168,
				"bits_per_second":	46138867.550309114,
				"retransmits":	0,
				"omitted":	false,
				"sender":	true
			}
		}, {
			"streams":	[{
					"socket":	5,
					"start":	6.000094,
					"end":	7.000049,
					"seconds":	0.99995499849319458,
					"bytes":	5898240,
					"bits_per_second":	47188043.53306219,
					"retransmits":	0,
					"snd_cwnd":	3976208,
					"rtt":	717663,
					"rttvar":	155230,
					"pmtu":	1500,
					"omitted":	false,
					"sender":	true
				}],
			"sum":	{
				"start":	6.000094,
				"end":	7.000049,
				"seconds":	0.99995499849319458,
				"bytes":	5898240,
				"bits_per_second":	47188043.53306219,
				"retransmits":	0,
				"omitted":	false,
				"sender":	true
			}
		}, {
			"streams":	[{
					"socket":	5,
					"start":	7.000049,
					"end":	8.000122,
					"seconds":	1.0000729560852051,
					"bytes":	4587520,
					"bits_per_second":	36697482.695325665,
					"retransmits":	0,
					"snd_cwnd":	8666280,
					"rtt":	767274,
					"rttvar":	102715,
					"pmtu":	1500,
					"omitted":	false,
					"sender":	true
				}],
			"sum":	{
				"start":	7.000049,
				"end":	8.000122,
				"seconds":	1.0000729560852051,
				"bytes":	4587520,
				"bits_per_second":	36697482.695325665,
				"retransmits":	0,
				"omitted":	false,
				"sender":	true
			}
		}, {
			"streams":	[{
					"socket":	5,
					"start":	8.000122,
					"end":	9.000483,
					"seconds":	1.0003609657287598,
					"bytes":	3801088,
					"bits_per_second":	30397731.460710641,
					"retransmits":	0,
					"snd_cwnd":	11295848,
					"rtt":	891922,
					"rttvar":	203272,
					"pmtu":	1500,
					"omitted":	false,
					"sender":	true
				}],
			"sum":	{
				"start":	8.000122,
				"end":	9.000483,
				"seconds":	1.0003609657287598,
				"bytes":	3801088,
				"bits_per_second":	30397731.460710641,
				"retransmits":	0,
				"omitted":	false,
				"sender":	true
			}
		}, {
			"streams":	[{
					"socket":	5,
					"start":	9.000483,
					"end":	10.000484,
					"seconds":	1.0000009536743164,
					"bytes":	6815744,
					"bits_per_second":	54525900.000049591,
					"retransmits":	0,
					"snd_cwnd":	11295848,
					"rtt":	1305993,
					"rttvar":	309960,
					"pmtu":	1500,
					"omitted":	false,
					"sender":	true
				}],
			"sum":	{
				"start":	9.000483,
				"end":	10.000484,
				"seconds":	1.0000009536743164,
				"bytes":	6815744,
				"bits_per_second":	54525900.000049591,
				"retransmits":	0,
				"omitted":	false,
				"sender":	true
			}
		}],
	"end":	{
		"streams":	[{
				"sender":	{
					"socket":	5,
					"start":	0,
					"end":	10.000484,
					"seconds":	10.000484,
					"bytes":	29832232,
					"bits_per_second":	23864630.551881287,
					"retransmits":	1,
					"max_snd_cwnd":	11295848,
					"max_rtt":	1305993,
					"min_rtt":	220523,
					"mean_rtt":	635495,
					"sender":	true
				},
				"receiver":	{
					"socket":	5,
					"start":	0,
					"end":	11.447654,
					"seconds":	10.000484,
					"bytes":	27860968,
					"bits_per_second":	19470167.774113368,
					"sender":	true
				}
			}],
		"sum_sent":	{
			"start":	0,
			"end":	10.000484,
			"seconds":	10.000484,
			"bytes":	29832232,
			"bits_per_second":	23864630.551881287,
			"retransmits":	1,
			"sender":	true
		},
		"sum_received":	{
			"start":	0,
			"end":	11.447654,
			"seconds":	11.447654,
			"bytes":	27860968,
			"bits_per_second":	19470167.774113368,
			"sender":	true
		},
		"cpu_utilization_percent":	{
			"host_total":	4.3960707361292286,
			"host_user":	0.720979965583264,
			"host_system":	3.675072451103806,
			"remote_total":	0.45225158071086891,
			"remote_user":	0,
			"remote_system":	0.45225979913353176
		},
		"sender_tcp_congestion":	"cubic",
		"receiver_tcp_congestion":	"cubic"
	}
}
