{
	"start":	{
		"connected":	[{
				"socket":	5,
				"local_host":	"10.0.5.10",
				"local_port":	45224,
				"remote_host":	"10.0.6.10",
				"remote_port":	5204
			}],
		"version":	"iperf 3.7",
		"system_info":	"Linux ubuntu 5.11.0-40-generic #44~20.04.2-Ubuntu SMP Tue Oct 26 18:07:44 UTC 2021 x86_64",
		"timestamp":	{
			"time":	"Sat, 20 Nov 2021 06:10:10 GMT",
			"timesecs":	1637388610
		},
		"connecting_to":	{
			"host":	"10.0.6.10",
			"port":	5204
		},
		"cookie":	"ieeuv3exyodg2aryazfdg36bffpadzwqk7bx",
		"tcp_mss_default":	1448,
		"target_bitrate":	1000000000,
		"sock_bufsize":	0,
		"sndbuf_actual":	87380,
		"rcvbuf_actual":	87380,
		"test_start":	{
			"protocol":	"TCP",
			"num_streams":	1,
			"blksize":	131072,
			"omit":	0,
			"duration":	10,
			"bytes":	0,
			"blocks":	0,
			"reverse":	0,
			"tos":	0
		}
	},
	"intervals":	[{
			"streams":	[{
					"socket":	5,
					"start":	0,
					"end":	1.000827,
					"seconds":	1.0008269548416138,
					"bytes":	79640,
					"bits_per_second":	636593.56586856476,
					"retransmits":	0,
					"snd_cwnd":	17376,
					"rtt":	188220,
					"rttvar":	173079,
					"pmtu":	1500,
					"omitted":	false,
					"sender":	true
				}],
			"sum":	{
				"start":	0,
				"end":	1.000827,
				"seconds":	1.0008269548416138,
				"bytes":	79640,
				"bits_per_second":	636593.56586856476,
				"retransmits":	0,
				"omitted":	false,
				"sender":	true
			}
		}, {
			"streams":	[{
					"socket":	5,
					"start":	1.000827,
					"end":	2.000274,
					"seconds":	0.99944698810577393,
					"bytes":	108600,
					"bits_per_second":	869280.72257900762,
					"retransmits":	0,
					"snd_cwnd":	36200,
					"rtt":	328159,
					"rttvar":	267709,
					"pmtu":	1500,
					"omitted":	false,
					"sender":	true
				}],
			"sum":	{
				"start":	1.000827,
				"end":	2.000274,
				"seconds":	0.99944698810577393,
				"bytes":	108600,
				"bits_per_second":	869280.72257900762,
				"retransmits":	0,
				"omitted":	false,
				"sender":	true
			}
		}, {
			"streams":	[{
					"socket":	5,
					"start":	2.000274,
					"end":	3.000743,
					"seconds":	1.0004689693450928,
					"bytes":	524288,
					"bits_per_second":	4192337.922030298,
					"retransmits":	0,
					"snd_cwnd":	127424,
					"rtt":	517677,
					"rttvar":	332065,
					"pmtu":	1500,
					"omitted":	false,
					"sender":	true
				}],
			"sum":	{
				"start":	2.000274,
				"end":	3.000743,
				"seconds":	1.0004689693450928,
				"bytes":	524288,
				"bits_per_second":	4192337.922030298,
				"retransmits":	0,
				"omitted":	false,
				"sender":	true
			}
		}, {
			"streams":	[{
					"socket":	5,
					"start":	3.000743,
					"end":	4.000125,
					"seconds":	0.99938201904296875,
					"bytes":	524288,
					"bits_per_second":	4196897.6027971385,
					"retransmits":	0,
					"snd_cwnd":	256296,
					"rtt":	614119,
					"rttvar":	362813,
					"pmtu":	1500,
					"omitted":	false,
					"sender":	true
				}],
			"sum":	{
				"start":	3.000743,
				"end":	4.000125,
				"seconds":	0.99938201904296875,
				"bytes":	524288,
				"bits_per_second":	4196897.6027971385,
				"retransmits":	0,
				"omitted":	false,
				"sender":	true
			}
		}, {
			"streams":	[{
					"socket":	5,
					"start":	4.000125,
					"end":	5.000184,
					"seconds":	1.0000590085983276,
					"bytes":	1179648,
					"bits_per_second":	9436627.1578584742,
					"retransmits":	0,
					"snd_cwnd":	515488,
					"rtt":	697236,
					"rttvar":	263714,
					"pmtu":	1500,
					"omitted":	false,
					"sender":	true
				}],
			"sum":	{
				"start":	4.000125,
				"end":	5.000184,
				"seconds":	1.0000590085983276,
				"bytes":	1179648,
				"bits_per_second":	9436627.1578584742,
				"retransmits":	0,
				"omitted":	false,
				"sender":	true
			}
		}, {
			"streams":	[{
					"socket":	5,
					"start":	5.000184,
					"end":	6.000367,
					"seconds":	1.0001829862594604,
					"bytes":	5636096,
					"bits_per_second":	45080518.884474792,
					"retransmits":	0,
					"snd_cwnd":	1712984,
					"rtt":	705071,
					"rttvar":	193119,
					"pmtu":	1500,
					"omitted":	false,
					"sender":	true
				}],
			"sum":	{
				"start":	5.000184,
				"end":	6.000367,
				"seconds":	1.0001829862594604,
				"bytes":	5636096,
				"bits_per_second":	45080518.884474792,
				"retransmits":	0,
				"omitted":	false,
				"sender":	true
			}
		}, {
			"streams":	[{
					"socket":	5,
					"start":	6.000367,
					"end":	7.000083,
					"seconds":	0.99971598386764526,
					"bytes":	6946816,
					"bits_per_second":	55590316.546701968,
					"retransmits":	0,
					"snd_cwnd":	4419296,
					"rtt":	645187,
					"rttvar":	95774,
					"pmtu":	1500,
					"omitted":	false,
					"sender":	true
				}],
			"sum":	{
				"start":	6.000367,
				"end":	7.000083,
				"seconds":	0.99971598386764526,
				"bytes":	6946816,
				"bits_per_second":	55590316.546701968,
				"retransmits":	0,
				"omitted":	false,
				"sender":	true
			}
		}, {
			"streams":	[{
					"socket":	5,
					"start":	7.000083,
					"end":	8.000489,
					"seconds":	1.00040602684021,
					"bytes":	5373952,
					"bits_per_second":	42974167.334626466,
					"retransmits":	0,
					"snd_cwnd":	9716080,
					"rtt":	731021,
					"rttvar":	98971,
					"pmtu":	1500,
					"omitted":	false,
					"sender":	true
				}],
			"sum":	{
				"start":	7.000083,
				"end":	8.000489,
				"seconds":	1.00040602684021,
				"bytes":	5373952,
				"bits_per_second":	42974167.334626466,
				"retransmits":	0,
				"omitted":	false,
				"sender":	true
			}
		}, {
			"streams":	[{
					"socket":	5,
					"start":	8.000489,
					"end":	9.000072,
					"seconds":	0.99958300590515137,
					"bytes":	5373952,
					"bits_per_second":	43009550.728675954,
					"retransmits":	0,
					"snd_cwnd":	15017208,
					"rtt":	956504,
					"rttvar":	209910,
					"pmtu":	1500,
					"omitted":	false,
					"sender":	true
				}],
			"sum":	{
				"start":	8.000489,
				"end":	9.000072,
				"seconds":	0.99958300590515137,
				"bytes":	5373952,
				"bits_per_second":	43009550.728675954,
				"retransmits":	0,
				"omitted":	false,
				"sender":	true
			}
		}, {
			"streams":	[{
					"socket":	5,
					"start":	9.000072,
					"end":	10.000521,
					"seconds":	1.0004489421844482,
					"bytes":	4456448,
					"bits_per_second":	35635585.682319686,
					"retransmits":	0,
					"snd_cwnd":	16604216,
					"rtt":	1247738,
					"rttvar":	296197,
					"pmtu":	1500,
					"omitted":	false,
					"sender":	true
				}],
			"sum":	{
				"start":	9.000072,
				"end":	10.000521,
				"seconds":	1.0004489421844482,
				"bytes":	4456448,
				"bits_per_second":	35635585.682319686,
				"retransmits":	0,
				"omitted":	false,
				"sender":	true
			}
		}],
	"end":	{
		"streams":	[{
				"sender":	{
					"socket":	5,
					"start":	0,
					"end":	10.000521,
					"seconds":	10.000521,
					"bytes":	30203728,
					"bits_per_second":	24161723.574201781,
					"retransmits":	0,
					"max_snd_cwnd":	16604216,
					"max_rtt":	1247738,
					"min_rtt":	188220,
					"mean_rtt":	663093,
					"sender":	true
				},
				"receiver":	{
					"socket":	5,
					"start":	0,
					"end":	11.393345,
					"seconds":	10.000521,
					"bytes":	27975360,
					"bits_per_second":	19643298.785387434,
					"sender":	true
				}
			}],
		"sum_sent":	{
			"start":	0,
			"end":	10.000521,
			"seconds":	10.000521,
			"bytes":	30203728,
			"bits_per_second":	24161723.574201781,
			"retransmits":	0,
			"sender":	true
		},
		"sum_received":	{
			"start":	0,
			"end":	11.393345,
			"seconds":	11.393345,
			"bytes":	27975360,
			"bits_per_second":	19643298.785387434,
			"sender":	true
		},
		"cpu_utilization_percent":	{
			"host_total":	4.4630318126718507,
			"host_user":	0.41287548413801262,
			"host_system":	4.0501655678088877,
			"remote_total":	0.39668403582946182,
			"remote_user":	0.39668403582946182,
			"remote_system":	0
		},
		"sender_tcp_congestion":	"cubic",
		"receiver_tcp_congestion":	"cubic"
	}
}
