{
	"start":	{
		"connected":	[{
				"socket":	5,
				"local_host":	"10.0.1.10",
				"local_port":	34206,
				"remote_host":	"10.0.6.10",
				"remote_port":	5200
			}],
		"version":	"iperf 3.7",
		"system_info":	"Linux ubuntu 5.11.0-40-generic #44~20.04.2-Ubuntu SMP Tue Oct 26 18:07:44 UTC 2021 x86_64",
		"timestamp":	{
			"time":	"Sat, 20 Nov 2021 06:10:10 GMT",
			"timesecs":	1637388610
		},
		"connecting_to":	{
			"host":	"10.0.6.10",
			"port":	5200
		},
		"cookie":	"n7lmvm2q5v5dcxgfyw6pyfmbna7ohjurnwbr",
		"tcp_mss_default":	1448,
		"target_bitrate":	1000000000,
		"sock_bufsize":	0,
		"sndbuf_actual":	87380,
		"rcvbuf_actual":	87380,
		"test_start":	{
			"protocol":	"TCP",
			"num_streams":	1,
			"blksize":	131072,
			"omit":	0,
			"duration":	10,
			"bytes":	0,
			"blocks":	0,
			"reverse":	0,
			"tos":	0
		}
	},
	"intervals":	[{
			"streams":	[{
					"socket":	5,
					"start":	0,
					"end":	1.000807,
					"seconds":	1.0008070468902588,
					"bytes":	144800,
					"bits_per_second":	1157465.8707684157,
					"retransmits":	0,
					"snd_cwnd":	23168,
					"rtt":	232150,
					"rttvar":	197568,
					"pmtu":	1500,
					"omitted":	false,
					"sender":	true
				}],
			"sum":	{
				"start":	0,
				"end":	1.000807,
				"seconds":	1.0008070468902588,
				"bytes":	144800,
				"bits_per_second":	1157465.8707684157,
				"retransmits":	0,
				"omitted":	false,
				"sender":	true
			}
		}, {
			"streams":	[{
					"socket":	5,
					"start":	1.000807,
					"end":	2.000528,
					"seconds":	0.9997209906578064,
					"bytes":	217952,
					"bits_per_second":	1744102.6209249825,
					"retransmits":	0,
					"snd_cwnd":	68056,
					"rtt":	502314,
					"rttvar":	190044,
					"pmtu":	1500,
					"omitted":	false,
					"sender":	true
				}],
			"sum":	{
				"start":	1.000807,
				"end":	2.000528,
				"seconds":	0.9997209906578064,
				"bytes":	217952,
				"bits_per_second":	1744102.6209249825,
				"retransmits":	0,
				"omitted":	false,
				"sender":	true
			}
		}, {
			"streams":	[{
					"socket":	5,
					"start":	2.000528,
					"end":	3.000234,
					"seconds":	0.999705970287323,
					"bytes":	524288,
					"bits_per_second":	4195537.6127187936,
					"retransmits":	0,
					"snd_cwnd":	181000,
					"rtt":	595115,
					"rttvar":	86920,
					"pmtu":	1500,
					"omitted":	false,
					"sender":	true
				}],
			"sum":	{
				"start":	2.000528,
				"end":	3.000234,
				"seconds":	0.999705970287323,
				"bytes":	524288,
				"bits_per_second":	4195537.6127187936,
				"retransmits":	0,
				"omitted":	false,
				"sender":	true
			}
		}, {
			"streams":	[{
					"socket":	5,
					"start":	3.000234,
					"end":	4.000402,
					"seconds":	1.0001679658889771,
					"bytes":	1179648,
					"bits_per_second":	9435599.141202217,
					"retransmits":	0,
					"snd_cwnd":	434400,
					"rtt":	602303,
					"rttvar":	53279,
					"pmtu":	1500,
					"omitted":	false,
					"sender":	true
				}],
			"sum":	{
				"start":	3.000234,
				"end":	4.000402,
				"seconds":	1.0001679658889771,
				"bytes":	1179648,
				"bits_per_second":	9435599.141202217,
				"retransmits":	0,
				"omitted":	false,
				"sender":	true
			}
		}, {
			"streams":	[{
					"socket":	5,
					"start":	4.000402,
					"end":	5.000627,
					"seconds":	1.0002249479293823,
					"bytes":	3407872,
					"bits_per_second":	27256844.629239157,
					"retransmits":	0,
					"snd_cwnd":	1171432,
					"rtt":	628482,
					"rttvar":	90314,
					"pmtu":	1500,
					"omitted":	false,
					"sender":	true
				}],
			"sum":	{
				"start":	4.000402,
				"end":	5.000627,
				"seconds":	1.0002249479293823,
				"bytes":	3407872,
				"bits_per_second":	27256844.629239157,
				"retransmits":	0,
				"omitted":	false,
				"sender":	true
			}
		}, {
			"streams":	[{
					"socket":	5,
					"start":	5.000627,
					"end":	6.000436,
					"seconds":	0.99980902671813965,
					"bytes":	8126464,
					"bits_per_second":	65024129.871481672,
					"retransmits":	0,
					"snd_cwnd":	3123336,
					"rtt":	651173,
					"rttvar":	104213,
					"pmtu":	1500,
					"omitted":	false,
					"sender":	true
				}],
			"sum":	{
				"start":	5.000627,
				"end":	6.000436,
				"seconds":	0.99980902671813965,
				"bytes":	8126464,
				"bits_per_second":	65024129.871481672,
				"retransmits":	0,
				"omitted":	false,
				"sender":	true
			}
		}, {
			"streams":	[{
					"socket":	5,
					"start":	6.000436,
					"end":	7.00049,
					"seconds":	1.0000540018081665,
					"bytes":	5767168,
					"bits_per_second":	46134852.634538241,
					"retransmits":	0,
					"snd_cwnd":	8643112,
					"rtt":	682071,
					"rttvar":	161317,
					"pmtu":	1500,
					"omitted":	false,
					"sender":	true
				}],
			"sum":	{
				"start":	6.000436,
				"end":	7.00049,
				"seconds":	1.0000540018081665,
				"bytes":	5767168,
				"bits_per_second":	46134852.634538241,
				"retransmits":	0,
				"omitted":	false,
				"sender":	true
			}
		}, {
			"streams":	[{
					"socket":	5,
					"start":	7.00049,
					"end":	8.000211,
					"seconds":	0.9997209906578064,
					"bytes":	10354688,
					"bits_per_second":	82860622.8878857,
					"retransmits":	0,
					"snd_cwnd":	18824000,
					"rtt":	770276,
					"rttvar":	247136,
					"pmtu":	1500,
					"omitted":	false,
					"sender":	true
				}],
			"sum":	{
				"start":	7.00049,
				"end":	8.000211,
				"seconds":	0.9997209906578064,
				"bytes":	10354688,
				"bits_per_second":	82860622.8878857,
				"retransmits":	0,
				"omitted":	false,
				"sender":	true
			}
		}, {
			"streams":	[{
					"socket":	5,
					"start":	8.000211,
					"end":	9.000401,
					"seconds":	1.0001900196075439,
					"bytes":	6160384,
					"bits_per_second":	49273709.02914805,
					"retransmits":	0,
					"snd_cwnd":	18824000,
					"rtt":	753899,
					"rttvar":	234243,
					"pmtu":	1500,
					"omitted":	false,
					"sender":	true
				}],
			"sum":	{
				"start":	8.000211,
				"end":	9.000401,
				"seconds":	1.0001900196075439,
				"bytes":	6160384,
				"bits_per_second":	49273709.02914805,
				"retransmits":	0,
				"omitted":	false,
				"sender":	true
			}
		}, {
			"streams":	[{
					"socket":	5,
					"start":	9.000401,
					"end":	10.000517,
					"seconds":	1.0001159906387329,
					"bytes":	12976128,
					"bits_per_second":	103796984.52146681,
					"retransmits":	0,
					"snd_cwnd":	18824000,
					"rtt":	771340,
					"rttvar":	215746,
					"pmtu":	1500,
					"omitted":	false,
					"sender":	true
				}],
			"sum":	{
				"start":	9.000401,
				"end":	10.000517,
				"seconds":	1.0001159906387329,
				"bytes":	12976128,
				"bits_per_second":	103796984.52146681,
				"retransmits":	0,
				"omitted":	false,
				"sender":	true
			}
		}],
	"end":	{
		"streams":	[{
				"sender":	{
					"socket":	5,
					"start":	0,
					"end":	10.000517,
					"seconds":	10.000517,
					"bytes":	48859392,
					"bits_per_second":	39085492.8800181,
					"retransmits":	0,
					"max_snd_cwnd":	18824000,
					"max_rtt":	771340,
					"min_rtt":	232150,
					"mean_rtt":	618912,
					"sender":	true
				},
				"receiver":	{
					"socket":	5,
					"start":	0,
					"end":	10.268077,
					"seconds":	10.000517,
					"bytes":	46321520,
					"bits_per_second":	36089733.257746316,
					"sender":	true
				}
			}],
		"sum_sent":	{
			"start":	0,
			"end":	10.000517,
			"seconds":	10.000517,
			"bytes":	48859392,
			"bits_per_second":	39085492.8800181,
			"retransmits":	0,
			"sender":	true
		},
		"sum_received":	{
			"start":	0,
			"end":	10.268077,
			"seconds":	10.268077,
			"bytes":	46321520,
			"bits_per_second":	36089733.257746316,
			"sender":	true
		},
		"cpu_utilization_percent":	{
			"host_total":	4.7155088237717777,
			"host_user":	0.58518422360877942,
			"host_system":	4.1303152678254875,
			"remote_total":	0.48174972170427471,
			"remote_user":	0,
			"remote_system":	0.48174972170427471
		},
		"sender_tcp_congestion":	"cubic",
		"receiver_tcp_congestion":	"cubic"
	}
}
