{
	"start":	{
		"connected":	[{
				"socket":	5,
				"local_host":	"10.0.2.11",
				"local_port":	36485,
				"remote_host":	"10.0.6.10",
				"remote_port":	5201
			}],
		"version":	"iperf 3.7",
		"system_info":	"Linux ubuntu 5.11.0-40-generic #44~20.04.2-Ubuntu SMP Tue Oct 26 18:07:44 UTC 2021 x86_64",
		"timestamp":	{
			"time":	"Thu, 18 Nov 2021 13:50:56 GMT",
			"timesecs":	1637243456
		},
		"connecting_to":	{
			"host":	"10.0.6.10",
			"port":	5201
		},
		"cookie":	"fhok55tzbsw6szt5ok54kyrnevd2zpry4e72",
		"sock_bufsize":	0,
		"sndbuf_actual":	212992,
		"rcvbuf_actual":	212992,
		"test_start":	{
			"protocol":	"UDP",
			"num_streams":	1,
			"blksize":	1448,
			"omit":	0,
			"duration":	10,
			"bytes":	0,
			"blocks":	0,
			"reverse":	0,
			"tos":	0
		}
	},
	"intervals":	[{
			"streams":	[{
					"socket":	5,
					"start":	0,
					"end":	1.001249,
					"seconds":	1.0012489557266235,
					"bytes":	44822840,
					"bits_per_second":	358135424.71040118,
					"packets":	30955,
					"omitted":	false,
					"sender":	true
				}],
			"sum":	{
				"start":	0,
				"end":	1.001249,
				"seconds":	1.0012489557266235,
				"bytes":	44822840,
				"bits_per_second":	358135424.71040118,
				"packets":	30955,
				"omitted":	false,
				"sender":	true
			}
		}, {
			"streams":	[{
					"socket":	5,
					"start":	1.001249,
					"end":	2.000082,
					"seconds":	0.99883300065994263,
					"bytes":	61741272,
					"bits_per_second":	494507265.65267026,
					"packets":	42639,
					"omitted":	false,
					"sender":	true
				}],
			"sum":	{
				"start":	1.001249,
				"end":	2.000082,
				"seconds":	0.99883300065994263,
				"bytes":	61741272,
				"bits_per_second":	494507265.65267026,
				"packets":	42639,
				"omitted":	false,
				"sender":	true
			}
		}, {
			"streams":	[{
					"socket":	5,
					"start":	2.000082,
					"end":	3.003311,
					"seconds":	1.003229022026062,
					"bytes":	50491760,
					"bits_per_second":	402633966.05516714,
					"packets":	34870,
					"omitted":	false,
					"sender":	true
				}],
			"sum":	{
				"start":	2.000082,
				"end":	3.003311,
				"seconds":	1.003229022026062,
				"bytes":	50491760,
				"bits_per_second":	402633966.05516714,
				"packets":	34870,
				"omitted":	false,
				"sender":	true
			}
		}, {
			"streams":	[{
					"socket":	5,
					"start":	3.003311,
					"end":	4.002593,
					"seconds":	0.99928200244903564,
					"bytes":	51172320,
					"bits_per_second":	409672703.99816763,
					"packets":	35340,
					"omitted":	false,
					"sender":	true
				}],
			"sum":	{
				"start":	3.003311,
				"end":	4.002593,
				"seconds":	0.99928200244903564,
				"bytes":	51172320,
				"bits_per_second":	409672703.99816763,
				"packets":	35340,
				"omitted":	false,
				"sender":	true
			}
		}, {
			"streams":	[{
					"socket":	5,
					"start":	4.002593,
					"end":	5.002011,
					"seconds":	0.99941802024841309,
					"bytes":	35949496,
					"bits_per_second":	287763440.49561542,
					"packets":	24827,
					"omitted":	false,
					"sender":	true
				}],
			"sum":	{
				"start":	4.002593,
				"end":	5.002011,
				"seconds":	0.99941802024841309,
				"bytes":	35949496,
				"bits_per_second":	287763440.49561542,
				"packets":	24827,
				"omitted":	false,
				"sender":	true
			}
		}, {
			"streams":	[{
					"socket":	5,
					"start":	5.002011,
					"end":	6.016899,
					"seconds":	1.0148880481719971,
					"bytes":	72762000,
					"bits_per_second":	573556857.87064254,
					"packets":	50250,
					"omitted":	false,
					"sender":	true
				}],
			"sum":	{
				"start":	5.002011,
				"end":	6.016899,
				"seconds":	1.0148880481719971,
				"bytes":	72762000,
				"bits_per_second":	573556857.87064254,
				"packets":	50250,
				"omitted":	false,
				"sender":	true
			}
		}, {
			"streams":	[{
					"socket":	5,
					"start":	6.016899,
					"end":	7.000006,
					"seconds":	0.98310697078704834,
					"bytes":	67203128,
					"bits_per_second":	546863200.01331317,
					"packets":	46411,
					"omitted":	false,
					"sender":	true
				}],
			"sum":	{
				"start":	6.016899,
				"end":	7.000006,
				"seconds":	0.98310697078704834,
				"bytes":	67203128,
				"bits_per_second":	546863200.01331317,
				"packets":	46411,
				"omitted":	false,
				"sender":	true
			}
		}, {
			"streams":	[{
					"socket":	5,
					"start":	7.000006,
					"end":	8.000005,
					"seconds":	0.99999898672103882,
					"bytes":	54919744,
					"bits_per_second":	439358397.19262028,
					"packets":	37928,
					"omitted":	false,
					"sender":	true
				}],
			"sum":	{
				"start":	7.000006,
				"end":	8.000005,
				"seconds":	0.99999898672103882,
				"bytes":	54919744,
				"bits_per_second":	439358397.19262028,
				"packets":	37928,
				"omitted":	false,
				"sender":	true
			}
		}, {
			"streams":	[{
					"socket":	5,
					"start":	8.000005,
					"end":	9.000009,
					"seconds":	1.0000040531158447,
					"bytes":	64653200,
					"bits_per_second":	517223503.63322216,
					"packets":	44650,
					"omitted":	false,
					"sender":	true
				}],
			"sum":	{
				"start":	8.000005,
				"end":	9.000009,
				"seconds":	1.0000040531158447,
				"bytes":	64653200,
				"bits_per_second":	517223503.63322216,
				"packets":	44650,
				"omitted":	false,
				"sender":	true
			}
		}, {
			"streams":	[{
					"socket":	5,
					"start":	9.000009,
					"end":	10.00001,
					"seconds":	1.0000009536743164,
					"bytes":	130522720,
					"bits_per_second":	1044180764.1916234,
					"packets":	90140,
					"omitted":	false,
					"sender":	true
				}],
			"sum":	{
				"start":	9.000009,
				"end":	10.00001,
				"seconds":	1.0000009536743164,
				"bytes":	130522720,
				"bits_per_second":	1044180764.1916234,
				"packets":	90140,
				"omitted":	false,
				"sender":	true
			}
		}],
	"end":	{
		"streams":	[{
				"udp":	{
					"socket":	5,
					"start":	0,
					"end":	10.00001,
					"seconds":	10.00001,
					"bytes":	634238480,
					"bits_per_second":	507390276.60972339,
					"jitter_ms":	0.006550748879026908,
					"lost_packets":	16026,
					"packets":	438010,
					"lost_percent":	3.6588205748727196,
					"out_of_order":	0,
					"sender":	true
				}
			}],
		"sum":	{
			"start":	0,
			"end":	10.287144,
			"seconds":	10.287144,
			"bytes":	634238480,
			"bits_per_second":	507390276.60972339,
			"jitter_ms":	0.006550748879026908,
			"lost_packets":	16026,
			"packets":	438010,
			"lost_percent":	3.6588205748727196,
			"sender":	true
		},
		"cpu_utilization_percent":	{
			"host_total":	25.659977408188826,
			"host_user":	2.4050580754929229,
			"host_system":	23.2549103362754,
			"remote_total":	12.749304788368891,
			"remote_user":	2.2741342531736985,
			"remote_system":	10.475170535195192
		}
	}
}
