{
	"start":	{
		"connected":	[{
				"socket":	5,
				"local_host":	"10.0.3.12",
				"local_port":	52593,
				"remote_host":	"10.0.6.10",
				"remote_port":	5202
			}],
		"version":	"iperf 3.7",
		"system_info":	"Linux ubuntu 5.11.0-40-generic #44~20.04.2-Ubuntu SMP Tue Oct 26 18:07:44 UTC 2021 x86_64",
		"timestamp":	{
			"time":	"Sat, 20 Nov 2021 05:55:50 GMT",
			"timesecs":	1637387750
		},
		"connecting_to":	{
			"host":	"10.0.6.10",
			"port":	5202
		},
		"cookie":	"lizmovua2oti72kqwmfwlahnbxkjmnwzwhhd",
		"sock_bufsize":	0,
		"sndbuf_actual":	212992,
		"rcvbuf_actual":	212992,
		"test_start":	{
			"protocol":	"UDP",
			"num_streams":	1,
			"blksize":	1448,
			"omit":	0,
			"duration":	10,
			"bytes":	0,
			"blocks":	0,
			"reverse":	0,
			"tos":	0
		}
	},
	"intervals":	[{
			"streams":	[{
					"socket":	5,
					"start":	0,
					"end":	1.000014,
					"seconds":	1.0000139474868774,
					"bytes":	40103808,
					"bits_per_second":	320825989.28372455,
					"packets":	27696,
					"omitted":	false,
					"sender":	true
				}],
			"sum":	{
				"start":	0,
				"end":	1.000014,
				"seconds":	1.0000139474868774,
				"bytes":	40103808,
				"bits_per_second":	320825989.28372455,
				"packets":	27696,
				"omitted":	false,
				"sender":	true
			}
		}, {
			"streams":	[{
					"socket":	5,
					"start":	1.000014,
					"end":	2.000042,
					"seconds":	1.0000280141830444,
					"bytes":	54515752,
					"bits_per_second":	436113798.62821704,
					"packets":	37649,
					"omitted":	false,
					"sender":	true
				}],
			"sum":	{
				"start":	1.000014,
				"end":	2.000042,
				"seconds":	1.0000280141830444,
				"bytes":	54515752,
				"bits_per_second":	436113798.62821704,
				"packets":	37649,
				"omitted":	false,
				"sender":	true
			}
		}, {
			"streams":	[{
					"socket":	5,
					"start":	2.000042,
					"end":	3.000018,
					"seconds":	0.99997597932815552,
					"bytes":	51616856,
					"bits_per_second":	412944767.21074307,
					"packets":	35647,
					"omitted":	false,
					"sender":	true
				}],
			"sum":	{
				"start":	2.000042,
				"end":	3.000018,
				"seconds":	0.99997597932815552,
				"bytes":	51616856,
				"bits_per_second":	412944767.21074307,
				"packets":	35647,
				"omitted":	false,
				"sender":	true
			}
		}, {
			"streams":	[{
					"socket":	5,
					"start":	3.000018,
					"end":	4.006049,
					"seconds":	1.0060310363769531,
					"bytes":	45181944,
					"bits_per_second":	359288668.96762913,
					"packets":	31203,
					"omitted":	false,
					"sender":	true
				}],
			"sum":	{
				"start":	3.000018,
				"end":	4.006049,
				"seconds":	1.0060310363769531,
				"bytes":	45181944,
				"bits_per_second":	359288668.96762913,
				"packets":	31203,
				"omitted":	false,
				"sender":	true
			}
		}, {
			"streams":	[{
					"socket":	5,
					"start":	4.006049,
					"end":	5.000013,
					"seconds":	0.99396401643753052,
					"bytes":	47165704,
					"bits_per_second":	379616993.93542832,
					"packets":	32573,
					"omitted":	false,
					"sender":	true
				}],
			"sum":	{
				"start":	4.006049,
				"end":	5.000013,
				"seconds":	0.99396401643753052,
				"bytes":	47165704,
				"bits_per_second":	379616993.93542832,
				"packets":	32573,
				"omitted":	false,
				"sender":	true
			}
		}, {
			"streams":	[{
					"socket":	5,
					"start":	5.000013,
					"end":	6.000028,
					"seconds":	1.0000150203704834,
					"bytes":	38755720,
					"bits_per_second":	310041103.06776685,
					"packets":	26765,
					"omitted":	false,
					"sender":	true
				}],
			"sum":	{
				"start":	5.000013,
				"end":	6.000028,
				"seconds":	1.0000150203704834,
				"bytes":	38755720,
				"bits_per_second":	310041103.06776685,
				"packets":	26765,
				"omitted":	false,
				"sender":	true
			}
		}, {
			"streams":	[{
					"socket":	5,
					"start":	6.000028,
					"end":	7.000803,
					"seconds":	1.0007749795913696,
					"bytes":	38490736,
					"bits_per_second":	307687436.51617914,
					"packets":	26582,
					"omitted":	false,
					"sender":	true
				}],
			"sum":	{
				"start":	6.000028,
				"end":	7.000803,
				"seconds":	1.0007749795913696,
				"bytes":	38490736,
				"bits_per_second":	307687436.51617914,
				"packets":	26582,
				"omitted":	false,
				"sender":	true
			}
		}, {
			"streams":	[{
					"socket":	5,
					"start":	7.000803,
					"end":	8.000199,
					"seconds":	0.999396026134491,
					"bytes":	35024224,
					"bits_per_second":	280363123.99974829,
					"packets":	24188,
					"omitted":	false,
					"sender":	true
				}],
			"sum":	{
				"start":	7.000803,
				"end":	8.000199,
				"seconds":	0.999396026134491,
				"bytes":	35024224,
				"bits_per_second":	280363123.99974829,
				"packets":	24188,
				"omitted":	false,
				"sender":	true
			}
		}, {
			"streams":	[{
					"socket":	5,
					"start":	8.000199,
					"end":	9.002698,
					"seconds":	1.002498984336853,
					"bytes":	37291792,
					"bits_per_second":	297590661.59787321,
					"packets":	25754,
					"omitted":	false,
					"sender":	true
				}],
			"sum":	{
				"start":	8.000199,
				"end":	9.002698,
				"seconds":	1.002498984336853,
				"bytes":	37291792,
				"bits_per_second":	297590661.59787321,
				"packets":	25754,
				"omitted":	false,
				"sender":	true
			}
		}, {
			"streams":	[{
					"socket":	5,
					"start":	9.002698,
					"end":	10.000016,
					"seconds":	0.99731802940368652,
					"bytes":	56346024,
					"bits_per_second":	451980390.11640251,
					"packets":	38913,
					"omitted":	false,
					"sender":	true
				}],
			"sum":	{
				"start":	9.002698,
				"end":	10.000016,
				"seconds":	0.99731802940368652,
				"bytes":	56346024,
				"bits_per_second":	451980390.11640251,
				"packets":	38913,
				"omitted":	false,
				"sender":	true
			}
		}],
	"end":	{
		"streams":	[{
				"udp":	{
					"socket":	5,
					"start":	0,
					"end":	10.000016,
					"seconds":	10.000016,
					"bytes":	444492560,
					"bits_per_second":	355593479.05043352,
					"jitter_ms":	0.25566857609260335,
					"lost_packets":	265405,
					"packets":	306970,
					"lost_percent":	86.459588884907319,
					"out_of_order":	0,
					"sender":	true
				}
			}],
		"sum":	{
			"start":	0,
			"end":	10.990863000000001,
			"seconds":	10.990863000000001,
			"bytes":	444492560,
			"bits_per_second":	355593479.05043352,
			"jitter_ms":	0.25566857609260335,
			"lost_packets":	265405,
			"packets":	306970,
			"lost_percent":	86.459588884907319,
			"sender":	true
		},
		"cpu_utilization_percent":	{
			"host_total":	31.821396748796378,
			"host_user":	1.7851918791140102,
			"host_system":	30.036214168719116,
			"remote_total":	4.2873827393984731,
			"remote_user":	0.56598284922455422,
			"remote_system":	3.7213998901739189
		}
	}
}
