{
	"start":	{
		"connected":	[{
				"socket":	5,
				"local_host":	"10.0.2.11",
				"local_port":	37160,
				"remote_host":	"10.0.6.10",
				"remote_port":	5201
			}],
		"version":	"iperf 3.7",
		"system_info":	"Linux ubuntu 5.11.0-40-generic #44~20.04.2-Ubuntu SMP Tue Oct 26 18:07:44 UTC 2021 x86_64",
		"timestamp":	{
			"time":	"Sat, 20 Nov 2021 05:55:50 GMT",
			"timesecs":	1637387750
		},
		"connecting_to":	{
			"host":	"10.0.6.10",
			"port":	5201
		},
		"cookie":	"5q6mggk7qhauduhfvuqz6kvzch6xuwk24kbf",
		"sock_bufsize":	0,
		"sndbuf_actual":	212992,
		"rcvbuf_actual":	212992,
		"test_start":	{
			"protocol":	"UDP",
			"num_streams":	1,
			"blksize":	1448,
			"omit":	0,
			"duration":	10,
			"bytes":	0,
			"blocks":	0,
			"reverse":	0,
			"tos":	0
		}
	},
	"intervals":	[{
			"streams":	[{
					"socket":	5,
					"start":	0,
					"end":	1.000398,
					"seconds":	1.00039803981781,
					"bytes":	29365440,
					"bits_per_second":	234830048.29036218,
					"packets":	20280,
					"omitted":	false,
					"sender":	true
				}],
			"sum":	{
				"start":	0,
				"end":	1.000398,
				"seconds":	1.00039803981781,
				"bytes":	29365440,
				"bits_per_second":	234830048.29036218,
				"packets":	20280,
				"omitted":	false,
				"sender":	true
			}
		}, {
			"streams":	[{
					"socket":	5,
					"start":	1.000398,
					"end":	2.000019,
					"seconds":	0.99962097406387329,
					"bytes":	56632728,
					"bits_per_second":	453233611.29380471,
					"packets":	39111,
					"omitted":	false,
					"sender":	true
				}],
			"sum":	{
				"start":	1.000398,
				"end":	2.000019,
				"seconds":	0.99962097406387329,
				"bytes":	56632728,
				"bits_per_second":	453233611.29380471,
				"packets":	39111,
				"omitted":	false,
				"sender":	true
			}
		}, {
			"streams":	[{
					"socket":	5,
					"start":	2.000019,
					"end":	3.000012,
					"seconds":	0.99999302625656128,
					"bytes":	53379072,
					"bits_per_second":	427035554.03639305,
					"packets":	36864,
					"omitted":	false,
					"sender":	true
				}],
			"sum":	{
				"start":	2.000019,
				"end":	3.000012,
				"seconds":	0.99999302625656128,
				"bytes":	53379072,
				"bits_per_second":	427035554.03639305,
				"packets":	36864,
				"omitted":	false,
				"sender":	true
			}
		}, {
			"streams":	[{
					"socket":	5,
					"start":	3.000012,
					"end":	4.000415,
					"seconds":	1.0004030466079712,
					"bytes":	45587384,
					"bits_per_second":	364552140.49634433,
					"packets":	31483,
					"omitted":	false,
					"sender":	true
				}],
			"sum":	{
				"start":	3.000012,
				"end":	4.000415,
				"seconds":	1.0004030466079712,
				"bytes":	45587384,
				"bits_per_second":	364552140.49634433,
				"packets":	31483,
				"omitted":	false,
				"sender":	true
			}
		}, {
			"streams":	[{
					"socket":	5,
					"start":	4.000415,
					"end":	5.000009,
					"seconds":	0.99959397315979,
					"bytes":	38862872,
					"bits_per_second":	311029262.2285555,
					"packets":	26839,
					"omitted":	false,
					"sender":	true
				}],
			"sum":	{
				"start":	4.000415,
				"end":	5.000009,
				"seconds":	0.99959397315979,
				"bytes":	38862872,
				"bits_per_second":	311029262.2285555,
				"packets":	26839,
				"omitted":	false,
				"sender":	true
			}
		}, {
			"streams":	[{
					"socket":	5,
					"start":	5.000009,
					"end":	6.001469,
					"seconds":	1.0014599561691284,
					"bytes":	34679600,
					"bits_per_second":	277032344.91898739,
					"packets":	23950,
					"omitted":	false,
					"sender":	true
				}],
			"sum":	{
				"start":	5.000009,
				"end":	6.001469,
				"seconds":	1.0014599561691284,
				"bytes":	34679600,
				"bits_per_second":	277032344.91898739,
				"packets":	23950,
				"omitted":	false,
				"sender":	true
			}
		}, {
			"streams":	[{
					"socket":	5,
					"start":	6.001469,
					"end":	7.000697,
					"seconds":	0.99922800064086914,
					"bytes":	55905832,
					"bits_per_second":	447592196.88915038,
					"packets":	38609,
					"omitted":	false,
					"sender":	true
				}],
			"sum":	{
				"start":	6.001469,
				"end":	7.000697,
				"seconds":	0.99922800064086914,
				"bytes":	55905832,
				"bits_per_second":	447592196.88915038,
				"packets":	38609,
				"omitted":	false,
				"sender":	true
			}
		}, {
			"streams":	[{
					"socket":	5,
					"start":	7.000697,
					"end":	8.000008,
					"seconds":	0.99931097030639648,
					"bytes":	43040352,
					"bits_per_second":	344560228.22848421,
					"packets":	29724,
					"omitted":	false,
					"sender":	true
				}],
			"sum":	{
				"start":	7.000697,
				"end":	8.000008,
				"seconds":	0.99931097030639648,
				"bytes":	43040352,
				"bits_per_second":	344560228.22848421,
				"packets":	29724,
				"omitted":	false,
				"sender":	true
			}
		}, {
			"streams":	[{
					"socket":	5,
					"start":	8.000008,
					"end":	9.000066,
					"seconds":	1.0000580549240112,
					"bytes":	45985584,
					"bits_per_second":	367863315.72315919,
					"packets":	31758,
					"omitted":	false,
					"sender":	true
				}],
			"sum":	{
				"start":	8.000008,
				"end":	9.000066,
				"seconds":	1.0000580549240112,
				"bytes":	45985584,
				"bits_per_second":	367863315.72315919,
				"packets":	31758,
				"omitted":	false,
				"sender":	true
			}
		}, {
			"streams":	[{
					"socket":	5,
					"start":	9.000066,
					"end":	10.000016,
					"seconds":	0.99994999170303345,
					"bytes":	51011592,
					"bits_per_second":	408113145.04335326,
					"packets":	35229,
					"omitted":	false,
					"sender":	true
				}],
			"sum":	{
				"start":	9.000066,
				"end":	10.000016,
				"seconds":	0.99994999170303345,
				"bytes":	51011592,
				"bits_per_second":	408113145.04335326,
				"packets":	35229,
				"omitted":	false,
				"sender":	true
			}
		}],
	"end":	{
		"streams":	[{
				"udp":	{
					"socket":	5,
					"start":	0,
					"end":	10.000016,
					"seconds":	10.000016,
					"bytes":	454450456,
					"bits_per_second":	363559783.104347,
					"jitter_ms":	0.3165312559145731,
					"lost_packets":	273130,
					"packets":	313847,
					"lost_percent":	87.026481056055971,
					"out_of_order":	0,
					"sender":	true
				}
			}],
		"sum":	{
			"start":	0,
			"end":	10.930901,
			"seconds":	10.930901,
			"bytes":	454450456,
			"bits_per_second":	363559783.104347,
			"jitter_ms":	0.3165312559145731,
			"lost_packets":	273130,
			"packets":	313847,
			"lost_percent":	87.026481056055971,
			"sender":	true
		},
		"cpu_utilization_percent":	{
			"host_total":	31.9856254713552,
			"host_user":	1.377719443214602,
			"host_system":	30.60791537463118,
			"remote_total":	4.2839765001549877,
			"remote_user":	0.62133466498195045,
			"remote_system":	3.6626505228597361
		}
	}
}
