{
	"start":	{
		"connected":	[{
				"socket":	5,
				"local_host":	"10.0.5.10",
				"local_port":	42223,
				"remote_host":	"10.0.6.10",
				"remote_port":	5204
			}],
		"version":	"iperf 3.7",
		"system_info":	"Linux ubuntu 5.11.0-40-generic #44~20.04.2-Ubuntu SMP Tue Oct 26 18:07:44 UTC 2021 x86_64",
		"timestamp":	{
			"time":	"Sat, 20 Nov 2021 05:55:50 GMT",
			"timesecs":	1637387750
		},
		"connecting_to":	{
			"host":	"10.0.6.10",
			"port":	5204
		},
		"cookie":	"mrpmg6twnm2kyytstptgnhu2uo5d2z4jl4c5",
		"sock_bufsize":	0,
		"sndbuf_actual":	212992,
		"rcvbuf_actual":	212992,
		"test_start":	{
			"protocol":	"UDP",
			"num_streams":	1,
			"blksize":	1448,
			"omit":	0,
			"duration":	10,
			"bytes":	0,
			"blocks":	0,
			"reverse":	0,
			"tos":	0
		}
	},
	"intervals":	[{
			"streams":	[{
					"socket":	5,
					"start":	0,
					"end":	1.000003,
					"seconds":	1.0000029802322388,
					"bytes":	28590760,
					"bits_per_second":	228725398.345194,
					"packets":	19745,
					"omitted":	false,
					"sender":	true
				}],
			"sum":	{
				"start":	0,
				"end":	1.000003,
				"seconds":	1.0000029802322388,
				"bytes":	28590760,
				"bits_per_second":	228725398.345194,
				"packets":	19745,
				"omitted":	false,
				"sender":	true
			}
		}, {
			"streams":	[{
					"socket":	5,
					"start":	1.000003,
					"end":	2.000002,
					"seconds":	0.99999898672103882,
					"bytes":	53513736,
					"bits_per_second":	428110321.79518217,
					"packets":	36957,
					"omitted":	false,
					"sender":	true
				}],
			"sum":	{
				"start":	1.000003,
				"end":	2.000002,
				"seconds":	0.99999898672103882,
				"bytes":	53513736,
				"bits_per_second":	428110321.79518217,
				"packets":	36957,
				"omitted":	false,
				"sender":	true
			}
		}, {
			"streams":	[{
					"socket":	5,
					"start":	2.000002,
					"end":	3.000014,
					"seconds":	1.0000120401382446,
					"bytes":	40574408,
					"bits_per_second":	324591355.87520224,
					"packets":	28021,
					"omitted":	false,
					"sender":	true
				}],
			"sum":	{
				"start":	2.000002,
				"end":	3.000014,
				"seconds":	1.0000120401382446,
				"bytes":	40574408,
				"bits_per_second":	324591355.87520224,
				"packets":	28021,
				"omitted":	false,
				"sender":	true
			}
		}, {
			"streams":	[{
					"socket":	5,
					"start":	3.000014,
					"end":	4.000153,
					"seconds":	1.0001389980316162,
					"bytes":	51868808,
					"bits_per_second":	414892794.71820241,
					"packets":	35821,
					"omitted":	false,
					"sender":	true
				}],
			"sum":	{
				"start":	3.000014,
				"end":	4.000153,
				"seconds":	1.0001389980316162,
				"bytes":	51868808,
				"bits_per_second":	414892794.71820241,
				"packets":	35821,
				"omitted":	false,
				"sender":	true
			}
		}, {
			"streams":	[{
					"socket":	5,
					"start":	4.000153,
					"end":	5.000136,
					"seconds":	0.999983012676239,
					"bytes":	39925704,
					"bits_per_second":	319411057.93905407,
					"packets":	27573,
					"omitted":	false,
					"sender":	true
				}],
			"sum":	{
				"start":	4.000153,
				"end":	5.000136,
				"seconds":	0.999983012676239,
				"bytes":	39925704,
				"bits_per_second":	319411057.93905407,
				"packets":	27573,
				"omitted":	false,
				"sender":	true
			}
		}, {
			"streams":	[{
					"socket":	5,
					"start":	5.000136,
					"end":	6.000067,
					"seconds":	0.9999309778213501,
					"bytes":	51186800,
					"bits_per_second":	409522666.14662397,
					"packets":	35350,
					"omitted":	false,
					"sender":	true
				}],
			"sum":	{
				"start":	5.000136,
				"end":	6.000067,
				"seconds":	0.9999309778213501,
				"bytes":	51186800,
				"bits_per_second":	409522666.14662397,
				"packets":	35350,
				"omitted":	false,
				"sender":	true
			}
		}, {
			"streams":	[{
					"socket":	5,
					"start":	6.000067,
					"end":	7.000607,
					"seconds":	1.000540018081665,
					"bytes":	50804528,
					"bits_per_second":	406216859.5507654,
					"packets":	35086,
					"omitted":	false,
					"sender":	true
				}],
			"sum":	{
				"start":	6.000067,
				"end":	7.000607,
				"seconds":	1.000540018081665,
				"bytes":	50804528,
				"bits_per_second":	406216859.5507654,
				"packets":	35086,
				"omitted":	false,
				"sender":	true
			}
		}, {
			"streams":	[{
					"socket":	5,
					"start":	7.000607,
					"end":	8.000582,
					"seconds":	0.99997502565383911,
					"bytes":	45645304,
					"bits_per_second":	365171551.92074579,
					"packets":	31523,
					"omitted":	false,
					"sender":	true
				}],
			"sum":	{
				"start":	7.000607,
				"end":	8.000582,
				"seconds":	0.99997502565383911,
				"bytes":	45645304,
				"bits_per_second":	365171551.92074579,
				"packets":	31523,
				"omitted":	false,
				"sender":	true
			}
		}, {
			"streams":	[{
					"socket":	5,
					"start":	8.000582,
					"end":	9.000006,
					"seconds":	0.99942398071289062,
					"bytes":	50407776,
					"bits_per_second":	403494628.68836951,
					"packets":	34812,
					"omitted":	false,
					"sender":	true
				}],
			"sum":	{
				"start":	8.000582,
				"end":	9.000006,
				"seconds":	0.99942398071289062,
				"bytes":	50407776,
				"bits_per_second":	403494628.68836951,
				"packets":	34812,
				"omitted":	false,
				"sender":	true
			}
		}, {
			"streams":	[{
					"socket":	5,
					"start":	9.000006,
					"end":	10.000794,
					"seconds":	1.0007879734039307,
					"bytes":	54780736,
					"bits_per_second":	437900833.78941488,
					"packets":	37832,
					"omitted":	false,
					"sender":	true
				}],
			"sum":	{
				"start":	9.000006,
				"end":	10.000794,
				"seconds":	1.0007879734039307,
				"bytes":	54780736,
				"bits_per_second":	437900833.78941488,
				"packets":	37832,
				"omitted":	false,
				"sender":	true
			}
		}],
	"end":	{
		"streams":	[{
				"udp":	{
					"socket":	5,
					"start":	0,
					"end":	10.000794,
					"seconds":	10.000794,
					"bytes":	467298560,
					"bits_per_second":	373809167.55209631,
					"jitter_ms":	0.057555112253059391,
					"lost_packets":	282104,
					"packets":	322720,
					"lost_percent":	87.41447694595935,
					"out_of_order":	0,
					"sender":	true
				}
			}],
		"sum":	{
			"start":	0,
			"end":	10.173348,
			"seconds":	10.173348,
			"bytes":	467298560,
			"bits_per_second":	373809167.55209631,
			"jitter_ms":	0.057555112253059391,
			"lost_packets":	282104,
			"packets":	322720,
			"lost_percent":	87.41447694595935,
			"sender":	true
		},
		"cpu_utilization_percent":	{
			"host_total":	32.998355607413195,
			"host_user":	1.6756354714649917,
			"host_system":	31.322720135948202,
			"remote_total":	4.51566450730792,
			"remote_user":	0.81856781195576245,
			"remote_system":	3.6970966953521573
		}
	}
}
