{
	"start":	{
		"connected":	[{
				"socket":	5,
				"local_host":	"10.0.1.10",
				"local_port":	55874,
				"remote_host":	"10.0.6.10",
				"remote_port":	5200
			}],
		"version":	"iperf 3.7",
		"system_info":	"Linux ubuntu 5.11.0-40-generic #44~20.04.2-Ubuntu SMP Tue Oct 26 18:07:44 UTC 2021 x86_64",
		"timestamp":	{
			"time":	"Sun, 21 Nov 2021 04:35:10 GMT",
			"timesecs":	1637469310
		},
		"connecting_to":	{
			"host":	"10.0.6.10",
			"port":	5200
		},
		"cookie":	"5yuqftfhmcawiphnrqvhqcywkzririrs3dae",
		"tcp_mss_default":	1448,
		"target_bitrate":	1000000000,
		"sock_bufsize":	0,
		"sndbuf_actual":	87380,
		"rcvbuf_actual":	87380,
		"test_start":	{
			"protocol":	"TCP",
			"num_streams":	1,
			"blksize":	131072,
			"omit":	0,
			"duration":	10,
			"bytes":	0,
			"blocks":	0,
			"reverse":	0,
			"tos":	0
		}
	},
	"intervals":	[{
			"streams":	[{
					"socket":	5,
					"start":	0,
					"end":	1.000961,
					"seconds":	1.0009609460830688,
					"bytes":	79640,
					"bits_per_second":	636508.34979442449,
					"retransmits":	0,
					"snd_cwnd":	20272,
					"rtt":	296125,
					"rttvar":	201079,
					"pmtu":	1500,
					"omitted":	false,
					"sender":	true
				}],
			"sum":	{
				"start":	0,
				"end":	1.000961,
				"seconds":	1.0009609460830688,
				"bytes":	79640,
				"bits_per_second":	636508.34979442449,
				"retransmits":	0,
				"omitted":	false,
				"sender":	true
			}
		}, {
			"streams":	[{
					"socket":	5,
					"start":	1.000961,
					"end":	2.000173,
					"seconds":	0.99921202659606934,
					"bytes":	260640,
					"bits_per_second":	2086764.3147803184,
					"retransmits":	0,
					"snd_cwnd":	53576,
					"rtt":	492436,
					"rttvar":	296779,
					"pmtu":	1500,
					"omitted":	false,
					"sender":	true
				}],
			"sum":	{
				"start":	1.000961,
				"end":	2.000173,
				"seconds":	0.99921202659606934,
				"bytes":	260640,
				"bits_per_second":	2086764.3147803184,
				"retransmits":	0,
				"omitted":	false,
				"sender":	true
			}
		}, {
			"streams":	[{
					"socket":	5,
					"start":	2.000173,
					"end":	3.000547,
					"seconds":	1.0003739595413208,
					"bytes":	131072,
					"bits_per_second":	1048184.0215840687,
					"retransmits":	0,
					"snd_cwnd":	86880,
					"rtt":	606922,
					"rttvar":	240247,
					"pmtu":	1500,
					"omitted":	false,
					"sender":	true
				}],
			"sum":	{
				"start":	2.000173,
				"end":	3.000547,
				"seconds":	1.0003739595413208,
				"bytes":	131072,
				"bits_per_second":	1048184.0215840687,
				"retransmits":	0,
				"omitted":	false,
				"sender":	true
			}
		}, {
			"streams":	[{
					"socket":	5,
					"start":	3.000547,
					"end":	4.000204,
					"seconds":	0.99965697526931763,
					"bytes":	393216,
					"bits_per_second":	3146807.4327721358,
					"retransmits":	0,
					"snd_cwnd":	165072,
					"rtt":	688943,
					"rttvar":	258140,
					"pmtu":	1500,
					"omitted":	false,
					"sender":	true
				}],
			"sum":	{
				"start":	3.000547,
				"end":	4.000204,
				"seconds":	0.99965697526931763,
				"bytes":	393216,
				"bits_per_second":	3146807.4327721358,
				"retransmits":	0,
				"omitted":	false,
				"sender":	true
			}
		}, {
			"streams":	[{
					"socket":	5,
					"start":	4.000204,
					"end":	5.000341,
					"seconds":	1.0001369714736938,
					"bytes":	786432,
					"bits_per_second":	6290594.3680190025,
					"retransmits":	0,
					"snd_cwnd":	333040,
					"rtt":	774083,
					"rttvar":	292832,
					"pmtu":	1500,
					"omitted":	false,
					"sender":	true
				}],
			"sum":	{
				"start":	4.000204,
				"end":	5.000341,
				"seconds":	1.0001369714736938,
				"bytes":	786432,
				"bits_per_second":	6290594.3680190025,
				"retransmits":	0,
				"omitted":	false,
				"sender":	true
			}
		}, {
			"streams":	[{
					"socket":	5,
					"start":	5.000341,
					"end":	6.000393,
					"seconds":	1.0000519752502441,
					"bytes":	524288,
					"bits_per_second":	4194086.0113300155,
					"retransmits":	0,
					"snd_cwnd":	456120,
					"rtt":	809008,
					"rttvar":	289475,
					"pmtu":	1500,
					"omitted":	false,
					"sender":	true
				}],
			"sum":	{
				"start":	5.000341,
				"end":	6.000393,
				"seconds":	1.0000519752502441,
				"bytes":	524288,
				"bits_per_second":	4194086.0113300155,
				"retransmits":	0,
				"omitted":	false,
				"sender":	true
			}
		}, {
			"streams":	[{
					"socket":	5,
					"start":	6.000393,
					"end":	7.000144,
					"seconds":	0.99975097179412842,
					"bytes":	2621440,
					"bits_per_second":	20976743.80087376,
					"retransmits":	0,
					"snd_cwnd":	999120,
					"rtt":	830773,
					"rttvar":	263360,
					"pmtu":	1500,
					"omitted":	false,
					"sender":	true
				}],
			"sum":	{
				"start":	6.000393,
				"end":	7.000144,
				"seconds":	0.99975097179412842,
				"bytes":	2621440,
				"bits_per_second":	20976743.80087376,
				"retransmits":	0,
				"omitted":	false,
				"sender":	true
			}
		}, {
			"streams":	[{
					"socket":	5,
					"start":	7.000144,
					"end":	8.00019,
					"seconds":	1.0000460147857666,
					"bytes":	8519680,
					"bits_per_second":	68154303.894307226,
					"retransmits":	0,
					"snd_cwnd":	2797536,
					"rtt":	696790,
					"rttvar":	173003,
					"pmtu":	1500,
					"omitted":	false,
					"sender":	true
				}],
			"sum":	{
				"start":	7.000144,
				"end":	8.00019,
				"seconds":	1.0000460147857666,
				"bytes":	8519680,
				"bits_per_second":	68154303.894307226,
				"retransmits":	0,
				"omitted":	false,
				"sender":	true
			}
		}, {
			"streams":	[{
					"socket":	5,
					"start":	8.00019,
					"end":	9.000464,
					"seconds":	1.0002739429473877,
					"bytes":	5636096,
					"bits_per_second":	45076419.63274812,
					"retransmits":	0,
					"snd_cwnd":	8318760,
					"rtt":	644038,
					"rttvar":	106213,
					"pmtu":	1500,
					"omitted":	false,
					"sender":	true
				}],
			"sum":	{
				"start":	8.00019,
				"end":	9.000464,
				"seconds":	1.0002739429473877,
				"bytes":	5636096,
				"bits_per_second":	45076419.63274812,
				"retransmits":	0,
				"omitted":	false,
				"sender":	true
			}
		}, {
			"streams":	[{
					"socket":	5,
					"start":	9.000464,
					"end":	10.00006,
					"seconds":	0.9995959997177124,
					"bytes":	8650752,
					"bits_per_second":	69233986.550110146,
					"retransmits":	0,
					"snd_cwnd":	16653448,
					"rtt":	694739,
					"rttvar":	169963,
					"pmtu":	1500,
					"omitted":	false,
					"sender":	true
				}],
			"sum":	{
				"start":	9.000464,
				"end":	10.00006,
				"seconds":	0.9995959997177124,
				"bytes":	8650752,
				"bits_per_second":	69233986.550110146,
				"retransmits":	0,
				"omitted":	false,
				"sender":	true
			}
		}],
	"end":	{
		"streams":	[{
				"sender":	{
					"socket":	5,
					"start":	0,
					"end":	10.00006,
					"seconds":	10.00006,
					"bytes":	27603256,
					"bits_per_second":	22082472.30516617,
					"retransmits":	0,
					"max_snd_cwnd":	16653448,
					"max_rtt":	830773,
					"min_rtt":	296125,
					"mean_rtt":	653385,
					"sender":	true
				},
				"receiver":	{
					"socket":	5,
					"start":	0,
					"end":	10.575023999999999,
					"seconds":	10.00006,
					"bytes":	25012752,
					"bits_per_second":	18922133.510051612,
					"sender":	true
				}
			}],
		"sum_sent":	{
			"start":	0,
			"end":	10.00006,
			"seconds":	10.00006,
			"bytes":	27603256,
			"bits_per_second":	22082472.30516617,
			"retransmits":	0,
			"sender":	true
		},
		"sum_received":	{
			"start":	0,
			"end":	10.575023999999999,
			"seconds":	10.575023999999999,
			"bytes":	25012752,
			"bits_per_second":	18922133.510051612,
			"sender":	true
		},
		"cpu_utilization_percent":	{
			"host_total":	5.2576480785733448,
			"host_user":	0.787684665250908,
			"host_system":	4.4699544049318423,
			"remote_total":	0.39136279106038036,
			"remote_user":	0,
			"remote_system":	0.39135397955996248
		},
		"sender_tcp_congestion":	"cubic",
		"receiver_tcp_congestion":	"cubic"
	}
}
