{
	"start":	{
		"connected":	[{
				"socket":	5,
				"local_host":	"10.0.4.13",
				"local_port":	46958,
				"remote_host":	"10.0.6.10",
				"remote_port":	5203
			}],
		"version":	"iperf 3.7",
		"system_info":	"Linux ubuntu 5.11.0-40-generic #44~20.04.2-Ubuntu SMP Tue Oct 26 18:07:44 UTC 2021 x86_64",
		"timestamp":	{
			"time":	"Sun, 21 Nov 2021 04:35:10 GMT",
			"timesecs":	1637469310
		},
		"connecting_to":	{
			"host":	"10.0.6.10",
			"port":	5203
		},
		"cookie":	"2pttpjhfusna3fsr2j4o2d544csvfjia3bs7",
		"tcp_mss_default":	1448,
		"target_bitrate":	1000000000,
		"sock_bufsize":	0,
		"sndbuf_actual":	87380,
		"rcvbuf_actual":	87380,
		"test_start":	{
			"protocol":	"TCP",
			"num_streams":	1,
			"blksize":	131072,
			"omit":	0,
			"duration":	10,
			"bytes":	0,
			"blocks":	0,
			"reverse":	0,
			"tos":	0
		}
	},
	"intervals":	[{
			"streams":	[{
					"socket":	5,
					"start":	0,
					"end":	1.000973,
					"seconds":	1.0009729862213135,
					"bytes":	79640,
					"bits_per_second":	636500.69359527528,
					"retransmits":	1,
					"snd_cwnd":	17376,
					"rtt":	194291,
					"rttvar":	181400,
					"pmtu":	1500,
					"omitted":	false,
					"sender":	true
				}],
			"sum":	{
				"start":	0,
				"end":	1.000973,
				"seconds":	1.0009729862213135,
				"bytes":	79640,
				"bits_per_second":	636500.69359527528,
				"retransmits":	1,
				"omitted":	false,
				"sender":	true
			}
		}, {
			"streams":	[{
					"socket":	5,
					"start":	1.000973,
					"end":	2.000562,
					"seconds":	0.99958902597427368,
					"bytes":	130320,
					"bits_per_second":	1042988.6412406774,
					"retransmits":	1,
					"snd_cwnd":	36200,
					"rtt":	272456,
					"rttvar":	237510,
					"pmtu":	1500,
					"omitted":	false,
					"sender":	true
				}],
			"sum":	{
				"start":	1.000973,
				"end":	2.000562,
				"seconds":	0.99958902597427368,
				"bytes":	130320,
				"bits_per_second":	1042988.6412406774,
				"retransmits":	1,
				"omitted":	false,
				"sender":	true
			}
		}, {
			"streams":	[{
					"socket":	5,
					"start":	2.000562,
					"end":	3.000477,
					"seconds":	0.99991500377655029,
					"bytes":	131072,
					"bits_per_second":	1048665.1325759324,
					"retransmits":	0,
					"snd_cwnd":	69504,
					"rtt":	369707,
					"rttvar":	372635,
					"pmtu":	1500,
					"omitted":	false,
					"sender":	true
				}],
			"sum":	{
				"start":	2.000562,
				"end":	3.000477,
				"seconds":	0.99991500377655029,
				"bytes":	131072,
				"bits_per_second":	1048665.1325759324,
				"retransmits":	0,
				"omitted":	false,
				"sender":	true
			}
		}, {
			"streams":	[{
					"socket":	5,
					"start":	3.000477,
					"end":	4.000323,
					"seconds":	0.99984598159790039,
					"bytes":	262144,
					"bits_per_second":	2097475.0497556073,
					"retransmits":	0,
					"snd_cwnd":	111496,
					"rtt":	529581,
					"rttvar":	486783,
					"pmtu":	1500,
					"omitted":	false,
					"sender":	true
				}],
			"sum":	{
				"start":	3.000477,
				"end":	4.000323,
				"seconds":	0.99984598159790039,
				"bytes":	262144,
				"bits_per_second":	2097475.0497556073,
				"retransmits":	0,
				"omitted":	false,
				"sender":	true
			}
		}, {
			"streams":	[{
					"socket":	5,
					"start":	4.000323,
					"end":	5.000183,
					"seconds":	0.99985998868942261,
					"bytes":	786432,
					"bits_per_second":	6292336.9983497337,
					"retransmits":	0,
					"snd_cwnd":	298288,
					"rtt":	639570,
					"rttvar":	213157,
					"pmtu":	1500,
					"omitted":	false,
					"sender":	true
				}],
			"sum":	{
				"start":	4.000323,
				"end":	5.000183,
				"seconds":	0.99985998868942261,
				"bytes":	786432,
				"bits_per_second":	6292336.9983497337,
				"retransmits":	0,
				"omitted":	false,
				"sender":	true
			}
		}, {
			"streams":	[{
					"socket":	5,
					"start":	5.000183,
					"end":	6.00036,
					"seconds":	1.0001770257949829,
					"bytes":	2097152,
					"bits_per_second":	16774246.525673553,
					"retransmits":	0,
					"snd_cwnd":	725448,
					"rtt":	697073,
					"rttvar":	176976,
					"pmtu":	1500,
					"omitted":	false,
					"sender":	true
				}],
			"sum":	{
				"start":	5.000183,
				"end":	6.00036,
				"seconds":	1.0001770257949829,
				"bytes":	2097152,
				"bits_per_second":	16774246.525673553,
				"retransmits":	0,
				"omitted":	false,
				"sender":	true
			}
		}, {
			"streams":	[{
					"socket":	5,
					"start":	6.00036,
					"end":	7.00015,
					"seconds":	0.9997900128364563,
					"bytes":	4980736,
					"bits_per_second":	39854256.882357866,
					"retransmits":	0,
					"snd_cwnd":	1731808,
					"rtt":	782558,
					"rttvar":	254794,
					"pmtu":	1500,
					"omitted":	false,
					"sender":	true
				}],
			"sum":	{
				"start":	6.00036,
				"end":	7.00015,
				"seconds":	0.9997900128364563,
				"bytes":	4980736,
				"bits_per_second":	39854256.882357866,
				"retransmits":	0,
				"omitted":	false,
				"sender":	true
			}
		}, {
			"streams":	[{
					"socket":	5,
					"start":	7.00015,
					"end":	8.000168,
					"seconds":	1.0000180006027222,
					"bytes":	4849664,
					"bits_per_second":	38796613.637570947,
					"retransmits":	0,
					"snd_cwnd":	2830840,
					"rtt":	772965,
					"rttvar":	238570,
					"pmtu":	1500,
					"omitted":	false,
					"sender":	true
				}],
			"sum":	{
				"start":	7.00015,
				"end":	8.000168,
				"seconds":	1.0000180006027222,
				"bytes":	4849664,
				"bits_per_second":	38796613.637570947,
				"retransmits":	0,
				"omitted":	false,
				"sender":	true
			}
		}, {
			"streams":	[{
					"socket":	5,
					"start":	8.000168,
					"end":	9.000294,
					"seconds":	1.0001260042190552,
					"bytes":	3932160,
					"bits_per_second":	31453316.7493863,
					"retransmits":	0,
					"snd_cwnd":	6540616,
					"rtt":	758210,
					"rttvar":	195534,
					"pmtu":	1500,
					"omitted":	false,
					"sender":	true
				}],
			"sum":	{
				"start":	8.000168,
				"end":	9.000294,
				"seconds":	1.0001260042190552,
				"bytes":	3932160,
				"bits_per_second":	31453316.7493863,
				"retransmits":	0,
				"omitted":	false,
				"sender":	true
			}
		}, {
			"streams":	[{
					"socket":	5,
					"start":	9.000294,
					"end":	10.000169,
					"seconds":	0.999875009059906,
					"bytes":	7995392,
					"bits_per_second":	63971131.81190405,
					"retransmits":	0,
					"snd_cwnd":	14443800,
					"rtt":	796874,
					"rttvar":	231205,
					"pmtu":	1500,
					"omitted":	false,
					"sender":	true
				}],
			"sum":	{
				"start":	9.000294,
				"end":	10.000169,
				"seconds":	0.999875009059906,
				"bytes":	7995392,
				"bits_per_second":	63971131.81190405,
				"retransmits":	0,
				"omitted":	false,
				"sender":	true
			}
		}],
	"end":	{
		"streams":	[{
				"sender":	{
					"socket":	5,
					"start":	0,
					"end":	10.000169,
					"seconds":	10.000169,
					"bytes":	25244712,
					"bits_per_second":	20195428.297261778,
					"retransmits":	2,
					"max_snd_cwnd":	14443800,
					"max_rtt":	796874,
					"min_rtt":	194291,
					"mean_rtt":	581328,
					"sender":	true
				},
				"receiver":	{
					"socket":	5,
					"start":	0,
					"end":	10.440826,
					"seconds":	10.000169,
					"bytes":	22785728,
					"bits_per_second":	17458946.638896197,
					"sender":	true
				}
			}],
		"sum_sent":	{
			"start":	0,
			"end":	10.000169,
			"seconds":	10.000169,
			"bytes":	25244712,
			"bits_per_second":	20195428.297261778,
			"retransmits":	2,
			"sender":	true
		},
		"sum_received":	{
			"start":	0,
			"end":	10.440826,
			"seconds":	10.440826,
			"bytes":	22785728,
			"bits_per_second":	17458946.638896197,
			"sender":	true
		},
		"cpu_utilization_percent":	{
			"host_total":	5.1849721534965685,
			"host_user":	0.662050504411132,
			"host_system":	4.5229124754720509,
			"remote_total":	0.42254211066320191,
			"remote_user":	0,
			"remote_system":	0.42254211066320191
		},
		"sender_tcp_congestion":	"cubic",
		"receiver_tcp_congestion":	"cubic"
	}
}
