{
	"start":	{
		"connected":	[{
				"socket":	5,
				"local_host":	"10.0.2.11",
				"local_port":	36211,
				"remote_host":	"10.0.6.10",
				"remote_port":	5201
			}],
		"version":	"iperf 3.7",
		"system_info":	"Linux ubuntu 5.11.0-40-generic #44~20.04.2-Ubuntu SMP Tue Oct 26 18:07:44 UTC 2021 x86_64",
		"timestamp":	{
			"time":	"Sun, 21 Nov 2021 04:45:32 GMT",
			"timesecs":	1637469932
		},
		"connecting_to":	{
			"host":	"10.0.6.10",
			"port":	5201
		},
		"cookie":	"crhojwlu7popbstgelyub7knvo6bhqlfsc4k",
		"sock_bufsize":	0,
		"sndbuf_actual":	212992,
		"rcvbuf_actual":	212992,
		"test_start":	{
			"protocol":	"UDP",
			"num_streams":	1,
			"blksize":	1448,
			"omit":	0,
			"duration":	10,
			"bytes":	0,
			"blocks":	0,
			"reverse":	0,
			"tos":	0
		}
	},
	"intervals":	[{
			"streams":	[{
					"socket":	5,
					"start":	0,
					"end":	1.000006,
					"seconds":	1.0000059604644775,
					"bytes":	51247616,
					"bits_per_second":	409978484.33780754,
					"packets":	35392,
					"omitted":	false,
					"sender":	true
				}],
			"sum":	{
				"start":	0,
				"end":	1.000006,
				"seconds":	1.0000059604644775,
				"bytes":	51247616,
				"bits_per_second":	409978484.33780754,
				"packets":	35392,
				"omitted":	false,
				"sender":	true
			}
		}, {
			"streams":	[{
					"socket":	5,
					"start":	1.000006,
					"end":	2.000067,
					"seconds":	1.00006103515625,
					"bytes":	58095208,
					"bits_per_second":	464733298.93048519,
					"packets":	40121,
					"omitted":	false,
					"sender":	true
				}],
			"sum":	{
				"start":	1.000006,
				"end":	2.000067,
				"seconds":	1.00006103515625,
				"bytes":	58095208,
				"bits_per_second":	464733298.93048519,
				"packets":	40121,
				"omitted":	false,
				"sender":	true
			}
		}, {
			"streams":	[{
					"socket":	5,
					"start":	2.000067,
					"end":	3.000142,
					"seconds":	1.0000749826431274,
					"bytes":	54066872,
					"bits_per_second":	432502545.8159554,
					"packets":	37339,
					"omitted":	false,
					"sender":	true
				}],
			"sum":	{
				"start":	2.000067,
				"end":	3.000142,
				"seconds":	1.0000749826431274,
				"bytes":	54066872,
				"bits_per_second":	432502545.8159554,
				"packets":	37339,
				"omitted":	false,
				"sender":	true
			}
		}, {
			"streams":	[{
					"socket":	5,
					"start":	3.000142,
					"end":	4.007578,
					"seconds":	1.0074360370635986,
					"bytes":	55713248,
					"bits_per_second":	442416161.02905291,
					"packets":	38476,
					"omitted":	false,
					"sender":	true
				}],
			"sum":	{
				"start":	3.000142,
				"end":	4.007578,
				"seconds":	1.0074360370635986,
				"bytes":	55713248,
				"bits_per_second":	442416161.02905291,
				"packets":	38476,
				"omitted":	false,
				"sender":	true
			}
		}, {
			"streams":	[{
					"socket":	5,
					"start":	4.007578,
					"end":	5.000074,
					"seconds":	0.99249601364135742,
					"bytes":	45480232,
					"bits_per_second":	366592763.09343016,
					"packets":	31409,
					"omitted":	false,
					"sender":	true
				}],
			"sum":	{
				"start":	4.007578,
				"end":	5.000074,
				"seconds":	0.99249601364135742,
				"bytes":	45480232,
				"bits_per_second":	366592763.09343016,
				"packets":	31409,
				"omitted":	false,
				"sender":	true
			}
		}, {
			"streams":	[{
					"socket":	5,
					"start":	5.000074,
					"end":	6.000235,
					"seconds":	1.0001610517501831,
					"bytes":	53555728,
					"bits_per_second":	428376833.16128147,
					"packets":	36986,
					"omitted":	false,
					"sender":	true
				}],
			"sum":	{
				"start":	5.000074,
				"end":	6.000235,
				"seconds":	1.0001610517501831,
				"bytes":	53555728,
				"bits_per_second":	428376833.16128147,
				"packets":	36986,
				"omitted":	false,
				"sender":	true
			}
		}, {
			"streams":	[{
					"socket":	5,
					"start":	6.000235,
					"end":	7.00229,
					"seconds":	1.0020550489425659,
					"bytes":	54095832,
					"bits_per_second":	431879123.26441914,
					"packets":	37359,
					"omitted":	false,
					"sender":	true
				}],
			"sum":	{
				"start":	6.000235,
				"end":	7.00229,
				"seconds":	1.0020550489425659,
				"bytes":	54095832,
				"bits_per_second":	431879123.26441914,
				"packets":	37359,
				"omitted":	false,
				"sender":	true
			}
		}, {
			"streams":	[{
					"socket":	5,
					"start":	7.00229,
					"end":	8.000156,
					"seconds":	0.99786597490310669,
					"bytes":	60548120,
					"bits_per_second":	485420860.29843241,
					"packets":	41815,
					"omitted":	false,
					"sender":	true
				}],
			"sum":	{
				"start":	7.00229,
				"end":	8.000156,
				"seconds":	0.99786597490310669,
				"bytes":	60548120,
				"bits_per_second":	485420860.29843241,
				"packets":	41815,
				"omitted":	false,
				"sender":	true
			}
		}, {
			"streams":	[{
					"socket":	5,
					"start":	8.000156,
					"end":	9.00001,
					"seconds":	0.99985402822494507,
					"bytes":	48080840,
					"bits_per_second":	384702875.76164365,
					"packets":	33205,
					"omitted":	false,
					"sender":	true
				}],
			"sum":	{
				"start":	8.000156,
				"end":	9.00001,
				"seconds":	0.99985402822494507,
				"bytes":	48080840,
				"bits_per_second":	384702875.76164365,
				"packets":	33205,
				"omitted":	false,
				"sender":	true
			}
		}, {
			"streams":	[{
					"socket":	5,
					"start":	9.00001,
					"end":	10.000025,
					"seconds":	1.0000150203704834,
					"bytes":	54178368,
					"bits_per_second":	433420433.86450827,
					"packets":	37416,
					"omitted":	false,
					"sender":	true
				}],
			"sum":	{
				"start":	9.00001,
				"end":	10.000025,
				"seconds":	1.0000150203704834,
				"bytes":	54178368,
				"bits_per_second":	433420433.86450827,
				"packets":	37416,
				"omitted":	false,
				"sender":	true
			}
		}],
	"end":	{
		"streams":	[{
				"udp":	{
					"socket":	5,
					"start":	0,
					"end":	10.000025,
					"seconds":	10.000025,
					"bytes":	535062064,
					"bits_per_second":	428048581.07854724,
					"jitter_ms":	0.0069661401941341636,
					"lost_packets":	13152,
					"packets":	369518,
					"lost_percent":	3.5592312147175509,
					"out_of_order":	0,
					"sender":	true
				}
			}],
		"sum":	{
			"start":	0,
			"end":	10.192626,
			"seconds":	10.192626,
			"bytes":	535062064,
			"bits_per_second":	428048581.07854724,
			"jitter_ms":	0.0069661401941341636,
			"lost_packets":	13152,
			"packets":	369518,
			"lost_percent":	3.5592312147175509,
			"sender":	true
		},
		"cpu_utilization_percent":	{
			"host_total":	26.706649354770818,
			"host_user":	2.0367702007353281,
			"host_system":	24.669869652446113,
			"remote_total":	13.009613058841435,
			"remote_user":	2.4288006572182894,
			"remote_system":	10.580803137720785
		}
	}
}
