{
	"start":	{
		"connected":	[{
				"socket":	5,
				"local_host":	"10.0.4.13",
				"local_port":	32845,
				"remote_host":	"10.0.6.10",
				"remote_port":	5203
			}],
		"version":	"iperf 3.7",
		"system_info":	"Linux ubuntu 5.11.0-40-generic #44~20.04.2-Ubuntu SMP Tue Oct 26 18:07:44 UTC 2021 x86_64",
		"timestamp":	{
			"time":	"Sun, 21 Nov 2021 04:45:32 GMT",
			"timesecs":	1637469932
		},
		"connecting_to":	{
			"host":	"10.0.6.10",
			"port":	5203
		},
		"cookie":	"5fkcupul4fofcz7ka5mqvqrjval36p5l6jva",
		"sock_bufsize":	0,
		"sndbuf_actual":	212992,
		"rcvbuf_actual":	212992,
		"test_start":	{
			"protocol":	"UDP",
			"num_streams":	1,
			"blksize":	1448,
			"omit":	0,
			"duration":	10,
			"bytes":	0,
			"blocks":	0,
			"reverse":	0,
			"tos":	0
		}
	},
	"intervals":	[{
			"streams":	[{
					"socket":	5,
					"start":	0,
					"end":	1.000013,
					"seconds":	1.000012993812561,
					"bytes":	44049608,
					"bits_per_second":	352392285.08069968,
					"packets":	30421,
					"omitted":	false,
					"sender":	true
				}],
			"sum":	{
				"start":	0,
				"end":	1.000013,
				"seconds":	1.000012993812561,
				"bytes":	44049608,
				"bits_per_second":	352392285.08069968,
				"packets":	30421,
				"omitted":	false,
				"sender":	true
			}
		}, {
			"streams":	[{
					"socket":	5,
					"start":	1.000013,
					"end":	2.011545,
					"seconds":	1.0115319490432739,
					"bytes":	56315616,
					"bits_per_second":	445388727.88557494,
					"packets":	38892,
					"omitted":	false,
					"sender":	true
				}],
			"sum":	{
				"start":	1.000013,
				"end":	2.011545,
				"seconds":	1.0115319490432739,
				"bytes":	56315616,
				"bits_per_second":	445388727.88557494,
				"packets":	38892,
				"omitted":	false,
				"sender":	true
			}
		}, {
			"streams":	[{
					"socket":	5,
					"start":	2.011545,
					"end":	3.000073,
					"seconds":	0.98852801322937012,
					"bytes":	49692464,
					"bits_per_second":	402153208.28521436,
					"packets":	34318,
					"omitted":	false,
					"sender":	true
				}],
			"sum":	{
				"start":	2.011545,
				"end":	3.000073,
				"seconds":	0.98852801322937012,
				"bytes":	49692464,
				"bits_per_second":	402153208.28521436,
				"packets":	34318,
				"omitted":	false,
				"sender":	true
			}
		}, {
			"streams":	[{
					"socket":	5,
					"start":	3.000073,
					"end":	4.000016,
					"seconds":	0.99994301795959473,
					"bytes":	50449768,
					"bits_per_second":	403621143.15628773,
					"packets":	34841,
					"omitted":	false,
					"sender":	true
				}],
			"sum":	{
				"start":	3.000073,
				"end":	4.000016,
				"seconds":	0.99994301795959473,
				"bytes":	50449768,
				"bits_per_second":	403621143.15628773,
				"packets":	34841,
				"omitted":	false,
				"sender":	true
			}
		}, {
			"streams":	[{
					"socket":	5,
					"start":	4.000016,
					"end":	5.000009,
					"seconds":	0.99999302625656128,
					"bytes":	50472936,
					"bits_per_second":	403786303.90208751,
					"packets":	34857,
					"omitted":	false,
					"sender":	true
				}],
			"sum":	{
				"start":	4.000016,
				"end":	5.000009,
				"seconds":	0.99999302625656128,
				"bytes":	50472936,
				"bits_per_second":	403786303.90208751,
				"packets":	34857,
				"omitted":	false,
				"sender":	true
			}
		}, {
			"streams":	[{
					"socket":	5,
					"start":	5.000009,
					"end":	6.000253,
					"seconds":	1.0002440214157104,
					"bytes":	50357096,
					"bits_per_second":	402758486.30398268,
					"packets":	34777,
					"omitted":	false,
					"sender":	true
				}],
			"sum":	{
				"start":	5.000009,
				"end":	6.000253,
				"seconds":	1.0002440214157104,
				"bytes":	50357096,
				"bits_per_second":	402758486.30398268,
				"packets":	34777,
				"omitted":	false,
				"sender":	true
			}
		}, {
			"streams":	[{
					"socket":	5,
					"start":	6.000253,
					"end":	7.005629,
					"seconds":	1.0053759813308716,
					"bytes":	43513848,
					"bits_per_second":	346249353.93740618,
					"packets":	30051,
					"omitted":	false,
					"sender":	true
				}],
			"sum":	{
				"start":	6.000253,
				"end":	7.005629,
				"seconds":	1.0053759813308716,
				"bytes":	43513848,
				"bits_per_second":	346249353.93740618,
				"packets":	30051,
				"omitted":	false,
				"sender":	true
			}
		}, {
			"streams":	[{
					"socket":	5,
					"start":	7.005629,
					"end":	8.000013,
					"seconds":	0.99438399076461792,
					"bytes":	52356784,
					"bits_per_second":	421219846.54834169,
					"packets":	36158,
					"omitted":	false,
					"sender":	true
				}],
			"sum":	{
				"start":	7.005629,
				"end":	8.000013,
				"seconds":	0.99438399076461792,
				"bytes":	52356784,
				"bits_per_second":	421219846.54834169,
				"packets":	36158,
				"omitted":	false,
				"sender":	true
			}
		}, {
			"streams":	[{
					"socket":	5,
					"start":	8.000013,
					"end":	9.000017,
					"seconds":	1.0000040531158447,
					"bytes":	55842120,
					"bits_per_second":	446735149.33068788,
					"packets":	38565,
					"omitted":	false,
					"sender":	true
				}],
			"sum":	{
				"start":	8.000013,
				"end":	9.000017,
				"seconds":	1.0000040531158447,
				"bytes":	55842120,
				"bits_per_second":	446735149.33068788,
				"packets":	38565,
				"omitted":	false,
				"sender":	true
			}
		}, {
			"streams":	[{
					"socket":	5,
					"start":	9.000017,
					"end":	10.000006,
					"seconds":	0.99998897314071655,
					"bytes":	128268184,
					"bits_per_second":	1026156787.2864962,
					"packets":	88583,
					"omitted":	false,
					"sender":	true
				}],
			"sum":	{
				"start":	9.000017,
				"end":	10.000006,
				"seconds":	0.99998897314071655,
				"bytes":	128268184,
				"bits_per_second":	1026156787.2864962,
				"packets":	88583,
				"omitted":	false,
				"sender":	true
			}
		}],
	"end":	{
		"streams":	[{
				"udp":	{
					"socket":	5,
					"start":	0,
					"end":	10.000006,
					"seconds":	10.000006,
					"bytes":	581318424,
					"bits_per_second":	465054460.16732389,
					"jitter_ms":	0.0071838775135564274,
					"lost_packets":	20967,
					"packets":	401463,
					"lost_percent":	5.22264816433893,
					"out_of_order":	0,
					"sender":	true
				}
			}],
		"sum":	{
			"start":	0,
			"end":	10.297509,
			"seconds":	10.297509,
			"bytes":	581318424,
			"bits_per_second":	465054460.16732389,
			"jitter_ms":	0.0071838775135564274,
			"lost_packets":	20967,
			"packets":	401463,
			"lost_percent":	5.22264816433893,
			"sender":	true
		},
		"cpu_utilization_percent":	{
			"host_total":	26.593153743932536,
			"host_user":	2.025321916764748,
			"host_system":	24.567840815176432,
			"remote_total":	11.990567672160257,
			"remote_user":	2.0601709354901163,
			"remote_system":	9.93040551321458
		}
	}
}
