{
	"start":	{
		"connected":	[{
				"socket":	5,
				"local_host":	"10.0.3.12",
				"local_port":	53752,
				"remote_host":	"10.0.6.10",
				"remote_port":	5202
			}],
		"version":	"iperf 3.7",
		"system_info":	"Linux ubuntu 5.11.0-40-generic #44~20.04.2-Ubuntu SMP Tue Oct 26 18:07:44 UTC 2021 x86_64",
		"timestamp":	{
			"time":	"Sun, 21 Nov 2021 04:45:32 GMT",
			"timesecs":	1637469932
		},
		"connecting_to":	{
			"host":	"10.0.6.10",
			"port":	5202
		},
		"cookie":	"raemosd3js37rz7zz24c4rhbrptol76cko3o",
		"sock_bufsize":	0,
		"sndbuf_actual":	212992,
		"rcvbuf_actual":	212992,
		"test_start":	{
			"protocol":	"UDP",
			"num_streams":	1,
			"blksize":	1448,
			"omit":	0,
			"duration":	10,
			"bytes":	0,
			"blocks":	0,
			"reverse":	0,
			"tos":	0
		}
	},
	"intervals":	[{
			"streams":	[{
					"socket":	5,
					"start":	0,
					"end":	1.000111,
					"seconds":	1.0001109838485718,
					"bytes":	37338128,
					"bits_per_second":	298671876.24571407,
					"packets":	25786,
					"omitted":	false,
					"sender":	true
				}],
			"sum":	{
				"start":	0,
				"end":	1.000111,
				"seconds":	1.0001109838485718,
				"bytes":	37338128,
				"bits_per_second":	298671876.24571407,
				"packets":	25786,
				"omitted":	false,
				"sender":	true
			}
		}, {
			"streams":	[{
					"socket":	5,
					"start":	1.000111,
					"end":	2.000032,
					"seconds":	0.99992102384567261,
					"bytes":	50619184,
					"bits_per_second":	404985456.19388872,
					"packets":	34958,
					"omitted":	false,
					"sender":	true
				}],
			"sum":	{
				"start":	1.000111,
				"end":	2.000032,
				"seconds":	0.99992102384567261,
				"bytes":	50619184,
				"bits_per_second":	404985456.19388872,
				"packets":	34958,
				"omitted":	false,
				"sender":	true
			}
		}, {
			"streams":	[{
					"socket":	5,
					"start":	2.000032,
					"end":	3.000007,
					"seconds":	0.99997502565383911,
					"bytes":	45561320,
					"bits_per_second":	364499663.14076281,
					"packets":	31465,
					"omitted":	false,
					"sender":	true
				}],
			"sum":	{
				"start":	2.000032,
				"end":	3.000007,
				"seconds":	0.99997502565383911,
				"bytes":	45561320,
				"bits_per_second":	364499663.14076281,
				"packets":	31465,
				"omitted":	false,
				"sender":	true
			}
		}, {
			"streams":	[{
					"socket":	5,
					"start":	3.000007,
					"end":	4.000045,
					"seconds":	1.0000380277633667,
					"bytes":	47029592,
					"bits_per_second":	376222429.10249287,
					"packets":	32479,
					"omitted":	false,
					"sender":	true
				}],
			"sum":	{
				"start":	3.000007,
				"end":	4.000045,
				"seconds":	1.0000380277633667,
				"bytes":	47029592,
				"bits_per_second":	376222429.10249287,
				"packets":	32479,
				"omitted":	false,
				"sender":	true
			}
		}, {
			"streams":	[{
					"socket":	5,
					"start":	4.000045,
					"end":	5.000194,
					"seconds":	1.0001490116119385,
					"bytes":	47123712,
					"bits_per_second":	376933528.5273205,
					"packets":	32544,
					"omitted":	false,
					"sender":	true
				}],
			"sum":	{
				"start":	4.000045,
				"end":	5.000194,
				"seconds":	1.0001490116119385,
				"bytes":	47123712,
				"bits_per_second":	376933528.5273205,
				"packets":	32544,
				"omitted":	false,
				"sender":	true
			}
		}, {
			"streams":	[{
					"socket":	5,
					"start":	5.000194,
					"end":	6.00007,
					"seconds":	0.99987602233886719,
					"bytes":	54840104,
					"bits_per_second":	438775230.32681894,
					"packets":	37873,
					"omitted":	false,
					"sender":	true
				}],
			"sum":	{
				"start":	5.000194,
				"end":	6.00007,
				"seconds":	0.99987602233886719,
				"bytes":	54840104,
				"bits_per_second":	438775230.32681894,
				"packets":	37873,
				"omitted":	false,
				"sender":	true
			}
		}, {
			"streams":	[{
					"socket":	5,
					"start":	6.00007,
					"end":	7.000822,
					"seconds":	1.0007519721984863,
					"bytes":	50814664,
					"bits_per_second":	406211851.98061496,
					"packets":	35093,
					"omitted":	false,
					"sender":	true
				}],
			"sum":	{
				"start":	6.00007,
				"end":	7.000822,
				"seconds":	1.0007519721984863,
				"bytes":	50814664,
				"bits_per_second":	406211851.98061496,
				"packets":	35093,
				"omitted":	false,
				"sender":	true
			}
		}, {
			"streams":	[{
					"socket":	5,
					"start":	7.000822,
					"end":	8.011271,
					"seconds":	1.0104490518569946,
					"bytes":	49588208,
					"bits_per_second":	392603331.43065226,
					"packets":	34246,
					"omitted":	false,
					"sender":	true
				}],
			"sum":	{
				"start":	7.000822,
				"end":	8.011271,
				"seconds":	1.0104490518569946,
				"bytes":	49588208,
				"bits_per_second":	392603331.43065226,
				"packets":	34246,
				"omitted":	false,
				"sender":	true
			}
		}, {
			"streams":	[{
					"socket":	5,
					"start":	8.011271,
					"end":	9.00004,
					"seconds":	0.988768994808197,
					"bytes":	45667024,
					"bits_per_second":	369485889.94830739,
					"packets":	31538,
					"omitted":	false,
					"sender":	true
				}],
			"sum":	{
				"start":	8.011271,
				"end":	9.00004,
				"seconds":	0.988768994808197,
				"bytes":	45667024,
				"bits_per_second":	369485889.94830739,
				"packets":	31538,
				"omitted":	false,
				"sender":	true
			}
		}, {
			"streams":	[{
					"socket":	5,
					"start":	9.00004,
					"end":	10.000013,
					"seconds":	0.99997299909591675,
					"bytes":	58299376,
					"bits_per_second":	466407601.4269098,
					"packets":	40262,
					"omitted":	false,
					"sender":	true
				}],
			"sum":	{
				"start":	9.00004,
				"end":	10.000013,
				"seconds":	0.99997299909591675,
				"bytes":	58299376,
				"bits_per_second":	466407601.4269098,
				"packets":	40262,
				"omitted":	false,
				"sender":	true
			}
		}],
	"end":	{
		"streams":	[{
				"udp":	{
					"socket":	5,
					"start":	0,
					"end":	10.000013,
					"seconds":	10.000013,
					"bytes":	486881312,
					"bits_per_second":	389504543.24409384,
					"jitter_ms":	0.0091744463213876189,
					"lost_packets":	5000,
					"packets":	336244,
					"lost_percent":	1.4870153816871081,
					"out_of_order":	0,
					"sender":	true
				}
			}],
		"sum":	{
			"start":	0,
			"end":	10.288577,
			"seconds":	10.288577,
			"bytes":	486881312,
			"bits_per_second":	389504543.24409384,
			"jitter_ms":	0.0091744463213876189,
			"lost_packets":	5000,
			"packets":	336244,
			"lost_percent":	1.4870153816871081,
			"sender":	true
		},
		"cpu_utilization_percent":	{
			"host_total":	26.069723602712564,
			"host_user":	2.5258798781946137,
			"host_system":	23.543843724517949,
			"remote_total":	11.591829276634895,
			"remote_user":	2.811207772406799,
			"remote_system":	8.7806123221956813
		}
	}
}
