{
	"start":	{
		"connected":	[{
				"socket":	5,
				"local_host":	"10.0.2.11",
				"local_port":	36564,
				"remote_host":	"10.0.7.10",
				"remote_port":	5201
			}],
		"version":	"iperf 3.7",
		"system_info":	"Linux ubuntu 5.11.0-40-generic #44~20.04.2-Ubuntu SMP Tue Oct 26 18:07:44 UTC 2021 x86_64",
		"timestamp":	{
			"time":	"Mon, 22 Nov 2021 06:56:16 GMT",
			"timesecs":	1637564176
		},
		"connecting_to":	{
			"host":	"10.0.7.10",
			"port":	5201
		},
		"cookie":	"6dcqskeudz5yxprlzcr2k2g6mcz3zerv6mqc",
		"tcp_mss_default":	1448,
		"target_bitrate":	1000000000,
		"sock_bufsize":	0,
		"sndbuf_actual":	87380,
		"rcvbuf_actual":	87380,
		"test_start":	{
			"protocol":	"TCP",
			"num_streams":	1,
			"blksize":	131072,
			"omit":	0,
			"duration":	10,
			"bytes":	0,
			"blocks":	0,
			"reverse":	0,
			"tos":	0
		}
	},
	"intervals":	[{
			"streams":	[{
					"socket":	5,
					"start":	0,
					"end":	1.000142,
					"seconds":	1.000141978263855,
					"bytes":	74122976,
					"bits_per_second":	592899629.14001441,
					"retransmits":	998,
					"snd_cwnd":	37648,
					"rtt":	524,
					"rttvar":	70,
					"pmtu":	1500,
					"omitted":	false,
					"sender":	true
				}],
			"sum":	{
				"start":	0,
				"end":	1.000142,
				"seconds":	1.000141978263855,
				"bytes":	74122976,
				"bits_per_second":	592899629.14001441,
				"retransmits":	998,
				"omitted":	false,
				"sender":	true
			}
		}, {
			"streams":	[{
					"socket":	5,
					"start":	1.000142,
					"end":	2.00015,
					"seconds":	1.0000079870224,
					"bytes":	73138176,
					"bits_per_second":	585100734.787325,
					"retransmits":	1034,
					"snd_cwnd":	40544,
					"rtt":	643,
					"rttvar":	161,
					"pmtu":	1500,
					"omitted":	false,
					"sender":	true
				}],
			"sum":	{
				"start":	1.000142,
				"end":	2.00015,
				"seconds":	1.0000079870224,
				"bytes":	73138176,
				"bits_per_second":	585100734.787325,
				"retransmits":	1034,
				"omitted":	false,
				"sender":	true
			}
		}, {
			"streams":	[{
					"socket":	5,
					"start":	2.00015,
					"end":	3.000389,
					"seconds":	1.0002390146255493,
					"bytes":	78512128,
					"bits_per_second":	627946935.498347,
					"retransmits":	1066,
					"snd_cwnd":	70952,
					"rtt":	384,
					"rttvar":	120,
					"pmtu":	1500,
					"omitted":	false,
					"sender":	true
				}],
			"sum":	{
				"start":	2.00015,
				"end":	3.000389,
				"seconds":	1.0002390146255493,
				"bytes":	78512128,
				"bits_per_second":	627946935.498347,
				"retransmits":	1066,
				"omitted":	false,
				"sender":	true
			}
		}, {
			"streams":	[{
					"socket":	5,
					"start":	3.000389,
					"end":	4.000135,
					"seconds":	0.99974602460861206,
					"bytes":	66846720,
					"bits_per_second":	534909613.87854195,
					"retransmits":	1133,
					"snd_cwnd":	46336,
					"rtt":	275,
					"rttvar":	101,
					"pmtu":	1500,
					"omitted":	false,
					"sender":	true
				}],
			"sum":	{
				"start":	3.000389,
				"end":	4.000135,
				"seconds":	0.99974602460861206,
				"bytes":	66846720,
				"bits_per_second":	534909613.87854195,
				"retransmits":	1133,
				"omitted":	false,
				"sender":	true
			}
		}, {
			"streams":	[{
					"socket":	5,
					"start":	4.000135,
					"end":	5.000268,
					"seconds":	1.0001330375671387,
					"bytes":	69599232,
					"bits_per_second":	556719791.35338044,
					"retransmits":	962,
					"snd_cwnd":	44888,
					"rtt":	580,
					"rttvar":	160,
					"pmtu":	1500,
					"omitted":	false,
					"sender":	true
				}],
			"sum":	{
				"start":	4.000135,
				"end":	5.000268,
				"seconds":	1.0001330375671387,
				"bytes":	69599232,
				"bits_per_second":	556719791.35338044,
				"retransmits":	962,
				"omitted":	false,
				"sender":	true
			}
		}, {
			"streams":	[{
					"socket":	5,
					"start":	5.000268,
					"end":	6.000129,
					"seconds":	0.99986100196838379,
					"bytes":	73138176,
					"bits_per_second":	585186747.806073,
					"retransmits":	1062,
					"snd_cwnd":	41992,
					"rtt":	554,
					"rttvar":	102,
					"pmtu":	1500,
					"omitted":	false,
					"sender":	true
				}],
			"sum":	{
				"start":	5.000268,
				"end":	6.000129,
				"seconds":	0.99986100196838379,
				"bytes":	73138176,
				"bits_per_second":	585186747.806073,
				"retransmits":	1062,
				"omitted":	false,
				"sender":	true
			}
		}, {
			"streams":	[{
					"socket":	5,
					"start":	6.000129,
					"end":	7.000206,
					"seconds":	1.0000770092010498,
					"bytes":	75235328,
					"bits_per_second":	601836277.06914008,
					"retransmits":	892,
					"snd_cwnd":	43440,
					"rtt":	408,
					"rttvar":	43,
					"pmtu":	1500,
					"omitted":	false,
					"sender":	true
				}],
			"sum":	{
				"start":	6.000129,
				"end":	7.000206,
				"seconds":	1.0000770092010498,
				"bytes":	75235328,
				"bits_per_second":	601836277.06914008,
				"retransmits":	892,
				"omitted":	false,
				"sender":	true
			}
		}, {
			"streams":	[{
					"socket":	5,
					"start":	7.000206,
					"end":	8.000053,
					"seconds":	0.99984699487686157,
					"bytes":	63307776,
					"bits_per_second":	506539711.17088223,
					"retransmits":	916,
					"snd_cwnd":	37648,
					"rtt":	469,
					"rttvar":	107,
					"pmtu":	1500,
					"omitted":	false,
					"sender":	true
				}],
			"sum":	{
				"start":	7.000206,
				"end":	8.000053,
				"seconds":	0.99984699487686157,
				"bytes":	63307776,
				"bits_per_second":	506539711.17088223,
				"retransmits":	916,
				"omitted":	false,
				"sender":	true
			}
		}, {
			"streams":	[{
					"socket":	5,
					"start":	8.000053,
					"end":	9.000285,
					"seconds":	1.0002319812774658,
					"bytes":	70647808,
					"bits_per_second":	565051382.65841711,
					"retransmits":	882,
					"snd_cwnd":	41992,
					"rtt":	559,
					"rttvar":	110,
					"pmtu":	1500,
					"omitted":	false,
					"sender":	true
				}],
			"sum":	{
				"start":	8.000053,
				"end":	9.000285,
				"seconds":	1.0002319812774658,
				"bytes":	70647808,
				"bits_per_second":	565051382.65841711,
				"retransmits":	882,
				"omitted":	false,
				"sender":	true
			}
		}, {
			"streams":	[{
					"socket":	5,
					"start":	9.000285,
					"end":	10.000178,
					"seconds":	0.99989300966262817,
					"bytes":	78381056,
					"bits_per_second":	627115543.30354917,
					"retransmits":	1110,
					"snd_cwnd":	11584,
					"rtt":	718,
					"rttvar":	394,
					"pmtu":	1500,
					"omitted":	false,
					"sender":	true
				}],
			"sum":	{
				"start":	9.000285,
				"end":	10.000178,
				"seconds":	0.99989300966262817,
				"bytes":	78381056,
				"bits_per_second":	627115543.30354917,
				"retransmits":	1110,
				"omitted":	false,
				"sender":	true
			}
		}],
	"end":	{
		"streams":	[{
				"sender":	{
					"socket":	5,
					"start":	0,
					"end":	10.000178,
					"seconds":	10.000178,
					"bytes":	722929376,
					"bits_per_second":	578333206.46892488,
					"retransmits":	10055,
					"max_snd_cwnd":	70952,
					"max_rtt":	718,
					"min_rtt":	275,
					"mean_rtt":	511,
					"sender":	true
				},
				"receiver":	{
					"socket":	5,
					"start":	0,
					"end":	10.008086,
					"seconds":	10.000178,
					"bytes":	722447048,
					"bits_per_second":	577490679.43660748,
					"sender":	true
				}
			}],
		"sum_sent":	{
			"start":	0,
			"end":	10.000178,
			"seconds":	10.000178,
			"bytes":	722929376,
			"bits_per_second":	578333206.46892488,
			"retransmits":	10055,
			"sender":	true
		},
		"sum_received":	{
			"start":	0,
			"end":	10.008086,
			"seconds":	10.008086,
			"bytes":	722447048,
			"bits_per_second":	577490679.43660748,
			"sender":	true
		},
		"cpu_utilization_percent":	{
			"host_total":	3.4496329968317689,
			"host_user":	0.34697010243484405,
			"host_system":	3.1026728834598996,
			"remote_total":	12.262928503898742,
			"remote_user":	0.534430888719405,
			"remote_system":	11.728497615179338
		},
		"sender_tcp_congestion":	"cubic",
		"receiver_tcp_congestion":	"cubic"
	}
}
