{
	"start":	{
		"connected":	[{
				"socket":	5,
				"local_host":	"10.0.4.13",
				"local_port":	56938,
				"remote_host":	"10.0.7.10",
				"remote_port":	5203
			}],
		"version":	"iperf 3.7",
		"system_info":	"Linux ubuntu 5.11.0-40-generic #44~20.04.2-Ubuntu SMP Tue Oct 26 18:07:44 UTC 2021 x86_64",
		"timestamp":	{
			"time":	"Mon, 22 Nov 2021 06:56:16 GMT",
			"timesecs":	1637564176
		},
		"connecting_to":	{
			"host":	"10.0.7.10",
			"port":	5203
		},
		"cookie":	"garm57k7436xlqcmmxqoruzxooczbe5elp4a",
		"tcp_mss_default":	1448,
		"target_bitrate":	1000000000,
		"sock_bufsize":	0,
		"sndbuf_actual":	87380,
		"rcvbuf_actual":	87380,
		"test_start":	{
			"protocol":	"TCP",
			"num_streams":	1,
			"blksize":	131072,
			"omit":	0,
			"duration":	10,
			"bytes":	0,
			"blocks":	0,
			"reverse":	0,
			"tos":	0
		}
	},
	"intervals":	[{
			"streams":	[{
					"socket":	5,
					"start":	0,
					"end":	1.00016,
					"seconds":	1.0001599788665771,
					"bytes":	77473096,
					"bits_per_second":	619685631.39505529,
					"retransmits":	1034,
					"snd_cwnd":	41992,
					"rtt":	452,
					"rttvar":	100,
					"pmtu":	1500,
					"omitted":	false,
					"sender":	true
				}],
			"sum":	{
				"start":	0,
				"end":	1.00016,
				"seconds":	1.0001599788665771,
				"bytes":	77473096,
				"bits_per_second":	619685631.39505529,
				"retransmits":	1034,
				"omitted":	false,
				"sender":	true
			}
		}, {
			"streams":	[{
					"socket":	5,
					"start":	1.00016,
					"end":	2.000153,
					"seconds":	0.99999302625656128,
					"bytes":	56229888,
					"bits_per_second":	449842241.08437723,
					"retransmits":	772,
					"snd_cwnd":	36200,
					"rtt":	543,
					"rttvar":	71,
					"pmtu":	1500,
					"omitted":	false,
					"sender":	true
				}],
			"sum":	{
				"start":	1.00016,
				"end":	2.000153,
				"seconds":	0.99999302625656128,
				"bytes":	56229888,
				"bits_per_second":	449842241.08437723,
				"retransmits":	772,
				"omitted":	false,
				"sender":	true
			}
		}, {
			"streams":	[{
					"socket":	5,
					"start":	2.000153,
					"end":	3.000085,
					"seconds":	0.99993199110031128,
					"bytes":	56229888,
					"bits_per_second":	449869699.143242,
					"retransmits":	695,
					"snd_cwnd":	8688,
					"rtt":	645,
					"rttvar":	413,
					"pmtu":	1500,
					"omitted":	false,
					"sender":	true
				}],
			"sum":	{
				"start":	2.000153,
				"end":	3.000085,
				"seconds":	0.99993199110031128,
				"bytes":	56229888,
				"bits_per_second":	449869699.143242,
				"retransmits":	695,
				"omitted":	false,
				"sender":	true
			}
		}, {
			"streams":	[{
					"socket":	5,
					"start":	3.000085,
					"end":	4.000189,
					"seconds":	1.0001039505004883,
					"bytes":	68681728,
					"bits_per_second":	549396713.93661964,
					"retransmits":	1208,
					"snd_cwnd":	46336,
					"rtt":	522,
					"rttvar":	209,
					"pmtu":	1500,
					"omitted":	false,
					"sender":	true
				}],
			"sum":	{
				"start":	3.000085,
				"end":	4.000189,
				"seconds":	1.0001039505004883,
				"bytes":	68681728,
				"bits_per_second":	549396713.93661964,
				"retransmits":	1208,
				"omitted":	false,
				"sender":	true
			}
		}, {
			"streams":	[{
					"socket":	5,
					"start":	4.000189,
					"end":	5.000063,
					"seconds":	0.99987399578094482,
					"bytes":	72744960,
					"bits_per_second":	582033018.615975,
					"retransmits":	904,
					"snd_cwnd":	34752,
					"rtt":	445,
					"rttvar":	88,
					"pmtu":	1500,
					"omitted":	false,
					"sender":	true
				}],
			"sum":	{
				"start":	4.000189,
				"end":	5.000063,
				"seconds":	0.99987399578094482,
				"bytes":	72744960,
				"bits_per_second":	582033018.615975,
				"retransmits":	904,
				"omitted":	false,
				"sender":	true
			}
		}, {
			"streams":	[{
					"socket":	5,
					"start":	5.000063,
					"end":	6.000159,
					"seconds":	1.0000959634780884,
					"bytes":	73531392,
					"bits_per_second":	588194690.79167855,
					"retransmits":	1206,
					"snd_cwnd":	47784,
					"rtt":	421,
					"rttvar":	96,
					"pmtu":	1500,
					"omitted":	false,
					"sender":	true
				}],
			"sum":	{
				"start":	5.000063,
				"end":	6.000159,
				"seconds":	1.0000959634780884,
				"bytes":	73531392,
				"bits_per_second":	588194690.79167855,
				"retransmits":	1206,
				"omitted":	false,
				"sender":	true
			}
		}, {
			"streams":	[{
					"socket":	5,
					"start":	6.000159,
					"end":	7.000331,
					"seconds":	1.0001720190048218,
					"bytes":	74973184,
					"bits_per_second":	599682315.2449224,
					"retransmits":	1088,
					"snd_cwnd":	39096,
					"rtt":	455,
					"rttvar":	68,
					"pmtu":	1500,
					"omitted":	false,
					"sender":	true
				}],
			"sum":	{
				"start":	6.000159,
				"end":	7.000331,
				"seconds":	1.0001720190048218,
				"bytes":	74973184,
				"bits_per_second":	599682315.2449224,
				"retransmits":	1088,
				"omitted":	false,
				"sender":	true
			}
		}, {
			"streams":	[{
					"socket":	5,
					"start":	7.000331,
					"end":	8.000148,
					"seconds":	0.99981701374053955,
					"bytes":	67239936,
					"bits_per_second":	538017937.8899771,
					"retransmits":	996,
					"snd_cwnd":	44888,
					"rtt":	618,
					"rttvar":	91,
					"pmtu":	1500,
					"omitted":	false,
					"sender":	true
				}],
			"sum":	{
				"start":	7.000331,
				"end":	8.000148,
				"seconds":	0.99981701374053955,
				"bytes":	67239936,
				"bits_per_second":	538017937.8899771,
				"retransmits":	996,
				"omitted":	false,
				"sender":	true
			}
		}, {
			"streams":	[{
					"socket":	5,
					"start":	8.000148,
					"end":	9.000199,
					"seconds":	1.0000510215759277,
					"bytes":	61734912,
					"bits_per_second":	493854098.78560162,
					"retransmits":	882,
					"snd_cwnd":	43440,
					"rtt":	344,
					"rttvar":	56,
					"pmtu":	1500,
					"omitted":	false,
					"sender":	true
				}],
			"sum":	{
				"start":	8.000148,
				"end":	9.000199,
				"seconds":	1.0000510215759277,
				"bytes":	61734912,
				"bits_per_second":	493854098.78560162,
				"retransmits":	882,
				"omitted":	false,
				"sender":	true
			}
		}, {
			"streams":	[{
					"socket":	5,
					"start":	9.000199,
					"end":	10.002091,
					"seconds":	1.0018919706344604,
					"bytes":	75759616,
					"bits_per_second":	604932413.63756442,
					"retransmits":	1074,
					"snd_cwnd":	53576,
					"rtt":	786,
					"rttvar":	188,
					"pmtu":	1500,
					"omitted":	false,
					"sender":	true
				}],
			"sum":	{
				"start":	9.000199,
				"end":	10.002091,
				"seconds":	1.0018919706344604,
				"bytes":	75759616,
				"bits_per_second":	604932413.63756442,
				"retransmits":	1074,
				"omitted":	false,
				"sender":	true
			}
		}],
	"end":	{
		"streams":	[{
				"sender":	{
					"socket":	5,
					"start":	0,
					"end":	10.002091,
					"seconds":	10.002091,
					"bytes":	684598600,
					"bits_per_second":	547564384.28724551,
					"retransmits":	9859,
					"max_snd_cwnd":	53576,
					"max_rtt":	786,
					"min_rtt":	344,
					"mean_rtt":	523,
					"sender":	true
				},
				"receiver":	{
					"socket":	5,
					"start":	0,
					"end":	10.008286,
					"seconds":	10.002091,
					"bytes":	684123640,
					"bits_per_second":	546845795.57378757,
					"sender":	true
				}
			}],
		"sum_sent":	{
			"start":	0,
			"end":	10.002091,
			"seconds":	10.002091,
			"bytes":	684598600,
			"bits_per_second":	547564384.28724551,
			"retransmits":	9859,
			"sender":	true
		},
		"sum_received":	{
			"start":	0,
			"end":	10.008286,
			"seconds":	10.008286,
			"bytes":	684123640,
			"bits_per_second":	546845795.57378757,
			"sender":	true
		},
		"cpu_utilization_percent":	{
			"host_total":	3.5812830133794651,
			"host_user":	0.38137139868345055,
			"host_system":	3.1999016253985477,
			"remote_total":	11.513878960035582,
			"remote_user":	0.3915492682814119,
			"remote_system":	11.122319732469716
		},
		"sender_tcp_congestion":	"cubic",
		"receiver_tcp_congestion":	"cubic"
	}
}
