{
	"start":	{
		"connected":	[{
				"socket":	5,
				"local_host":	"10.0.5.10",
				"local_port":	37266,
				"remote_host":	"10.0.7.10",
				"remote_port":	5204
			}],
		"version":	"iperf 3.7",
		"system_info":	"Linux ubuntu 5.11.0-40-generic #44~20.04.2-Ubuntu SMP Tue Oct 26 18:07:44 UTC 2021 x86_64",
		"timestamp":	{
			"time":	"Mon, 22 Nov 2021 06:56:16 GMT",
			"timesecs":	1637564176
		},
		"connecting_to":	{
			"host":	"10.0.7.10",
			"port":	5204
		},
		"cookie":	"oecqpqbxk3w56pj4sjbnpv7saduvpp25bm3r",
		"tcp_mss_default":	1448,
		"target_bitrate":	1000000000,
		"sock_bufsize":	0,
		"sndbuf_actual":	87380,
		"rcvbuf_actual":	87380,
		"test_start":	{
			"protocol":	"TCP",
			"num_streams":	1,
			"blksize":	131072,
			"omit":	0,
			"duration":	10,
			"bytes":	0,
			"blocks":	0,
			"reverse":	0,
			"tos":	0
		}
	},
	"intervals":	[{
			"streams":	[{
					"socket":	5,
					"start":	0,
					"end":	1.000555,
					"seconds":	1.0005550384521484,
					"bytes":	65584632,
					"bits_per_second":	524386001.60534066,
					"retransmits":	982,
					"snd_cwnd":	46336,
					"rtt":	500,
					"rttvar":	78,
					"pmtu":	1500,
					"omitted":	false,
					"sender":	true
				}],
			"sum":	{
				"start":	0,
				"end":	1.000555,
				"seconds":	1.0005550384521484,
				"bytes":	65584632,
				"bits_per_second":	524386001.60534066,
				"retransmits":	982,
				"omitted":	false,
				"sender":	true
			}
		}, {
			"streams":	[{
					"socket":	5,
					"start":	1.000555,
					"end":	2.000211,
					"seconds":	0.99965602159500122,
					"bytes":	69468160,
					"bits_per_second":	555936510.15404332,
					"retransmits":	1012,
					"snd_cwnd":	43440,
					"rtt":	562,
					"rttvar":	142,
					"pmtu":	1500,
					"omitted":	false,
					"sender":	true
				}],
			"sum":	{
				"start":	1.000555,
				"end":	2.000211,
				"seconds":	0.99965602159500122,
				"bytes":	69468160,
				"bits_per_second":	555936510.15404332,
				"retransmits":	1012,
				"omitted":	false,
				"sender":	true
			}
		}, {
			"streams":	[{
					"socket":	5,
					"start":	2.000211,
					"end":	3.000152,
					"seconds":	0.99994099140167236,
					"bytes":	80871424,
					"bits_per_second":	647009571.12789679,
					"retransmits":	1252,
					"snd_cwnd":	44888,
					"rtt":	203,
					"rttvar":	127,
					"pmtu":	1500,
					"omitted":	false,
					"sender":	true
				}],
			"sum":	{
				"start":	2.000211,
				"end":	3.000152,
				"seconds":	0.99994099140167236,
				"bytes":	80871424,
				"bits_per_second":	647009571.12789679,
				"retransmits":	1252,
				"omitted":	false,
				"sender":	true
			}
		}, {
			"streams":	[{
					"socket":	5,
					"start":	3.000152,
					"end":	4.000101,
					"seconds":	0.99994897842407227,
					"bytes":	66060288,
					"bits_per_second":	528509269.375816,
					"retransmits":	806,
					"snd_cwnd":	39096,
					"rtt":	293,
					"rttvar":	90,
					"pmtu":	1500,
					"omitted":	false,
					"sender":	true
				}],
			"sum":	{
				"start":	3.000152,
				"end":	4.000101,
				"seconds":	0.99994897842407227,
				"bytes":	66060288,
				"bits_per_second":	528509269.375816,
				"retransmits":	806,
				"omitted":	false,
				"sender":	true
			}
		}, {
			"streams":	[{
					"socket":	5,
					"start":	4.000101,
					"end":	5.000073,
					"seconds":	0.99997198581695557,
					"bytes":	74448896,
					"bits_per_second":	595607853.46742976,
					"retransmits":	1128,
					"snd_cwnd":	36200,
					"rtt":	460,
					"rttvar":	79,
					"pmtu":	1500,
					"omitted":	false,
					"sender":	true
				}],
			"sum":	{
				"start":	4.000101,
				"end":	5.000073,
				"seconds":	0.99997198581695557,
				"bytes":	74448896,
				"bits_per_second":	595607853.46742976,
				"retransmits":	1128,
				"omitted":	false,
				"sender":	true
			}
		}, {
			"streams":	[{
					"socket":	5,
					"start":	5.000073,
					"end":	6.000234,
					"seconds":	1.0001610517501831,
					"bytes":	80871424,
					"bits_per_second":	646867212.9032259,
					"retransmits":	1249,
					"snd_cwnd":	39096,
					"rtt":	293,
					"rttvar":	74,
					"pmtu":	1500,
					"omitted":	false,
					"sender":	true
				}],
			"sum":	{
				"start":	5.000073,
				"end":	6.000234,
				"seconds":	1.0001610517501831,
				"bytes":	80871424,
				"bits_per_second":	646867212.9032259,
				"retransmits":	1249,
				"omitted":	false,
				"sender":	true
			}
		}, {
			"streams":	[{
					"socket":	5,
					"start":	6.000234,
					"end":	7.000027,
					"seconds":	0.99979299306869507,
					"bytes":	74842112,
					"bits_per_second":	598860864.34980762,
					"retransmits":	1074,
					"snd_cwnd":	49232,
					"rtt":	433,
					"rttvar":	66,
					"pmtu":	1500,
					"omitted":	false,
					"sender":	true
				}],
			"sum":	{
				"start":	6.000234,
				"end":	7.000027,
				"seconds":	0.99979299306869507,
				"bytes":	74842112,
				"bits_per_second":	598860864.34980762,
				"retransmits":	1074,
				"omitted":	false,
				"sender":	true
			}
		}, {
			"streams":	[{
					"socket":	5,
					"start":	7.000027,
					"end":	8.000198,
					"seconds":	1.0001709461212158,
					"bytes":	72351744,
					"bits_per_second":	578715022.911544,
					"retransmits":	769,
					"snd_cwnd":	41992,
					"rtt":	363,
					"rttvar":	104,
					"pmtu":	1500,
					"omitted":	false,
					"sender":	true
				}],
			"sum":	{
				"start":	7.000027,
				"end":	8.000198,
				"seconds":	1.0001709461212158,
				"bytes":	72351744,
				"bits_per_second":	578715022.911544,
				"retransmits":	769,
				"omitted":	false,
				"sender":	true
			}
		}, {
			"streams":	[{
					"socket":	5,
					"start":	8.000198,
					"end":	9.000143,
					"seconds":	0.99994498491287231,
					"bytes":	72744960,
					"bits_per_second":	581991698.323991,
					"retransmits":	1105,
					"snd_cwnd":	40544,
					"rtt":	600,
					"rttvar":	159,
					"pmtu":	1500,
					"omitted":	false,
					"sender":	true
				}],
			"sum":	{
				"start":	8.000198,
				"end":	9.000143,
				"seconds":	0.99994498491287231,
				"bytes":	72744960,
				"bits_per_second":	581991698.323991,
				"retransmits":	1105,
				"omitted":	false,
				"sender":	true
			}
		}, {
			"streams":	[{
					"socket":	5,
					"start":	9.000143,
					"end":	10.003558,
					"seconds":	1.0034149885177612,
					"bytes":	67502080,
					"bits_per_second":	538178765.69464982,
					"retransmits":	1060,
					"snd_cwnd":	37648,
					"rtt":	63,
					"rttvar":	19,
					"pmtu":	1500,
					"omitted":	false,
					"sender":	true
				}],
			"sum":	{
				"start":	9.000143,
				"end":	10.003558,
				"seconds":	1.0034149885177612,
				"bytes":	67502080,
				"bits_per_second":	538178765.69464982,
				"retransmits":	1060,
				"omitted":	false,
				"sender":	true
			}
		}],
	"end":	{
		"streams":	[{
				"sender":	{
					"socket":	5,
					"start":	0,
					"end":	10.003558,
					"seconds":	10.003558,
					"bytes":	724745720,
					"bits_per_second":	579590357.75071228,
					"retransmits":	10437,
					"max_snd_cwnd":	49232,
					"max_rtt":	600,
					"min_rtt":	63,
					"mean_rtt":	377,
					"sender":	true
				},
				"receiver":	{
					"socket":	5,
					"start":	0,
					"end":	10.008842,
					"seconds":	10.003558,
					"bytes":	724073280,
					"bits_per_second":	578746895.99456167,
					"sender":	true
				}
			}],
		"sum_sent":	{
			"start":	0,
			"end":	10.003558,
			"seconds":	10.003558,
			"bytes":	724745720,
			"bits_per_second":	579590357.75071228,
			"retransmits":	10437,
			"sender":	true
		},
		"sum_received":	{
			"start":	0,
			"end":	10.008842,
			"seconds":	10.008842,
			"bytes":	724073280,
			"bits_per_second":	578746895.99456167,
			"sender":	true
		},
		"cpu_utilization_percent":	{
			"host_total":	3.7858235585938753,
			"host_user":	0.25444756594036727,
			"host_system":	3.5313660088362773,
			"remote_total":	12.357699313356282,
			"remote_user":	0.97737992080260039,
			"remote_system":	11.38030945760968
		},
		"sender_tcp_congestion":	"cubic",
		"receiver_tcp_congestion":	"cubic"
	}
}
