{
	"start":	{
		"connected":	[{
				"socket":	5,
				"local_host":	"10.0.1.10",
				"local_port":	59566,
				"remote_host":	"10.0.7.10",
				"remote_port":	5200
			}],
		"version":	"iperf 3.7",
		"system_info":	"Linux ubuntu 5.11.0-40-generic #44~20.04.2-Ubuntu SMP Tue Oct 26 18:07:44 UTC 2021 x86_64",
		"timestamp":	{
			"time":	"Sun, 21 Nov 2021 16:31:47 GMT",
			"timesecs":	1637512307
		},
		"connecting_to":	{
			"host":	"10.0.7.10",
			"port":	5200
		},
		"cookie":	"2shwohsizyx4tb7hyvj5zyratr7vbu6umyp4",
		"tcp_mss_default":	1448,
		"target_bitrate":	1000000000,
		"sock_bufsize":	0,
		"sndbuf_actual":	87380,
		"rcvbuf_actual":	87380,
		"test_start":	{
			"protocol":	"TCP",
			"num_streams":	1,
			"blksize":	131072,
			"omit":	0,
			"duration":	10,
			"bytes":	0,
			"blocks":	0,
			"reverse":	0,
			"tos":	0
		}
	},
	"intervals":	[{
			"streams":	[{
					"socket":	5,
					"start":	0,
					"end":	1.000613,
					"seconds":	1.0006129741668701,
					"bytes":	974672,
					"bits_per_second":	7792599.33791309,
					"retransmits":	0,
					"snd_cwnd":	131768,
					"rtt":	257914,
					"rttvar":	7272,
					"pmtu":	1500,
					"omitted":	false,
					"sender":	true
				}],
			"sum":	{
				"start":	0,
				"end":	1.000613,
				"seconds":	1.0006129741668701,
				"bytes":	974672,
				"bits_per_second":	7792599.33791309,
				"retransmits":	0,
				"omitted":	false,
				"sender":	true
			}
		}, {
			"streams":	[{
					"socket":	5,
					"start":	1.000613,
					"end":	2.000498,
					"seconds":	0.99988502264022827,
					"bytes":	524288,
					"bits_per_second":	4194786.3054542076,
					"retransmits":	0,
					"snd_cwnd":	152040,
					"rtt":	371526,
					"rttvar":	3142,
					"pmtu":	1500,
					"omitted":	false,
					"sender":	true
				}],
			"sum":	{
				"start":	1.000613,
				"end":	2.000498,
				"seconds":	0.99988502264022827,
				"bytes":	524288,
				"bits_per_second":	4194786.3054542076,
				"retransmits":	0,
				"omitted":	false,
				"sender":	true
			}
		}, {
			"streams":	[{
					"socket":	5,
					"start":	2.000498,
					"end":	3.000444,
					"seconds":	0.9999459981918335,
					"bytes":	393216,
					"bits_per_second":	3145897.8841740526,
					"retransmits":	0,
					"snd_cwnd":	169416,
					"rtt":	462676,
					"rttvar":	6916,
					"pmtu":	1500,
					"omitted":	false,
					"sender":	true
				}],
			"sum":	{
				"start":	2.000498,
				"end":	3.000444,
				"seconds":	0.9999459981918335,
				"bytes":	393216,
				"bits_per_second":	3145897.8841740526,
				"retransmits":	0,
				"omitted":	false,
				"sender":	true
			}
		}, {
			"streams":	[{
					"socket":	5,
					"start":	3.000444,
					"end":	4.000621,
					"seconds":	1.0001770257949829,
					"bytes":	393216,
					"bits_per_second":	3145171.2235637913,
					"retransmits":	0,
					"snd_cwnd":	186792,
					"rtt":	521242,
					"rttvar":	4173,
					"pmtu":	1500,
					"omitted":	false,
					"sender":	true
				}],
			"sum":	{
				"start":	3.000444,
				"end":	4.000621,
				"seconds":	1.0001770257949829,
				"bytes":	393216,
				"bits_per_second":	3145171.2235637913,
				"retransmits":	0,
				"omitted":	false,
				"sender":	true
			}
		}, {
			"streams":	[{
					"socket":	5,
					"start":	4.000621,
					"end":	5.000118,
					"seconds":	0.99949699640274048,
					"bytes":	393216,
					"bits_per_second":	3147311.108809426,
					"retransmits":	0,
					"snd_cwnd":	202720,
					"rtt":	574268,
					"rttvar":	2935,
					"pmtu":	1500,
					"omitted":	false,
					"sender":	true
				}],
			"sum":	{
				"start":	4.000621,
				"end":	5.000118,
				"seconds":	0.99949699640274048,
				"bytes":	393216,
				"bits_per_second":	3147311.108809426,
				"retransmits":	0,
				"omitted":	false,
				"sender":	true
			}
		}, {
			"streams":	[{
					"socket":	5,
					"start":	5.000118,
					"end":	6.00016,
					"seconds":	1.0000419616699219,
					"bytes":	393216,
					"bits_per_second":	3145596.0055387081,
					"retransmits":	0,
					"snd_cwnd":	220096,
					"rtt":	622895,
					"rttvar":	3813,
					"pmtu":	1500,
					"omitted":	false,
					"sender":	true
				}],
			"sum":	{
				"start":	5.000118,
				"end":	6.00016,
				"seconds":	1.0000419616699219,
				"bytes":	393216,
				"bits_per_second":	3145596.0055387081,
				"retransmits":	0,
				"omitted":	false,
				"sender":	true
			}
		}, {
			"streams":	[{
					"socket":	5,
					"start":	6.00016,
					"end":	7.000378,
					"seconds":	1.0002180337905884,
					"bytes":	393216,
					"bits_per_second":	3145042.2745113275,
					"retransmits":	0,
					"snd_cwnd":	257744,
					"rtt":	683115,
					"rttvar":	3651,
					"pmtu":	1500,
					"omitted":	false,
					"sender":	true
				}],
			"sum":	{
				"start":	6.00016,
				"end":	7.000378,
				"seconds":	1.0002180337905884,
				"bytes":	393216,
				"bits_per_second":	3145042.2745113275,
				"retransmits":	0,
				"omitted":	false,
				"sender":	true
			}
		}, {
			"streams":	[{
					"socket":	5,
					"start":	7.000378,
					"end":	8.000146,
					"seconds":	0.99976801872253418,
					"bytes":	655360,
					"bits_per_second":	5244096.532212697,
					"retransmits":	0,
					"snd_cwnd":	321456,
					"rtt":	788483,
					"rttvar":	8462,
					"pmtu":	1500,
					"omitted":	false,
					"sender":	true
				}],
			"sum":	{
				"start":	7.000378,
				"end":	8.000146,
				"seconds":	0.99976801872253418,
				"bytes":	655360,
				"bits_per_second":	5244096.532212697,
				"retransmits":	0,
				"omitted":	false,
				"sender":	true
			}
		}, {
			"streams":	[{
					"socket":	5,
					"start":	8.000146,
					"end":	9.00015,
					"seconds":	1.0000040531158447,
					"bytes":	524288,
					"bits_per_second":	4194287.0000689025,
					"retransmits":	0,
					"snd_cwnd":	408336,
					"rtt":	939902,
					"rttvar":	12677,
					"pmtu":	1500,
					"omitted":	false,
					"sender":	true
				}],
			"sum":	{
				"start":	8.000146,
				"end":	9.00015,
				"seconds":	1.0000040531158447,
				"bytes":	524288,
				"bits_per_second":	4194287.0000689025,
				"retransmits":	0,
				"omitted":	false,
				"sender":	true
			}
		}, {
			"streams":	[{
					"socket":	5,
					"start":	9.00015,
					"end":	10.000338,
					"seconds":	1.0001879930496216,
					"bytes":	786432,
					"bits_per_second":	6290273.4723069873,
					"retransmits":	0,
					"snd_cwnd":	514040,
					"rtt":	1130209,
					"rttvar":	19425,
					"pmtu":	1500,
					"omitted":	false,
					"sender":	true
				}],
			"sum":	{
				"start":	9.00015,
				"end":	10.000338,
				"seconds":	1.0001879930496216,
				"bytes":	786432,
				"bits_per_second":	6290273.4723069873,
				"retransmits":	0,
				"omitted":	false,
				"sender":	true
			}
		}],
	"end":	{
		"streams":	[{
				"sender":	{
					"socket":	5,
					"start":	0,
					"end":	10.000338,
					"seconds":	10.000338,
					"bytes":	5431120,
					"bits_per_second":	4344749.1474788152,
					"retransmits":	0,
					"max_snd_cwnd":	514040,
					"max_rtt":	1130209,
					"min_rtt":	257914,
					"mean_rtt":	635223,
					"sender":	true
				},
				"receiver":	{
					"socket":	5,
					"start":	0,
					"end":	11.530928,
					"seconds":	10.000338,
					"bytes":	4060192,
					"bits_per_second":	2816905.6297983998,
					"sender":	true
				}
			}],
		"sum_sent":	{
			"start":	0,
			"end":	10.000338,
			"seconds":	10.000338,
			"bytes":	5431120,
			"bits_per_second":	4344749.1474788152,
			"retransmits":	0,
			"sender":	true
		},
		"sum_received":	{
			"start":	0,
			"end":	11.530928,
			"seconds":	11.530928,
			"bytes":	4060192,
			"bits_per_second":	2816905.6297983998,
			"sender":	true
		},
		"cpu_utilization_percent":	{
			"host_total":	1.9906683427316589,
			"host_user":	0.67259946277117688,
			"host_system":	1.3180588946658256,
			"remote_total":	0.25643086058823056,
			"remote_user":	0.25642221082567951,
			"remote_system":	0
		},
		"sender_tcp_congestion":	"cubic",
		"receiver_tcp_congestion":	"cubic"
	}
}
