{
	"start":	{
		"connected":	[{
				"socket":	5,
				"local_host":	"10.0.2.11",
				"local_port":	44196,
				"remote_host":	"10.0.7.10",
				"remote_port":	5201
			}],
		"version":	"iperf 3.7",
		"system_info":	"Linux ubuntu 5.11.0-40-generic #44~20.04.2-Ubuntu SMP Tue Oct 26 18:07:44 UTC 2021 x86_64",
		"timestamp":	{
			"time":	"Sun, 21 Nov 2021 16:31:47 GMT",
			"timesecs":	1637512307
		},
		"connecting_to":	{
			"host":	"10.0.7.10",
			"port":	5201
		},
		"cookie":	"q3x7n7hcvmiefkjiexxomk5bzikvpzuuuyex",
		"tcp_mss_default":	1448,
		"target_bitrate":	1000000000,
		"sock_bufsize":	0,
		"sndbuf_actual":	87380,
		"rcvbuf_actual":	87380,
		"test_start":	{
			"protocol":	"TCP",
			"num_streams":	1,
			"blksize":	131072,
			"omit":	0,
			"duration":	10,
			"bytes":	0,
			"blocks":	0,
			"reverse":	0,
			"tos":	0
		}
	},
	"intervals":	[{
			"streams":	[{
					"socket":	5,
					"start":	0,
					"end":	1.000223,
					"seconds":	1.0002230405807495,
					"bytes":	1564120,
					"bits_per_second":	12510169.724479377,
					"retransmits":	0,
					"snd_cwnd":	208512,
					"rtt":	260674,
					"rttvar":	6613,
					"pmtu":	1500,
					"omitted":	false,
					"sender":	true
				}],
			"sum":	{
				"start":	0,
				"end":	1.000223,
				"seconds":	1.0002230405807495,
				"bytes":	1564120,
				"bits_per_second":	12510169.724479377,
				"retransmits":	0,
				"omitted":	false,
				"sender":	true
			}
		}, {
			"streams":	[{
					"socket":	5,
					"start":	1.000223,
					"end":	2.000506,
					"seconds":	1.0002830028533936,
					"bytes":	655360,
					"bits_per_second":	5241396.6697866833,
					"retransmits":	0,
					"snd_cwnd":	240368,
					"rtt":	373007,
					"rttvar":	851,
					"pmtu":	1500,
					"omitted":	false,
					"sender":	true
				}],
			"sum":	{
				"start":	1.000223,
				"end":	2.000506,
				"seconds":	1.0002830028533936,
				"bytes":	655360,
				"bits_per_second":	5241396.6697866833,
				"retransmits":	0,
				"omitted":	false,
				"sender":	true
			}
		}, {
			"streams":	[{
					"socket":	5,
					"start":	2.000506,
					"end":	3.000263,
					"seconds":	0.99975699186325073,
					"bytes":	655360,
					"bits_per_second":	5244154.37218281,
					"retransmits":	0,
					"snd_cwnd":	266432,
					"rtt":	461620,
					"rttvar":	5851,
					"pmtu":	1500,
					"omitted":	false,
					"sender":	true
				}],
			"sum":	{
				"start":	2.000506,
				"end":	3.000263,
				"seconds":	0.99975699186325073,
				"bytes":	655360,
				"bits_per_second":	5244154.37218281,
				"retransmits":	0,
				"omitted":	false,
				"sender":	true
			}
		}, {
			"streams":	[{
					"socket":	5,
					"start":	3.000263,
					"end":	4.000101,
					"seconds":	0.99983799457550049,
					"bytes":	655360,
					"bits_per_second":	5243729.5126256533,
					"retransmits":	0,
					"snd_cwnd":	293944,
					"rtt":	522356,
					"rttvar":	3106,
					"pmtu":	1500,
					"omitted":	false,
					"sender":	true
				}],
			"sum":	{
				"start":	3.000263,
				"end":	4.000101,
				"seconds":	0.99983799457550049,
				"bytes":	655360,
				"bits_per_second":	5243729.5126256533,
				"retransmits":	0,
				"omitted":	false,
				"sender":	true
			}
		}, {
			"streams":	[{
					"socket":	5,
					"start":	4.000101,
					"end":	5.000194,
					"seconds":	1.0000929832458496,
					"bytes":	524288,
					"bits_per_second":	4193914.0362600945,
					"retransmits":	0,
					"snd_cwnd":	318560,
					"rtt":	574989,
					"rttvar":	1513,
					"pmtu":	1500,
					"omitted":	false,
					"sender":	true
				}],
			"sum":	{
				"start":	4.000101,
				"end":	5.000194,
				"seconds":	1.0000929832458496,
				"bytes":	524288,
				"bits_per_second":	4193914.0362600945,
				"retransmits":	0,
				"omitted":	false,
				"sender":	true
			}
		}, {
			"streams":	[{
					"socket":	5,
					"start":	5.000194,
					"end":	6.00024,
					"seconds":	1.0000460147857666,
					"bytes":	655360,
					"bits_per_second":	5242638.7611005567,
					"retransmits":	0,
					"snd_cwnd":	344624,
					"rtt":	622763,
					"rttvar":	2446,
					"pmtu":	1500,
					"omitted":	false,
					"sender":	true
				}],
			"sum":	{
				"start":	5.000194,
				"end":	6.00024,
				"seconds":	1.0000460147857666,
				"bytes":	655360,
				"bits_per_second":	5242638.7611005567,
				"retransmits":	0,
				"omitted":	false,
				"sender":	true
			}
		}, {
			"streams":	[{
					"socket":	5,
					"start":	6.00024,
					"end":	7.000444,
					"seconds":	1.0002039670944214,
					"bytes":	655360,
					"bits_per_second":	5241810.8430728316,
					"retransmits":	0,
					"snd_cwnd":	370688,
					"rtt":	685188,
					"rttvar":	3189,
					"pmtu":	1500,
					"omitted":	false,
					"sender":	true
				}],
			"sum":	{
				"start":	6.00024,
				"end":	7.000444,
				"seconds":	1.0002039670944214,
				"bytes":	655360,
				"bits_per_second":	5241810.8430728316,
				"retransmits":	0,
				"omitted":	false,
				"sender":	true
			}
		}, {
			"streams":	[{
					"socket":	5,
					"start":	7.000444,
					"end":	8.000254,
					"seconds":	0.999809980392456,
					"bytes":	655360,
					"bits_per_second":	5243876.4393430129,
					"retransmits":	0,
					"snd_cwnd":	406888,
					"rtt":	789552,
					"rttvar":	6176,
					"pmtu":	1500,
					"omitted":	false,
					"sender":	true
				}],
			"sum":	{
				"start":	7.000444,
				"end":	8.000254,
				"seconds":	0.999809980392456,
				"bytes":	655360,
				"bits_per_second":	5243876.4393430129,
				"retransmits":	0,
				"omitted":	false,
				"sender":	true
			}
		}, {
			"streams":	[{
					"socket":	5,
					"start":	8.000254,
					"end":	9.000217,
					"seconds":	0.99996298551559448,
					"bytes":	655360,
					"bits_per_second":	5243074.0696833888,
					"retransmits":	0,
					"snd_cwnd":	483632,
					"rtt":	937915,
					"rttvar":	12913,
					"pmtu":	1500,
					"omitted":	false,
					"sender":	true
				}],
			"sum":	{
				"start":	8.000254,
				"end":	9.000217,
				"seconds":	0.99996298551559448,
				"bytes":	655360,
				"bits_per_second":	5243074.0696833888,
				"retransmits":	0,
				"omitted":	false,
				"sender":	true
			}
		}, {
			"streams":	[{
					"socket":	5,
					"start":	9.000217,
					"end":	10.000393,
					"seconds":	1.000175952911377,
					"bytes":	786432,
					"bits_per_second":	6290349.1947456067,
					"retransmits":	0,
					"snd_cwnd":	584992,
					"rtt":	1138225,
					"rttvar":	8994,
					"pmtu":	1500,
					"omitted":	false,
					"sender":	true
				}],
			"sum":	{
				"start":	9.000217,
				"end":	10.000393,
				"seconds":	1.000175952911377,
				"bytes":	786432,
				"bits_per_second":	6290349.1947456067,
				"retransmits":	0,
				"omitted":	false,
				"sender":	true
			}
		}],
	"end":	{
		"streams":	[{
				"sender":	{
					"socket":	5,
					"start":	0,
					"end":	10.000393,
					"seconds":	10.000393,
					"bytes":	7462360,
					"bits_per_second":	5969653.39262167,
					"retransmits":	0,
					"max_snd_cwnd":	584992,
					"max_rtt":	1138225,
					"min_rtt":	260674,
					"mean_rtt":	636628,
					"sender":	true
				},
				"receiver":	{
					"socket":	5,
					"start":	0,
					"end":	11.519316,
					"seconds":	10.000393,
					"bytes":	5893360,
					"bits_per_second":	4092854.1243247427,
					"sender":	true
				}
			}],
		"sum_sent":	{
			"start":	0,
			"end":	10.000393,
			"seconds":	10.000393,
			"bytes":	7462360,
			"bits_per_second":	5969653.39262167,
			"retransmits":	0,
			"sender":	true
		},
		"sum_received":	{
			"start":	0,
			"end":	11.519316,
			"seconds":	11.519316,
			"bytes":	5893360,
			"bits_per_second":	4092854.1243247427,
			"sender":	true
		},
		"cpu_utilization_percent":	{
			"host_total":	1.6866869552782118,
			"host_user":	0.83442936006529289,
			"host_system":	0.85226758861827079,
			"remote_total":	0.46504421676558494,
			"remote_user":	0,
			"remote_system":	0.46505287229374087
		},
		"sender_tcp_congestion":	"cubic",
		"receiver_tcp_congestion":	"cubic"
	}
}
