{
	"start":	{
		"connected":	[{
				"socket":	5,
				"local_host":	"10.0.3.12",
				"local_port":	60356,
				"remote_host":	"10.0.7.10",
				"remote_port":	5202
			}],
		"version":	"iperf 3.7",
		"system_info":	"Linux ubuntu 5.11.0-40-generic #44~20.04.2-Ubuntu SMP Tue Oct 26 18:07:44 UTC 2021 x86_64",
		"timestamp":	{
			"time":	"Mon, 22 Nov 2021 06:56:16 GMT",
			"timesecs":	1637564176
		},
		"connecting_to":	{
			"host":	"10.0.7.10",
			"port":	5202
		},
		"cookie":	"pfxkpngntsaftkdcwr7i2gzlqkyhzbhwfwbs",
		"tcp_mss_default":	1448,
		"target_bitrate":	1000000000,
		"sock_bufsize":	0,
		"sndbuf_actual":	87380,
		"rcvbuf_actual":	87380,
		"test_start":	{
			"protocol":	"TCP",
			"num_streams":	1,
			"blksize":	131072,
			"omit":	0,
			"duration":	10,
			"bytes":	0,
			"blocks":	0,
			"reverse":	0,
			"tos":	0
		}
	},
	"intervals":	[{
			"streams":	[{
					"socket":	5,
					"start":	0,
					"end":	1.000378,
					"seconds":	1.0003780126571655,
					"bytes":	68943872,
					"bits_per_second":	551342561.53330636,
					"retransmits":	863,
					"snd_cwnd":	39096,
					"rtt":	394,
					"rttvar":	74,
					"pmtu":	1500,
					"omitted":	false,
					"sender":	true
				}],
			"sum":	{
				"start":	0,
				"end":	1.000378,
				"seconds":	1.0003780126571655,
				"bytes":	68943872,
				"bits_per_second":	551342561.53330636,
				"retransmits":	863,
				"omitted":	false,
				"sender":	true
			}
		}, {
			"streams":	[{
					"socket":	5,
					"start":	1.000378,
					"end":	2.000219,
					"seconds":	0.99984097480773926,
					"bytes":	81526784,
					"bits_per_second":	652318006.99647772,
					"retransmits":	1041,
					"snd_cwnd":	47784,
					"rtt":	530,
					"rttvar":	75,
					"pmtu":	1500,
					"omitted":	false,
					"sender":	true
				}],
			"sum":	{
				"start":	1.000378,
				"end":	2.000219,
				"seconds":	0.99984097480773926,
				"bytes":	81526784,
				"bits_per_second":	652318006.99647772,
				"retransmits":	1041,
				"omitted":	false,
				"sender":	true
			}
		}, {
			"streams":	[{
					"socket":	5,
					"start":	2.000219,
					"end":	3.000061,
					"seconds":	0.99984198808670044,
					"bytes":	77725696,
					"bits_per_second":	621903836.21504867,
					"retransmits":	1021,
					"snd_cwnd":	49232,
					"rtt":	309,
					"rttvar":	79,
					"pmtu":	1500,
					"omitted":	false,
					"sender":	true
				}],
			"sum":	{
				"start":	2.000219,
				"end":	3.000061,
				"seconds":	0.99984198808670044,
				"bytes":	77725696,
				"bits_per_second":	621903836.21504867,
				"retransmits":	1021,
				"omitted":	false,
				"sender":	true
			}
		}, {
			"streams":	[{
					"socket":	5,
					"start":	3.000061,
					"end":	4.000031,
					"seconds":	0.999970018863678,
					"bytes":	63307776,
					"bits_per_second":	506477392.76775658,
					"retransmits":	1092,
					"snd_cwnd":	41992,
					"rtt":	295,
					"rttvar":	143,
					"pmtu":	1500,
					"omitted":	false,
					"sender":	true
				}],
			"sum":	{
				"start":	3.000061,
				"end":	4.000031,
				"seconds":	0.999970018863678,
				"bytes":	63307776,
				"bits_per_second":	506477392.76775658,
				"retransmits":	1092,
				"omitted":	false,
				"sender":	true
			}
		}, {
			"streams":	[{
					"socket":	5,
					"start":	4.000031,
					"end":	5.000128,
					"seconds":	1.0000970363616943,
					"bytes":	74711040,
					"bits_per_second":	597630328.12732029,
					"retransmits":	1110,
					"snd_cwnd":	49232,
					"rtt":	565,
					"rttvar":	131,
					"pmtu":	1500,
					"omitted":	false,
					"sender":	true
				}],
			"sum":	{
				"start":	4.000031,
				"end":	5.000128,
				"seconds":	1.0000970363616943,
				"bytes":	74711040,
				"bits_per_second":	597630328.12732029,
				"retransmits":	1110,
				"omitted":	false,
				"sender":	true
			}
		}, {
			"streams":	[{
					"socket":	5,
					"start":	5.000128,
					"end":	6.000147,
					"seconds":	1.0000189542770386,
					"bytes":	79298560,
					"bits_per_second":	634376455.852909,
					"retransmits":	1089,
					"snd_cwnd":	40544,
					"rtt":	545,
					"rttvar":	138,
					"pmtu":	1500,
					"omitted":	false,
					"sender":	true
				}],
			"sum":	{
				"start":	5.000128,
				"end":	6.000147,
				"seconds":	1.0000189542770386,
				"bytes":	79298560,
				"bits_per_second":	634376455.852909,
				"retransmits":	1089,
				"omitted":	false,
				"sender":	true
			}
		}, {
			"streams":	[{
					"socket":	5,
					"start":	6.000147,
					"end":	7.000139,
					"seconds":	0.9999920129776001,
					"bytes":	52953088,
					"bits_per_second":	423628087.52702433,
					"retransmits":	903,
					"snd_cwnd":	24616,
					"rtt":	534,
					"rttvar":	85,
					"pmtu":	1500,
					"omitted":	false,
					"sender":	true
				}],
			"sum":	{
				"start":	6.000147,
				"end":	7.000139,
				"seconds":	0.9999920129776001,
				"bytes":	52953088,
				"bits_per_second":	423628087.52702433,
				"retransmits":	903,
				"omitted":	false,
				"sender":	true
			}
		}, {
			"streams":	[{
					"socket":	5,
					"start":	7.000139,
					"end":	8.000044,
					"seconds":	0.999904990196228,
					"bytes":	59375616,
					"bits_per_second":	475050062.41321176,
					"retransmits":	979,
					"snd_cwnd":	41992,
					"rtt":	570,
					"rttvar":	97,
					"pmtu":	1500,
					"omitted":	false,
					"sender":	true
				}],
			"sum":	{
				"start":	7.000139,
				"end":	8.000044,
				"seconds":	0.999904990196228,
				"bytes":	59375616,
				"bits_per_second":	475050062.41321176,
				"retransmits":	979,
				"omitted":	false,
				"sender":	true
			}
		}, {
			"streams":	[{
					"socket":	5,
					"start":	8.000044,
					"end":	9.000072,
					"seconds":	1.0000280141830444,
					"bytes":	70778880,
					"bits_per_second":	566215177.94436252,
					"retransmits":	820,
					"snd_cwnd":	36200,
					"rtt":	358,
					"rttvar":	107,
					"pmtu":	1500,
					"omitted":	false,
					"sender":	true
				}],
			"sum":	{
				"start":	8.000044,
				"end":	9.000072,
				"seconds":	1.0000280141830444,
				"bytes":	70778880,
				"bits_per_second":	566215177.94436252,
				"retransmits":	820,
				"omitted":	false,
				"sender":	true
			}
		}, {
			"streams":	[{
					"socket":	5,
					"start":	9.000072,
					"end":	10.000055,
					"seconds":	0.999983012676239,
					"bytes":	68943872,
					"bits_per_second":	551560345.53416336,
					"retransmits":	735,
					"snd_cwnd":	43440,
					"rtt":	114,
					"rttvar":	71,
					"pmtu":	1500,
					"omitted":	false,
					"sender":	true
				}],
			"sum":	{
				"start":	9.000072,
				"end":	10.000055,
				"seconds":	0.999983012676239,
				"bytes":	68943872,
				"bits_per_second":	551560345.53416336,
				"retransmits":	735,
				"omitted":	false,
				"sender":	true
			}
		}],
	"end":	{
		"streams":	[{
				"sender":	{
					"socket":	5,
					"start":	0,
					"end":	10.000055,
					"seconds":	10.000055,
					"bytes":	697565184,
					"bits_per_second":	558049077.93007135,
					"retransmits":	9653,
					"max_snd_cwnd":	49232,
					"max_rtt":	570,
					"min_rtt":	114,
					"mean_rtt":	421,
					"sender":	true
				},
				"receiver":	{
					"socket":	5,
					"start":	0,
					"end":	10.007038,
					"seconds":	10.000055,
					"bytes":	697096160,
					"bits_per_second":	557284711.02038383,
					"sender":	true
				}
			}],
		"sum_sent":	{
			"start":	0,
			"end":	10.000055,
			"seconds":	10.000055,
			"bytes":	697565184,
			"bits_per_second":	558049077.93007135,
			"retransmits":	9653,
			"sender":	true
		},
		"sum_received":	{
			"start":	0,
			"end":	10.007038,
			"seconds":	10.007038,
			"bytes":	697096160,
			"bits_per_second":	557284711.02038383,
			"sender":	true
		},
		"cpu_utilization_percent":	{
			"host_total":	3.4026802093941684,
			"host_user":	0.19943490945015802,
			"host_system":	3.2032452999440104,
			"remote_total":	12.246699677363766,
			"remote_user":	0.84437259255496222,
			"remote_system":	11.402327084808803
		},
		"sender_tcp_congestion":	"cubic",
		"receiver_tcp_congestion":	"cubic"
	}
}
