{
	"start":	{
		"connected":	[{
				"socket":	5,
				"local_host":	"10.0.3.12",
				"local_port":	55868,
				"remote_host":	"10.0.7.10",
				"remote_port":	5202
			}],
		"version":	"iperf 3.7",
		"system_info":	"Linux ubuntu 5.11.0-40-generic #44~20.04.2-Ubuntu SMP Tue Oct 26 18:07:44 UTC 2021 x86_64",
		"timestamp":	{
			"time":	"Sun, 21 Nov 2021 16:31:47 GMT",
			"timesecs":	1637512307
		},
		"connecting_to":	{
			"host":	"10.0.7.10",
			"port":	5202
		},
		"cookie":	"otrsbgnm4eb5zi5yw3cc7ivwrdnglqqobtb7",
		"tcp_mss_default":	1448,
		"target_bitrate":	1000000000,
		"sock_bufsize":	0,
		"sndbuf_actual":	87380,
		"rcvbuf_actual":	87380,
		"test_start":	{
			"protocol":	"TCP",
			"num_streams":	1,
			"blksize":	131072,
			"omit":	0,
			"duration":	10,
			"bytes":	0,
			"blocks":	0,
			"reverse":	0,
			"tos":	0
		}
	},
	"intervals":	[{
			"streams":	[{
					"socket":	5,
					"start":	0,
					"end":	1.000728,
					"seconds":	1.0007280111312866,
					"bytes":	144800,
					"bits_per_second":	1157557.2854111188,
					"retransmits":	0,
					"snd_cwnd":	28960,
					"rtt":	292679,
					"rttvar":	82907,
					"pmtu":	1500,
					"omitted":	false,
					"sender":	true
				}],
			"sum":	{
				"start":	0,
				"end":	1.000728,
				"seconds":	1.0007280111312866,
				"bytes":	144800,
				"bits_per_second":	1157557.2854111188,
				"retransmits":	0,
				"omitted":	false,
				"sender":	true
			}
		}, {
			"streams":	[{
					"socket":	5,
					"start":	1.000728,
					"end":	2.000674,
					"seconds":	0.9999459981918335,
					"bytes":	195480,
					"bits_per_second":	1563924.4547483923,
					"retransmits":	0,
					"snd_cwnd":	53576,
					"rtt":	451912,
					"rttvar":	22364,
					"pmtu":	1500,
					"omitted":	false,
					"sender":	true
				}],
			"sum":	{
				"start":	1.000728,
				"end":	2.000674,
				"seconds":	0.9999459981918335,
				"bytes":	195480,
				"bits_per_second":	1563924.4547483923,
				"retransmits":	0,
				"omitted":	false,
				"sender":	true
			}
		}, {
			"streams":	[{
					"socket":	5,
					"start":	2.000674,
					"end":	3.000572,
					"seconds":	0.99989801645278931,
					"bytes":	131072,
					"bits_per_second":	1048682.9484069778,
					"retransmits":	0,
					"snd_cwnd":	57920,
					"rtt":	516374,
					"rttvar":	13715,
					"pmtu":	1500,
					"omitted":	false,
					"sender":	true
				}],
			"sum":	{
				"start":	2.000674,
				"end":	3.000572,
				"seconds":	0.99989801645278931,
				"bytes":	131072,
				"bits_per_second":	1048682.9484069778,
				"retransmits":	0,
				"omitted":	false,
				"sender":	true
			}
		}, {
			"streams":	[{
					"socket":	5,
					"start":	3.000572,
					"end":	4.00041,
					"seconds":	0.99983799457550049,
					"bytes":	131072,
					"bits_per_second":	1048745.9025251307,
					"retransmits":	0,
					"snd_cwnd":	63712,
					"rtt":	567903,
					"rttvar":	10506,
					"pmtu":	1500,
					"omitted":	false,
					"sender":	true
				}],
			"sum":	{
				"start":	3.000572,
				"end":	4.00041,
				"seconds":	0.99983799457550049,
				"bytes":	131072,
				"bits_per_second":	1048745.9025251307,
				"retransmits":	0,
				"omitted":	false,
				"sender":	true
			}
		}, {
			"streams":	[{
					"socket":	5,
					"start":	4.00041,
					"end":	5.000442,
					"seconds":	1.0000319480895996,
					"bytes":	131072,
					"bits_per_second":	1048542.5010702268,
					"retransmits":	0,
					"snd_cwnd":	69504,
					"rtt":	618603,
					"rttvar":	10748,
					"pmtu":	1500,
					"omitted":	false,
					"sender":	true
				}],
			"sum":	{
				"start":	4.00041,
				"end":	5.000442,
				"seconds":	1.0000319480895996,
				"bytes":	131072,
				"bits_per_second":	1048542.5010702268,
				"retransmits":	0,
				"omitted":	false,
				"sender":	true
			}
		}, {
			"streams":	[{
					"socket":	5,
					"start":	5.000442,
					"end":	6.000165,
					"seconds":	0.99972301721572876,
					"bytes":	131072,
					"bits_per_second":	1048866.5179684758,
					"retransmits":	0,
					"snd_cwnd":	83984,
					"rtt":	669228,
					"rttvar":	12672,
					"pmtu":	1500,
					"omitted":	false,
					"sender":	true
				}],
			"sum":	{
				"start":	5.000442,
				"end":	6.000165,
				"seconds":	0.99972301721572876,
				"bytes":	131072,
				"bits_per_second":	1048866.5179684758,
				"retransmits":	0,
				"omitted":	false,
				"sender":	true
			}
		}, {
			"streams":	[{
					"socket":	5,
					"start":	6.000165,
					"end":	7.000447,
					"seconds":	1.0002820491790771,
					"bytes":	262144,
					"bits_per_second":	2096560.6667850479,
					"retransmits":	0,
					"snd_cwnd":	112944,
					"rtt":	776458,
					"rttvar":	28184,
					"pmtu":	1500,
					"omitted":	false,
					"sender":	true
				}],
			"sum":	{
				"start":	6.000165,
				"end":	7.000447,
				"seconds":	1.0002820491790771,
				"bytes":	262144,
				"bits_per_second":	2096560.6667850479,
				"retransmits":	0,
				"omitted":	false,
				"sender":	true
			}
		}, {
			"streams":	[{
					"socket":	5,
					"start":	7.000447,
					"end":	8.00043,
					"seconds":	0.999983012676239,
					"bytes":	262144,
					"bits_per_second":	2097187.6256051837,
					"retransmits":	0,
					"snd_cwnd":	152040,
					"rtt":	926446,
					"rttvar":	34925,
					"pmtu":	1500,
					"omitted":	false,
					"sender":	true
				}],
			"sum":	{
				"start":	7.000447,
				"end":	8.00043,
				"seconds":	0.999983012676239,
				"bytes":	262144,
				"bits_per_second":	2097187.6256051837,
				"retransmits":	0,
				"omitted":	false,
				"sender":	true
			}
		}, {
			"streams":	[{
					"socket":	5,
					"start":	8.00043,
					"end":	9.000138,
					"seconds":	0.99970799684524536,
					"bytes":	262144,
					"bits_per_second":	2097764.5538676619,
					"retransmits":	0,
					"snd_cwnd":	201272,
					"rtt":	1112625,
					"rttvar":	50977,
					"pmtu":	1500,
					"omitted":	false,
					"sender":	true
				}],
			"sum":	{
				"start":	8.00043,
				"end":	9.000138,
				"seconds":	0.99970799684524536,
				"bytes":	262144,
				"bits_per_second":	2097764.5538676619,
				"retransmits":	0,
				"omitted":	false,
				"sender":	true
			}
		}, {
			"streams":	[{
					"socket":	5,
					"start":	9.000138,
					"end":	10.000183,
					"seconds":	1.0000449419021606,
					"bytes":	393216,
					"bits_per_second":	3145586.631353376,
					"retransmits":	0,
					"snd_cwnd":	278016,
					"rtt":	1360538,
					"rttvar":	37739,
					"pmtu":	1500,
					"omitted":	false,
					"sender":	true
				}],
			"sum":	{
				"start":	9.000138,
				"end":	10.000183,
				"seconds":	1.0000449419021606,
				"bytes":	393216,
				"bits_per_second":	3145586.631353376,
				"retransmits":	0,
				"omitted":	false,
				"sender":	true
			}
		}],
	"end":	{
		"streams":	[{
				"sender":	{
					"socket":	5,
					"start":	0,
					"end":	10.000183,
					"seconds":	10.000183,
					"bytes":	2044216,
					"bits_per_second":	1635342.87322542,
					"retransmits":	0,
					"max_snd_cwnd":	278016,
					"max_rtt":	1360538,
					"min_rtt":	292679,
					"mean_rtt":	729276,
					"sender":	true
				},
				"receiver":	{
					"socket":	5,
					"start":	0,
					"end":	11.938798,
					"seconds":	10.000183,
					"bytes":	1285824,
					"bits_per_second":	861610.35641946527,
					"sender":	true
				}
			}],
		"sum_sent":	{
			"start":	0,
			"end":	10.000183,
			"seconds":	10.000183,
			"bytes":	2044216,
			"bits_per_second":	1635342.87322542,
			"retransmits":	0,
			"sender":	true
		},
		"sum_received":	{
			"start":	0,
			"end":	11.938798,
			"seconds":	11.938798,
			"bytes":	1285824,
			"bits_per_second":	861610.35641946527,
			"sender":	true
		},
		"cpu_utilization_percent":	{
			"host_total":	6.5641288592694709,
			"host_user":	0.97732920848197735,
			"host_system":	5.5867905529210153,
			"remote_total":	0.092583605923967555,
			"remote_user":	0,
			"remote_system":	0.092583605923967555
		},
		"sender_tcp_congestion":	"cubic",
		"receiver_tcp_congestion":	"cubic"
	}
}
