{
	"start":	{
		"connected":	[{
				"socket":	5,
				"local_host":	"10.0.1.10",
				"local_port":	51770,
				"remote_host":	"10.0.7.10",
				"remote_port":	5200
			}],
		"version":	"iperf 3.7",
		"system_info":	"Linux ubuntu 5.11.0-40-generic #44~20.04.2-Ubuntu SMP Tue Oct 26 18:07:44 UTC 2021 x86_64",
		"timestamp":	{
			"time":	"Mon, 22 Nov 2021 06:56:16 GMT",
			"timesecs":	1637564176
		},
		"connecting_to":	{
			"host":	"10.0.7.10",
			"port":	5200
		},
		"cookie":	"uqz4tiqhgs2xi6grmmhd5q5l5yq6cg5oqzxd",
		"tcp_mss_default":	1448,
		"target_bitrate":	1000000000,
		"sock_bufsize":	0,
		"sndbuf_actual":	87380,
		"rcvbuf_actual":	87380,
		"test_start":	{
			"protocol":	"TCP",
			"num_streams":	1,
			"blksize":	131072,
			"omit":	0,
			"duration":	10,
			"bytes":	0,
			"blocks":	0,
			"reverse":	0,
			"tos":	0
		}
	},
	"intervals":	[{
			"streams":	[{
					"socket":	5,
					"start":	0,
					"end":	1.000065,
					"seconds":	1.0000649690628052,
					"bytes":	53503448,
					"bits_per_second":	427999777.25559086,
					"retransmits":	833,
					"snd_cwnd":	36200,
					"rtt":	410,
					"rttvar":	109,
					"pmtu":	1500,
					"omitted":	false,
					"sender":	true
				}],
			"sum":	{
				"start":	0,
				"end":	1.000065,
				"seconds":	1.0000649690628052,
				"bytes":	53503448,
				"bits_per_second":	427999777.25559086,
				"retransmits":	833,
				"omitted":	false,
				"sender":	true
			}
		}, {
			"streams":	[{
					"socket":	5,
					"start":	1.000065,
					"end":	2.000235,
					"seconds":	1.0001699924468994,
					"bytes":	74317824,
					"bits_per_second":	594441541.427834,
					"retransmits":	1052,
					"snd_cwnd":	43440,
					"rtt":	270,
					"rttvar":	68,
					"pmtu":	1500,
					"omitted":	false,
					"sender":	true
				}],
			"sum":	{
				"start":	1.000065,
				"end":	2.000235,
				"seconds":	1.0001699924468994,
				"bytes":	74317824,
				"bits_per_second":	594441541.427834,
				"retransmits":	1052,
				"omitted":	false,
				"sender":	true
			}
		}, {
			"streams":	[{
					"socket":	5,
					"start":	2.000235,
					"end":	3.000299,
					"seconds":	1.0000640153884888,
					"bytes":	55181312,
					"bits_per_second":	441422238.18393505,
					"retransmits":	827,
					"snd_cwnd":	7240,
					"rtt":	798,
					"rttvar":	235,
					"pmtu":	1500,
					"omitted":	false,
					"sender":	true
				}],
			"sum":	{
				"start":	2.000235,
				"end":	3.000299,
				"seconds":	1.0000640153884888,
				"bytes":	55181312,
				"bits_per_second":	441422238.18393505,
				"retransmits":	827,
				"omitted":	false,
				"sender":	true
			}
		}, {
			"streams":	[{
					"socket":	5,
					"start":	3.000299,
					"end":	4.000096,
					"seconds":	0.999796986579895,
					"bytes":	86507520,
					"bits_per_second":	692200686.02866971,
					"retransmits":	1196,
					"snd_cwnd":	47784,
					"rtt":	482,
					"rttvar":	113,
					"pmtu":	1500,
					"omitted":	false,
					"sender":	true
				}],
			"sum":	{
				"start":	3.000299,
				"end":	4.000096,
				"seconds":	0.999796986579895,
				"bytes":	86507520,
				"bits_per_second":	692200686.02866971,
				"retransmits":	1196,
				"omitted":	false,
				"sender":	true
			}
		}, {
			"streams":	[{
					"socket":	5,
					"start":	4.000096,
					"end":	5.000105,
					"seconds":	1.0000089406967163,
					"bytes":	77594624,
					"bits_per_second":	620751442.04962039,
					"retransmits":	990,
					"snd_cwnd":	41992,
					"rtt":	526,
					"rttvar":	67,
					"pmtu":	1500,
					"omitted":	false,
					"sender":	true
				}],
			"sum":	{
				"start":	4.000096,
				"end":	5.000105,
				"seconds":	1.0000089406967163,
				"bytes":	77594624,
				"bits_per_second":	620751442.04962039,
				"retransmits":	990,
				"omitted":	false,
				"sender":	true
			}
		}, {
			"streams":	[{
					"socket":	5,
					"start":	5.000105,
					"end":	6.000101,
					"seconds":	0.9999960064888,
					"bytes":	60555264,
					"bits_per_second":	484444046.63272595,
					"retransmits":	727,
					"snd_cwnd":	46336,
					"rtt":	324,
					"rttvar":	62,
					"pmtu":	1500,
					"omitted":	false,
					"sender":	true
				}],
			"sum":	{
				"start":	5.000105,
				"end":	6.000101,
				"seconds":	0.9999960064888,
				"bytes":	60555264,
				"bits_per_second":	484444046.63272595,
				"retransmits":	727,
				"omitted":	false,
				"sender":	true
			}
		}, {
			"streams":	[{
					"socket":	5,
					"start":	6.000101,
					"end":	7.00031,
					"seconds":	1.0002089738845825,
					"bytes":	71041024,
					"bits_per_second":	568209451.06375468,
					"retransmits":	964,
					"snd_cwnd":	41992,
					"rtt":	259,
					"rttvar":	88,
					"pmtu":	1500,
					"omitted":	false,
					"sender":	true
				}],
			"sum":	{
				"start":	6.000101,
				"end":	7.00031,
				"seconds":	1.0002089738845825,
				"bytes":	71041024,
				"bits_per_second":	568209451.06375468,
				"retransmits":	964,
				"omitted":	false,
				"sender":	true
			}
		}, {
			"streams":	[{
					"socket":	5,
					"start":	7.00031,
					"end":	8.000243,
					"seconds":	0.99993300437927246,
					"bytes":	76808192,
					"bits_per_second":	614506705.25816,
					"retransmits":	1105,
					"snd_cwnd":	41992,
					"rtt":	507,
					"rttvar":	74,
					"pmtu":	1500,
					"omitted":	false,
					"sender":	true
				}],
			"sum":	{
				"start":	7.00031,
				"end":	8.000243,
				"seconds":	0.99993300437927246,
				"bytes":	76808192,
				"bits_per_second":	614506705.25816,
				"retransmits":	1105,
				"omitted":	false,
				"sender":	true
			}
		}, {
			"streams":	[{
					"socket":	5,
					"start":	8.000243,
					"end":	9.000161,
					"seconds":	0.99991798400878906,
					"bytes":	63963136,
					"bits_per_second":	511747059.44232947,
					"retransmits":	1090,
					"snd_cwnd":	28960,
					"rtt":	588,
					"rttvar":	285,
					"pmtu":	1500,
					"omitted":	false,
					"sender":	true
				}],
			"sum":	{
				"start":	8.000243,
				"end":	9.000161,
				"seconds":	0.99991798400878906,
				"bytes":	63963136,
				"bits_per_second":	511747059.44232947,
				"retransmits":	1090,
				"omitted":	false,
				"sender":	true
			}
		}, {
			"streams":	[{
					"socket":	5,
					"start":	9.000161,
					"end":	10.000092,
					"seconds":	0.9999309778213501,
					"bytes":	60948480,
					"bits_per_second":	487621496.69805861,
					"retransmits":	1034,
					"snd_cwnd":	39096,
					"rtt":	501,
					"rttvar":	100,
					"pmtu":	1500,
					"omitted":	false,
					"sender":	true
				}],
			"sum":	{
				"start":	9.000161,
				"end":	10.000092,
				"seconds":	0.9999309778213501,
				"bytes":	60948480,
				"bits_per_second":	487621496.69805861,
				"retransmits":	1034,
				"omitted":	false,
				"sender":	true
			}
		}],
	"end":	{
		"streams":	[{
				"sender":	{
					"socket":	5,
					"start":	0,
					"end":	10.000092,
					"seconds":	10.000092,
					"bytes":	680420824,
					"bits_per_second":	544331651.34880757,
					"retransmits":	9818,
					"max_snd_cwnd":	47784,
					"max_rtt":	798,
					"min_rtt":	259,
					"mean_rtt":	466,
					"sender":	true
				},
				"receiver":	{
					"socket":	5,
					"start":	0,
					"end":	10.000197,
					"seconds":	10.000092,
					"bytes":	680042368,
					"bits_per_second":	544023177.14341033,
					"sender":	true
				}
			}],
		"sum_sent":	{
			"start":	0,
			"end":	10.000092,
			"seconds":	10.000092,
			"bytes":	680420824,
			"bits_per_second":	544331651.34880757,
			"retransmits":	9818,
			"sender":	true
		},
		"sum_received":	{
			"start":	0,
			"end":	10.000197,
			"seconds":	10.000197,
			"bytes":	680042368,
			"bits_per_second":	544023177.14341033,
			"sender":	true
		},
		"cpu_utilization_percent":	{
			"host_total":	3.2350494657455617,
			"host_user":	0.19948403992759009,
			"host_system":	3.0355654258179721,
			"remote_total":	11.295546659633249,
			"remote_user":	0.84495750283073467,
			"remote_system":	10.450589156802513
		},
		"sender_tcp_congestion":	"cubic",
		"receiver_tcp_congestion":	"cubic"
	}
}
