{
	"start":	{
		"connected":	[{
				"socket":	5,
				"local_host":	"10.0.2.11",
				"local_port":	49474,
				"remote_host":	"10.0.6.10",
				"remote_port":	5201
			}],
		"version":	"iperf 3.7",
		"system_info":	"Linux ubuntu 5.11.0-40-generic #44~20.04.2-Ubuntu SMP Tue Oct 26 18:07:44 UTC 2021 x86_64",
		"timestamp":	{
			"time":	"Sun, 21 Nov 2021 16:42:44 GMT",
			"timesecs":	1637512964
		},
		"connecting_to":	{
			"host":	"10.0.6.10",
			"port":	5201
		},
		"cookie":	"4nofhdjr3f32hgocjr2pooc6owsr2nx7fagl",
		"tcp_mss_default":	1448,
		"target_bitrate":	1000000000,
		"sock_bufsize":	0,
		"sndbuf_actual":	87380,
		"rcvbuf_actual":	87380,
		"test_start":	{
			"protocol":	"TCP",
			"num_streams":	1,
			"blksize":	131072,
			"omit":	0,
			"duration":	10,
			"bytes":	0,
			"blocks":	0,
			"reverse":	0,
			"tos":	0
		}
	},
	"intervals":	[{
			"streams":	[{
					"socket":	5,
					"start":	0,
					"end":	1.000039,
					"seconds":	1.0000389814376831,
					"bytes":	231680,
					"bits_per_second":	1853367.7530604303,
					"retransmits":	0,
					"snd_cwnd":	50680,
					"rtt":	310200,
					"rttvar":	46053,
					"pmtu":	1500,
					"omitted":	false,
					"sender":	true
				}],
			"sum":	{
				"start":	0,
				"end":	1.000039,
				"seconds":	1.0000389814376831,
				"bytes":	231680,
				"bits_per_second":	1853367.7530604303,
				"retransmits":	0,
				"omitted":	false,
				"sender":	true
			}
		}, {
			"streams":	[{
					"socket":	5,
					"start":	1.000039,
					"end":	2.001022,
					"seconds":	1.0009829998016357,
					"bytes":	108600,
					"bits_per_second":	867946.808459454,
					"retransmits":	0,
					"snd_cwnd":	55024,
					"rtt":	458302,
					"rttvar":	23534,
					"pmtu":	1500,
					"omitted":	false,
					"sender":	true
				}],
			"sum":	{
				"start":	1.000039,
				"end":	2.001022,
				"seconds":	1.0009829998016357,
				"bytes":	108600,
				"bits_per_second":	867946.808459454,
				"retransmits":	0,
				"omitted":	false,
				"sender":	true
			}
		}, {
			"streams":	[{
					"socket":	5,
					"start":	2.001022,
					"end":	3.000646,
					"seconds":	0.99962401390075684,
					"bytes":	131072,
					"bits_per_second":	1048970.398288274,
					"retransmits":	0,
					"snd_cwnd":	60816,
					"rtt":	529127,
					"rttvar":	13155,
					"pmtu":	1500,
					"omitted":	false,
					"sender":	true
				}],
			"sum":	{
				"start":	2.001022,
				"end":	3.000646,
				"seconds":	0.99962401390075684,
				"bytes":	131072,
				"bits_per_second":	1048970.398288274,
				"retransmits":	0,
				"omitted":	false,
				"sender":	true
			}
		}, {
			"streams":	[{
					"socket":	5,
					"start":	3.000646,
					"end":	4.000235,
					"seconds":	0.99958902597427368,
					"bytes":	131072,
					"bits_per_second":	1049007.1146769344,
					"retransmits":	0,
					"snd_cwnd":	65160,
					"rtt":	581274,
					"rttvar":	13124,
					"pmtu":	1500,
					"omitted":	false,
					"sender":	true
				}],
			"sum":	{
				"start":	3.000646,
				"end":	4.000235,
				"seconds":	0.99958902597427368,
				"bytes":	131072,
				"bits_per_second":	1049007.1146769344,
				"retransmits":	0,
				"omitted":	false,
				"sender":	true
			}
		}, {
			"streams":	[{
					"socket":	5,
					"start":	4.000235,
					"end":	5.000455,
					"seconds":	1.0002199411392212,
					"bytes":	131072,
					"bits_per_second":	1048345.4257127714,
					"retransmits":	0,
					"snd_cwnd":	73848,
					"rtt":	630429,
					"rttvar":	9747,
					"pmtu":	1500,
					"omitted":	false,
					"sender":	true
				}],
			"sum":	{
				"start":	4.000235,
				"end":	5.000455,
				"seconds":	1.0002199411392212,
				"bytes":	131072,
				"bits_per_second":	1048345.4257127714,
				"retransmits":	0,
				"omitted":	false,
				"sender":	true
			}
		}, {
			"streams":	[{
					"socket":	5,
					"start":	5.000455,
					"end":	6.00039,
					"seconds":	0.99993497133255,
					"bytes":	262144,
					"bits_per_second":	2097288.3838688615,
					"retransmits":	0,
					"snd_cwnd":	97016,
					"rtt":	684396,
					"rttvar":	11377,
					"pmtu":	1500,
					"omitted":	false,
					"sender":	true
				}],
			"sum":	{
				"start":	5.000455,
				"end":	6.00039,
				"seconds":	0.99993497133255,
				"bytes":	262144,
				"bits_per_second":	2097288.3838688615,
				"retransmits":	0,
				"omitted":	false,
				"sender":	true
			}
		}, {
			"streams":	[{
					"socket":	5,
					"start":	6.00039,
					"end":	7.000347,
					"seconds":	0.99995702505111694,
					"bytes":	131072,
					"bits_per_second":	1048621.0644366418,
					"retransmits":	0,
					"snd_cwnd":	130320,
					"rtt":	770425,
					"rttvar":	16659,
					"pmtu":	1500,
					"omitted":	false,
					"sender":	true
				}],
			"sum":	{
				"start":	6.00039,
				"end":	7.000347,
				"seconds":	0.99995702505111694,
				"bytes":	131072,
				"bits_per_second":	1048621.0644366418,
				"retransmits":	0,
				"omitted":	false,
				"sender":	true
			}
		}, {
			"streams":	[{
					"socket":	5,
					"start":	7.000347,
					"end":	8.000402,
					"seconds":	1.0000549554824829,
					"bytes":	393216,
					"bits_per_second":	3145555.134499907,
					"retransmits":	0,
					"snd_cwnd":	179552,
					"rtt":	889716,
					"rttvar":	16572,
					"pmtu":	1500,
					"omitted":	false,
					"sender":	true
				}],
			"sum":	{
				"start":	7.000347,
				"end":	8.000402,
				"seconds":	1.0000549554824829,
				"bytes":	393216,
				"bits_per_second":	3145555.134499907,
				"retransmits":	0,
				"omitted":	false,
				"sender":	true
			}
		}, {
			"streams":	[{
					"socket":	5,
					"start":	8.000402,
					"end":	9.000313,
					"seconds":	0.99991101026535034,
					"bytes":	393216,
					"bits_per_second":	3146007.9624137809,
					"retransmits":	0,
					"snd_cwnd":	243264,
					"rtt":	1033107,
					"rttvar":	19778,
					"pmtu":	1500,
					"omitted":	false,
					"sender":	true
				}],
			"sum":	{
				"start":	8.000402,
				"end":	9.000313,
				"seconds":	0.99991101026535034,
				"bytes":	393216,
				"bits_per_second":	3146007.9624137809,
				"retransmits":	0,
				"omitted":	false,
				"sender":	true
			}
		}, {
			"streams":	[{
					"socket":	5,
					"start":	9.000313,
					"end":	10.000794,
					"seconds":	1.0004810094833374,
					"bytes":	393216,
					"bits_per_second":	3144215.602477551,
					"retransmits":	0,
					"snd_cwnd":	328696,
					"rtt":	1208804,
					"rttvar":	25016,
					"pmtu":	1500,
					"omitted":	false,
					"sender":	true
				}],
			"sum":	{
				"start":	9.000313,
				"end":	10.000794,
				"seconds":	1.0004810094833374,
				"bytes":	393216,
				"bits_per_second":	3144215.602477551,
				"retransmits":	0,
				"omitted":	false,
				"sender":	true
			}
		}],
	"end":	{
		"streams":	[{
				"sender":	{
					"socket":	5,
					"start":	0,
					"end":	10.000794,
					"seconds":	10.000794,
					"bytes":	2306360,
					"bits_per_second":	1844941.5116439753,
					"retransmits":	0,
					"max_snd_cwnd":	328696,
					"max_rtt":	1208804,
					"min_rtt":	310200,
					"mean_rtt":	709578,
					"sender":	true
				},
				"receiver":	{
					"socket":	5,
					"start":	0,
					"end":	11.645047,
					"seconds":	10.000794,
					"bytes":	1487096,
					"bits_per_second":	1021616.1428974911,
					"sender":	true
				}
			}],
		"sum_sent":	{
			"start":	0,
			"end":	10.000794,
			"seconds":	10.000794,
			"bytes":	2306360,
			"bits_per_second":	1844941.5116439753,
			"retransmits":	0,
			"sender":	true
		},
		"sum_received":	{
			"start":	0,
			"end":	11.645047,
			"seconds":	11.645047,
			"bytes":	1487096,
			"bits_per_second":	1021616.1428974911,
			"sender":	true
		},
		"cpu_utilization_percent":	{
			"host_total":	4.7540989512593175,
			"host_user":	0.795943269400511,
			"host_system":	3.9581464442130723,
			"remote_total":	0.15001158995620056,
			"remote_user":	0.15001956378227596,
			"remote_system":	0
		},
		"sender_tcp_congestion":	"cubic",
		"receiver_tcp_congestion":	"cubic"
	}
}
