{
	"start":	{
		"connected":	[{
				"socket":	5,
				"local_host":	"10.0.2.11",
				"local_port":	59200,
				"remote_host":	"10.0.6.10",
				"remote_port":	5201
			}],
		"version":	"iperf 3.7",
		"system_info":	"Linux ubuntu 5.11.0-40-generic #44~20.04.2-Ubuntu SMP Tue Oct 26 18:07:44 UTC 2021 x86_64",
		"timestamp":	{
			"time":	"Mon, 22 Nov 2021 06:57:08 GMT",
			"timesecs":	1637564228
		},
		"connecting_to":	{
			"host":	"10.0.6.10",
			"port":	5201
		},
		"cookie":	"yv4nl6e443vchnt4xif3fecvtafps6vnxng2",
		"tcp_mss_default":	1448,
		"target_bitrate":	1000000000,
		"sock_bufsize":	0,
		"sndbuf_actual":	87380,
		"rcvbuf_actual":	87380,
		"test_start":	{
			"protocol":	"TCP",
			"num_streams":	1,
			"blksize":	131072,
			"omit":	0,
			"duration":	10,
			"bytes":	0,
			"blocks":	0,
			"reverse":	0,
			"tos":	0
		}
	},
	"intervals":	[{
			"streams":	[{
					"socket":	5,
					"start":	0,
					"end":	1.000208,
					"seconds":	1.0002080202102661,
					"bytes":	63939352,
					"bits_per_second":	511408432.71029574,
					"retransmits":	906,
					"snd_cwnd":	36200,
					"rtt":	565,
					"rttvar":	111,
					"pmtu":	1500,
					"omitted":	false,
					"sender":	true
				}],
			"sum":	{
				"start":	0,
				"end":	1.000208,
				"seconds":	1.0002080202102661,
				"bytes":	63939352,
				"bits_per_second":	511408432.71029574,
				"retransmits":	906,
				"omitted":	false,
				"sender":	true
			}
		}, {
			"streams":	[{
					"socket":	5,
					"start":	1.000208,
					"end":	2.000046,
					"seconds":	0.99983799457550049,
					"bytes":	76677120,
					"bits_per_second":	613516352.97720146,
					"retransmits":	1043,
					"snd_cwnd":	49232,
					"rtt":	448,
					"rttvar":	145,
					"pmtu":	1500,
					"omitted":	false,
					"sender":	true
				}],
			"sum":	{
				"start":	1.000208,
				"end":	2.000046,
				"seconds":	0.99983799457550049,
				"bytes":	76677120,
				"bits_per_second":	613516352.97720146,
				"retransmits":	1043,
				"omitted":	false,
				"sender":	true
			}
		}, {
			"streams":	[{
					"socket":	5,
					"start":	2.000046,
					"end":	3.000085,
					"seconds":	1.0000389814376831,
					"bytes":	80084992,
					"bits_per_second":	640654962.34850883,
					"retransmits":	988,
					"snd_cwnd":	46336,
					"rtt":	598,
					"rttvar":	110,
					"pmtu":	1500,
					"omitted":	false,
					"sender":	true
				}],
			"sum":	{
				"start":	2.000046,
				"end":	3.000085,
				"seconds":	1.0000389814376831,
				"bytes":	80084992,
				"bits_per_second":	640654962.34850883,
				"retransmits":	988,
				"omitted":	false,
				"sender":	true
			}
		}, {
			"streams":	[{
					"socket":	5,
					"start":	3.000085,
					"end":	4.000139,
					"seconds":	1.0000540018081665,
					"bytes":	74317824,
					"bits_per_second":	594510487.35870874,
					"retransmits":	839,
					"snd_cwnd":	40544,
					"rtt":	659,
					"rttvar":	77,
					"pmtu":	1500,
					"omitted":	false,
					"sender":	true
				}],
			"sum":	{
				"start":	3.000085,
				"end":	4.000139,
				"seconds":	1.0000540018081665,
				"bytes":	74317824,
				"bits_per_second":	594510487.35870874,
				"retransmits":	839,
				"omitted":	false,
				"sender":	true
			}
		}, {
			"streams":	[{
					"socket":	5,
					"start":	4.000139,
					"end":	5.0001,
					"seconds":	0.99996101856231689,
					"bytes":	73138176,
					"bits_per_second":	585128217.139133,
					"retransmits":	814,
					"snd_cwnd":	46336,
					"rtt":	455,
					"rttvar":	113,
					"pmtu":	1500,
					"omitted":	false,
					"sender":	true
				}],
			"sum":	{
				"start":	4.000139,
				"end":	5.0001,
				"seconds":	0.99996101856231689,
				"bytes":	73138176,
				"bits_per_second":	585128217.139133,
				"retransmits":	814,
				"omitted":	false,
				"sender":	true
			}
		}, {
			"streams":	[{
					"socket":	5,
					"start":	5.0001,
					"end":	6.000136,
					"seconds":	1.0000360012054443,
					"bytes":	63438848,
					"bits_per_second":	507492513.65775436,
					"retransmits":	1078,
					"snd_cwnd":	34752,
					"rtt":	531,
					"rttvar":	248,
					"pmtu":	1500,
					"omitted":	false,
					"sender":	true
				}],
			"sum":	{
				"start":	5.0001,
				"end":	6.000136,
				"seconds":	1.0000360012054443,
				"bytes":	63438848,
				"bits_per_second":	507492513.65775436,
				"retransmits":	1078,
				"omitted":	false,
				"sender":	true
			}
		}, {
			"streams":	[{
					"socket":	5,
					"start":	6.000136,
					"end":	7.000204,
					"seconds":	1.0000679492950439,
					"bytes":	54132736,
					"bits_per_second":	433032463.7493571,
					"retransmits":	889,
					"snd_cwnd":	7240,
					"rtt":	741,
					"rttvar":	295,
					"pmtu":	1500,
					"omitted":	false,
					"sender":	true
				}],
			"sum":	{
				"start":	6.000136,
				"end":	7.000204,
				"seconds":	1.0000679492950439,
				"bytes":	54132736,
				"bits_per_second":	433032463.7493571,
				"retransmits":	889,
				"omitted":	false,
				"sender":	true
			}
		}, {
			"streams":	[{
					"socket":	5,
					"start":	7.000204,
					"end":	8.000078,
					"seconds":	0.99987399578094482,
					"bytes":	63963136,
					"bits_per_second":	511769573.12539786,
					"retransmits":	1073,
					"snd_cwnd":	8688,
					"rtt":	657,
					"rttvar":	428,
					"pmtu":	1500,
					"omitted":	false,
					"sender":	true
				}],
			"sum":	{
				"start":	7.000204,
				"end":	8.000078,
				"seconds":	0.99987399578094482,
				"bytes":	63963136,
				"bits_per_second":	511769573.12539786,
				"retransmits":	1073,
				"omitted":	false,
				"sender":	true
			}
		}, {
			"streams":	[{
					"socket":	5,
					"start":	8.000078,
					"end":	9.000139,
					"seconds":	1.00006103515625,
					"bytes":	73269248,
					"bits_per_second":	586118210.18346047,
					"retransmits":	1150,
					"snd_cwnd":	36200,
					"rtt":	460,
					"rttvar":	376,
					"pmtu":	1500,
					"omitted":	false,
					"sender":	true
				}],
			"sum":	{
				"start":	8.000078,
				"end":	9.000139,
				"seconds":	1.00006103515625,
				"bytes":	73269248,
				"bits_per_second":	586118210.18346047,
				"retransmits":	1150,
				"omitted":	false,
				"sender":	true
			}
		}, {
			"streams":	[{
					"socket":	5,
					"start":	9.000139,
					"end":	10.000154,
					"seconds":	1.0000150203704834,
					"bytes":	91488256,
					"bits_per_second":	731895054.66512394,
					"retransmits":	942,
					"snd_cwnd":	40544,
					"rtt":	273,
					"rttvar":	198,
					"pmtu":	1500,
					"omitted":	false,
					"sender":	true
				}],
			"sum":	{
				"start":	9.000139,
				"end":	10.000154,
				"seconds":	1.0000150203704834,
				"bytes":	91488256,
				"bits_per_second":	731895054.66512394,
				"retransmits":	942,
				"omitted":	false,
				"sender":	true
			}
		}],
	"end":	{
		"streams":	[{
				"sender":	{
					"socket":	5,
					"start":	0,
					"end":	10.000154,
					"seconds":	10.000154,
					"bytes":	714449688,
					"bits_per_second":	571550948.5153929,
					"retransmits":	9722,
					"max_snd_cwnd":	49232,
					"max_rtt":	741,
					"min_rtt":	273,
					"mean_rtt":	538,
					"sender":	true
				},
				"receiver":	{
					"socket":	5,
					"start":	0,
					"end":	10.000218,
					"seconds":	10.000154,
					"bytes":	714044304,
					"bits_per_second":	571222990.5388062,
					"sender":	true
				}
			}],
		"sum_sent":	{
			"start":	0,
			"end":	10.000154,
			"seconds":	10.000154,
			"bytes":	714449688,
			"bits_per_second":	571550948.5153929,
			"retransmits":	9722,
			"sender":	true
		},
		"sum_received":	{
			"start":	0,
			"end":	10.000218,
			"seconds":	10.000218,
			"bytes":	714044304,
			"bits_per_second":	571222990.5388062,
			"sender":	true
		},
		"cpu_utilization_percent":	{
			"host_total":	3.11988271230297,
			"host_user":	0.41753021481931052,
			"host_system":	2.7023425070495004,
			"remote_total":	11.635005798026159,
			"remote_user":	0.759578016827824,
			"remote_system":	10.875417892018463
		},
		"sender_tcp_congestion":	"cubic",
		"receiver_tcp_congestion":	"cubic"
	}
}
