{
	"start":	{
		"connected":	[{
				"socket":	5,
				"local_host":	"10.0.3.12",
				"local_port":	53832,
				"remote_host":	"10.0.6.10",
				"remote_port":	5202
			}],
		"version":	"iperf 3.7",
		"system_info":	"Linux ubuntu 5.11.0-40-generic #44~20.04.2-Ubuntu SMP Tue Oct 26 18:07:44 UTC 2021 x86_64",
		"timestamp":	{
			"time":	"Mon, 22 Nov 2021 06:57:07 GMT",
			"timesecs":	1637564227
		},
		"connecting_to":	{
			"host":	"10.0.6.10",
			"port":	5202
		},
		"cookie":	"2d367w4mfaz4pvpbtur3goxxypbino6vxug3",
		"tcp_mss_default":	1448,
		"target_bitrate":	1000000000,
		"sock_bufsize":	0,
		"sndbuf_actual":	87380,
		"rcvbuf_actual":	87380,
		"test_start":	{
			"protocol":	"TCP",
			"num_streams":	1,
			"blksize":	131072,
			"omit":	0,
			"duration":	10,
			"bytes":	0,
			"blocks":	0,
			"reverse":	0,
			"tos":	0
		}
	},
	"intervals":	[{
			"streams":	[{
					"socket":	5,
					"start":	0,
					"end":	1.000141,
					"seconds":	1.0001410245895386,
					"bytes":	69696152,
					"bits_per_second":	557490596.11751091,
					"retransmits":	921,
					"snd_cwnd":	36200,
					"rtt":	827,
					"rttvar":	141,
					"pmtu":	1500,
					"omitted":	false,
					"sender":	true
				}],
			"sum":	{
				"start":	0,
				"end":	1.000141,
				"seconds":	1.0001410245895386,
				"bytes":	69696152,
				"bits_per_second":	557490596.11751091,
				"retransmits":	921,
				"omitted":	false,
				"sender":	true
			}
		}, {
			"streams":	[{
					"socket":	5,
					"start":	1.000141,
					"end":	2.000145,
					"seconds":	1.0000040531158447,
					"bytes":	59899904,
					"bits_per_second":	479197289.7578721,
					"retransmits":	796,
					"snd_cwnd":	28960,
					"rtt":	193,
					"rttvar":	84,
					"pmtu":	1500,
					"omitted":	false,
					"sender":	true
				}],
			"sum":	{
				"start":	1.000141,
				"end":	2.000145,
				"seconds":	1.0000040531158447,
				"bytes":	59899904,
				"bits_per_second":	479197289.7578721,
				"retransmits":	796,
				"omitted":	false,
				"sender":	true
			}
		}, {
			"streams":	[{
					"socket":	5,
					"start":	2.000145,
					"end":	3.000283,
					"seconds":	1.0001380443572998,
					"bytes":	83886080,
					"bits_per_second":	670996012.78666413,
					"retransmits":	1229,
					"snd_cwnd":	39096,
					"rtt":	633,
					"rttvar":	285,
					"pmtu":	1500,
					"omitted":	false,
					"sender":	true
				}],
			"sum":	{
				"start":	2.000145,
				"end":	3.000283,
				"seconds":	1.0001380443572998,
				"bytes":	83886080,
				"bits_per_second":	670996012.78666413,
				"retransmits":	1229,
				"omitted":	false,
				"sender":	true
			}
		}, {
			"streams":	[{
					"socket":	5,
					"start":	3.000283,
					"end":	4.000192,
					"seconds":	0.999908983707428,
					"bytes":	76808192,
					"bits_per_second":	614521467.46567464,
					"retransmits":	837,
					"snd_cwnd":	40544,
					"rtt":	575,
					"rttvar":	50,
					"pmtu":	1500,
					"omitted":	false,
					"sender":	true
				}],
			"sum":	{
				"start":	3.000283,
				"end":	4.000192,
				"seconds":	0.999908983707428,
				"bytes":	76808192,
				"bits_per_second":	614521467.46567464,
				"retransmits":	837,
				"omitted":	false,
				"sender":	true
			}
		}, {
			"streams":	[{
					"socket":	5,
					"start":	4.000192,
					"end":	5.000321,
					"seconds":	1.0001289844512939,
					"bytes":	69468160,
					"bits_per_second":	555673606.74473548,
					"retransmits":	899,
					"snd_cwnd":	44888,
					"rtt":	576,
					"rttvar":	69,
					"pmtu":	1500,
					"omitted":	false,
					"sender":	true
				}],
			"sum":	{
				"start":	4.000192,
				"end":	5.000321,
				"seconds":	1.0001289844512939,
				"bytes":	69468160,
				"bits_per_second":	555673606.74473548,
				"retransmits":	899,
				"omitted":	false,
				"sender":	true
			}
		}, {
			"streams":	[{
					"socket":	5,
					"start":	5.000321,
					"end":	6.000177,
					"seconds":	0.99985599517822266,
					"bytes":	67633152,
					"bits_per_second":	541143143.22189569,
					"retransmits":	912,
					"snd_cwnd":	39096,
					"rtt":	400,
					"rttvar":	107,
					"pmtu":	1500,
					"omitted":	false,
					"sender":	true
				}],
			"sum":	{
				"start":	5.000321,
				"end":	6.000177,
				"seconds":	0.99985599517822266,
				"bytes":	67633152,
				"bits_per_second":	541143143.22189569,
				"retransmits":	912,
				"omitted":	false,
				"sender":	true
			}
		}, {
			"streams":	[{
					"socket":	5,
					"start":	6.000177,
					"end":	7.000265,
					"seconds":	1.0000879764556885,
					"bytes":	89915392,
					"bits_per_second":	719259858.06696832,
					"retransmits":	1091,
					"snd_cwnd":	46336,
					"rtt":	521,
					"rttvar":	141,
					"pmtu":	1500,
					"omitted":	false,
					"sender":	true
				}],
			"sum":	{
				"start":	6.000177,
				"end":	7.000265,
				"seconds":	1.0000879764556885,
				"bytes":	89915392,
				"bits_per_second":	719259858.06696832,
				"retransmits":	1091,
				"omitted":	false,
				"sender":	true
			}
		}, {
			"streams":	[{
					"socket":	5,
					"start":	7.000265,
					"end":	8.000146,
					"seconds":	0.99988102912902832,
					"bytes":	76152832,
					"bits_per_second":	609295144.374005,
					"retransmits":	1042,
					"snd_cwnd":	44888,
					"rtt":	218,
					"rttvar":	76,
					"pmtu":	1500,
					"omitted":	false,
					"sender":	true
				}],
			"sum":	{
				"start":	7.000265,
				"end":	8.000146,
				"seconds":	0.99988102912902832,
				"bytes":	76152832,
				"bits_per_second":	609295144.374005,
				"retransmits":	1042,
				"omitted":	false,
				"sender":	true
			}
		}, {
			"streams":	[{
					"socket":	5,
					"start":	8.000146,
					"end":	9.000375,
					"seconds":	1.0002290010452271,
					"bytes":	67764224,
					"bits_per_second":	541989675.7977401,
					"retransmits":	941,
					"snd_cwnd":	24616,
					"rtt":	578,
					"rttvar":	85,
					"pmtu":	1500,
					"omitted":	false,
					"sender":	true
				}],
			"sum":	{
				"start":	8.000146,
				"end":	9.000375,
				"seconds":	1.0002290010452271,
				"bytes":	67764224,
				"bits_per_second":	541989675.7977401,
				"retransmits":	941,
				"omitted":	false,
				"sender":	true
			}
		}, {
			"streams":	[{
					"socket":	5,
					"start":	9.000375,
					"end":	10.001572,
					"seconds":	1.0011969804763794,
					"bytes":	68419584,
					"bits_per_second":	546702280.04439473,
					"retransmits":	917,
					"snd_cwnd":	75296,
					"rtt":	75,
					"rttvar":	41,
					"pmtu":	1500,
					"omitted":	false,
					"sender":	true
				}],
			"sum":	{
				"start":	9.000375,
				"end":	10.001572,
				"seconds":	1.0011969804763794,
				"bytes":	68419584,
				"bits_per_second":	546702280.04439473,
				"retransmits":	917,
				"omitted":	false,
				"sender":	true
			}
		}],
	"end":	{
		"streams":	[{
				"sender":	{
					"socket":	5,
					"start":	0,
					"end":	10.001572,
					"seconds":	10.001572,
					"bytes":	729643672,
					"bits_per_second":	583623192.03421223,
					"retransmits":	9585,
					"max_snd_cwnd":	75296,
					"max_rtt":	827,
					"min_rtt":	75,
					"mean_rtt":	459,
					"sender":	true
				},
				"receiver":	{
					"socket":	5,
					"start":	0,
					"end":	10.020814,
					"seconds":	10.001572,
					"bytes":	729157872,
					"bits_per_second":	582114684.0965215,
					"sender":	true
				}
			}],
		"sum_sent":	{
			"start":	0,
			"end":	10.001572,
			"seconds":	10.001572,
			"bytes":	729643672,
			"bits_per_second":	583623192.03421223,
			"retransmits":	9585,
			"sender":	true
		},
		"sum_received":	{
			"start":	0,
			"end":	10.020814,
			"seconds":	10.020814,
			"bytes":	729157872,
			"bits_per_second":	582114684.0965215,
			"sender":	true
		},
		"cpu_utilization_percent":	{
			"host_total":	3.6119836046321283,
			"host_user":	0.38679493766996675,
			"host_system":	3.2251786975065797,
			"remote_total":	11.420401898936886,
			"remote_user":	0.56606543829727329,
			"remote_system":	10.854336460639612
		},
		"sender_tcp_congestion":	"cubic",
		"receiver_tcp_congestion":	"cubic"
	}
}
