{
	"start":	{
		"connected":	[{
				"socket":	5,
				"local_host":	"10.0.3.12",
				"local_port":	60386,
				"remote_host":	"10.0.7.10",
				"remote_port":	5202
			}],
		"version":	"iperf 3.7",
		"system_info":	"Linux ubuntu 5.11.0-40-generic #44~20.04.2-Ubuntu SMP Tue Oct 26 18:07:44 UTC 2021 x86_64",
		"timestamp":	{
			"time":	"Mon, 22 Nov 2021 06:56:45 GMT",
			"timesecs":	1637564205
		},
		"connecting_to":	{
			"host":	"10.0.7.10",
			"port":	5202
		},
		"cookie":	"ihbwouiznmznkc7tkka47k73nwsuzwatqvgs",
		"tcp_mss_default":	1448,
		"target_bitrate":	1000000000,
		"sock_bufsize":	0,
		"sndbuf_actual":	87380,
		"rcvbuf_actual":	87380,
		"test_start":	{
			"protocol":	"TCP",
			"num_streams":	1,
			"blksize":	131072,
			"omit":	0,
			"duration":	10,
			"bytes":	0,
			"blocks":	0,
			"reverse":	0,
			"tos":	0
		}
	},
	"intervals":	[{
			"streams":	[{
					"socket":	5,
					"start":	0,
					"end":	1.000084,
					"seconds":	1.0000840425491333,
					"bytes":	69749336,
					"bits_per_second":	557947796.64488661,
					"retransmits":	1000,
					"snd_cwnd":	37648,
					"rtt":	376,
					"rttvar":	225,
					"pmtu":	1500,
					"omitted":	false,
					"sender":	true
				}],
			"sum":	{
				"start":	0,
				"end":	1.000084,
				"seconds":	1.0000840425491333,
				"bytes":	69749336,
				"bits_per_second":	557947796.64488661,
				"retransmits":	1000,
				"omitted":	false,
				"sender":	true
			}
		}, {
			"streams":	[{
					"socket":	5,
					"start":	1.000084,
					"end":	2.000062,
					"seconds":	0.99997800588607788,
					"bytes":	67502080,
					"bits_per_second":	540028517.44873393,
					"retransmits":	1020,
					"snd_cwnd":	40544,
					"rtt":	241,
					"rttvar":	55,
					"pmtu":	1500,
					"omitted":	false,
					"sender":	true
				}],
			"sum":	{
				"start":	1.000084,
				"end":	2.000062,
				"seconds":	0.99997800588607788,
				"bytes":	67502080,
				"bits_per_second":	540028517.44873393,
				"retransmits":	1020,
				"omitted":	false,
				"sender":	true
			}
		}, {
			"streams":	[{
					"socket":	5,
					"start":	2.000062,
					"end":	3.00011,
					"seconds":	1.000048041343689,
					"bytes":	79036416,
					"bits_per_second":	632260953.33423972,
					"retransmits":	911,
					"snd_cwnd":	39096,
					"rtt":	415,
					"rttvar":	129,
					"pmtu":	1500,
					"omitted":	false,
					"sender":	true
				}],
			"sum":	{
				"start":	2.000062,
				"end":	3.00011,
				"seconds":	1.000048041343689,
				"bytes":	79036416,
				"bits_per_second":	632260953.33423972,
				"retransmits":	911,
				"omitted":	false,
				"sender":	true
			}
		}, {
			"streams":	[{
					"socket":	5,
					"start":	3.00011,
					"end":	4.000191,
					"seconds":	1.000080943107605,
					"bytes":	69861376,
					"bits_per_second":	558845773.28643835,
					"retransmits":	1121,
					"snd_cwnd":	31856,
					"rtt":	536,
					"rttvar":	63,
					"pmtu":	1500,
					"omitted":	false,
					"sender":	true
				}],
			"sum":	{
				"start":	3.00011,
				"end":	4.000191,
				"seconds":	1.000080943107605,
				"bytes":	69861376,
				"bits_per_second":	558845773.28643835,
				"retransmits":	1121,
				"omitted":	false,
				"sender":	true
			}
		}, {
			"streams":	[{
					"socket":	5,
					"start":	4.000191,
					"end":	5.000267,
					"seconds":	1.0000760555267334,
					"bytes":	79691776,
					"bits_per_second":	637485723.68749988,
					"retransmits":	986,
					"snd_cwnd":	47784,
					"rtt":	592,
					"rttvar":	120,
					"pmtu":	1500,
					"omitted":	false,
					"sender":	true
				}],
			"sum":	{
				"start":	4.000191,
				"end":	5.000267,
				"seconds":	1.0000760555267334,
				"bytes":	79691776,
				"bits_per_second":	637485723.68749988,
				"retransmits":	986,
				"omitted":	false,
				"sender":	true
			}
		}, {
			"streams":	[{
					"socket":	5,
					"start":	5.000267,
					"end":	6.000762,
					"seconds":	1.0004949569702148,
					"bytes":	69337088,
					"bits_per_second":	554422288.82370424,
					"retransmits":	932,
					"snd_cwnd":	49232,
					"rtt":	633,
					"rttvar":	165,
					"pmtu":	1500,
					"omitted":	false,
					"sender":	true
				}],
			"sum":	{
				"start":	5.000267,
				"end":	6.000762,
				"seconds":	1.0004949569702148,
				"bytes":	69337088,
				"bits_per_second":	554422288.82370424,
				"retransmits":	932,
				"omitted":	false,
				"sender":	true
			}
		}, {
			"streams":	[{
					"socket":	5,
					"start":	6.000762,
					"end":	7.000254,
					"seconds":	0.99949198961257935,
					"bytes":	77856768,
					"bits_per_second":	623170721.19950581,
					"retransmits":	874,
					"snd_cwnd":	46336,
					"rtt":	451,
					"rttvar":	131,
					"pmtu":	1500,
					"omitted":	false,
					"sender":	true
				}],
			"sum":	{
				"start":	6.000762,
				"end":	7.000254,
				"seconds":	0.99949198961257935,
				"bytes":	77856768,
				"bits_per_second":	623170721.19950581,
				"retransmits":	874,
				"omitted":	false,
				"sender":	true
			}
		}, {
			"streams":	[{
					"socket":	5,
					"start":	7.000254,
					"end":	8.000234,
					"seconds":	0.99997997283935547,
					"bytes":	71827456,
					"bits_per_second":	574631156.23047721,
					"retransmits":	1105,
					"snd_cwnd":	43440,
					"rtt":	489,
					"rttvar":	168,
					"pmtu":	1500,
					"omitted":	false,
					"sender":	true
				}],
			"sum":	{
				"start":	7.000254,
				"end":	8.000234,
				"seconds":	0.99997997283935547,
				"bytes":	71827456,
				"bits_per_second":	574631156.23047721,
				"retransmits":	1105,
				"omitted":	false,
				"sender":	true
			}
		}, {
			"streams":	[{
					"socket":	5,
					"start":	8.000234,
					"end":	9.000108,
					"seconds":	0.99987399578094482,
					"bytes":	72744960,
					"bits_per_second":	582033018.615975,
					"retransmits":	1067,
					"snd_cwnd":	68056,
					"rtt":	405,
					"rttvar":	82,
					"pmtu":	1500,
					"omitted":	false,
					"sender":	true
				}],
			"sum":	{
				"start":	8.000234,
				"end":	9.000108,
				"seconds":	0.99987399578094482,
				"bytes":	72744960,
				"bits_per_second":	582033018.615975,
				"retransmits":	1067,
				"omitted":	false,
				"sender":	true
			}
		}, {
			"streams":	[{
					"socket":	5,
					"start":	9.000108,
					"end":	10.000117,
					"seconds":	1.0000089406967163,
					"bytes":	77987840,
					"bits_per_second":	623897141.92487192,
					"retransmits":	1232,
					"snd_cwnd":	34752,
					"rtt":	640,
					"rttvar":	310,
					"pmtu":	1500,
					"omitted":	false,
					"sender":	true
				}],
			"sum":	{
				"start":	9.000108,
				"end":	10.000117,
				"seconds":	1.0000089406967163,
				"bytes":	77987840,
				"bits_per_second":	623897141.92487192,
				"retransmits":	1232,
				"omitted":	false,
				"sender":	true
			}
		}],
	"end":	{
		"streams":	[{
				"sender":	{
					"socket":	5,
					"start":	0,
					"end":	10.000117,
					"seconds":	10.000117,
					"bytes":	735595096,
					"bits_per_second":	588469191.710457,
					"retransmits":	10248,
					"max_snd_cwnd":	68056,
					"max_rtt":	640,
					"min_rtt":	241,
					"mean_rtt":	477,
					"sender":	true
				},
				"receiver":	{
					"socket":	5,
					"start":	0,
					"end":	10.019765,
					"seconds":	10.000117,
					"bytes":	735133152,
					"bits_per_second":	586946421.99692309,
					"sender":	true
				}
			}],
		"sum_sent":	{
			"start":	0,
			"end":	10.000117,
			"seconds":	10.000117,
			"bytes":	735595096,
			"bits_per_second":	588469191.710457,
			"retransmits":	10248,
			"sender":	true
		},
		"sum_received":	{
			"start":	0,
			"end":	10.019765,
			"seconds":	10.019765,
			"bytes":	735133152,
			"bits_per_second":	586946421.99692309,
			"sender":	true
		},
		"cpu_utilization_percent":	{
			"host_total":	3.7411312591106096,
			"host_user":	0,
			"host_system":	3.7411212851277442,
			"remote_total":	12.882482602944744,
			"remote_user":	0.6518646384802822,
			"remote_system":	12.230627880565324
		},
		"sender_tcp_congestion":	"cubic",
		"receiver_tcp_congestion":	"cubic"
	}
}
