{
	"start":	{
		"connected":	[{
				"socket":	5,
				"local_host":	"10.0.5.10",
				"local_port":	57830,
				"remote_host":	"10.0.7.10",
				"remote_port":	5204
			}],
		"version":	"iperf 3.7",
		"system_info":	"Linux ubuntu 5.11.0-40-generic #44~20.04.2-Ubuntu SMP Tue Oct 26 18:07:44 UTC 2021 x86_64",
		"timestamp":	{
			"time":	"Sun, 21 Nov 2021 16:42:09 GMT",
			"timesecs":	1637512929
		},
		"connecting_to":	{
			"host":	"10.0.7.10",
			"port":	5204
		},
		"cookie":	"qw2twi4ps263jum2egsikxcbepnogm5by6uw",
		"tcp_mss_default":	1448,
		"target_bitrate":	1000000000,
		"sock_bufsize":	0,
		"sndbuf_actual":	87380,
		"rcvbuf_actual":	87380,
		"test_start":	{
			"protocol":	"TCP",
			"num_streams":	1,
			"blksize":	131072,
			"omit":	0,
			"duration":	10,
			"bytes":	0,
			"blocks":	0,
			"reverse":	0,
			"tos":	0
		}
	},
	"intervals":	[{
			"streams":	[{
					"socket":	5,
					"start":	0,
					"end":	1.00027,
					"seconds":	1.0002700090408325,
					"bytes":	231680,
					"bits_per_second":	1852939.6895317091,
					"retransmits":	0,
					"snd_cwnd":	46336,
					"rtt":	311728,
					"rttvar":	54063,
					"pmtu":	1500,
					"omitted":	false,
					"sender":	true
				}],
			"sum":	{
				"start":	0,
				"end":	1.00027,
				"seconds":	1.0002700090408325,
				"bytes":	231680,
				"bits_per_second":	1852939.6895317091,
				"retransmits":	0,
				"omitted":	false,
				"sender":	true
			}
		}, {
			"streams":	[{
					"socket":	5,
					"start":	1.00027,
					"end":	2.000183,
					"seconds":	0.99991297721862793,
					"bytes":	108600,
					"bits_per_second":	868875.61197242024,
					"retransmits":	0,
					"snd_cwnd":	55024,
					"rtt":	457575,
					"rttvar":	15904,
					"pmtu":	1500,
					"omitted":	false,
					"sender":	true
				}],
			"sum":	{
				"start":	1.00027,
				"end":	2.000183,
				"seconds":	0.99991297721862793,
				"bytes":	108600,
				"bits_per_second":	868875.61197242024,
				"retransmits":	0,
				"omitted":	false,
				"sender":	true
			}
		}, {
			"streams":	[{
					"socket":	5,
					"start":	2.000183,
					"end":	3.000503,
					"seconds":	1.0003199577331543,
					"bytes":	131072,
					"bits_per_second":	1048240.6073114843,
					"retransmits":	0,
					"snd_cwnd":	59368,
					"rtt":	526695,
					"rttvar":	10390,
					"pmtu":	1500,
					"omitted":	false,
					"sender":	true
				}],
			"sum":	{
				"start":	2.000183,
				"end":	3.000503,
				"seconds":	1.0003199577331543,
				"bytes":	131072,
				"bits_per_second":	1048240.6073114843,
				"retransmits":	0,
				"omitted":	false,
				"sender":	true
			}
		}, {
			"streams":	[{
					"socket":	5,
					"start":	3.000503,
					"end":	4.000378,
					"seconds":	0.999875009059906,
					"bytes":	131072,
					"bits_per_second":	1048707.0788836728,
					"retransmits":	0,
					"snd_cwnd":	65160,
					"rtt":	575173,
					"rttvar":	13793,
					"pmtu":	1500,
					"omitted":	false,
					"sender":	true
				}],
			"sum":	{
				"start":	3.000503,
				"end":	4.000378,
				"seconds":	0.999875009059906,
				"bytes":	131072,
				"bits_per_second":	1048707.0788836728,
				"retransmits":	0,
				"omitted":	false,
				"sender":	true
			}
		}, {
			"streams":	[{
					"socket":	5,
					"start":	4.000378,
					"end":	5.000171,
					"seconds":	0.99979299306869507,
					"bytes":	131072,
					"bits_per_second":	1048793.1074427455,
					"retransmits":	0,
					"snd_cwnd":	73848,
					"rtt":	625370,
					"rttvar":	8759,
					"pmtu":	1500,
					"omitted":	false,
					"sender":	true
				}],
			"sum":	{
				"start":	4.000378,
				"end":	5.000171,
				"seconds":	0.99979299306869507,
				"bytes":	131072,
				"bits_per_second":	1048793.1074427455,
				"retransmits":	0,
				"omitted":	false,
				"sender":	true
			}
		}, {
			"streams":	[{
					"socket":	5,
					"start":	5.000171,
					"end":	6.000598,
					"seconds":	1.0004270076751709,
					"bytes":	131072,
					"bits_per_second":	1048128.4411110807,
					"retransmits":	0,
					"snd_cwnd":	94120,
					"rtt":	681532,
					"rttvar":	15378,
					"pmtu":	1500,
					"omitted":	false,
					"sender":	true
				}],
			"sum":	{
				"start":	5.000171,
				"end":	6.000598,
				"seconds":	1.0004270076751709,
				"bytes":	131072,
				"bits_per_second":	1048128.4411110807,
				"retransmits":	0,
				"omitted":	false,
				"sender":	true
			}
		}, {
			"streams":	[{
					"socket":	5,
					"start":	6.000598,
					"end":	7.000145,
					"seconds":	0.999547004699707,
					"bytes":	262144,
					"bits_per_second":	2098102.4305405682,
					"retransmits":	0,
					"snd_cwnd":	127424,
					"rtt":	773118,
					"rttvar":	18396,
					"pmtu":	1500,
					"omitted":	false,
					"sender":	true
				}],
			"sum":	{
				"start":	6.000598,
				"end":	7.000145,
				"seconds":	0.999547004699707,
				"bytes":	262144,
				"bits_per_second":	2098102.4305405682,
				"retransmits":	0,
				"omitted":	false,
				"sender":	true
			}
		}, {
			"streams":	[{
					"socket":	5,
					"start":	7.000145,
					"end":	8.000292,
					"seconds":	1.0001469850540161,
					"bytes":	393216,
					"bits_per_second":	3145265.6929522264,
					"retransmits":	0,
					"snd_cwnd":	173760,
					"rtt":	894041,
					"rttvar":	18602,
					"pmtu":	1500,
					"omitted":	false,
					"sender":	true
				}],
			"sum":	{
				"start":	7.000145,
				"end":	8.000292,
				"seconds":	1.0001469850540161,
				"bytes":	393216,
				"bits_per_second":	3145265.6929522264,
				"retransmits":	0,
				"omitted":	false,
				"sender":	true
			}
		}, {
			"streams":	[{
					"socket":	5,
					"start":	8.000292,
					"end":	9.000368,
					"seconds":	1.0000760555267334,
					"bytes":	393216,
					"bits_per_second":	3145488.7681949008,
					"retransmits":	0,
					"snd_cwnd":	237472,
					"rtt":	1041376,
					"rttvar":	20370,
					"pmtu":	1500,
					"omitted":	false,
					"sender":	true
				}],
			"sum":	{
				"start":	8.000292,
				"end":	9.000368,
				"seconds":	1.0000760555267334,
				"bytes":	393216,
				"bits_per_second":	3145488.7681949008,
				"retransmits":	0,
				"omitted":	false,
				"sender":	true
			}
		}, {
			"streams":	[{
					"socket":	5,
					"start":	9.000368,
					"end":	10.000408,
					"seconds":	1.0000400543212891,
					"bytes":	393216,
					"bits_per_second":	3145602.0050466424,
					"retransmits":	0,
					"snd_cwnd":	315664,
					"rtt":	1218641,
					"rttvar":	22802,
					"pmtu":	1500,
					"omitted":	false,
					"sender":	true
				}],
			"sum":	{
				"start":	9.000368,
				"end":	10.000408,
				"seconds":	1.0000400543212891,
				"bytes":	393216,
				"bits_per_second":	3145602.0050466424,
				"retransmits":	0,
				"omitted":	false,
				"sender":	true
			}
		}],
	"end":	{
		"streams":	[{
				"sender":	{
					"socket":	5,
					"start":	0,
					"end":	10.000408,
					"seconds":	10.000408,
					"bytes":	2306360,
					"bits_per_second":	1845012.7234808819,
					"retransmits":	0,
					"max_snd_cwnd":	315664,
					"max_rtt":	1218641,
					"min_rtt":	311728,
					"mean_rtt":	710524,
					"sender":	true
				},
				"receiver":	{
					"socket":	5,
					"start":	0,
					"end":	11.662964,
					"seconds":	10.000408,
					"bytes":	1439312,
					"bits_per_second":	987270.13133196672,
					"sender":	true
				}
			}],
		"sum_sent":	{
			"start":	0,
			"end":	10.000408,
			"seconds":	10.000408,
			"bytes":	2306360,
			"bits_per_second":	1845012.7234808819,
			"retransmits":	0,
			"sender":	true
		},
		"sum_received":	{
			"start":	0,
			"end":	11.662964,
			"seconds":	11.662964,
			"bytes":	1439312,
			"bits_per_second":	987270.13133196672,
			"sender":	true
		},
		"cpu_utilization_percent":	{
			"host_total":	3.9191799149288506,
			"host_user":	0.61318404319976916,
			"host_system":	3.3059958717290812,
			"remote_total":	0.15699602999277659,
			"remote_user":	0.067054040424326,
			"remote_system":	0.089934020226826589
		},
		"sender_tcp_congestion":	"cubic",
		"receiver_tcp_congestion":	"cubic"
	}
}
