{
	"start":	{
		"connected":	[{
				"socket":	5,
				"local_host":	"10.0.4.13",
				"local_port":	47576,
				"remote_host":	"10.0.6.10",
				"remote_port":	5203
			}],
		"version":	"iperf 3.7",
		"system_info":	"Linux ubuntu 5.11.0-40-generic #44~20.04.2-Ubuntu SMP Tue Oct 26 18:07:44 UTC 2021 x86_64",
		"timestamp":	{
			"time":	"Sun, 21 Nov 2021 16:42:44 GMT",
			"timesecs":	1637512964
		},
		"connecting_to":	{
			"host":	"10.0.6.10",
			"port":	5203
		},
		"cookie":	"snopt3fk33pqrzgwcly2bl23fjd534dhzt6c",
		"tcp_mss_default":	1448,
		"target_bitrate":	1000000000,
		"sock_bufsize":	0,
		"sndbuf_actual":	87380,
		"rcvbuf_actual":	87380,
		"test_start":	{
			"protocol":	"TCP",
			"num_streams":	1,
			"blksize":	131072,
			"omit":	0,
			"duration":	10,
			"bytes":	0,
			"blocks":	0,
			"reverse":	0,
			"tos":	0
		}
	},
	"intervals":	[{
			"streams":	[{
					"socket":	5,
					"start":	0,
					"end":	1.000625,
					"seconds":	1.0006250143051147,
					"bytes":	231680,
					"bits_per_second":	1852282.2970672222,
					"retransmits":	0,
					"snd_cwnd":	40544,
					"rtt":	312511,
					"rttvar":	56007,
					"pmtu":	1500,
					"omitted":	false,
					"sender":	true
				}],
			"sum":	{
				"start":	0,
				"end":	1.000625,
				"seconds":	1.0006250143051147,
				"bytes":	231680,
				"bits_per_second":	1852282.2970672222,
				"retransmits":	0,
				"omitted":	false,
				"sender":	true
			}
		}, {
			"streams":	[{
					"socket":	5,
					"start":	1.000625,
					"end":	2.000636,
					"seconds":	1.0000109672546387,
					"bytes":	115840,
					"bits_per_second":	926709.83653724648,
					"retransmits":	0,
					"snd_cwnd":	56472,
					"rtt":	472192,
					"rttvar":	19692,
					"pmtu":	1500,
					"omitted":	false,
					"sender":	true
				}],
			"sum":	{
				"start":	1.000625,
				"end":	2.000636,
				"seconds":	1.0000109672546387,
				"bytes":	115840,
				"bits_per_second":	926709.83653724648,
				"retransmits":	0,
				"omitted":	false,
				"sender":	true
			}
		}, {
			"streams":	[{
					"socket":	5,
					"start":	2.000636,
					"end":	3.000362,
					"seconds":	0.99972599744796753,
					"bytes":	131072,
					"bits_per_second":	1048863.3912459349,
					"retransmits":	0,
					"snd_cwnd":	60816,
					"rtt":	539397,
					"rttvar":	16859,
					"pmtu":	1500,
					"omitted":	false,
					"sender":	true
				}],
			"sum":	{
				"start":	2.000636,
				"end":	3.000362,
				"seconds":	0.99972599744796753,
				"bytes":	131072,
				"bits_per_second":	1048863.3912459349,
				"retransmits":	0,
				"omitted":	false,
				"sender":	true
			}
		}, {
			"streams":	[{
					"socket":	5,
					"start":	3.000362,
					"end":	4.000651,
					"seconds":	1.0002889633178711,
					"bytes":	131072,
					"bits_per_second":	1048273.0875305922,
					"retransmits":	0,
					"snd_cwnd":	66608,
					"rtt":	590560,
					"rttvar":	10573,
					"pmtu":	1500,
					"omitted":	false,
					"sender":	true
				}],
			"sum":	{
				"start":	3.000362,
				"end":	4.000651,
				"seconds":	1.0002889633178711,
				"bytes":	131072,
				"bits_per_second":	1048273.0875305922,
				"retransmits":	0,
				"omitted":	false,
				"sender":	true
			}
		}, {
			"streams":	[{
					"socket":	5,
					"start":	4.000651,
					"end":	5.000507,
					"seconds":	0.99985599517822266,
					"bytes":	131072,
					"bits_per_second":	1048727.02174786,
					"retransmits":	0,
					"snd_cwnd":	76744,
					"rtt":	643557,
					"rttvar":	9694,
					"pmtu":	1500,
					"omitted":	false,
					"sender":	true
				}],
			"sum":	{
				"start":	4.000651,
				"end":	5.000507,
				"seconds":	0.99985599517822266,
				"bytes":	131072,
				"bits_per_second":	1048727.02174786,
				"retransmits":	0,
				"omitted":	false,
				"sender":	true
			}
		}, {
			"streams":	[{
					"socket":	5,
					"start":	5.000507,
					"end":	6.000398,
					"seconds":	0.99989098310470581,
					"bytes":	262144,
					"bits_per_second":	2097380.6499267053,
					"retransmits":	0,
					"snd_cwnd":	98464,
					"rtt":	701002,
					"rttvar":	11982,
					"pmtu":	1500,
					"omitted":	false,
					"sender":	true
				}],
			"sum":	{
				"start":	5.000507,
				"end":	6.000398,
				"seconds":	0.99989098310470581,
				"bytes":	262144,
				"bits_per_second":	2097380.6499267053,
				"retransmits":	0,
				"omitted":	false,
				"sender":	true
			}
		}, {
			"streams":	[{
					"socket":	5,
					"start":	6.000398,
					"end":	7.000358,
					"seconds":	0.99996000528335571,
					"bytes":	131072,
					"bits_per_second":	1048617.9391773455,
					"retransmits":	0,
					"snd_cwnd":	130320,
					"rtt":	786760,
					"rttvar":	26145,
					"pmtu":	1500,
					"omitted":	false,
					"sender":	true
				}],
			"sum":	{
				"start":	6.000398,
				"end":	7.000358,
				"seconds":	0.99996000528335571,
				"bytes":	131072,
				"bits_per_second":	1048617.9391773455,
				"retransmits":	0,
				"omitted":	false,
				"sender":	true
			}
		}, {
			"streams":	[{
					"socket":	5,
					"start":	7.000358,
					"end":	8.000112,
					"seconds":	0.999754011631012,
					"bytes":	393216,
					"bits_per_second":	3146502.00289571,
					"retransmits":	0,
					"snd_cwnd":	181000,
					"rtt":	911845,
					"rttvar":	25495,
					"pmtu":	1500,
					"omitted":	false,
					"sender":	true
				}],
			"sum":	{
				"start":	7.000358,
				"end":	8.000112,
				"seconds":	0.999754011631012,
				"bytes":	393216,
				"bits_per_second":	3146502.00289571,
				"retransmits":	0,
				"omitted":	false,
				"sender":	true
			}
		}, {
			"streams":	[{
					"socket":	5,
					"start":	8.000112,
					"end":	9.000439,
					"seconds":	1.0003269910812378,
					"bytes":	393216,
					"bits_per_second":	3144699.7112412532,
					"retransmits":	0,
					"snd_cwnd":	241816,
					"rtt":	1055641,
					"rttvar":	29089,
					"pmtu":	1500,
					"omitted":	false,
					"sender":	true
				}],
			"sum":	{
				"start":	8.000112,
				"end":	9.000439,
				"seconds":	1.0003269910812378,
				"bytes":	393216,
				"bits_per_second":	3144699.7112412532,
				"retransmits":	0,
				"omitted":	false,
				"sender":	true
			}
		}, {
			"streams":	[{
					"socket":	5,
					"start":	9.000439,
					"end":	10.00052,
					"seconds":	1.000080943107605,
					"bytes":	524288,
					"bits_per_second":	4193964.527477961,
					"retransmits":	0,
					"snd_cwnd":	340280,
					"rtt":	1258550,
					"rttvar":	25546,
					"pmtu":	1500,
					"omitted":	false,
					"sender":	true
				}],
			"sum":	{
				"start":	9.000439,
				"end":	10.00052,
				"seconds":	1.000080943107605,
				"bytes":	524288,
				"bits_per_second":	4193964.527477961,
				"retransmits":	0,
				"omitted":	false,
				"sender":	true
			}
		}],
	"end":	{
		"streams":	[{
				"sender":	{
					"socket":	5,
					"start":	0,
					"end":	10.00052,
					"seconds":	10.00052,
					"bytes":	2444672,
					"bits_per_second":	1955635.9069328394,
					"retransmits":	0,
					"max_snd_cwnd":	340280,
					"max_rtt":	1258550,
					"min_rtt":	312511,
					"mean_rtt":	727201,
					"sender":	true
				},
				"receiver":	{
					"socket":	5,
					"start":	0,
					"end":	11.741947,
					"seconds":	10.00052,
					"bytes":	1485648,
					"bits_per_second":	1012198.7435303532,
					"sender":	true
				}
			}],
		"sum_sent":	{
			"start":	0,
			"end":	10.00052,
			"seconds":	10.00052,
			"bytes":	2444672,
			"bits_per_second":	1955635.9069328394,
			"retransmits":	0,
			"sender":	true
		},
		"sum_received":	{
			"start":	0,
			"end":	11.741947,
			"seconds":	11.741947,
			"bytes":	1485648,
			"bits_per_second":	1012198.7435303532,
			"sender":	true
		},
		"cpu_utilization_percent":	{
			"host_total":	4.0100327356656322,
			"host_user":	0.54329903631738385,
			"host_system":	3.4667246146877524,
			"remote_total":	0.17623061136533019,
			"remote_user":	0,
			"remote_system":	0.17623061136533019
		},
		"sender_tcp_congestion":	"cubic",
		"receiver_tcp_congestion":	"cubic"
	}
}
