{
	"start":	{
		"connected":	[{
				"socket":	5,
				"local_host":	"10.0.1.10",
				"local_port":	51792,
				"remote_host":	"10.0.7.10",
				"remote_port":	5200
			}],
		"version":	"iperf 3.7",
		"system_info":	"Linux ubuntu 5.11.0-40-generic #44~20.04.2-Ubuntu SMP Tue Oct 26 18:07:44 UTC 2021 x86_64",
		"timestamp":	{
			"time":	"Mon, 22 Nov 2021 06:56:45 GMT",
			"timesecs":	1637564205
		},
		"connecting_to":	{
			"host":	"10.0.7.10",
			"port":	5200
		},
		"cookie":	"nm4m6oktrahm5s7ya655slbvemqltqnghjaa",
		"tcp_mss_default":	1448,
		"target_bitrate":	1000000000,
		"sock_bufsize":	0,
		"sndbuf_actual":	87380,
		"rcvbuf_actual":	87380,
		"test_start":	{
			"protocol":	"TCP",
			"num_streams":	1,
			"blksize":	131072,
			"omit":	0,
			"duration":	10,
			"bytes":	0,
			"blocks":	0,
			"reverse":	0,
			"tos":	0
		}
	},
	"intervals":	[{
			"streams":	[{
					"socket":	5,
					"start":	0,
					"end":	1.000252,
					"seconds":	1.0002520084381104,
					"bytes":	79528080,
					"bits_per_second":	636064346.4175216,
					"retransmits":	926,
					"snd_cwnd":	39096,
					"rtt":	248,
					"rttvar":	178,
					"pmtu":	1500,
					"omitted":	false,
					"sender":	true
				}],
			"sum":	{
				"start":	0,
				"end":	1.000252,
				"seconds":	1.0002520084381104,
				"bytes":	79528080,
				"bits_per_second":	636064346.4175216,
				"retransmits":	926,
				"omitted":	false,
				"sender":	true
			}
		}, {
			"streams":	[{
					"socket":	5,
					"start":	1.000252,
					"end":	2.000374,
					"seconds":	1.0001219511032104,
					"bytes":	68681728,
					"bits_per_second":	549386825.67052019,
					"retransmits":	851,
					"snd_cwnd":	47784,
					"rtt":	589,
					"rttvar":	97,
					"pmtu":	1500,
					"omitted":	false,
					"sender":	true
				}],
			"sum":	{
				"start":	1.000252,
				"end":	2.000374,
				"seconds":	1.0001219511032104,
				"bytes":	68681728,
				"bits_per_second":	549386825.67052019,
				"retransmits":	851,
				"omitted":	false,
				"sender":	true
			}
		}, {
			"streams":	[{
					"socket":	5,
					"start":	2.000374,
					"end":	3.000169,
					"seconds":	0.99979501962661743,
					"bytes":	75759616,
					"bits_per_second":	606201187.34572709,
					"retransmits":	1208,
					"snd_cwnd":	43440,
					"rtt":	649,
					"rttvar":	103,
					"pmtu":	1500,
					"omitted":	false,
					"sender":	true
				}],
			"sum":	{
				"start":	2.000374,
				"end":	3.000169,
				"seconds":	0.99979501962661743,
				"bytes":	75759616,
				"bits_per_second":	606201187.34572709,
				"retransmits":	1208,
				"omitted":	false,
				"sender":	true
			}
		}, {
			"streams":	[{
					"socket":	5,
					"start":	3.000169,
					"end":	4.000084,
					"seconds":	0.99991500377655029,
					"bytes":	69730304,
					"bits_per_second":	557889850.530396,
					"retransmits":	982,
					"snd_cwnd":	47784,
					"rtt":	484,
					"rttvar":	81,
					"pmtu":	1500,
					"omitted":	false,
					"sender":	true
				}],
			"sum":	{
				"start":	3.000169,
				"end":	4.000084,
				"seconds":	0.99991500377655029,
				"bytes":	69730304,
				"bits_per_second":	557889850.530396,
				"retransmits":	982,
				"omitted":	false,
				"sender":	true
			}
		}, {
			"streams":	[{
					"socket":	5,
					"start":	4.000084,
					"end":	5.000175,
					"seconds":	1.0000909566879272,
					"bytes":	67764224,
					"bits_per_second":	542064487.60956407,
					"retransmits":	1135,
					"snd_cwnd":	46336,
					"rtt":	477,
					"rttvar":	124,
					"pmtu":	1500,
					"omitted":	false,
					"sender":	true
				}],
			"sum":	{
				"start":	4.000084,
				"end":	5.000175,
				"seconds":	1.0000909566879272,
				"bytes":	67764224,
				"bits_per_second":	542064487.60956407,
				"retransmits":	1135,
				"omitted":	false,
				"sender":	true
			}
		}, {
			"streams":	[{
					"socket":	5,
					"start":	5.000175,
					"end":	6.000136,
					"seconds":	0.99996101856231689,
					"bytes":	73400320,
					"bits_per_second":	587225450.89231992,
					"retransmits":	885,
					"snd_cwnd":	44888,
					"rtt":	345,
					"rttvar":	145,
					"pmtu":	1500,
					"omitted":	false,
					"sender":	true
				}],
			"sum":	{
				"start":	5.000175,
				"end":	6.000136,
				"seconds":	0.99996101856231689,
				"bytes":	73400320,
				"bits_per_second":	587225450.89231992,
				"retransmits":	885,
				"omitted":	false,
				"sender":	true
			}
		}, {
			"streams":	[{
					"socket":	5,
					"start":	6.000136,
					"end":	7.000172,
					"seconds":	1.0000360012054443,
					"bytes":	71827456,
					"bits_per_second":	574598961.74473011,
					"retransmits":	1002,
					"snd_cwnd":	40544,
					"rtt":	472,
					"rttvar":	127,
					"pmtu":	1500,
					"omitted":	false,
					"sender":	true
				}],
			"sum":	{
				"start":	6.000136,
				"end":	7.000172,
				"seconds":	1.0000360012054443,
				"bytes":	71827456,
				"bits_per_second":	574598961.74473011,
				"retransmits":	1002,
				"omitted":	false,
				"sender":	true
			}
		}, {
			"streams":	[{
					"socket":	5,
					"start":	7.000172,
					"end":	8.000192,
					"seconds":	1.0000200271606445,
					"bytes":	78381056,
					"bits_per_second":	627035890.25149608,
					"retransmits":	995,
					"snd_cwnd":	39096,
					"rtt":	564,
					"rttvar":	123,
					"pmtu":	1500,
					"omitted":	false,
					"sender":	true
				}],
			"sum":	{
				"start":	7.000172,
				"end":	8.000192,
				"seconds":	1.0000200271606445,
				"bytes":	78381056,
				"bits_per_second":	627035890.25149608,
				"retransmits":	995,
				"omitted":	false,
				"sender":	true
			}
		}, {
			"streams":	[{
					"socket":	5,
					"start":	8.000192,
					"end":	9.000206,
					"seconds":	1.0000139474868774,
					"bytes":	70909952,
					"bits_per_second":	567271703.98535275,
					"retransmits":	942,
					"snd_cwnd":	34752,
					"rtt":	332,
					"rttvar":	55,
					"pmtu":	1500,
					"omitted":	false,
					"sender":	true
				}],
			"sum":	{
				"start":	8.000192,
				"end":	9.000206,
				"seconds":	1.0000139474868774,
				"bytes":	70909952,
				"bits_per_second":	567271703.98535275,
				"retransmits":	942,
				"omitted":	false,
				"sender":	true
			}
		}, {
			"streams":	[{
					"socket":	5,
					"start":	9.000206,
					"end":	10.000146,
					"seconds":	0.99993997812271118,
					"bytes":	61734912,
					"bits_per_second":	493908941.34186906,
					"retransmits":	923,
					"snd_cwnd":	34752,
					"rtt":	438,
					"rttvar":	62,
					"pmtu":	1500,
					"omitted":	false,
					"sender":	true
				}],
			"sum":	{
				"start":	9.000206,
				"end":	10.000146,
				"seconds":	0.99993997812271118,
				"bytes":	61734912,
				"bits_per_second":	493908941.34186906,
				"retransmits":	923,
				"omitted":	false,
				"sender":	true
			}
		}],
	"end":	{
		"streams":	[{
				"sender":	{
					"socket":	5,
					"start":	0,
					"end":	10.000146,
					"seconds":	10.000146,
					"bytes":	717717648,
					"bits_per_second":	574165735.58026052,
					"retransmits":	9849,
					"max_snd_cwnd":	47784,
					"max_rtt":	649,
					"min_rtt":	248,
					"mean_rtt":	459,
					"sender":	true
				},
				"receiver":	{
					"socket":	5,
					"start":	0,
					"end":	10.007816,
					"seconds":	10.000146,
					"bytes":	717245248,
					"bits_per_second":	573348069.54884064,
					"sender":	true
				}
			}],
		"sum_sent":	{
			"start":	0,
			"end":	10.000146,
			"seconds":	10.000146,
			"bytes":	717717648,
			"bits_per_second":	574165735.58026052,
			"retransmits":	9849,
			"sender":	true
		},
		"sum_received":	{
			"start":	0,
			"end":	10.007816,
			"seconds":	10.007816,
			"bytes":	717245248,
			"bits_per_second":	573348069.54884064,
			"sender":	true
		},
		"cpu_utilization_percent":	{
			"host_total":	3.2948518613588731,
			"host_user":	0,
			"host_system":	3.2948618453953973,
			"remote_total":	12.272218583385129,
			"remote_user":	0,
			"remote_system":	12.27222853462604
		},
		"sender_tcp_congestion":	"cubic",
		"receiver_tcp_congestion":	"cubic"
	}
}
