{
	"start":	{
		"connected":	[{
				"socket":	5,
				"local_host":	"10.0.2.11",
				"local_port":	36588,
				"remote_host":	"10.0.7.10",
				"remote_port":	5201
			}],
		"version":	"iperf 3.7",
		"system_info":	"Linux ubuntu 5.11.0-40-generic #44~20.04.2-Ubuntu SMP Tue Oct 26 18:07:44 UTC 2021 x86_64",
		"timestamp":	{
			"time":	"Mon, 22 Nov 2021 06:56:45 GMT",
			"timesecs":	1637564205
		},
		"connecting_to":	{
			"host":	"10.0.7.10",
			"port":	5201
		},
		"cookie":	"jt2oogi4ndajdrj6fsg53qy2kjldxpooslz3",
		"tcp_mss_default":	1448,
		"target_bitrate":	1000000000,
		"sock_bufsize":	0,
		"sndbuf_actual":	87380,
		"rcvbuf_actual":	87380,
		"test_start":	{
			"protocol":	"TCP",
			"num_streams":	1,
			"blksize":	131072,
			"omit":	0,
			"duration":	10,
			"bytes":	0,
			"blocks":	0,
			"reverse":	0,
			"tos":	0
		}
	},
	"intervals":	[{
			"streams":	[{
					"socket":	5,
					"start":	0,
					"end":	1.000166,
					"seconds":	1.0001660585403442,
					"bytes":	76470256,
					"bits_per_second":	611660476.55407715,
					"retransmits":	930,
					"snd_cwnd":	49232,
					"rtt":	223,
					"rttvar":	115,
					"pmtu":	1500,
					"omitted":	false,
					"sender":	true
				}],
			"sum":	{
				"start":	0,
				"end":	1.000166,
				"seconds":	1.0001660585403442,
				"bytes":	76470256,
				"bits_per_second":	611660476.55407715,
				"retransmits":	930,
				"omitted":	false,
				"sender":	true
			}
		}, {
			"streams":	[{
					"socket":	5,
					"start":	1.000166,
					"end":	2.000066,
					"seconds":	0.99989998340606689,
					"bytes":	68681728,
					"bits_per_second":	549508783.99691164,
					"retransmits":	941,
					"snd_cwnd":	49232,
					"rtt":	509,
					"rttvar":	60,
					"pmtu":	1500,
					"omitted":	false,
					"sender":	true
				}],
			"sum":	{
				"start":	1.000166,
				"end":	2.000066,
				"seconds":	0.99989998340606689,
				"bytes":	68681728,
				"bits_per_second":	549508783.99691164,
				"retransmits":	941,
				"omitted":	false,
				"sender":	true
			}
		}, {
			"streams":	[{
					"socket":	5,
					"start":	2.000066,
					"end":	3.000346,
					"seconds":	1.0002800226211548,
					"bytes":	67502080,
					"bits_per_second":	539865465.45729172,
					"retransmits":	930,
					"snd_cwnd":	72400,
					"rtt":	481,
					"rttvar":	151,
					"pmtu":	1500,
					"omitted":	false,
					"sender":	true
				}],
			"sum":	{
				"start":	2.000066,
				"end":	3.000346,
				"seconds":	1.0002800226211548,
				"bytes":	67502080,
				"bits_per_second":	539865465.45729172,
				"retransmits":	930,
				"omitted":	false,
				"sender":	true
			}
		}, {
			"streams":	[{
					"socket":	5,
					"start":	3.000346,
					"end":	4.000023,
					"seconds":	0.99967700242996216,
					"bytes":	71172096,
					"bits_per_second":	569560734.73330784,
					"retransmits":	1100,
					"snd_cwnd":	39096,
					"rtt":	403,
					"rttvar":	86,
					"pmtu":	1500,
					"omitted":	false,
					"sender":	true
				}],
			"sum":	{
				"start":	3.000346,
				"end":	4.000023,
				"seconds":	0.99967700242996216,
				"bytes":	71172096,
				"bits_per_second":	569560734.73330784,
				"retransmits":	1100,
				"omitted":	false,
				"sender":	true
			}
		}, {
			"streams":	[{
					"socket":	5,
					"start":	4.000023,
					"end":	5.00011,
					"seconds":	1.0000870227813721,
					"bytes":	75890688,
					"bits_per_second":	607072674.84733975,
					"retransmits":	1078,
					"snd_cwnd":	39096,
					"rtt":	641,
					"rttvar":	100,
					"pmtu":	1500,
					"omitted":	false,
					"sender":	true
				}],
			"sum":	{
				"start":	4.000023,
				"end":	5.00011,
				"seconds":	1.0000870227813721,
				"bytes":	75890688,
				"bits_per_second":	607072674.84733975,
				"retransmits":	1078,
				"omitted":	false,
				"sender":	true
			}
		}, {
			"streams":	[{
					"socket":	5,
					"start":	5.00011,
					"end":	6.000082,
					"seconds":	0.99997198581695557,
					"bytes":	69468160,
					"bits_per_second":	555760849.18615806,
					"retransmits":	1109,
					"snd_cwnd":	40544,
					"rtt":	452,
					"rttvar":	142,
					"pmtu":	1500,
					"omitted":	false,
					"sender":	true
				}],
			"sum":	{
				"start":	5.00011,
				"end":	6.000082,
				"seconds":	0.99997198581695557,
				"bytes":	69468160,
				"bits_per_second":	555760849.18615806,
				"retransmits":	1109,
				"omitted":	false,
				"sender":	true
			}
		}, {
			"streams":	[{
					"socket":	5,
					"start":	6.000082,
					"end":	7.000309,
					"seconds":	1.0002269744873047,
					"bytes":	75890688,
					"bits_per_second":	606987733.2704407,
					"retransmits":	1129,
					"snd_cwnd":	47784,
					"rtt":	508,
					"rttvar":	92,
					"pmtu":	1500,
					"omitted":	false,
					"sender":	true
				}],
			"sum":	{
				"start":	6.000082,
				"end":	7.000309,
				"seconds":	1.0002269744873047,
				"bytes":	75890688,
				"bits_per_second":	606987733.2704407,
				"retransmits":	1129,
				"omitted":	false,
				"sender":	true
			}
		}, {
			"streams":	[{
					"socket":	5,
					"start":	7.000309,
					"end":	8.000043,
					"seconds":	0.99973398447036743,
					"bytes":	71827456,
					"bits_per_second":	574772546.4233551,
					"retransmits":	1087,
					"snd_cwnd":	37648,
					"rtt":	548,
					"rttvar":	88,
					"pmtu":	1500,
					"omitted":	false,
					"sender":	true
				}],
			"sum":	{
				"start":	7.000309,
				"end":	8.000043,
				"seconds":	0.99973398447036743,
				"bytes":	71827456,
				"bits_per_second":	574772546.4233551,
				"retransmits":	1087,
				"omitted":	false,
				"sender":	true
			}
		}, {
			"streams":	[{
					"socket":	5,
					"start":	8.000043,
					"end":	9.000081,
					"seconds":	1.0000380277633667,
					"bytes":	75235328,
					"bits_per_second":	601859736.62035584,
					"retransmits":	1114,
					"snd_cwnd":	46336,
					"rtt":	581,
					"rttvar":	130,
					"pmtu":	1500,
					"omitted":	false,
					"sender":	true
				}],
			"sum":	{
				"start":	8.000043,
				"end":	9.000081,
				"seconds":	1.0000380277633667,
				"bytes":	75235328,
				"bits_per_second":	601859736.62035584,
				"retransmits":	1114,
				"omitted":	false,
				"sender":	true
			}
		}, {
			"streams":	[{
					"socket":	5,
					"start":	9.000081,
					"end":	10.000477,
					"seconds":	1.0003960132598877,
					"bytes":	84279296,
					"bits_per_second":	673967467.94596052,
					"retransmits":	969,
					"snd_cwnd":	5792,
					"rtt":	634,
					"rttvar":	415,
					"pmtu":	1500,
					"omitted":	false,
					"sender":	true
				}],
			"sum":	{
				"start":	9.000081,
				"end":	10.000477,
				"seconds":	1.0003960132598877,
				"bytes":	84279296,
				"bits_per_second":	673967467.94596052,
				"retransmits":	969,
				"omitted":	false,
				"sender":	true
			}
		}],
	"end":	{
		"streams":	[{
				"sender":	{
					"socket":	5,
					"start":	0,
					"end":	10.000477,
					"seconds":	10.000477,
					"bytes":	736417776,
					"bits_per_second":	589106120.43805516,
					"retransmits":	10387,
					"max_snd_cwnd":	72400,
					"max_rtt":	641,
					"min_rtt":	223,
					"mean_rtt":	498,
					"sender":	true
				},
				"receiver":	{
					"socket":	5,
					"start":	0,
					"end":	10.005018,
					"seconds":	10.000477,
					"bytes":	735757760,
					"bits_per_second":	588310993.54343987,
					"sender":	true
				}
			}],
		"sum_sent":	{
			"start":	0,
			"end":	10.000477,
			"seconds":	10.000477,
			"bytes":	736417776,
			"bits_per_second":	589106120.43805516,
			"retransmits":	10387,
			"sender":	true
		},
		"sum_received":	{
			"start":	0,
			"end":	10.005018,
			"seconds":	10.005018,
			"bytes":	735757760,
			"bits_per_second":	588310993.54343987,
			"sender":	true
		},
		"cpu_utilization_percent":	{
			"host_total":	3.5169670017323891,
			"host_user":	0,
			"host_system":	3.5169670017323891,
			"remote_total":	12.417408437946088,
			"remote_user":	0.19066820865025813,
			"remote_system":	12.22674022929583
		},
		"sender_tcp_congestion":	"cubic",
		"receiver_tcp_congestion":	"cubic"
	}
}
