{
	"start":	{
		"connected":	[{
				"socket":	5,
				"local_host":	"10.0.4.13",
				"local_port":	56958,
				"remote_host":	"10.0.7.10",
				"remote_port":	5203
			}],
		"version":	"iperf 3.7",
		"system_info":	"Linux ubuntu 5.11.0-40-generic #44~20.04.2-Ubuntu SMP Tue Oct 26 18:07:44 UTC 2021 x86_64",
		"timestamp":	{
			"time":	"Mon, 22 Nov 2021 06:56:45 GMT",
			"timesecs":	1637564205
		},
		"connecting_to":	{
			"host":	"10.0.7.10",
			"port":	5203
		},
		"cookie":	"kp6pxsismzs22pbaj3cgqicvxcmnofm3qrxw",
		"tcp_mss_default":	1448,
		"target_bitrate":	1000000000,
		"sock_bufsize":	0,
		"sndbuf_actual":	87380,
		"rcvbuf_actual":	87380,
		"test_start":	{
			"protocol":	"TCP",
			"num_streams":	1,
			"blksize":	131072,
			"omit":	0,
			"duration":	10,
			"bytes":	0,
			"blocks":	0,
			"reverse":	0,
			"tos":	0
		}
	},
	"intervals":	[{
			"streams":	[{
					"socket":	5,
					"start":	0,
					"end":	1.000221,
					"seconds":	1.0002210140228271,
					"bytes":	67846008,
					"bits_per_second":	542648131.15355408,
					"retransmits":	1070,
					"snd_cwnd":	43440,
					"rtt":	334,
					"rttvar":	190,
					"pmtu":	1500,
					"omitted":	false,
					"sender":	true
				}],
			"sum":	{
				"start":	0,
				"end":	1.000221,
				"seconds":	1.0002210140228271,
				"bytes":	67846008,
				"bits_per_second":	542648131.15355408,
				"retransmits":	1070,
				"omitted":	false,
				"sender":	true
			}
		}, {
			"streams":	[{
					"socket":	5,
					"start":	1.000221,
					"end":	2.000178,
					"seconds":	0.99995702505111694,
					"bytes":	74579968,
					"bits_per_second":	596665385.66444921,
					"retransmits":	948,
					"snd_cwnd":	15928,
					"rtt":	1403,
					"rttvar":	932,
					"pmtu":	1500,
					"omitted":	false,
					"sender":	true
				}],
			"sum":	{
				"start":	1.000221,
				"end":	2.000178,
				"seconds":	0.99995702505111694,
				"bytes":	74579968,
				"bits_per_second":	596665385.66444921,
				"retransmits":	948,
				"omitted":	false,
				"sender":	true
			}
		}, {
			"streams":	[{
					"socket":	5,
					"start":	2.000178,
					"end":	3.000224,
					"seconds":	1.0000460147857666,
					"bytes":	70647808,
					"bits_per_second":	565156458.44664,
					"retransmits":	946,
					"snd_cwnd":	39096,
					"rtt":	433,
					"rttvar":	118,
					"pmtu":	1500,
					"omitted":	false,
					"sender":	true
				}],
			"sum":	{
				"start":	2.000178,
				"end":	3.000224,
				"seconds":	1.0000460147857666,
				"bytes":	70647808,
				"bits_per_second":	565156458.44664,
				"retransmits":	946,
				"omitted":	false,
				"sender":	true
			}
		}, {
			"streams":	[{
					"socket":	5,
					"start":	3.000224,
					"end":	4.000011,
					"seconds":	0.99978697299957275,
					"bytes":	75628544,
					"bits_per_second":	605157266.83734107,
					"retransmits":	1136,
					"snd_cwnd":	41992,
					"rtt":	446,
					"rttvar":	41,
					"pmtu":	1500,
					"omitted":	false,
					"sender":	true
				}],
			"sum":	{
				"start":	3.000224,
				"end":	4.000011,
				"seconds":	0.99978697299957275,
				"bytes":	75628544,
				"bits_per_second":	605157266.83734107,
				"retransmits":	1136,
				"omitted":	false,
				"sender":	true
			}
		}, {
			"streams":	[{
					"socket":	5,
					"start":	4.000011,
					"end":	5.000232,
					"seconds":	1.0002210140228271,
					"bytes":	79560704,
					"bits_per_second":	636344990.8336699,
					"retransmits":	1057,
					"snd_cwnd":	46336,
					"rtt":	461,
					"rttvar":	91,
					"pmtu":	1500,
					"omitted":	false,
					"sender":	true
				}],
			"sum":	{
				"start":	4.000011,
				"end":	5.000232,
				"seconds":	1.0002210140228271,
				"bytes":	79560704,
				"bits_per_second":	636344990.8336699,
				"retransmits":	1057,
				"omitted":	false,
				"sender":	true
			}
		}, {
			"streams":	[{
					"socket":	5,
					"start":	5.000232,
					"end":	6.000351,
					"seconds":	1.0001189708709717,
					"bytes":	72089600,
					"bits_per_second":	576648195.66191781,
					"retransmits":	966,
					"snd_cwnd":	44888,
					"rtt":	449,
					"rttvar":	94,
					"pmtu":	1500,
					"omitted":	false,
					"sender":	true
				}],
			"sum":	{
				"start":	5.000232,
				"end":	6.000351,
				"seconds":	1.0001189708709717,
				"bytes":	72089600,
				"bits_per_second":	576648195.66191781,
				"retransmits":	966,
				"omitted":	false,
				"sender":	true
			}
		}, {
			"streams":	[{
					"socket":	5,
					"start":	6.000351,
					"end":	7.00019,
					"seconds":	0.99983900785446167,
					"bytes":	78381056,
					"bits_per_second":	627149414.12975383,
					"retransmits":	1203,
					"snd_cwnd":	47784,
					"rtt":	536,
					"rttvar":	79,
					"pmtu":	1500,
					"omitted":	false,
					"sender":	true
				}],
			"sum":	{
				"start":	6.000351,
				"end":	7.00019,
				"seconds":	0.99983900785446167,
				"bytes":	78381056,
				"bits_per_second":	627149414.12975383,
				"retransmits":	1203,
				"omitted":	false,
				"sender":	true
			}
		}, {
			"streams":	[{
					"socket":	5,
					"start":	7.00019,
					"end":	8.000255,
					"seconds":	1.0000649690628052,
					"bytes":	73531392,
					"bits_per_second":	588212920.35783446,
					"retransmits":	746,
					"snd_cwnd":	37648,
					"rtt":	533,
					"rttvar":	80,
					"pmtu":	1500,
					"omitted":	false,
					"sender":	true
				}],
			"sum":	{
				"start":	7.00019,
				"end":	8.000255,
				"seconds":	1.0000649690628052,
				"bytes":	73531392,
				"bits_per_second":	588212920.35783446,
				"retransmits":	746,
				"omitted":	false,
				"sender":	true
			}
		}, {
			"streams":	[{
					"socket":	5,
					"start":	8.000255,
					"end":	9.000146,
					"seconds":	0.99989098310470581,
					"bytes":	67764224,
					"bits_per_second":	542172898.00605333,
					"retransmits":	1002,
					"snd_cwnd":	46336,
					"rtt":	618,
					"rttvar":	168,
					"pmtu":	1500,
					"omitted":	false,
					"sender":	true
				}],
			"sum":	{
				"start":	8.000255,
				"end":	9.000146,
				"seconds":	0.99989098310470581,
				"bytes":	67764224,
				"bits_per_second":	542172898.00605333,
				"retransmits":	1002,
				"omitted":	false,
				"sender":	true
			}
		}, {
			"streams":	[{
					"socket":	5,
					"start":	9.000146,
					"end":	10.000198,
					"seconds":	1.0000519752502441,
					"bytes":	74448896,
					"bits_per_second":	595560213.60886228,
					"retransmits":	1048,
					"snd_cwnd":	44888,
					"rtt":	561,
					"rttvar":	82,
					"pmtu":	1500,
					"omitted":	false,
					"sender":	true
				}],
			"sum":	{
				"start":	9.000146,
				"end":	10.000198,
				"seconds":	1.0000519752502441,
				"bytes":	74448896,
				"bits_per_second":	595560213.60886228,
				"retransmits":	1048,
				"omitted":	false,
				"sender":	true
			}
		}],
	"end":	{
		"streams":	[{
				"sender":	{
					"socket":	5,
					"start":	0,
					"end":	10.000198,
					"seconds":	10.000198,
					"bytes":	734478200,
					"bits_per_second":	587570926.09566331,
					"retransmits":	10122,
					"max_snd_cwnd":	47784,
					"max_rtt":	1403,
					"min_rtt":	334,
					"mean_rtt":	577,
					"sender":	true
				},
				"receiver":	{
					"socket":	5,
					"start":	0,
					"end":	10.003039,
					"seconds":	10.000198,
					"bytes":	734028216,
					"bits_per_second":	587044170.07671368,
					"sender":	true
				}
			}],
		"sum_sent":	{
			"start":	0,
			"end":	10.000198,
			"seconds":	10.000198,
			"bytes":	734478200,
			"bits_per_second":	587570926.09566331,
			"retransmits":	10122,
			"sender":	true
		},
		"sum_received":	{
			"start":	0,
			"end":	10.003039,
			"seconds":	10.003039,
			"bytes":	734028216,
			"bits_per_second":	587044170.07671368,
			"sender":	true
		},
		"cpu_utilization_percent":	{
			"host_total":	3.754372534602858,
			"host_user":	0,
			"host_system":	3.754372534602858,
			"remote_total":	12.844364588420612,
			"remote_user":	0,
			"remote_system":	12.844354635722798
		},
		"sender_tcp_congestion":	"cubic",
		"receiver_tcp_congestion":	"cubic"
	}
}
