{
	"start":	{
		"connected":	[{
				"socket":	5,
				"local_host":	"10.0.5.10",
				"local_port":	37280,
				"remote_host":	"10.0.7.10",
				"remote_port":	5204
			}],
		"version":	"iperf 3.7",
		"system_info":	"Linux ubuntu 5.11.0-40-generic #44~20.04.2-Ubuntu SMP Tue Oct 26 18:07:44 UTC 2021 x86_64",
		"timestamp":	{
			"time":	"Mon, 22 Nov 2021 06:56:45 GMT",
			"timesecs":	1637564205
		},
		"connecting_to":	{
			"host":	"10.0.7.10",
			"port":	5204
		},
		"cookie":	"ipw7obolbctfleclicj6anfys2iphorewg3a",
		"tcp_mss_default":	1448,
		"target_bitrate":	1000000000,
		"sock_bufsize":	0,
		"sndbuf_actual":	87380,
		"rcvbuf_actual":	87380,
		"test_start":	{
			"protocol":	"TCP",
			"num_streams":	1,
			"blksize":	131072,
			"omit":	0,
			"duration":	10,
			"bytes":	0,
			"blocks":	0,
			"reverse":	0,
			"tos":	0
		}
	},
	"intervals":	[{
			"streams":	[{
					"socket":	5,
					"start":	0,
					"end":	1.000671,
					"seconds":	1.0006710290908813,
					"bytes":	60678504,
					"bits_per_second":	485102514.10097855,
					"retransmits":	871,
					"snd_cwnd":	24616,
					"rtt":	798,
					"rttvar":	275,
					"pmtu":	1500,
					"omitted":	false,
					"sender":	true
				}],
			"sum":	{
				"start":	0,
				"end":	1.000671,
				"seconds":	1.0006710290908813,
				"bytes":	60678504,
				"bits_per_second":	485102514.10097855,
				"retransmits":	871,
				"omitted":	false,
				"sender":	true
			}
		}, {
			"streams":	[{
					"socket":	5,
					"start":	1.000671,
					"end":	2.000382,
					"seconds":	0.99971097707748413,
					"bytes":	73531392,
					"bits_per_second":	588421203.21582377,
					"retransmits":	981,
					"snd_cwnd":	36200,
					"rtt":	442,
					"rttvar":	77,
					"pmtu":	1500,
					"omitted":	false,
					"sender":	true
				}],
			"sum":	{
				"start":	1.000671,
				"end":	2.000382,
				"seconds":	0.99971097707748413,
				"bytes":	73531392,
				"bits_per_second":	588421203.21582377,
				"retransmits":	981,
				"omitted":	false,
				"sender":	true
			}
		}, {
			"streams":	[{
					"socket":	5,
					"start":	2.000382,
					"end":	3.000185,
					"seconds":	0.99980300664901733,
					"bytes":	74317824,
					"bits_per_second":	594659736.01409185,
					"retransmits":	847,
					"snd_cwnd":	41992,
					"rtt":	541,
					"rttvar":	106,
					"pmtu":	1500,
					"omitted":	false,
					"sender":	true
				}],
			"sum":	{
				"start":	2.000382,
				"end":	3.000185,
				"seconds":	0.99980300664901733,
				"bytes":	74317824,
				"bits_per_second":	594659736.01409185,
				"retransmits":	847,
				"omitted":	false,
				"sender":	true
			}
		}, {
			"streams":	[{
					"socket":	5,
					"start":	3.000185,
					"end":	4.00029,
					"seconds":	1.0001050233840942,
					"bytes":	72089600,
					"bits_per_second":	576656237.61046708,
					"retransmits":	765,
					"snd_cwnd":	70952,
					"rtt":	587,
					"rttvar":	137,
					"pmtu":	1500,
					"omitted":	false,
					"sender":	true
				}],
			"sum":	{
				"start":	3.000185,
				"end":	4.00029,
				"seconds":	1.0001050233840942,
				"bytes":	72089600,
				"bits_per_second":	576656237.61046708,
				"retransmits":	765,
				"omitted":	false,
				"sender":	true
			}
		}, {
			"streams":	[{
					"socket":	5,
					"start":	4.00029,
					"end":	5.000175,
					"seconds":	0.99988502264022827,
					"bytes":	80347136,
					"bits_per_second":	642851001.3108573,
					"retransmits":	1072,
					"snd_cwnd":	34752,
					"rtt":	323,
					"rttvar":	105,
					"pmtu":	1500,
					"omitted":	false,
					"sender":	true
				}],
			"sum":	{
				"start":	4.00029,
				"end":	5.000175,
				"seconds":	0.99988502264022827,
				"bytes":	80347136,
				"bits_per_second":	642851001.3108573,
				"retransmits":	1072,
				"omitted":	false,
				"sender":	true
			}
		}, {
			"streams":	[{
					"socket":	5,
					"start":	5.000175,
					"end":	6.000168,
					"seconds":	0.99999302625656128,
					"bytes":	66715648,
					"bits_per_second":	533728906.08845687,
					"retransmits":	855,
					"snd_cwnd":	40544,
					"rtt":	796,
					"rttvar":	208,
					"pmtu":	1500,
					"omitted":	false,
					"sender":	true
				}],
			"sum":	{
				"start":	5.000175,
				"end":	6.000168,
				"seconds":	0.99999302625656128,
				"bytes":	66715648,
				"bits_per_second":	533728906.08845687,
				"retransmits":	855,
				"omitted":	false,
				"sender":	true
			}
		}, {
			"streams":	[{
					"socket":	5,
					"start":	6.000168,
					"end":	7.000172,
					"seconds":	1.0000040531158447,
					"bytes":	74055680,
					"bits_per_second":	592443038.75973248,
					"retransmits":	1202,
					"snd_cwnd":	39096,
					"rtt":	715,
					"rttvar":	102,
					"pmtu":	1500,
					"omitted":	false,
					"sender":	true
				}],
			"sum":	{
				"start":	6.000168,
				"end":	7.000172,
				"seconds":	1.0000040531158447,
				"bytes":	74055680,
				"bits_per_second":	592443038.75973248,
				"retransmits":	1202,
				"omitted":	false,
				"sender":	true
			}
		}, {
			"streams":	[{
					"socket":	5,
					"start":	7.000172,
					"end":	8.000216,
					"seconds":	1.0000439882278442,
					"bytes":	74317824,
					"bits_per_second":	594516440.275368,
					"retransmits":	911,
					"snd_cwnd":	37648,
					"rtt":	564,
					"rttvar":	80,
					"pmtu":	1500,
					"omitted":	false,
					"sender":	true
				}],
			"sum":	{
				"start":	7.000172,
				"end":	8.000216,
				"seconds":	1.0000439882278442,
				"bytes":	74317824,
				"bits_per_second":	594516440.275368,
				"retransmits":	911,
				"omitted":	false,
				"sender":	true
			}
		}, {
			"streams":	[{
					"socket":	5,
					"start":	8.000216,
					"end":	9.000177,
					"seconds":	0.99996101856231689,
					"bytes":	78774272,
					"bits_per_second":	630218742.83265042,
					"retransmits":	1053,
					"snd_cwnd":	41992,
					"rtt":	594,
					"rttvar":	134,
					"pmtu":	1500,
					"omitted":	false,
					"sender":	true
				}],
			"sum":	{
				"start":	8.000216,
				"end":	9.000177,
				"seconds":	0.99996101856231689,
				"bytes":	78774272,
				"bits_per_second":	630218742.83265042,
				"retransmits":	1053,
				"omitted":	false,
				"sender":	true
			}
		}, {
			"streams":	[{
					"socket":	5,
					"start":	9.000177,
					"end":	10.000411,
					"seconds":	1.0002340078353882,
					"bytes":	81526784,
					"bits_per_second":	652061684.45668077,
					"retransmits":	952,
					"snd_cwnd":	39096,
					"rtt":	314,
					"rttvar":	205,
					"pmtu":	1500,
					"omitted":	false,
					"sender":	true
				}],
			"sum":	{
				"start":	9.000177,
				"end":	10.000411,
				"seconds":	1.0002340078353882,
				"bytes":	81526784,
				"bits_per_second":	652061684.45668077,
				"retransmits":	952,
				"omitted":	false,
				"sender":	true
			}
		}],
	"end":	{
		"streams":	[{
				"sender":	{
					"socket":	5,
					"start":	0,
					"end":	10.000411,
					"seconds":	10.000411,
					"bytes":	736354664,
					"bits_per_second":	589059520.85369289,
					"retransmits":	9509,
					"max_snd_cwnd":	70952,
					"max_rtt":	798,
					"min_rtt":	314,
					"mean_rtt":	567,
					"sender":	true
				},
				"receiver":	{
					"socket":	5,
					"start":	0,
					"end":	10.001213,
					"seconds":	10.000411,
					"bytes":	736022984,
					"bits_per_second":	588746972.19227314,
					"sender":	true
				}
			}],
		"sum_sent":	{
			"start":	0,
			"end":	10.000411,
			"seconds":	10.000411,
			"bytes":	736354664,
			"bits_per_second":	589059520.85369289,
			"retransmits":	9509,
			"sender":	true
		},
		"sum_received":	{
			"start":	0,
			"end":	10.001213,
			"seconds":	10.001213,
			"bytes":	736022984,
			"bits_per_second":	588746972.19227314,
			"sender":	true
		},
		"cpu_utilization_percent":	{
			"host_total":	3.6044150850736347,
			"host_user":	0,
			"host_system":	3.6044150850736347,
			"remote_total":	12.719283015740372,
			"remote_user":	0.68219448029894181,
			"remote_system":	12.037098485043709
		},
		"sender_tcp_congestion":	"cubic",
		"receiver_tcp_congestion":	"cubic"
	}
}
