{
	"start":	{
		"connected":	[{
				"socket":	5,
				"local_host":	"10.0.3.12",
				"local_port":	55888,
				"remote_host":	"10.0.7.10",
				"remote_port":	5202
			}],
		"version":	"iperf 3.7",
		"system_info":	"Linux ubuntu 5.11.0-40-generic #44~20.04.2-Ubuntu SMP Tue Oct 26 18:07:44 UTC 2021 x86_64",
		"timestamp":	{
			"time":	"Sun, 21 Nov 2021 16:42:09 GMT",
			"timesecs":	1637512929
		},
		"connecting_to":	{
			"host":	"10.0.7.10",
			"port":	5202
		},
		"cookie":	"sr53cw5kicrratfmjq4oszf7bgw3oymnfkyc",
		"tcp_mss_default":	1448,
		"target_bitrate":	1000000000,
		"sock_bufsize":	0,
		"sndbuf_actual":	87380,
		"rcvbuf_actual":	87380,
		"test_start":	{
			"protocol":	"TCP",
			"num_streams":	1,
			"blksize":	131072,
			"omit":	0,
			"duration":	10,
			"bytes":	0,
			"blocks":	0,
			"reverse":	0,
			"tos":	0
		}
	},
	"intervals":	[{
			"streams":	[{
					"socket":	5,
					"start":	0,
					"end":	1.000101,
					"seconds":	1.0001009702682495,
					"bytes":	231680,
					"bits_per_second":	1853252.8765599197,
					"retransmits":	0,
					"snd_cwnd":	53576,
					"rtt":	308427,
					"rttvar":	48945,
					"pmtu":	1500,
					"omitted":	false,
					"sender":	true
				}],
			"sum":	{
				"start":	0,
				"end":	1.000101,
				"seconds":	1.0001009702682495,
				"bytes":	231680,
				"bits_per_second":	1853252.8765599197,
				"retransmits":	0,
				"omitted":	false,
				"sender":	true
			}
		}, {
			"streams":	[{
					"socket":	5,
					"start":	1.000101,
					"end":	2.000405,
					"seconds":	1.0003039836883545,
					"bytes":	108600,
					"bits_per_second":	868535.97922956524,
					"retransmits":	0,
					"snd_cwnd":	55024,
					"rtt":	450734,
					"rttvar":	15345,
					"pmtu":	1500,
					"omitted":	false,
					"sender":	true
				}],
			"sum":	{
				"start":	1.000101,
				"end":	2.000405,
				"seconds":	1.0003039836883545,
				"bytes":	108600,
				"bits_per_second":	868535.97922956524,
				"retransmits":	0,
				"omitted":	false,
				"sender":	true
			}
		}, {
			"streams":	[{
					"socket":	5,
					"start":	2.000405,
					"end":	3.000284,
					"seconds":	0.999879002571106,
					"bytes":	131072,
					"bits_per_second":	1048702.8903534065,
					"retransmits":	0,
					"snd_cwnd":	60816,
					"rtt":	523307,
					"rttvar":	10483,
					"pmtu":	1500,
					"omitted":	false,
					"sender":	true
				}],
			"sum":	{
				"start":	2.000405,
				"end":	3.000284,
				"seconds":	0.999879002571106,
				"bytes":	131072,
				"bits_per_second":	1048702.8903534065,
				"retransmits":	0,
				"omitted":	false,
				"sender":	true
			}
		}, {
			"streams":	[{
					"socket":	5,
					"start":	3.000284,
					"end":	4.000072,
					"seconds":	0.99978798627853394,
					"bytes":	131072,
					"bits_per_second":	1048798.3596432954,
					"retransmits":	0,
					"snd_cwnd":	65160,
					"rtt":	572117,
					"rttvar":	13329,
					"pmtu":	1500,
					"omitted":	false,
					"sender":	true
				}],
			"sum":	{
				"start":	3.000284,
				"end":	4.000072,
				"seconds":	0.99978798627853394,
				"bytes":	131072,
				"bits_per_second":	1048798.3596432954,
				"retransmits":	0,
				"omitted":	false,
				"sender":	true
			}
		}, {
			"streams":	[{
					"socket":	5,
					"start":	4.000072,
					"end":	5.000518,
					"seconds":	1.0004459619522095,
					"bytes":	131072,
					"bits_per_second":	1048108.5834499971,
					"retransmits":	0,
					"snd_cwnd":	70952,
					"rtt":	617019,
					"rttvar":	8808,
					"pmtu":	1500,
					"omitted":	false,
					"sender":	true
				}],
			"sum":	{
				"start":	4.000072,
				"end":	5.000518,
				"seconds":	1.0004459619522095,
				"bytes":	131072,
				"bits_per_second":	1048108.5834499971,
				"retransmits":	0,
				"omitted":	false,
				"sender":	true
			}
		}, {
			"streams":	[{
					"socket":	5,
					"start":	5.000518,
					"end":	6.000285,
					"seconds":	0.999767005443573,
					"bytes":	262144,
					"bits_per_second":	2097640.7388734971,
					"retransmits":	0,
					"snd_cwnd":	91224,
					"rtt":	676276,
					"rttvar":	14985,
					"pmtu":	1500,
					"omitted":	false,
					"sender":	true
				}],
			"sum":	{
				"start":	5.000518,
				"end":	6.000285,
				"seconds":	0.999767005443573,
				"bytes":	262144,
				"bits_per_second":	2097640.7388734971,
				"retransmits":	0,
				"omitted":	false,
				"sender":	true
			}
		}, {
			"streams":	[{
					"socket":	5,
					"start":	6.000285,
					"end":	7.000434,
					"seconds":	1.0001490116119385,
					"bytes":	131072,
					"bits_per_second":	1048419.7732795954,
					"retransmits":	0,
					"snd_cwnd":	123080,
					"rtt":	762722,
					"rttvar":	16932,
					"pmtu":	1500,
					"omitted":	false,
					"sender":	true
				}],
			"sum":	{
				"start":	6.000285,
				"end":	7.000434,
				"seconds":	1.0001490116119385,
				"bytes":	131072,
				"bits_per_second":	1048419.7732795954,
				"retransmits":	0,
				"omitted":	false,
				"sender":	true
			}
		}, {
			"streams":	[{
					"socket":	5,
					"start":	7.000434,
					"end":	8.000223,
					"seconds":	0.99978899955749512,
					"bytes":	262144,
					"bits_per_second":	2097594.5933874007,
					"retransmits":	0,
					"snd_cwnd":	166520,
					"rtt":	873719,
					"rttvar":	18481,
					"pmtu":	1500,
					"omitted":	false,
					"sender":	true
				}],
			"sum":	{
				"start":	7.000434,
				"end":	8.000223,
				"seconds":	0.99978899955749512,
				"bytes":	262144,
				"bits_per_second":	2097594.5933874007,
				"retransmits":	0,
				"omitted":	false,
				"sender":	true
			}
		}, {
			"streams":	[{
					"socket":	5,
					"start":	8.000223,
					"end":	9.000151,
					"seconds":	0.99992799758911133,
					"bytes":	393216,
					"bits_per_second":	3145954.5163097205,
					"retransmits":	0,
					"snd_cwnd":	227336,
					"rtt":	1023602,
					"rttvar":	17992,
					"pmtu":	1500,
					"omitted":	false,
					"sender":	true
				}],
			"sum":	{
				"start":	8.000223,
				"end":	9.000151,
				"seconds":	0.99992799758911133,
				"bytes":	393216,
				"bits_per_second":	3145954.5163097205,
				"retransmits":	0,
				"omitted":	false,
				"sender":	true
			}
		}, {
			"streams":	[{
					"socket":	5,
					"start":	9.000151,
					"end":	10.000177,
					"seconds":	1.0000259876251221,
					"bytes":	524288,
					"bits_per_second":	4194195.0028325776,
					"retransmits":	0,
					"snd_cwnd":	308424,
					"rtt":	1197440,
					"rttvar":	25410,
					"pmtu":	1500,
					"omitted":	false,
					"sender":	true
				}],
			"sum":	{
				"start":	9.000151,
				"end":	10.000177,
				"seconds":	1.0000259876251221,
				"bytes":	524288,
				"bits_per_second":	4194195.0028325776,
				"retransmits":	0,
				"omitted":	false,
				"sender":	true
			}
		}],
	"end":	{
		"streams":	[{
				"sender":	{
					"socket":	5,
					"start":	0,
					"end":	10.000177,
					"seconds":	10.000177,
					"bytes":	2306360,
					"bits_per_second":	1845055.3425204372,
					"retransmits":	0,
					"max_snd_cwnd":	308424,
					"max_rtt":	1197440,
					"min_rtt":	308427,
					"mean_rtt":	700536,
					"sender":	true
				},
				"receiver":	{
					"socket":	5,
					"start":	0,
					"end":	11.619992,
					"seconds":	10.000177,
					"bytes":	1445104,
					"bits_per_second":	994908.77446387231,
					"sender":	true
				}
			}],
		"sum_sent":	{
			"start":	0,
			"end":	10.000177,
			"seconds":	10.000177,
			"bytes":	2306360,
			"bits_per_second":	1845055.3425204372,
			"retransmits":	0,
			"sender":	true
		},
		"sum_received":	{
			"start":	0,
			"end":	11.619992,
			"seconds":	11.619992,
			"bytes":	1445104,
			"bits_per_second":	994908.77446387231,
			"sender":	true
		},
		"cpu_utilization_percent":	{
			"host_total":	4.2112846426755324,
			"host_user":	0.6675748442814583,
			"host_system":	3.5437004799289116,
			"remote_total":	0.13993028097412974,
			"remote_user":	0,
			"remote_system":	0.13993028097412974
		},
		"sender_tcp_congestion":	"cubic",
		"receiver_tcp_congestion":	"cubic"
	}
}
