{
	"start":	{
		"connected":	[{
				"socket":	5,
				"local_host":	"10.0.3.12",
				"local_port":	43254,
				"remote_host":	"10.0.6.10",
				"remote_port":	5202
			}],
		"version":	"iperf 3.7",
		"system_info":	"Linux ubuntu 5.11.0-40-generic #44~20.04.2-Ubuntu SMP Tue Oct 26 18:07:44 UTC 2021 x86_64",
		"timestamp":	{
			"time":	"Sun, 21 Nov 2021 16:42:45 GMT",
			"timesecs":	1637512965
		},
		"connecting_to":	{
			"host":	"10.0.6.10",
			"port":	5202
		},
		"cookie":	"bylb5exz3v2q2d7arq5jusdkukexbgp6zfzy",
		"tcp_mss_default":	1448,
		"target_bitrate":	1000000000,
		"sock_bufsize":	0,
		"sndbuf_actual":	87380,
		"rcvbuf_actual":	87380,
		"test_start":	{
			"protocol":	"TCP",
			"num_streams":	1,
			"blksize":	131072,
			"omit":	0,
			"duration":	10,
			"bytes":	0,
			"blocks":	0,
			"reverse":	0,
			"tos":	0
		}
	},
	"intervals":	[{
			"streams":	[{
					"socket":	5,
					"start":	0,
					"end":	1.000535,
					"seconds":	1.0005350112915039,
					"bytes":	144800,
					"bits_per_second":	1157780.5743196551,
					"retransmits":	0,
					"snd_cwnd":	28960,
					"rtt":	297500,
					"rttvar":	66026,
					"pmtu":	1500,
					"omitted":	false,
					"sender":	true
				}],
			"sum":	{
				"start":	0,
				"end":	1.000535,
				"seconds":	1.0005350112915039,
				"bytes":	144800,
				"bits_per_second":	1157780.5743196551,
				"retransmits":	0,
				"omitted":	false,
				"sender":	true
			}
		}, {
			"streams":	[{
					"socket":	5,
					"start":	1.000535,
					"end":	2.000428,
					"seconds":	0.99989300966262817,
					"bytes":	195480,
					"bits_per_second":	1564007.3336722816,
					"retransmits":	0,
					"snd_cwnd":	53576,
					"rtt":	466646,
					"rttvar":	25560,
					"pmtu":	1500,
					"omitted":	false,
					"sender":	true
				}],
			"sum":	{
				"start":	1.000535,
				"end":	2.000428,
				"seconds":	0.99989300966262817,
				"bytes":	195480,
				"bits_per_second":	1564007.3336722816,
				"retransmits":	0,
				"omitted":	false,
				"sender":	true
			}
		}, {
			"streams":	[{
					"socket":	5,
					"start":	2.000428,
					"end":	3.000429,
					"seconds":	1.0000009536743164,
					"bytes":	131072,
					"bits_per_second":	1048575.0000009537,
					"retransmits":	0,
					"snd_cwnd":	57920,
					"rtt":	542376,
					"rttvar":	13082,
					"pmtu":	1500,
					"omitted":	false,
					"sender":	true
				}],
			"sum":	{
				"start":	2.000428,
				"end":	3.000429,
				"seconds":	1.0000009536743164,
				"bytes":	131072,
				"bits_per_second":	1048575.0000009537,
				"retransmits":	0,
				"omitted":	false,
				"sender":	true
			}
		}, {
			"streams":	[{
					"socket":	5,
					"start":	3.000429,
					"end":	4.000362,
					"seconds":	0.99993300437927246,
					"bytes":	131072,
					"bits_per_second":	1048646.2547067576,
					"retransmits":	0,
					"snd_cwnd":	63712,
					"rtt":	598263,
					"rttvar":	12547,
					"pmtu":	1500,
					"omitted":	false,
					"sender":	true
				}],
			"sum":	{
				"start":	3.000429,
				"end":	4.000362,
				"seconds":	0.99993300437927246,
				"bytes":	131072,
				"bits_per_second":	1048646.2547067576,
				"retransmits":	0,
				"omitted":	false,
				"sender":	true
			}
		}, {
			"streams":	[{
					"socket":	5,
					"start":	4.000362,
					"end":	5.000292,
					"seconds":	0.99993002414703369,
					"bytes":	131072,
					"bits_per_second":	1048649.3801348375,
					"retransmits":	0,
					"snd_cwnd":	69504,
					"rtt":	644450,
					"rttvar":	11140,
					"pmtu":	1500,
					"omitted":	false,
					"sender":	true
				}],
			"sum":	{
				"start":	4.000362,
				"end":	5.000292,
				"seconds":	0.99993002414703369,
				"bytes":	131072,
				"bits_per_second":	1048649.3801348375,
				"retransmits":	0,
				"omitted":	false,
				"sender":	true
			}
		}, {
			"streams":	[{
					"socket":	5,
					"start":	5.000292,
					"end":	6.000147,
					"seconds":	0.99985498189926147,
					"bytes":	131072,
					"bits_per_second":	1048728.0845550133,
					"retransmits":	0,
					"snd_cwnd":	85432,
					"rtt":	706525,
					"rttvar":	15123,
					"pmtu":	1500,
					"omitted":	false,
					"sender":	true
				}],
			"sum":	{
				"start":	5.000292,
				"end":	6.000147,
				"seconds":	0.99985498189926147,
				"bytes":	131072,
				"bits_per_second":	1048728.0845550133,
				"retransmits":	0,
				"omitted":	false,
				"sender":	true
			}
		}, {
			"streams":	[{
					"socket":	5,
					"start":	6.000147,
					"end":	7.000149,
					"seconds":	1.0000020265579224,
					"bytes":	131072,
					"bits_per_second":	1048573.8750043064,
					"retransmits":	0,
					"snd_cwnd":	111496,
					"rtt":	800682,
					"rttvar":	19008,
					"pmtu":	1500,
					"omitted":	false,
					"sender":	true
				}],
			"sum":	{
				"start":	6.000147,
				"end":	7.000149,
				"seconds":	1.0000020265579224,
				"bytes":	131072,
				"bits_per_second":	1048573.8750043064,
				"retransmits":	0,
				"omitted":	false,
				"sender":	true
			}
		}, {
			"streams":	[{
					"socket":	5,
					"start":	7.000149,
					"end":	8.000267,
					"seconds":	1.0001180171966553,
					"bytes":	262144,
					"bits_per_second":	2096904.5292058093,
					"retransmits":	0,
					"snd_cwnd":	150592,
					"rtt":	920854,
					"rttvar":	22249,
					"pmtu":	1500,
					"omitted":	false,
					"sender":	true
				}],
			"sum":	{
				"start":	7.000149,
				"end":	8.000267,
				"seconds":	1.0001180171966553,
				"bytes":	262144,
				"bits_per_second":	2096904.5292058093,
				"retransmits":	0,
				"omitted":	false,
				"sender":	true
			}
		}, {
			"streams":	[{
					"socket":	5,
					"start":	8.000267,
					"end":	9.000399,
					"seconds":	1.0001319646835327,
					"bytes":	393216,
					"bits_per_second":	3145312.9297746108,
					"retransmits":	0,
					"snd_cwnd":	209960,
					"rtt":	1076021,
					"rttvar":	25840,
					"pmtu":	1500,
					"omitted":	false,
					"sender":	true
				}],
			"sum":	{
				"start":	8.000267,
				"end":	9.000399,
				"seconds":	1.0001319646835327,
				"bytes":	393216,
				"bits_per_second":	3145312.9297746108,
				"retransmits":	0,
				"omitted":	false,
				"sender":	true
			}
		}, {
			"streams":	[{
					"socket":	5,
					"start":	9.000399,
					"end":	10.000392,
					"seconds":	0.99999302625656128,
					"bytes":	393216,
					"bits_per_second":	3145749.9376529874,
					"retransmits":	0,
					"snd_cwnd":	278016,
					"rtt":	1274284,
					"rttvar":	28774,
					"pmtu":	1500,
					"omitted":	false,
					"sender":	true
				}],
			"sum":	{
				"start":	9.000399,
				"end":	10.000392,
				"seconds":	0.99999302625656128,
				"bytes":	393216,
				"bits_per_second":	3145749.9376529874,
				"retransmits":	0,
				"omitted":	false,
				"sender":	true
			}
		}],
	"end":	{
		"streams":	[{
				"sender":	{
					"socket":	5,
					"start":	0,
					"end":	10.000392,
					"seconds":	10.000392,
					"bytes":	2044216,
					"bits_per_second":	1635308.6958991208,
					"retransmits":	0,
					"max_snd_cwnd":	278016,
					"max_rtt":	1274284,
					"min_rtt":	297500,
					"mean_rtt":	732760,
					"sender":	true
				},
				"receiver":	{
					"socket":	5,
					"start":	0,
					"end":	11.768594,
					"seconds":	10.000392,
					"bytes":	1261208,
					"bits_per_second":	857338.09833188227,
					"sender":	true
				}
			}],
		"sum_sent":	{
			"start":	0,
			"end":	10.000392,
			"seconds":	10.000392,
			"bytes":	2044216,
			"bits_per_second":	1635308.6958991208,
			"retransmits":	0,
			"sender":	true
		},
		"sum_received":	{
			"start":	0,
			"end":	11.768594,
			"seconds":	11.768594,
			"bytes":	1261208,
			"bits_per_second":	857338.09833188227,
			"sender":	true
		},
		"cpu_utilization_percent":	{
			"host_total":	4.4525663897813459,
			"host_user":	0.92024589758146025,
			"host_system":	3.532311458224549,
			"remote_total":	0.15108122096551016,
			"remote_user":	0,
			"remote_system":	0.15108122096551016
		},
		"sender_tcp_congestion":	"cubic",
		"receiver_tcp_congestion":	"cubic"
	}
}
