{
	"start":	{
		"connected":	[{
				"socket":	5,
				"local_host":	"10.0.1.10",
				"local_port":	41792,
				"remote_host":	"10.0.6.10",
				"remote_port":	5200
			}],
		"version":	"iperf 3.7",
		"system_info":	"Linux ubuntu 5.11.0-40-generic #44~20.04.2-Ubuntu SMP Tue Oct 26 18:07:44 UTC 2021 x86_64",
		"timestamp":	{
			"time":	"Mon, 22 Nov 2021 06:57:07 GMT",
			"timesecs":	1637564227
		},
		"connecting_to":	{
			"host":	"10.0.6.10",
			"port":	5200
		},
		"cookie":	"ivwwvhygsbzcaujtsh23plbx2oiufbt2erfu",
		"tcp_mss_default":	1448,
		"target_bitrate":	1000000000,
		"sock_bufsize":	0,
		"sndbuf_actual":	87380,
		"rcvbuf_actual":	87380,
		"test_start":	{
			"protocol":	"TCP",
			"num_streams":	1,
			"blksize":	131072,
			"omit":	0,
			"duration":	10,
			"bytes":	0,
			"blocks":	0,
			"reverse":	0,
			"tos":	0
		}
	},
	"intervals":	[{
			"streams":	[{
					"socket":	5,
					"start":	0,
					"end":	1.000148,
					"seconds":	1.0001480579376221,
					"bytes":	63939648,
					"bits_per_second":	511441461.03206515,
					"retransmits":	963,
					"snd_cwnd":	41992,
					"rtt":	720,
					"rttvar":	216,
					"pmtu":	1500,
					"omitted":	false,
					"sender":	true
				}],
			"sum":	{
				"start":	0,
				"end":	1.000148,
				"seconds":	1.0001480579376221,
				"bytes":	63939648,
				"bits_per_second":	511441461.03206515,
				"retransmits":	963,
				"omitted":	false,
				"sender":	true
			}
		}, {
			"streams":	[{
					"socket":	5,
					"start":	1.000148,
					"end":	2.000114,
					"seconds":	0.999966025352478,
					"bytes":	76021760,
					"bits_per_second":	608194743.202025,
					"retransmits":	946,
					"snd_cwnd":	47784,
					"rtt":	331,
					"rttvar":	174,
					"pmtu":	1500,
					"omitted":	false,
					"sender":	true
				}],
			"sum":	{
				"start":	1.000148,
				"end":	2.000114,
				"seconds":	0.999966025352478,
				"bytes":	76021760,
				"bits_per_second":	608194743.202025,
				"retransmits":	946,
				"omitted":	false,
				"sender":	true
			}
		}, {
			"streams":	[{
					"socket":	5,
					"start":	2.000114,
					"end":	3.000192,
					"seconds":	1.0000779628753662,
					"bytes":	76021760,
					"bits_per_second":	608126668.69632161,
					"retransmits":	1039,
					"snd_cwnd":	44888,
					"rtt":	569,
					"rttvar":	55,
					"pmtu":	1500,
					"omitted":	false,
					"sender":	true
				}],
			"sum":	{
				"start":	2.000114,
				"end":	3.000192,
				"seconds":	1.0000779628753662,
				"bytes":	76021760,
				"bits_per_second":	608126668.69632161,
				"retransmits":	1039,
				"omitted":	false,
				"sender":	true
			}
		}, {
			"streams":	[{
					"socket":	5,
					"start":	3.000192,
					"end":	4.000147,
					"seconds":	0.99995499849319458,
					"bytes":	67502080,
					"bits_per_second":	540040942.65615618,
					"retransmits":	935,
					"snd_cwnd":	41992,
					"rtt":	947,
					"rttvar":	517,
					"pmtu":	1500,
					"omitted":	false,
					"sender":	true
				}],
			"sum":	{
				"start":	3.000192,
				"end":	4.000147,
				"seconds":	0.99995499849319458,
				"bytes":	67502080,
				"bits_per_second":	540040942.65615618,
				"retransmits":	935,
				"omitted":	false,
				"sender":	true
			}
		}, {
			"streams":	[{
					"socket":	5,
					"start":	4.000147,
					"end":	5.000178,
					"seconds":	1.0000309944152832,
					"bytes":	69337088,
					"bits_per_second":	554679512.03285491,
					"retransmits":	985,
					"snd_cwnd":	36200,
					"rtt":	596,
					"rttvar":	83,
					"pmtu":	1500,
					"omitted":	false,
					"sender":	true
				}],
			"sum":	{
				"start":	4.000147,
				"end":	5.000178,
				"seconds":	1.0000309944152832,
				"bytes":	69337088,
				"bits_per_second":	554679512.03285491,
				"retransmits":	985,
				"omitted":	false,
				"sender":	true
			}
		}, {
			"streams":	[{
					"socket":	5,
					"start":	5.000178,
					"end":	6.000142,
					"seconds":	0.99996399879455566,
					"bytes":	66715648,
					"bits_per_second":	533744399.44177908,
					"retransmits":	879,
					"snd_cwnd":	40544,
					"rtt":	533,
					"rttvar":	98,
					"pmtu":	1500,
					"omitted":	false,
					"sender":	true
				}],
			"sum":	{
				"start":	5.000178,
				"end":	6.000142,
				"seconds":	0.99996399879455566,
				"bytes":	66715648,
				"bits_per_second":	533744399.44177908,
				"retransmits":	879,
				"omitted":	false,
				"sender":	true
			}
		}, {
			"streams":	[{
					"socket":	5,
					"start":	6.000142,
					"end":	7.00017,
					"seconds":	1.0000280141830444,
					"bytes":	79167488,
					"bits_per_second":	633322161.99702775,
					"retransmits":	1070,
					"snd_cwnd":	1448,
					"rtt":	374,
					"rttvar":	242,
					"pmtu":	1500,
					"omitted":	false,
					"sender":	true
				}],
			"sum":	{
				"start":	6.000142,
				"end":	7.00017,
				"seconds":	1.0000280141830444,
				"bytes":	79167488,
				"bits_per_second":	633322161.99702775,
				"retransmits":	1070,
				"omitted":	false,
				"sender":	true
			}
		}, {
			"streams":	[{
					"socket":	5,
					"start":	7.00017,
					"end":	8.000134,
					"seconds":	0.99996399879455566,
					"bytes":	72220672,
					"bits_per_second":	577786176.99886107,
					"retransmits":	960,
					"snd_cwnd":	39096,
					"rtt":	676,
					"rttvar":	128,
					"pmtu":	1500,
					"omitted":	false,
					"sender":	true
				}],
			"sum":	{
				"start":	7.00017,
				"end":	8.000134,
				"seconds":	0.99996399879455566,
				"bytes":	72220672,
				"bits_per_second":	577786176.99886107,
				"retransmits":	960,
				"omitted":	false,
				"sender":	true
			}
		}, {
			"streams":	[{
					"socket":	5,
					"start":	8.000134,
					"end":	9.000135,
					"seconds":	1.0000009536743164,
					"bytes":	72744960,
					"bits_per_second":	581959125.00052929,
					"retransmits":	1006,
					"snd_cwnd":	60816,
					"rtt":	442,
					"rttvar":	243,
					"pmtu":	1500,
					"omitted":	false,
					"sender":	true
				}],
			"sum":	{
				"start":	8.000134,
				"end":	9.000135,
				"seconds":	1.0000009536743164,
				"bytes":	72744960,
				"bits_per_second":	581959125.00052929,
				"retransmits":	1006,
				"omitted":	false,
				"sender":	true
			}
		}, {
			"streams":	[{
					"socket":	5,
					"start":	9.000135,
					"end":	10.000235,
					"seconds":	1.0001000165939331,
					"bytes":	64356352,
					"bits_per_second":	514799327.52470195,
					"retransmits":	1175,
					"snd_cwnd":	44888,
					"rtt":	475,
					"rttvar":	113,
					"pmtu":	1500,
					"omitted":	false,
					"sender":	true
				}],
			"sum":	{
				"start":	9.000135,
				"end":	10.000235,
				"seconds":	1.0001000165939331,
				"bytes":	64356352,
				"bits_per_second":	514799327.52470195,
				"retransmits":	1175,
				"omitted":	false,
				"sender":	true
			}
		}],
	"end":	{
		"streams":	[{
				"sender":	{
					"socket":	5,
					"start":	0,
					"end":	10.000235,
					"seconds":	10.000235,
					"bytes":	708027456,
					"bits_per_second":	566408654.19662642,
					"retransmits":	9958,
					"max_snd_cwnd":	60816,
					"max_rtt":	947,
					"min_rtt":	331,
					"mean_rtt":	566,
					"sender":	true
				},
				"receiver":	{
					"socket":	5,
					"start":	0,
					"end":	10.002154,
					"seconds":	10.000235,
					"bytes":	707544832,
					"bits_per_second":	565913967.73135066,
					"sender":	true
				}
			}],
		"sum_sent":	{
			"start":	0,
			"end":	10.000235,
			"seconds":	10.000235,
			"bytes":	708027456,
			"bits_per_second":	566408654.19662642,
			"retransmits":	9958,
			"sender":	true
		},
		"sum_received":	{
			"start":	0,
			"end":	10.002154,
			"seconds":	10.002154,
			"bytes":	707544832,
			"bits_per_second":	565913967.73135066,
			"sender":	true
		},
		"cpu_utilization_percent":	{
			"host_total":	3.9996022501618858,
			"host_user":	0.38433177128665486,
			"host_system":	3.6152704788752308,
			"remote_total":	12.082812841005783,
			"remote_user":	0.679450137282649,
			"remote_system":	11.403362703723134
		},
		"sender_tcp_congestion":	"cubic",
		"receiver_tcp_congestion":	"cubic"
	}
}
