{
	"start":	{
		"connected":	[{
				"socket":	5,
				"local_host":	"10.0.5.10",
				"local_port":	49148,
				"remote_host":	"10.0.6.10",
				"remote_port":	5204
			}],
		"version":	"iperf 3.7",
		"system_info":	"Linux ubuntu 5.11.0-40-generic #44~20.04.2-Ubuntu SMP Tue Oct 26 18:07:44 UTC 2021 x86_64",
		"timestamp":	{
			"time":	"Mon, 22 Nov 2021 06:57:07 GMT",
			"timesecs":	1637564227
		},
		"connecting_to":	{
			"host":	"10.0.6.10",
			"port":	5204
		},
		"cookie":	"mozn36gkidrarwjpqqgkk52ch3lnxz5q73le",
		"tcp_mss_default":	1448,
		"target_bitrate":	1000000000,
		"sock_bufsize":	0,
		"sndbuf_actual":	87380,
		"rcvbuf_actual":	87380,
		"test_start":	{
			"protocol":	"TCP",
			"num_streams":	1,
			"blksize":	131072,
			"omit":	0,
			"duration":	10,
			"bytes":	0,
			"blocks":	0,
			"reverse":	0,
			"tos":	0
		}
	},
	"intervals":	[{
			"streams":	[{
					"socket":	5,
					"start":	0,
					"end":	1.000105,
					"seconds":	1.0001050233840942,
					"bytes":	70123520,
					"bits_per_second":	560929249.3119998,
					"retransmits":	893,
					"snd_cwnd":	46336,
					"rtt":	621,
					"rttvar":	98,
					"pmtu":	1500,
					"omitted":	false,
					"sender":	true
				}],
			"sum":	{
				"start":	0,
				"end":	1.000105,
				"seconds":	1.0001050233840942,
				"bytes":	70123520,
				"bits_per_second":	560929249.3119998,
				"retransmits":	893,
				"omitted":	false,
				"sender":	true
			}
		}, {
			"streams":	[{
					"socket":	5,
					"start":	1.000105,
					"end":	2.000065,
					"seconds":	0.99996000528335571,
					"bytes":	60293120,
					"bits_per_second":	482364252.02157891,
					"retransmits":	822,
					"snd_cwnd":	49232,
					"rtt":	419,
					"rttvar":	149,
					"pmtu":	1500,
					"omitted":	false,
					"sender":	true
				}],
			"sum":	{
				"start":	1.000105,
				"end":	2.000065,
				"seconds":	0.99996000528335571,
				"bytes":	60293120,
				"bits_per_second":	482364252.02157891,
				"retransmits":	822,
				"omitted":	false,
				"sender":	true
			}
		}, {
			"streams":	[{
					"socket":	5,
					"start":	2.000065,
					"end":	3.000805,
					"seconds":	1.0007400512695312,
					"bytes":	60424192,
					"bits_per_second":	483036064.54720247,
					"retransmits":	948,
					"snd_cwnd":	63712,
					"rtt":	695,
					"rttvar":	116,
					"pmtu":	1500,
					"omitted":	false,
					"sender":	true
				}],
			"sum":	{
				"start":	2.000065,
				"end":	3.000805,
				"seconds":	1.0007400512695312,
				"bytes":	60424192,
				"bits_per_second":	483036064.54720247,
				"retransmits":	948,
				"omitted":	false,
				"sender":	true
			}
		}, {
			"streams":	[{
					"socket":	5,
					"start":	3.000805,
					"end":	4.000164,
					"seconds":	0.99935901165008545,
					"bytes":	66846720,
					"bits_per_second":	535116763.61131883,
					"retransmits":	1193,
					"snd_cwnd":	40544,
					"rtt":	571,
					"rttvar":	66,
					"pmtu":	1500,
					"omitted":	false,
					"sender":	true
				}],
			"sum":	{
				"start":	3.000805,
				"end":	4.000164,
				"seconds":	0.99935901165008545,
				"bytes":	66846720,
				"bits_per_second":	535116763.61131883,
				"retransmits":	1193,
				"omitted":	false,
				"sender":	true
			}
		}, {
			"streams":	[{
					"socket":	5,
					"start":	4.000164,
					"end":	5.000289,
					"seconds":	1.0001250505447388,
					"bytes":	72220672,
					"bits_per_second":	577693135.15875649,
					"retransmits":	971,
					"snd_cwnd":	40544,
					"rtt":	643,
					"rttvar":	124,
					"pmtu":	1500,
					"omitted":	false,
					"sender":	true
				}],
			"sum":	{
				"start":	4.000164,
				"end":	5.000289,
				"seconds":	1.0001250505447388,
				"bytes":	72220672,
				"bits_per_second":	577693135.15875649,
				"retransmits":	971,
				"omitted":	false,
				"sender":	true
			}
		}, {
			"streams":	[{
					"socket":	5,
					"start":	5.000289,
					"end":	6.000193,
					"seconds":	0.99990397691726685,
					"bytes":	76677120,
					"bits_per_second":	613475867.84401274,
					"retransmits":	1215,
					"snd_cwnd":	40544,
					"rtt":	546,
					"rttvar":	100,
					"pmtu":	1500,
					"omitted":	false,
					"sender":	true
				}],
			"sum":	{
				"start":	5.000289,
				"end":	6.000193,
				"seconds":	0.99990397691726685,
				"bytes":	76677120,
				"bits_per_second":	613475867.84401274,
				"retransmits":	1215,
				"omitted":	false,
				"sender":	true
			}
		}, {
			"streams":	[{
					"socket":	5,
					"start":	6.000193,
					"end":	7.000097,
					"seconds":	0.99990397691726685,
					"bytes":	77594624,
					"bits_per_second":	620816604.72419751,
					"retransmits":	1062,
					"snd_cwnd":	46336,
					"rtt":	496,
					"rttvar":	57,
					"pmtu":	1500,
					"omitted":	false,
					"sender":	true
				}],
			"sum":	{
				"start":	6.000193,
				"end":	7.000097,
				"seconds":	0.99990397691726685,
				"bytes":	77594624,
				"bits_per_second":	620816604.72419751,
				"retransmits":	1062,
				"omitted":	false,
				"sender":	true
			}
		}, {
			"streams":	[{
					"socket":	5,
					"start":	7.000097,
					"end":	8.000263,
					"seconds":	1.0001660585403442,
					"bytes":	73793536,
					"bits_per_second":	590250271.90141022,
					"retransmits":	911,
					"snd_cwnd":	41992,
					"rtt":	182,
					"rttvar":	115,
					"pmtu":	1500,
					"omitted":	false,
					"sender":	true
				}],
			"sum":	{
				"start":	7.000097,
				"end":	8.000263,
				"seconds":	1.0001660585403442,
				"bytes":	73793536,
				"bits_per_second":	590250271.90141022,
				"retransmits":	911,
				"omitted":	false,
				"sender":	true
			}
		}, {
			"streams":	[{
					"socket":	5,
					"start":	8.000263,
					"end":	9.000147,
					"seconds":	0.99988400936126709,
					"bytes":	69206016,
					"bits_per_second":	553712353.44955087,
					"retransmits":	1079,
					"snd_cwnd":	40544,
					"rtt":	389,
					"rttvar":	139,
					"pmtu":	1500,
					"omitted":	false,
					"sender":	true
				}],
			"sum":	{
				"start":	8.000263,
				"end":	9.000147,
				"seconds":	0.99988400936126709,
				"bytes":	69206016,
				"bits_per_second":	553712353.44955087,
				"retransmits":	1079,
				"omitted":	false,
				"sender":	true
			}
		}, {
			"streams":	[{
					"socket":	5,
					"start":	9.000147,
					"end":	10.000166,
					"seconds":	1.0000189542770386,
					"bytes":	69992448,
					"bits_per_second":	559928970.9511627,
					"retransmits":	1128,
					"snd_cwnd":	40544,
					"rtt":	447,
					"rttvar":	261,
					"pmtu":	1500,
					"omitted":	false,
					"sender":	true
				}],
			"sum":	{
				"start":	9.000147,
				"end":	10.000166,
				"seconds":	1.0000189542770386,
				"bytes":	69992448,
				"bits_per_second":	559928970.9511627,
				"retransmits":	1128,
				"omitted":	false,
				"sender":	true
			}
		}],
	"end":	{
		"streams":	[{
				"sender":	{
					"socket":	5,
					"start":	0,
					"end":	10.000166,
					"seconds":	10.000166,
					"bytes":	697171968,
					"bits_per_second":	557728316.10995257,
					"retransmits":	10222,
					"max_snd_cwnd":	63712,
					"max_rtt":	695,
					"min_rtt":	182,
					"mean_rtt":	500,
					"sender":	true
				},
				"receiver":	{
					"socket":	5,
					"start":	0,
					"end":	10.001122,
					"seconds":	10.000166,
					"bytes":	696685152,
					"bits_per_second":	557285594.15633559,
					"sender":	true
				}
			}],
		"sum_sent":	{
			"start":	0,
			"end":	10.000166,
			"seconds":	10.000166,
			"bytes":	697171968,
			"bits_per_second":	557728316.10995257,
			"retransmits":	10222,
			"sender":	true
		},
		"sum_received":	{
			"start":	0,
			"end":	10.001122,
			"seconds":	10.001122,
			"bytes":	696685152,
			"bits_per_second":	557285594.15633559,
			"sender":	true
		},
		"cpu_utilization_percent":	{
			"host_total":	3.7189307388044477,
			"host_user":	0.18613514697012459,
			"host_system":	3.532785612467662,
			"remote_total":	11.85268321688717,
			"remote_user":	0.74400673901194192,
			"remote_system":	11.108666567563549
		},
		"sender_tcp_congestion":	"cubic",
		"receiver_tcp_congestion":	"cubic"
	}
}
