{
	"start":	{
		"connected":	[{
				"socket":	5,
				"local_host":	"10.0.3.12",
				"local_port":	43180,
				"remote_host":	"10.0.6.10",
				"remote_port":	5202
			}],
		"version":	"iperf 3.7",
		"system_info":	"Linux ubuntu 5.11.0-40-generic #44~20.04.2-Ubuntu SMP Tue Oct 26 18:07:44 UTC 2021 x86_64",
		"timestamp":	{
			"time":	"Sun, 21 Nov 2021 16:28:44 GMT",
			"timesecs":	1637512124
		},
		"connecting_to":	{
			"host":	"10.0.6.10",
			"port":	5202
		},
		"cookie":	"prghmimzzch23yof4bxab24mcl7fd3agoz3z",
		"tcp_mss_default":	1448,
		"target_bitrate":	1000000000,
		"sock_bufsize":	0,
		"sndbuf_actual":	87380,
		"rcvbuf_actual":	87380,
		"test_start":	{
			"protocol":	"TCP",
			"num_streams":	1,
			"blksize":	131072,
			"omit":	0,
			"duration":	10,
			"bytes":	0,
			"blocks":	0,
			"reverse":	0,
			"tos":	0
		}
	},
	"intervals":	[{
			"streams":	[{
					"socket":	5,
					"start":	0,
					"end":	1.000066,
					"seconds":	1.0000660419464111,
					"bytes":	231680,
					"bits_per_second":	1853317.6032981602,
					"retransmits":	0,
					"snd_cwnd":	53576,
					"rtt":	302925,
					"rttvar":	38540,
					"pmtu":	1500,
					"omitted":	false,
					"sender":	true
				}],
			"sum":	{
				"start":	0,
				"end":	1.000066,
				"seconds":	1.0000660419464111,
				"bytes":	231680,
				"bits_per_second":	1853317.6032981602,
				"retransmits":	0,
				"omitted":	false,
				"sender":	true
			}
		}, {
			"streams":	[{
					"socket":	5,
					"start":	1.000066,
					"end":	2.000826,
					"seconds":	1.0007599592208862,
					"bytes":	108600,
					"bits_per_second":	868140.24881289212,
					"retransmits":	0,
					"snd_cwnd":	55024,
					"rtt":	424999,
					"rttvar":	15812,
					"pmtu":	1500,
					"omitted":	false,
					"sender":	true
				}],
			"sum":	{
				"start":	1.000066,
				"end":	2.000826,
				"seconds":	1.0007599592208862,
				"bytes":	108600,
				"bits_per_second":	868140.24881289212,
				"retransmits":	0,
				"omitted":	false,
				"sender":	true
			}
		}, {
			"streams":	[{
					"socket":	5,
					"start":	2.000826,
					"end":	3.000691,
					"seconds":	0.99986499547958374,
					"bytes":	131072,
					"bits_per_second":	1048717.5816141579,
					"retransmits":	0,
					"snd_cwnd":	60816,
					"rtt":	487437,
					"rttvar":	8129,
					"pmtu":	1500,
					"omitted":	false,
					"sender":	true
				}],
			"sum":	{
				"start":	2.000826,
				"end":	3.000691,
				"seconds":	0.99986499547958374,
				"bytes":	131072,
				"bits_per_second":	1048717.5816141579,
				"retransmits":	0,
				"omitted":	false,
				"sender":	true
			}
		}, {
			"streams":	[{
					"socket":	5,
					"start":	3.000691,
					"end":	4.000424,
					"seconds":	0.99973297119140625,
					"bytes":	131072,
					"bits_per_second":	1048856.074788037,
					"retransmits":	0,
					"snd_cwnd":	66608,
					"rtt":	542692,
					"rttvar":	7512,
					"pmtu":	1500,
					"omitted":	false,
					"sender":	true
				}],
			"sum":	{
				"start":	3.000691,
				"end":	4.000424,
				"seconds":	0.99973297119140625,
				"bytes":	131072,
				"bits_per_second":	1048856.074788037,
				"retransmits":	0,
				"omitted":	false,
				"sender":	true
			}
		}, {
			"streams":	[{
					"socket":	5,
					"start":	4.000424,
					"end":	5.000554,
					"seconds":	1.0001300573349,
					"bytes":	262144,
					"bits_per_second":	2096879.2854685253,
					"retransmits":	0,
					"snd_cwnd":	75296,
					"rtt":	588407,
					"rttvar":	8664,
					"pmtu":	1500,
					"omitted":	false,
					"sender":	true
				}],
			"sum":	{
				"start":	4.000424,
				"end":	5.000554,
				"seconds":	1.0001300573349,
				"bytes":	262144,
				"bits_per_second":	2096879.2854685253,
				"retransmits":	0,
				"omitted":	false,
				"sender":	true
			}
		}, {
			"streams":	[{
					"socket":	5,
					"start":	5.000554,
					"end":	6.000506,
					"seconds":	0.99995201826095581,
					"bytes":	131072,
					"bits_per_second":	1048626.3149141972,
					"retransmits":	0,
					"snd_cwnd":	95568,
					"rtt":	645399,
					"rttvar":	12569,
					"pmtu":	1500,
					"omitted":	false,
					"sender":	true
				}],
			"sum":	{
				"start":	5.000554,
				"end":	6.000506,
				"seconds":	0.99995201826095581,
				"bytes":	131072,
				"bits_per_second":	1048626.3149141972,
				"retransmits":	0,
				"omitted":	false,
				"sender":	true
			}
		}, {
			"streams":	[{
					"socket":	5,
					"start":	6.000506,
					"end":	7.000307,
					"seconds":	0.999800980091095,
					"bytes":	262144,
					"bits_per_second":	2097569.4580824696,
					"retransmits":	0,
					"snd_cwnd":	130320,
					"rtt":	762274,
					"rttvar":	23782,
					"pmtu":	1500,
					"omitted":	false,
					"sender":	true
				}],
			"sum":	{
				"start":	6.000506,
				"end":	7.000307,
				"seconds":	0.999800980091095,
				"bytes":	262144,
				"bits_per_second":	2097569.4580824696,
				"retransmits":	0,
				"omitted":	false,
				"sender":	true
			}
		}, {
			"streams":	[{
					"socket":	5,
					"start":	7.000307,
					"end":	8.000268,
					"seconds":	0.99996101856231689,
					"bytes":	262144,
					"bits_per_second":	2097233.7531868569,
					"retransmits":	0,
					"snd_cwnd":	176656,
					"rtt":	907689,
					"rttvar":	24862,
					"pmtu":	1500,
					"omitted":	false,
					"sender":	true
				}],
			"sum":	{
				"start":	7.000307,
				"end":	8.000268,
				"seconds":	0.99996101856231689,
				"bytes":	262144,
				"bits_per_second":	2097233.7531868569,
				"retransmits":	0,
				"omitted":	false,
				"sender":	true
			}
		}, {
			"streams":	[{
					"socket":	5,
					"start":	8.000268,
					"end":	9.000425,
					"seconds":	1.0001569986343384,
					"bytes":	393216,
					"bits_per_second":	3145234.2025255291,
					"retransmits":	0,
					"snd_cwnd":	236024,
					"rtt":	1097583,
					"rttvar":	30360,
					"pmtu":	1500,
					"omitted":	false,
					"sender":	true
				}],
			"sum":	{
				"start":	8.000268,
				"end":	9.000425,
				"seconds":	1.0001569986343384,
				"bytes":	393216,
				"bits_per_second":	3145234.2025255291,
				"retransmits":	0,
				"omitted":	false,
				"sender":	true
			}
		}, {
			"streams":	[{
					"socket":	5,
					"start":	9.000425,
					"end":	10.000076,
					"seconds":	0.99965101480484009,
					"bytes":	393216,
					"bits_per_second":	3146826.1957540596,
					"retransmits":	0,
					"snd_cwnd":	314216,
					"rtt":	1304577,
					"rttvar":	34171,
					"pmtu":	1500,
					"omitted":	false,
					"sender":	true
				}],
			"sum":	{
				"start":	9.000425,
				"end":	10.000076,
				"seconds":	0.99965101480484009,
				"bytes":	393216,
				"bits_per_second":	3146826.1957540596,
				"retransmits":	0,
				"omitted":	false,
				"sender":	true
			}
		}],
	"end":	{
		"streams":	[{
				"sender":	{
					"socket":	5,
					"start":	0,
					"end":	10.000076,
					"seconds":	10.000076,
					"bytes":	2306360,
					"bits_per_second":	1845073.9774377714,
					"retransmits":	0,
					"max_snd_cwnd":	314216,
					"max_rtt":	1304577,
					"min_rtt":	302925,
					"mean_rtt":	706398,
					"sender":	true
				},
				"receiver":	{
					"socket":	5,
					"start":	0,
					"end":	11.921227,
					"seconds":	10.000076,
					"bytes":	1481304,
					"bits_per_second":	994061.433441373,
					"sender":	true
				}
			}],
		"sum_sent":	{
			"start":	0,
			"end":	10.000076,
			"seconds":	10.000076,
			"bytes":	2306360,
			"bits_per_second":	1845073.9774377714,
			"retransmits":	0,
			"sender":	true
		},
		"sum_received":	{
			"start":	0,
			"end":	11.921227,
			"seconds":	11.921227,
			"bytes":	1481304,
			"bits_per_second":	994061.433441373,
			"sender":	true
		},
		"cpu_utilization_percent":	{
			"host_total":	4.6774580334630151,
			"host_user":	1.0547946753005928,
			"host_system":	3.6226449891489647,
			"remote_total":	0.13778853209723696,
			"remote_user":	0,
			"remote_system":	0.13778853209723696
		},
		"sender_tcp_congestion":	"cubic",
		"receiver_tcp_congestion":	"cubic"
	}
}
