{
	"start":	{
		"connected":	[{
				"socket":	5,
				"local_host":	"10.0.3.12",
				"local_port":	53770,
				"remote_host":	"10.0.6.10",
				"remote_port":	5202
			}],
		"version":	"iperf 3.7",
		"system_info":	"Linux ubuntu 5.11.0-40-generic #44~20.04.2-Ubuntu SMP Tue Oct 26 18:07:44 UTC 2021 x86_64",
		"timestamp":	{
			"time":	"Mon, 22 Nov 2021 06:55:47 GMT",
			"timesecs":	1637564147
		},
		"connecting_to":	{
			"host":	"10.0.6.10",
			"port":	5202
		},
		"cookie":	"pwwxggljit6i6xwqyqosuuvgeosmll6aqr45",
		"tcp_mss_default":	1448,
		"target_bitrate":	1000000000,
		"sock_bufsize":	0,
		"sndbuf_actual":	87380,
		"rcvbuf_actual":	87380,
		"test_start":	{
			"protocol":	"TCP",
			"num_streams":	1,
			"blksize":	131072,
			"omit":	0,
			"duration":	10,
			"bytes":	0,
			"blocks":	0,
			"reverse":	0,
			"tos":	0
		}
	},
	"intervals":	[{
			"streams":	[{
					"socket":	5,
					"start":	0,
					"end":	1.000091,
					"seconds":	1.0000909566879272,
					"bytes":	66961808,
					"bits_per_second":	535645743.43727463,
					"retransmits":	935,
					"snd_cwnd":	44888,
					"rtt":	396,
					"rttvar":	92,
					"pmtu":	1500,
					"omitted":	false,
					"sender":	true
				}],
			"sum":	{
				"start":	0,
				"end":	1.000091,
				"seconds":	1.0000909566879272,
				"bytes":	66961808,
				"bits_per_second":	535645743.43727463,
				"retransmits":	935,
				"omitted":	false,
				"sender":	true
			}
		}, {
			"streams":	[{
					"socket":	5,
					"start":	1.000091,
					"end":	2.000166,
					"seconds":	1.0000749826431274,
					"bytes":	74448896,
					"bits_per_second":	595546512.3483988,
					"retransmits":	936,
					"snd_cwnd":	47784,
					"rtt":	515,
					"rttvar":	103,
					"pmtu":	1500,
					"omitted":	false,
					"sender":	true
				}],
			"sum":	{
				"start":	1.000091,
				"end":	2.000166,
				"seconds":	1.0000749826431274,
				"bytes":	74448896,
				"bits_per_second":	595546512.3483988,
				"retransmits":	936,
				"omitted":	false,
				"sender":	true
			}
		}, {
			"streams":	[{
					"socket":	5,
					"start":	2.000166,
					"end":	3.000144,
					"seconds":	0.99997800588607788,
					"bytes":	79560704,
					"bits_per_second":	636499631.245401,
					"retransmits":	1114,
					"snd_cwnd":	30408,
					"rtt":	730,
					"rttvar":	195,
					"pmtu":	1500,
					"omitted":	false,
					"sender":	true
				}],
			"sum":	{
				"start":	2.000166,
				"end":	3.000144,
				"seconds":	0.99997800588607788,
				"bytes":	79560704,
				"bits_per_second":	636499631.245401,
				"retransmits":	1114,
				"omitted":	false,
				"sender":	true
			}
		}, {
			"streams":	[{
					"socket":	5,
					"start":	3.000144,
					"end":	4.000282,
					"seconds":	1.0001380443572998,
					"bytes":	64618496,
					"bits_per_second":	516876616.09972721,
					"retransmits":	927,
					"snd_cwnd":	34752,
					"rtt":	628,
					"rttvar":	135,
					"pmtu":	1500,
					"omitted":	false,
					"sender":	true
				}],
			"sum":	{
				"start":	3.000144,
				"end":	4.000282,
				"seconds":	1.0001380443572998,
				"bytes":	64618496,
				"bits_per_second":	516876616.09972721,
				"retransmits":	927,
				"omitted":	false,
				"sender":	true
			}
		}, {
			"streams":	[{
					"socket":	5,
					"start":	4.000282,
					"end":	5.000048,
					"seconds":	0.99976599216461182,
					"bytes":	69992448,
					"bits_per_second":	560070644.91928208,
					"retransmits":	979,
					"snd_cwnd":	43440,
					"rtt":	396,
					"rttvar":	151,
					"pmtu":	1500,
					"omitted":	false,
					"sender":	true
				}],
			"sum":	{
				"start":	4.000282,
				"end":	5.000048,
				"seconds":	0.99976599216461182,
				"bytes":	69992448,
				"bits_per_second":	560070644.91928208,
				"retransmits":	979,
				"omitted":	false,
				"sender":	true
			}
		}, {
			"streams":	[{
					"socket":	5,
					"start":	5.000048,
					"end":	6.000119,
					"seconds":	1.0000710487365723,
					"bytes":	72613888,
					"bits_per_second":	580869833.93218613,
					"retransmits":	911,
					"snd_cwnd":	34752,
					"rtt":	384,
					"rttvar":	241,
					"pmtu":	1500,
					"omitted":	false,
					"sender":	true
				}],
			"sum":	{
				"start":	5.000048,
				"end":	6.000119,
				"seconds":	1.0000710487365723,
				"bytes":	72613888,
				"bits_per_second":	580869833.93218613,
				"retransmits":	911,
				"omitted":	false,
				"sender":	true
			}
		}, {
			"streams":	[{
					"socket":	5,
					"start":	6.000119,
					"end":	7.000049,
					"seconds":	0.99993002414703369,
					"bytes":	78249984,
					"bits_per_second":	626043679.940498,
					"retransmits":	1264,
					"snd_cwnd":	41992,
					"rtt":	361,
					"rttvar":	176,
					"pmtu":	1500,
					"omitted":	false,
					"sender":	true
				}],
			"sum":	{
				"start":	6.000119,
				"end":	7.000049,
				"seconds":	0.99993002414703369,
				"bytes":	78249984,
				"bits_per_second":	626043679.940498,
				"retransmits":	1264,
				"omitted":	false,
				"sender":	true
			}
		}, {
			"streams":	[{
					"socket":	5,
					"start":	7.000049,
					"end":	8.000058,
					"seconds":	1.0000089406967163,
					"bytes":	45481984,
					"bits_per_second":	363852618.90408492,
					"retransmits":	769,
					"snd_cwnd":	40544,
					"rtt":	405,
					"rttvar":	131,
					"pmtu":	1500,
					"omitted":	false,
					"sender":	true
				}],
			"sum":	{
				"start":	7.000049,
				"end":	8.000058,
				"seconds":	1.0000089406967163,
				"bytes":	45481984,
				"bits_per_second":	363852618.90408492,
				"retransmits":	769,
				"omitted":	false,
				"sender":	true
			}
		}, {
			"streams":	[{
					"socket":	5,
					"start":	8.000058,
					"end":	9.000213,
					"seconds":	1.000154972076416,
					"bytes":	67895296,
					"bits_per_second":	543078206.04275322,
					"retransmits":	972,
					"snd_cwnd":	39096,
					"rtt":	456,
					"rttvar":	122,
					"pmtu":	1500,
					"omitted":	false,
					"sender":	true
				}],
			"sum":	{
				"start":	8.000058,
				"end":	9.000213,
				"seconds":	1.000154972076416,
				"bytes":	67895296,
				"bits_per_second":	543078206.04275322,
				"retransmits":	972,
				"omitted":	false,
				"sender":	true
			}
		}, {
			"streams":	[{
					"socket":	5,
					"start":	9.000213,
					"end":	10.000114,
					"seconds":	0.99990099668502808,
					"bytes":	82706432,
					"bits_per_second":	661716968.17342234,
					"retransmits":	907,
					"snd_cwnd":	36200,
					"rtt":	322,
					"rttvar":	185,
					"pmtu":	1500,
					"omitted":	false,
					"sender":	true
				}],
			"sum":	{
				"start":	9.000213,
				"end":	10.000114,
				"seconds":	0.99990099668502808,
				"bytes":	82706432,
				"bits_per_second":	661716968.17342234,
				"retransmits":	907,
				"omitted":	false,
				"sender":	true
			}
		}],
	"end":	{
		"streams":	[{
				"sender":	{
					"socket":	5,
					"start":	0,
					"end":	10.000114,
					"seconds":	10.000114,
					"bytes":	702529936,
					"bits_per_second":	562017541.80002344,
					"retransmits":	9714,
					"max_snd_cwnd":	47784,
					"max_rtt":	730,
					"min_rtt":	322,
					"mean_rtt":	459,
					"sender":	true
				},
				"receiver":	{
					"socket":	5,
					"start":	0,
					"end":	10.003348,
					"seconds":	10.000114,
					"bytes":	702099752,
					"bits_per_second":	561491814.14062572,
					"sender":	true
				}
			}],
		"sum_sent":	{
			"start":	0,
			"end":	10.000114,
			"seconds":	10.000114,
			"bytes":	702529936,
			"bits_per_second":	562017541.80002344,
			"retransmits":	9714,
			"sender":	true
		},
		"sum_received":	{
			"start":	0,
			"end":	10.003348,
			"seconds":	10.003348,
			"bytes":	702099752,
			"bits_per_second":	561491814.14062572,
			"sender":	true
		},
		"cpu_utilization_percent":	{
			"host_total":	3.66728009510006,
			"host_user":	0,
			"host_system":	3.66728009510006,
			"remote_total":	11.861602249781523,
			"remote_user":	0.25602341740953272,
			"remote_system":	11.605568880052557
		},
		"sender_tcp_congestion":	"cubic",
		"receiver_tcp_congestion":	"cubic"
	}
}
