{
	"start":	{
		"connected":	[{
				"socket":	5,
				"local_host":	"10.0.2.11",
				"local_port":	49408,
				"remote_host":	"10.0.6.10",
				"remote_port":	5201
			}],
		"version":	"iperf 3.7",
		"system_info":	"Linux ubuntu 5.11.0-40-generic #44~20.04.2-Ubuntu SMP Tue Oct 26 18:07:44 UTC 2021 x86_64",
		"timestamp":	{
			"time":	"Sun, 21 Nov 2021 16:28:44 GMT",
			"timesecs":	1637512124
		},
		"connecting_to":	{
			"host":	"10.0.6.10",
			"port":	5201
		},
		"cookie":	"ozklgw5syvav6yl3rnlgfgup567xfvozftbd",
		"tcp_mss_default":	1448,
		"target_bitrate":	1000000000,
		"sock_bufsize":	0,
		"sndbuf_actual":	87380,
		"rcvbuf_actual":	87380,
		"test_start":	{
			"protocol":	"TCP",
			"num_streams":	1,
			"blksize":	131072,
			"omit":	0,
			"duration":	10,
			"bytes":	0,
			"blocks":	0,
			"reverse":	0,
			"tos":	0
		}
	},
	"intervals":	[{
			"streams":	[{
					"socket":	5,
					"start":	0,
					"end":	1.000182,
					"seconds":	1.000182032585144,
					"bytes":	275120,
					"bits_per_second":	2200559.4264788348,
					"retransmits":	0,
					"snd_cwnd":	49232,
					"rtt":	305359,
					"rttvar":	48876,
					"pmtu":	1500,
					"omitted":	false,
					"sender":	true
				}],
			"sum":	{
				"start":	0,
				"end":	1.000182,
				"seconds":	1.000182032585144,
				"bytes":	275120,
				"bits_per_second":	2200559.4264788348,
				"retransmits":	0,
				"omitted":	false,
				"sender":	true
			}
		}, {
			"streams":	[{
					"socket":	5,
					"start":	1.000182,
					"end":	2.000906,
					"seconds":	1.0007239580154419,
					"bytes":	108600,
					"bits_per_second":	868171.48029806011,
					"retransmits":	0,
					"snd_cwnd":	55024,
					"rtt":	435754,
					"rttvar":	20711,
					"pmtu":	1500,
					"omitted":	false,
					"sender":	true
				}],
			"sum":	{
				"start":	1.000182,
				"end":	2.000906,
				"seconds":	1.0007239580154419,
				"bytes":	108600,
				"bits_per_second":	868171.48029806011,
				"retransmits":	0,
				"omitted":	false,
				"sender":	true
			}
		}, {
			"streams":	[{
					"socket":	5,
					"start":	2.000906,
					"end":	3.000317,
					"seconds":	0.99941098690032959,
					"bytes":	130320,
					"bits_per_second":	1043174.4434124113,
					"retransmits":	0,
					"snd_cwnd":	60816,
					"rtt":	493491,
					"rttvar":	10225,
					"pmtu":	1500,
					"omitted":	false,
					"sender":	true
				}],
			"sum":	{
				"start":	2.000906,
				"end":	3.000317,
				"seconds":	0.99941098690032959,
				"bytes":	130320,
				"bits_per_second":	1043174.4434124113,
				"retransmits":	0,
				"omitted":	false,
				"sender":	true
			}
		}, {
			"streams":	[{
					"socket":	5,
					"start":	3.000317,
					"end":	4.000979,
					"seconds":	1.0006619691848755,
					"bytes":	130320,
					"bits_per_second":	1041870.3139575236,
					"retransmits":	0,
					"snd_cwnd":	66608,
					"rtt":	544534,
					"rttvar":	9228,
					"pmtu":	1500,
					"omitted":	false,
					"sender":	true
				}],
			"sum":	{
				"start":	3.000317,
				"end":	4.000979,
				"seconds":	1.0006619691848755,
				"bytes":	130320,
				"bits_per_second":	1041870.3139575236,
				"retransmits":	0,
				"omitted":	false,
				"sender":	true
			}
		}, {
			"streams":	[{
					"socket":	5,
					"start":	4.000979,
					"end":	5.000237,
					"seconds":	0.99925798177719116,
					"bytes":	131072,
					"bits_per_second":	1049354.6402652659,
					"retransmits":	0,
					"snd_cwnd":	75296,
					"rtt":	589523,
					"rttvar":	11217,
					"pmtu":	1500,
					"omitted":	false,
					"sender":	true
				}],
			"sum":	{
				"start":	4.000979,
				"end":	5.000237,
				"seconds":	0.99925798177719116,
				"bytes":	131072,
				"bits_per_second":	1049354.6402652659,
				"retransmits":	0,
				"omitted":	false,
				"sender":	true
			}
		}, {
			"streams":	[{
					"socket":	5,
					"start":	5.000237,
					"end":	6.000181,
					"seconds":	0.99994397163391113,
					"bytes":	262144,
					"bits_per_second":	2097269.5065837018,
					"retransmits":	0,
					"snd_cwnd":	97016,
					"rtt":	655685,
					"rttvar":	16946,
					"pmtu":	1500,
					"omitted":	false,
					"sender":	true
				}],
			"sum":	{
				"start":	5.000237,
				"end":	6.000181,
				"seconds":	0.99994397163391113,
				"bytes":	262144,
				"bits_per_second":	2097269.5065837018,
				"retransmits":	0,
				"omitted":	false,
				"sender":	true
			}
		}, {
			"streams":	[{
					"socket":	5,
					"start":	6.000181,
					"end":	7.000649,
					"seconds":	1.0004680156707764,
					"bytes":	131072,
					"bits_per_second":	1048085.4795712475,
					"retransmits":	0,
					"snd_cwnd":	127424,
					"rtt":	761898,
					"rttvar":	27956,
					"pmtu":	1500,
					"omitted":	false,
					"sender":	true
				}],
			"sum":	{
				"start":	6.000181,
				"end":	7.000649,
				"seconds":	1.0004680156707764,
				"bytes":	131072,
				"bits_per_second":	1048085.4795712475,
				"retransmits":	0,
				"omitted":	false,
				"sender":	true
			}
		}, {
			"streams":	[{
					"socket":	5,
					"start":	7.000649,
					"end":	8.000319,
					"seconds":	0.99967002868652344,
					"bytes":	393216,
					"bits_per_second":	3146766.3426232794,
					"retransmits":	0,
					"snd_cwnd":	173760,
					"rtt":	907963,
					"rttvar":	31372,
					"pmtu":	1500,
					"omitted":	false,
					"sender":	true
				}],
			"sum":	{
				"start":	7.000649,
				"end":	8.000319,
				"seconds":	0.99967002868652344,
				"bytes":	393216,
				"bits_per_second":	3146766.3426232794,
				"retransmits":	0,
				"omitted":	false,
				"sender":	true
			}
		}, {
			"streams":	[{
					"socket":	5,
					"start":	8.000319,
					"end":	9.000051,
					"seconds":	0.99973201751708984,
					"bytes":	262144,
					"bits_per_second":	2097714.1506465259,
					"retransmits":	0,
					"snd_cwnd":	228784,
					"rtt":	1088055,
					"rttvar":	43850,
					"pmtu":	1500,
					"omitted":	false,
					"sender":	true
				}],
			"sum":	{
				"start":	8.000319,
				"end":	9.000051,
				"seconds":	0.99973201751708984,
				"bytes":	262144,
				"bits_per_second":	2097714.1506465259,
				"retransmits":	0,
				"omitted":	false,
				"sender":	true
			}
		}, {
			"streams":	[{
					"socket":	5,
					"start":	9.000051,
					"end":	10.00015,
					"seconds":	1.0000989437103271,
					"bytes":	524288,
					"bits_per_second":	4193889.0410575774,
					"retransmits":	0,
					"snd_cwnd":	318560,
					"rtt":	1335605,
					"rttvar":	30377,
					"pmtu":	1500,
					"omitted":	false,
					"sender":	true
				}],
			"sum":	{
				"start":	9.000051,
				"end":	10.00015,
				"seconds":	1.0000989437103271,
				"bytes":	524288,
				"bits_per_second":	4193889.0410575774,
				"retransmits":	0,
				"omitted":	false,
				"sender":	true
			}
		}],
	"end":	{
		"streams":	[{
				"sender":	{
					"socket":	5,
					"start":	0,
					"end":	10.00015,
					"seconds":	10.00015,
					"bytes":	2348296,
					"bits_per_second":	1878608.6208706871,
					"retransmits":	0,
					"max_snd_cwnd":	318560,
					"max_rtt":	1335605,
					"min_rtt":	305359,
					"mean_rtt":	711786,
					"sender":	true
				},
				"receiver":	{
					"socket":	5,
					"start":	0,
					"end":	11.925305999999999,
					"seconds":	10.00015,
					"bytes":	1475512,
					"bits_per_second":	989835.90022763365,
					"sender":	true
				}
			}],
		"sum_sent":	{
			"start":	0,
			"end":	10.00015,
			"seconds":	10.00015,
			"bytes":	2348296,
			"bits_per_second":	1878608.6208706871,
			"retransmits":	0,
			"sender":	true
		},
		"sum_received":	{
			"start":	0,
			"end":	11.925305999999999,
			"seconds":	11.925305999999999,
			"bytes":	1475512,
			"bits_per_second":	989835.90022763365,
			"sender":	true
		},
		"cpu_utilization_percent":	{
			"host_total":	4.4753887281627893,
			"host_user":	0.93934422650878147,
			"host_system":	3.5360445016540081,
			"remote_total":	0.1159559435550996,
			"remote_user":	0,
			"remote_system":	0.1159559435550996
		},
		"sender_tcp_congestion":	"cubic",
		"receiver_tcp_congestion":	"cubic"
	}
}
