{
	"start":	{
		"connected":	[{
				"socket":	5,
				"local_host":	"10.0.2.11",
				"local_port":	59130,
				"remote_host":	"10.0.6.10",
				"remote_port":	5201
			}],
		"version":	"iperf 3.7",
		"system_info":	"Linux ubuntu 5.11.0-40-generic #44~20.04.2-Ubuntu SMP Tue Oct 26 18:07:44 UTC 2021 x86_64",
		"timestamp":	{
			"time":	"Mon, 22 Nov 2021 06:55:47 GMT",
			"timesecs":	1637564147
		},
		"connecting_to":	{
			"host":	"10.0.6.10",
			"port":	5201
		},
		"cookie":	"gwvo7tauomwfgbnedq3xducd5sew3g77nmhm",
		"tcp_mss_default":	1448,
		"target_bitrate":	1000000000,
		"sock_bufsize":	0,
		"sndbuf_actual":	87380,
		"rcvbuf_actual":	87380,
		"test_start":	{
			"protocol":	"TCP",
			"num_streams":	1,
			"blksize":	131072,
			"omit":	0,
			"duration":	10,
			"bytes":	0,
			"blocks":	0,
			"reverse":	0,
			"tos":	0
		}
	},
	"intervals":	[{
			"streams":	[{
					"socket":	5,
					"start":	0,
					"end":	1.000242,
					"seconds":	1.0002419948577881,
					"bytes":	63045632,
					"bits_per_second":	504243031.77923393,
					"retransmits":	869,
					"snd_cwnd":	41992,
					"rtt":	406,
					"rttvar":	169,
					"pmtu":	1500,
					"omitted":	false,
					"sender":	true
				}],
			"sum":	{
				"start":	0,
				"end":	1.000242,
				"seconds":	1.0002419948577881,
				"bytes":	63045632,
				"bits_per_second":	504243031.77923393,
				"retransmits":	869,
				"omitted":	false,
				"sender":	true
			}
		}, {
			"streams":	[{
					"socket":	5,
					"start":	1.000242,
					"end":	2.000206,
					"seconds":	0.99996399879455566,
					"bytes":	76546048,
					"bits_per_second":	612390430.79371119,
					"retransmits":	837,
					"snd_cwnd":	34752,
					"rtt":	532,
					"rttvar":	165,
					"pmtu":	1500,
					"omitted":	false,
					"sender":	true
				}],
			"sum":	{
				"start":	1.000242,
				"end":	2.000206,
				"seconds":	0.99996399879455566,
				"bytes":	76546048,
				"bits_per_second":	612390430.79371119,
				"retransmits":	837,
				"omitted":	false,
				"sender":	true
			}
		}, {
			"streams":	[{
					"socket":	5,
					"start":	2.000206,
					"end":	3.00018,
					"seconds":	0.99997401237487793,
					"bytes":	79560704,
					"bits_per_second":	636502173.179866,
					"retransmits":	1071,
					"snd_cwnd":	24616,
					"rtt":	544,
					"rttvar":	56,
					"pmtu":	1500,
					"omitted":	false,
					"sender":	true
				}],
			"sum":	{
				"start":	2.000206,
				"end":	3.00018,
				"seconds":	0.99997401237487793,
				"bytes":	79560704,
				"bits_per_second":	636502173.179866,
				"retransmits":	1071,
				"omitted":	false,
				"sender":	true
			}
		}, {
			"streams":	[{
					"socket":	5,
					"start":	3.00018,
					"end":	4.000049,
					"seconds":	0.99986898899078369,
					"bytes":	69074944,
					"bits_per_second":	552671958.11099768,
					"retransmits":	800,
					"snd_cwnd":	44888,
					"rtt":	553,
					"rttvar":	167,
					"pmtu":	1500,
					"omitted":	false,
					"sender":	true
				}],
			"sum":	{
				"start":	3.00018,
				"end":	4.000049,
				"seconds":	0.99986898899078369,
				"bytes":	69074944,
				"bits_per_second":	552671958.11099768,
				"retransmits":	800,
				"omitted":	false,
				"sender":	true
			}
		}, {
			"streams":	[{
					"socket":	5,
					"start":	4.000049,
					"end":	5.000109,
					"seconds":	1.000059962272644,
					"bytes":	69468160,
					"bits_per_second":	555711958.248048,
					"retransmits":	862,
					"snd_cwnd":	47784,
					"rtt":	518,
					"rttvar":	89,
					"pmtu":	1500,
					"omitted":	false,
					"sender":	true
				}],
			"sum":	{
				"start":	4.000049,
				"end":	5.000109,
				"seconds":	1.000059962272644,
				"bytes":	69468160,
				"bits_per_second":	555711958.248048,
				"retransmits":	862,
				"omitted":	false,
				"sender":	true
			}
		}, {
			"streams":	[{
					"socket":	5,
					"start":	5.000109,
					"end":	6.000065,
					"seconds":	0.99995601177215576,
					"bytes":	70909952,
					"bits_per_second":	567304570.72271407,
					"retransmits":	914,
					"snd_cwnd":	44888,
					"rtt":	560,
					"rttvar":	155,
					"pmtu":	1500,
					"omitted":	false,
					"sender":	true
				}],
			"sum":	{
				"start":	5.000109,
				"end":	6.000065,
				"seconds":	0.99995601177215576,
				"bytes":	70909952,
				"bits_per_second":	567304570.72271407,
				"retransmits":	914,
				"omitted":	false,
				"sender":	true
			}
		}, {
			"streams":	[{
					"socket":	5,
					"start":	6.000065,
					"end":	7.000114,
					"seconds":	1.0000489950180054,
					"bytes":	70909952,
					"bits_per_second":	567251823.48669469,
					"retransmits":	980,
					"snd_cwnd":	34752,
					"rtt":	849,
					"rttvar":	122,
					"pmtu":	1500,
					"omitted":	false,
					"sender":	true
				}],
			"sum":	{
				"start":	6.000065,
				"end":	7.000114,
				"seconds":	1.0000489950180054,
				"bytes":	70909952,
				"bits_per_second":	567251823.48669469,
				"retransmits":	980,
				"omitted":	false,
				"sender":	true
			}
		}, {
			"streams":	[{
					"socket":	5,
					"start":	7.000114,
					"end":	8.000148,
					"seconds":	1.000033974647522,
					"bytes":	91619328,
					"bits_per_second":	732929722.97100365,
					"retransmits":	1034,
					"snd_cwnd":	47784,
					"rtt":	546,
					"rttvar":	164,
					"pmtu":	1500,
					"omitted":	false,
					"sender":	true
				}],
			"sum":	{
				"start":	7.000114,
				"end":	8.000148,
				"seconds":	1.000033974647522,
				"bytes":	91619328,
				"bits_per_second":	732929722.97100365,
				"retransmits":	1034,
				"omitted":	false,
				"sender":	true
			}
		}, {
			"streams":	[{
					"socket":	5,
					"start":	8.000148,
					"end":	9.000241,
					"seconds":	1.0000929832458496,
					"bytes":	69468160,
					"bits_per_second":	555693609.80446255,
					"retransmits":	902,
					"snd_cwnd":	46336,
					"rtt":	487,
					"rttvar":	68,
					"pmtu":	1500,
					"omitted":	false,
					"sender":	true
				}],
			"sum":	{
				"start":	8.000148,
				"end":	9.000241,
				"seconds":	1.0000929832458496,
				"bytes":	69468160,
				"bits_per_second":	555693609.80446255,
				"retransmits":	902,
				"omitted":	false,
				"sender":	true
			}
		}, {
			"streams":	[{
					"socket":	5,
					"start":	9.000241,
					"end":	10.000172,
					"seconds":	0.9999309778213501,
					"bytes":	50069504,
					"bits_per_second":	400583681.15840513,
					"retransmits":	744,
					"snd_cwnd":	46336,
					"rtt":	226,
					"rttvar":	165,
					"pmtu":	1500,
					"omitted":	false,
					"sender":	true
				}],
			"sum":	{
				"start":	9.000241,
				"end":	10.000172,
				"seconds":	0.9999309778213501,
				"bytes":	50069504,
				"bits_per_second":	400583681.15840513,
				"retransmits":	744,
				"omitted":	false,
				"sender":	true
			}
		}],
	"end":	{
		"streams":	[{
				"sender":	{
					"socket":	5,
					"start":	0,
					"end":	10.000172,
					"seconds":	10.000172,
					"bytes":	710672384,
					"bits_per_second":	568528128.51618958,
					"retransmits":	9013,
					"max_snd_cwnd":	47784,
					"max_rtt":	849,
					"min_rtt":	226,
					"mean_rtt":	522,
					"sender":	true
				},
				"receiver":	{
					"socket":	5,
					"start":	0,
					"end":	10.007137,
					"seconds":	10.000172,
					"bytes":	710240776,
					"bits_per_second":	567787390.93908679,
					"sender":	true
				}
			}],
		"sum_sent":	{
			"start":	0,
			"end":	10.000172,
			"seconds":	10.000172,
			"bytes":	710672384,
			"bits_per_second":	568528128.51618958,
			"retransmits":	9013,
			"sender":	true
		},
		"sum_received":	{
			"start":	0,
			"end":	10.007137,
			"seconds":	10.007137,
			"bytes":	710240776,
			"bits_per_second":	567787390.93908679,
			"sender":	true
		},
		"cpu_utilization_percent":	{
			"host_total":	4.0222068618324061,
			"host_user":	0.4487120579504002,
			"host_system":	3.573484815189206,
			"remote_total":	11.808195220688287,
			"remote_user":	0.88990489604677592,
			"remote_system":	10.918290324641511
		},
		"sender_tcp_congestion":	"cubic",
		"receiver_tcp_congestion":	"cubic"
	}
}
