{
	"start":	{
		"connected":	[{
				"socket":	5,
				"local_host":	"10.0.1.10",
				"local_port":	41728,
				"remote_host":	"10.0.6.10",
				"remote_port":	5200
			}],
		"version":	"iperf 3.7",
		"system_info":	"Linux ubuntu 5.11.0-40-generic #44~20.04.2-Ubuntu SMP Tue Oct 26 18:07:44 UTC 2021 x86_64",
		"timestamp":	{
			"time":	"Mon, 22 Nov 2021 06:55:47 GMT",
			"timesecs":	1637564147
		},
		"connecting_to":	{
			"host":	"10.0.6.10",
			"port":	5200
		},
		"cookie":	"s27r4ag6dk3wpuwfec3mz5kspqaetdwhsas2",
		"tcp_mss_default":	1448,
		"target_bitrate":	1000000000,
		"sock_bufsize":	0,
		"sndbuf_actual":	87380,
		"rcvbuf_actual":	87380,
		"test_start":	{
			"protocol":	"TCP",
			"num_streams":	1,
			"blksize":	131072,
			"omit":	0,
			"duration":	10,
			"bytes":	0,
			"blocks":	0,
			"reverse":	0,
			"tos":	0
		}
	},
	"intervals":	[{
			"streams":	[{
					"socket":	5,
					"start":	0,
					"end":	1.000228,
					"seconds":	1.0002280473709106,
					"bytes":	63034256,
					"bits_per_second":	504159075.84823209,
					"retransmits":	919,
					"snd_cwnd":	40544,
					"rtt":	392,
					"rttvar":	161,
					"pmtu":	1500,
					"omitted":	false,
					"sender":	true
				}],
			"sum":	{
				"start":	0,
				"end":	1.000228,
				"seconds":	1.0002280473709106,
				"bytes":	63034256,
				"bits_per_second":	504159075.84823209,
				"retransmits":	919,
				"omitted":	false,
				"sender":	true
			}
		}, {
			"streams":	[{
					"socket":	5,
					"start":	1.000228,
					"end":	2.000129,
					"seconds":	0.99990099668502808,
					"bytes":	75366400,
					"bits_per_second":	602990898.09780955,
					"retransmits":	1060,
					"snd_cwnd":	47784,
					"rtt":	529,
					"rttvar":	114,
					"pmtu":	1500,
					"omitted":	false,
					"sender":	true
				}],
			"sum":	{
				"start":	1.000228,
				"end":	2.000129,
				"seconds":	0.99990099668502808,
				"bytes":	75366400,
				"bits_per_second":	602990898.09780955,
				"retransmits":	1060,
				"omitted":	false,
				"sender":	true
			}
		}, {
			"streams":	[{
					"socket":	5,
					"start":	2.000129,
					"end":	3.000047,
					"seconds":	0.99991798400878906,
					"bytes":	80740352,
					"bits_per_second":	645975796.34523559,
					"retransmits":	962,
					"snd_cwnd":	39096,
					"rtt":	557,
					"rttvar":	228,
					"pmtu":	1500,
					"omitted":	false,
					"sender":	true
				}],
			"sum":	{
				"start":	2.000129,
				"end":	3.000047,
				"seconds":	0.99991798400878906,
				"bytes":	80740352,
				"bits_per_second":	645975796.34523559,
				"retransmits":	962,
				"omitted":	false,
				"sender":	true
			}
		}, {
			"streams":	[{
					"socket":	5,
					"start":	3.000047,
					"end":	4.000164,
					"seconds":	1.0001169443130493,
					"bytes":	72351744,
					"bits_per_second":	578746270.914918,
					"retransmits":	964,
					"snd_cwnd":	33304,
					"rtt":	686,
					"rttvar":	206,
					"pmtu":	1500,
					"omitted":	false,
					"sender":	true
				}],
			"sum":	{
				"start":	3.000047,
				"end":	4.000164,
				"seconds":	1.0001169443130493,
				"bytes":	72351744,
				"bits_per_second":	578746270.914918,
				"retransmits":	964,
				"omitted":	false,
				"sender":	true
			}
		}, {
			"streams":	[{
					"socket":	5,
					"start":	4.000164,
					"end":	5.000214,
					"seconds":	1.0000499486923218,
					"bytes":	65929216,
					"bits_per_second":	527407384.69081384,
					"retransmits":	900,
					"snd_cwnd":	43440,
					"rtt":	409,
					"rttvar":	144,
					"pmtu":	1500,
					"omitted":	false,
					"sender":	true
				}],
			"sum":	{
				"start":	4.000164,
				"end":	5.000214,
				"seconds":	1.0000499486923218,
				"bytes":	65929216,
				"bits_per_second":	527407384.69081384,
				"retransmits":	900,
				"omitted":	false,
				"sender":	true
			}
		}, {
			"streams":	[{
					"socket":	5,
					"start":	5.000214,
					"end":	6.000442,
					"seconds":	1.0002280473709106,
					"bytes":	69468160,
					"bits_per_second":	555618572.64527917,
					"retransmits":	1031,
					"snd_cwnd":	40544,
					"rtt":	442,
					"rttvar":	317,
					"pmtu":	1500,
					"omitted":	false,
					"sender":	true
				}],
			"sum":	{
				"start":	5.000214,
				"end":	6.000442,
				"seconds":	1.0002280473709106,
				"bytes":	69468160,
				"bits_per_second":	555618572.64527917,
				"retransmits":	1031,
				"omitted":	false,
				"sender":	true
			}
		}, {
			"streams":	[{
					"socket":	5,
					"start":	6.000442,
					"end":	7.000138,
					"seconds":	0.99969601631164551,
					"bytes":	67764224,
					"bits_per_second":	542278635.85984457,
					"retransmits":	1038,
					"snd_cwnd":	46336,
					"rtt":	358,
					"rttvar":	102,
					"pmtu":	1500,
					"omitted":	false,
					"sender":	true
				}],
			"sum":	{
				"start":	6.000442,
				"end":	7.000138,
				"seconds":	0.99969601631164551,
				"bytes":	67764224,
				"bits_per_second":	542278635.85984457,
				"retransmits":	1038,
				"omitted":	false,
				"sender":	true
			}
		}, {
			"streams":	[{
					"socket":	5,
					"start":	7.000138,
					"end":	8.000054,
					"seconds":	0.99991601705551147,
					"bytes":	66715648,
					"bits_per_second":	533770011.57725191,
					"retransmits":	939,
					"snd_cwnd":	39096,
					"rtt":	392,
					"rttvar":	120,
					"pmtu":	1500,
					"omitted":	false,
					"sender":	true
				}],
			"sum":	{
				"start":	7.000138,
				"end":	8.000054,
				"seconds":	0.99991601705551147,
				"bytes":	66715648,
				"bits_per_second":	533770011.57725191,
				"retransmits":	939,
				"omitted":	false,
				"sender":	true
			}
		}, {
			"streams":	[{
					"socket":	5,
					"start":	8.000054,
					"end":	9.000307,
					"seconds":	1.0002529621124268,
					"bytes":	66191360,
					"bits_per_second":	529396962.6260218,
					"retransmits":	978,
					"snd_cwnd":	55024,
					"rtt":	747,
					"rttvar":	218,
					"pmtu":	1500,
					"omitted":	false,
					"sender":	true
				}],
			"sum":	{
				"start":	8.000054,
				"end":	9.000307,
				"seconds":	1.0002529621124268,
				"bytes":	66191360,
				"bits_per_second":	529396962.6260218,
				"retransmits":	978,
				"omitted":	false,
				"sender":	true
			}
		}, {
			"streams":	[{
					"socket":	5,
					"start":	9.000307,
					"end":	10.000161,
					"seconds":	0.99985402822494507,
					"bytes":	79822848,
					"bits_per_second":	638676012.67125463,
					"retransmits":	1054,
					"snd_cwnd":	39096,
					"rtt":	567,
					"rttvar":	263,
					"pmtu":	1500,
					"omitted":	false,
					"sender":	true
				}],
			"sum":	{
				"start":	9.000307,
				"end":	10.000161,
				"seconds":	0.99985402822494507,
				"bytes":	79822848,
				"bits_per_second":	638676012.67125463,
				"retransmits":	1054,
				"omitted":	false,
				"sender":	true
			}
		}],
	"end":	{
		"streams":	[{
				"sender":	{
					"socket":	5,
					"start":	0,
					"end":	10.000161,
					"seconds":	10.000161,
					"bytes":	707384208,
					"bits_per_second":	565898255.43808746,
					"retransmits":	9845,
					"max_snd_cwnd":	55024,
					"max_rtt":	747,
					"min_rtt":	358,
					"mean_rtt":	507,
					"sender":	true
				},
				"receiver":	{
					"socket":	5,
					"start":	0,
					"end":	10.004083,
					"seconds":	10.000161,
					"bytes":	706975168,
					"bits_per_second":	565349302.27987909,
					"sender":	true
				}
			}],
		"sum_sent":	{
			"start":	0,
			"end":	10.000161,
			"seconds":	10.000161,
			"bytes":	707384208,
			"bits_per_second":	565898255.43808746,
			"retransmits":	9845,
			"sender":	true
		},
		"sum_received":	{
			"start":	0,
			"end":	10.004083,
			"seconds":	10.004083,
			"bytes":	706975168,
			"bits_per_second":	565349302.27987909,
			"sender":	true
		},
		"cpu_utilization_percent":	{
			"host_total":	3.0966307308032555,
			"host_user":	0,
			"host_system":	3.0966307308032555,
			"remote_total":	11.65596802895821,
			"remote_user":	1.1189068633962316,
			"remote_system":	10.537051215654786
		},
		"sender_tcp_congestion":	"cubic",
		"receiver_tcp_congestion":	"cubic"
	}
}
