{
	"start":	{
		"connected":	[{
				"socket":	5,
				"local_host":	"10.0.5.10",
				"local_port":	49074,
				"remote_host":	"10.0.6.10",
				"remote_port":	5204
			}],
		"version":	"iperf 3.7",
		"system_info":	"Linux ubuntu 5.11.0-40-generic #44~20.04.2-Ubuntu SMP Tue Oct 26 18:07:44 UTC 2021 x86_64",
		"timestamp":	{
			"time":	"Mon, 22 Nov 2021 06:55:47 GMT",
			"timesecs":	1637564147
		},
		"connecting_to":	{
			"host":	"10.0.6.10",
			"port":	5204
		},
		"cookie":	"zoszkothsbf5fcr7fsib3cqrr7qmkwb3atou",
		"tcp_mss_default":	1448,
		"target_bitrate":	1000000000,
		"sock_bufsize":	0,
		"sndbuf_actual":	87380,
		"rcvbuf_actual":	87380,
		"test_start":	{
			"protocol":	"TCP",
			"num_streams":	1,
			"blksize":	131072,
			"omit":	0,
			"duration":	10,
			"bytes":	0,
			"blocks":	0,
			"reverse":	0,
			"tos":	0
		}
	},
	"intervals":	[{
			"streams":	[{
					"socket":	5,
					"start":	0,
					"end":	1.000503,
					"seconds":	1.0005029439926147,
					"bytes":	67895296,
					"bits_per_second":	542889325.07529867,
					"retransmits":	941,
					"snd_cwnd":	31856,
					"rtt":	595,
					"rttvar":	153,
					"pmtu":	1500,
					"omitted":	false,
					"sender":	true
				}],
			"sum":	{
				"start":	0,
				"end":	1.000503,
				"seconds":	1.0005029439926147,
				"bytes":	67895296,
				"bits_per_second":	542889325.07529867,
				"retransmits":	941,
				"omitted":	false,
				"sender":	true
			}
		}, {
			"streams":	[{
					"socket":	5,
					"start":	1.000503,
					"end":	2.000241,
					"seconds":	0.99973797798156738,
					"bytes":	67502080,
					"bits_per_second":	540158173.33485007,
					"retransmits":	1203,
					"snd_cwnd":	43440,
					"rtt":	497,
					"rttvar":	62,
					"pmtu":	1500,
					"omitted":	false,
					"sender":	true
				}],
			"sum":	{
				"start":	1.000503,
				"end":	2.000241,
				"seconds":	0.99973797798156738,
				"bytes":	67502080,
				"bits_per_second":	540158173.33485007,
				"retransmits":	1203,
				"omitted":	false,
				"sender":	true
			}
		}, {
			"streams":	[{
					"socket":	5,
					"start":	2.000241,
					"end":	3.000191,
					"seconds":	0.99994999170303345,
					"bytes":	74973184,
					"bits_per_second":	599815467.75003636,
					"retransmits":	1173,
					"snd_cwnd":	36200,
					"rtt":	532,
					"rttvar":	134,
					"pmtu":	1500,
					"omitted":	false,
					"sender":	true
				}],
			"sum":	{
				"start":	2.000241,
				"end":	3.000191,
				"seconds":	0.99994999170303345,
				"bytes":	74973184,
				"bits_per_second":	599815467.75003636,
				"retransmits":	1173,
				"omitted":	false,
				"sender":	true
			}
		}, {
			"streams":	[{
					"socket":	5,
					"start":	3.000191,
					"end":	4.000188,
					"seconds":	0.99999701976776123,
					"bytes":	71827456,
					"bits_per_second":	574621360.50510371,
					"retransmits":	863,
					"snd_cwnd":	44888,
					"rtt":	600,
					"rttvar":	156,
					"pmtu":	1500,
					"omitted":	false,
					"sender":	true
				}],
			"sum":	{
				"start":	3.000191,
				"end":	4.000188,
				"seconds":	0.99999701976776123,
				"bytes":	71827456,
				"bits_per_second":	574621360.50510371,
				"retransmits":	863,
				"omitted":	false,
				"sender":	true
			}
		}, {
			"streams":	[{
					"socket":	5,
					"start":	4.000188,
					"end":	5.000339,
					"seconds":	1.0001510381698608,
					"bytes":	66060288,
					"bits_per_second":	528402495.05419713,
					"retransmits":	901,
					"snd_cwnd":	40544,
					"rtt":	471,
					"rttvar":	210,
					"pmtu":	1500,
					"omitted":	false,
					"sender":	true
				}],
			"sum":	{
				"start":	4.000188,
				"end":	5.000339,
				"seconds":	1.0001510381698608,
				"bytes":	66060288,
				"bits_per_second":	528402495.05419713,
				"retransmits":	901,
				"omitted":	false,
				"sender":	true
			}
		}, {
			"streams":	[{
					"socket":	5,
					"start":	5.000339,
					"end":	6.000119,
					"seconds":	0.999779999256134,
					"bytes":	67502080,
					"bits_per_second":	540135470.20523357,
					"retransmits":	887,
					"snd_cwnd":	39096,
					"rtt":	325,
					"rttvar":	140,
					"pmtu":	1500,
					"omitted":	false,
					"sender":	true
				}],
			"sum":	{
				"start":	5.000339,
				"end":	6.000119,
				"seconds":	0.999779999256134,
				"bytes":	67502080,
				"bits_per_second":	540135470.20523357,
				"retransmits":	887,
				"omitted":	false,
				"sender":	true
			}
		}, {
			"streams":	[{
					"socket":	5,
					"start":	6.000119,
					"end":	7.000146,
					"seconds":	1.0000269412994385,
					"bytes":	70778880,
					"bits_per_second":	566215785.41097844,
					"retransmits":	878,
					"snd_cwnd":	44888,
					"rtt":	427,
					"rttvar":	152,
					"pmtu":	1500,
					"omitted":	false,
					"sender":	true
				}],
			"sum":	{
				"start":	6.000119,
				"end":	7.000146,
				"seconds":	1.0000269412994385,
				"bytes":	70778880,
				"bits_per_second":	566215785.41097844,
				"retransmits":	878,
				"omitted":	false,
				"sender":	true
			}
		}, {
			"streams":	[{
					"socket":	5,
					"start":	7.000146,
					"end":	8.000071,
					"seconds":	0.99992501735687256,
					"bytes":	98172928,
					"bits_per_second":	785442318.54106832,
					"retransmits":	1156,
					"snd_cwnd":	47784,
					"rtt":	316,
					"rttvar":	94,
					"pmtu":	1500,
					"omitted":	false,
					"sender":	true
				}],
			"sum":	{
				"start":	7.000146,
				"end":	8.000071,
				"seconds":	0.99992501735687256,
				"bytes":	98172928,
				"bits_per_second":	785442318.54106832,
				"retransmits":	1156,
				"omitted":	false,
				"sender":	true
			}
		}, {
			"streams":	[{
					"socket":	5,
					"start":	8.000071,
					"end":	9.00006,
					"seconds":	0.99998897314071655,
					"bytes":	69992448,
					"bits_per_second":	559945758.44308472,
					"retransmits":	878,
					"snd_cwnd":	39096,
					"rtt":	384,
					"rttvar":	135,
					"pmtu":	1500,
					"omitted":	false,
					"sender":	true
				}],
			"sum":	{
				"start":	8.000071,
				"end":	9.00006,
				"seconds":	0.99998897314071655,
				"bytes":	69992448,
				"bits_per_second":	559945758.44308472,
				"retransmits":	878,
				"omitted":	false,
				"sender":	true
			}
		}, {
			"streams":	[{
					"socket":	5,
					"start":	9.00006,
					"end":	10.000275,
					"seconds":	1.0002150535583496,
					"bytes":	61210624,
					"bits_per_second":	489579706.14209837,
					"retransmits":	980,
					"snd_cwnd":	47784,
					"rtt":	528,
					"rttvar":	125,
					"pmtu":	1500,
					"omitted":	false,
					"sender":	true
				}],
			"sum":	{
				"start":	9.00006,
				"end":	10.000275,
				"seconds":	1.0002150535583496,
				"bytes":	61210624,
				"bits_per_second":	489579706.14209837,
				"retransmits":	980,
				"omitted":	false,
				"sender":	true
			}
		}],
	"end":	{
		"streams":	[{
				"sender":	{
					"socket":	5,
					"start":	0,
					"end":	10.000275,
					"seconds":	10.000275,
					"bytes":	715915264,
					"bits_per_second":	572716461.49730885,
					"retransmits":	9860,
					"max_snd_cwnd":	47784,
					"max_rtt":	600,
					"min_rtt":	316,
					"mean_rtt":	467,
					"sender":	true
				},
				"receiver":	{
					"socket":	5,
					"start":	0,
					"end":	10.013095,
					"seconds":	10.000275,
					"bytes":	715368312,
					"bits_per_second":	571546209.8382169,
					"sender":	true
				}
			}],
		"sum_sent":	{
			"start":	0,
			"end":	10.000275,
			"seconds":	10.000275,
			"bytes":	715915264,
			"bits_per_second":	572716461.49730885,
			"retransmits":	9860,
			"sender":	true
		},
		"sum_received":	{
			"start":	0,
			"end":	10.013095,
			"seconds":	10.013095,
			"bytes":	715368312,
			"bits_per_second":	571546209.8382169,
			"sender":	true
		},
		"cpu_utilization_percent":	{
			"host_total":	3.3616347549522496,
			"host_user":	0.54692392473263174,
			"host_system":	2.814700848763168,
			"remote_total":	11.631380341509191,
			"remote_user":	0.93032061266758137,
			"remote_system":	10.701049780484526
		},
		"sender_tcp_congestion":	"cubic",
		"receiver_tcp_congestion":	"cubic"
	}
}
