{
	"start":	{
		"connected":	[{
				"socket":	5,
				"local_host":	"10.0.1.10",
				"local_port":	56404,
				"remote_host":	"10.0.6.10",
				"remote_port":	5200
			}],
		"version":	"iperf 3.7",
		"system_info":	"Linux ubuntu 5.11.0-40-generic #44~20.04.2-Ubuntu SMP Tue Oct 26 18:07:44 UTC 2021 x86_64",
		"timestamp":	{
			"time":	"Sun, 21 Nov 2021 16:28:44 GMT",
			"timesecs":	1637512124
		},
		"connecting_to":	{
			"host":	"10.0.6.10",
			"port":	5200
		},
		"cookie":	"rb4wkygs7dtzilevfhbew54jbje3z26hb53e",
		"tcp_mss_default":	1448,
		"target_bitrate":	1000000000,
		"sock_bufsize":	0,
		"sndbuf_actual":	87380,
		"rcvbuf_actual":	87380,
		"test_start":	{
			"protocol":	"TCP",
			"num_streams":	1,
			"blksize":	131072,
			"omit":	0,
			"duration":	10,
			"bytes":	0,
			"blocks":	0,
			"reverse":	0,
			"tos":	0
		}
	},
	"intervals":	[{
			"streams":	[{
					"socket":	5,
					"start":	0,
					"end":	1.000447,
					"seconds":	1.0004470348358154,
					"bytes":	842848,
					"bits_per_second":	6739771.0875384491,
					"retransmits":	0,
					"snd_cwnd":	108600,
					"rtt":	235125,
					"rttvar":	8361,
					"pmtu":	1500,
					"omitted":	false,
					"sender":	true
				}],
			"sum":	{
				"start":	0,
				"end":	1.000447,
				"seconds":	1.0004470348358154,
				"bytes":	842848,
				"bits_per_second":	6739771.0875384491,
				"retransmits":	0,
				"omitted":	false,
				"sender":	true
			}
		}, {
			"streams":	[{
					"socket":	5,
					"start":	1.000447,
					"end":	2.00063,
					"seconds":	1.0001829862594604,
					"bytes":	393216,
					"bits_per_second":	3145152.4803121951,
					"retransmits":	0,
					"snd_cwnd":	127424,
					"rtt":	344447,
					"rttvar":	19383,
					"pmtu":	1500,
					"omitted":	false,
					"sender":	true
				}],
			"sum":	{
				"start":	1.000447,
				"end":	2.00063,
				"seconds":	1.0001829862594604,
				"bytes":	393216,
				"bits_per_second":	3145152.4803121951,
				"retransmits":	0,
				"omitted":	false,
				"sender":	true
			}
		}, {
			"streams":	[{
					"socket":	5,
					"start":	2.00063,
					"end":	3.000273,
					"seconds":	0.99964302778244019,
					"bytes":	393216,
					"bits_per_second":	3146851.3385006357,
					"retransmits":	0,
					"snd_cwnd":	143352,
					"rtt":	451492,
					"rttvar":	3983,
					"pmtu":	1500,
					"omitted":	false,
					"sender":	true
				}],
			"sum":	{
				"start":	2.00063,
				"end":	3.000273,
				"seconds":	0.99964302778244019,
				"bytes":	393216,
				"bits_per_second":	3146851.3385006357,
				"retransmits":	0,
				"omitted":	false,
				"sender":	true
			}
		}, {
			"streams":	[{
					"socket":	5,
					"start":	3.000273,
					"end":	4.000556,
					"seconds":	1.0002830028533936,
					"bytes":	393216,
					"bits_per_second":	3144838.0018720096,
					"retransmits":	0,
					"snd_cwnd":	157832,
					"rtt":	501364,
					"rttvar":	2877,
					"pmtu":	1500,
					"omitted":	false,
					"sender":	true
				}],
			"sum":	{
				"start":	3.000273,
				"end":	4.000556,
				"seconds":	1.0002830028533936,
				"bytes":	393216,
				"bits_per_second":	3144838.0018720096,
				"retransmits":	0,
				"omitted":	false,
				"sender":	true
			}
		}, {
			"streams":	[{
					"socket":	5,
					"start":	4.000556,
					"end":	5.000654,
					"seconds":	1.0000979900360107,
					"bytes":	262144,
					"bits_per_second":	2096946.5201349794,
					"retransmits":	0,
					"snd_cwnd":	172312,
					"rtt":	551764,
					"rttvar":	4390,
					"pmtu":	1500,
					"omitted":	false,
					"sender":	true
				}],
			"sum":	{
				"start":	4.000556,
				"end":	5.000654,
				"seconds":	1.0000979900360107,
				"bytes":	262144,
				"bits_per_second":	2096946.5201349794,
				"retransmits":	0,
				"omitted":	false,
				"sender":	true
			}
		}, {
			"streams":	[{
					"socket":	5,
					"start":	5.000654,
					"end":	6.000839,
					"seconds":	1.0001850128173828,
					"bytes":	393216,
					"bits_per_second":	3145146.1076575415,
					"retransmits":	0,
					"snd_cwnd":	189688,
					"rtt":	597251,
					"rttvar":	6459,
					"pmtu":	1500,
					"omitted":	false,
					"sender":	true
				}],
			"sum":	{
				"start":	5.000654,
				"end":	6.000839,
				"seconds":	1.0001850128173828,
				"bytes":	393216,
				"bits_per_second":	3145146.1076575415,
				"retransmits":	0,
				"omitted":	false,
				"sender":	true
			}
		}, {
			"streams":	[{
					"socket":	5,
					"start":	6.000839,
					"end":	7.000739,
					"seconds":	0.99989998340606689,
					"bytes":	524288,
					"bits_per_second":	4194723.5419611577,
					"retransmits":	0,
					"snd_cwnd":	237472,
					"rtt":	671217,
					"rttvar":	6524,
					"pmtu":	1500,
					"omitted":	false,
					"sender":	true
				}],
			"sum":	{
				"start":	6.000839,
				"end":	7.000739,
				"seconds":	0.99989998340606689,
				"bytes":	524288,
				"bits_per_second":	4194723.5419611577,
				"retransmits":	0,
				"omitted":	false,
				"sender":	true
			}
		}, {
			"streams":	[{
					"socket":	5,
					"start":	7.000739,
					"end":	8.000567,
					"seconds":	0.99982798099517822,
					"bytes":	524288,
					"bits_per_second":	4195025.6241330653,
					"retransmits":	0,
					"snd_cwnd":	306976,
					"rtt":	782899,
					"rttvar":	10396,
					"pmtu":	1500,
					"omitted":	false,
					"sender":	true
				}],
			"sum":	{
				"start":	7.000739,
				"end":	8.000567,
				"seconds":	0.99982798099517822,
				"bytes":	524288,
				"bits_per_second":	4195025.6241330653,
				"retransmits":	0,
				"omitted":	false,
				"sender":	true
			}
		}, {
			"streams":	[{
					"socket":	5,
					"start":	8.000567,
					"end":	9.000116,
					"seconds":	0.99954897165298462,
					"bytes":	524288,
					"bits_per_second":	4196196.6036178814,
					"retransmits":	0,
					"snd_cwnd":	389512,
					"rtt":	929357,
					"rttvar":	14564,
					"pmtu":	1500,
					"omitted":	false,
					"sender":	true
				}],
			"sum":	{
				"start":	8.000567,
				"end":	9.000116,
				"seconds":	0.99954897165298462,
				"bytes":	524288,
				"bits_per_second":	4196196.6036178814,
				"retransmits":	0,
				"omitted":	false,
				"sender":	true
			}
		}, {
			"streams":	[{
					"socket":	5,
					"start":	9.000116,
					"end":	10.001112,
					"seconds":	1.0009959936141968,
					"bytes":	786432,
					"bits_per_second":	6285195.9849350294,
					"retransmits":	0,
					"snd_cwnd":	505352,
					"rtt":	1130271,
					"rttvar":	13213,
					"pmtu":	1500,
					"omitted":	false,
					"sender":	true
				}],
			"sum":	{
				"start":	9.000116,
				"end":	10.001112,
				"seconds":	1.0009959936141968,
				"bytes":	786432,
				"bits_per_second":	6285195.9849350294,
				"retransmits":	0,
				"omitted":	false,
				"sender":	true
			}
		}],
	"end":	{
		"streams":	[{
				"sender":	{
					"socket":	5,
					"start":	0,
					"end":	10.001112,
					"seconds":	10.001112,
					"bytes":	5037152,
					"bits_per_second":	4029273.5447818208,
					"retransmits":	0,
					"max_snd_cwnd":	505352,
					"max_rtt":	1130271,
					"min_rtt":	235125,
					"mean_rtt":	619518,
					"sender":	true
				},
				"receiver":	{
					"socket":	5,
					"start":	0,
					"end":	11.525857,
					"seconds":	10.001112,
					"bytes":	3724256,
					"bits_per_second":	2584974.635725569,
					"sender":	true
				}
			}],
		"sum_sent":	{
			"start":	0,
			"end":	10.001112,
			"seconds":	10.001112,
			"bytes":	5037152,
			"bits_per_second":	4029273.5447818208,
			"retransmits":	0,
			"sender":	true
		},
		"sum_received":	{
			"start":	0,
			"end":	11.525857,
			"seconds":	11.525857,
			"bytes":	3724256,
			"bits_per_second":	2584974.635725569,
			"sender":	true
		},
		"cpu_utilization_percent":	{
			"host_total":	1.8131427388124333,
			"host_user":	0.59364759037407677,
			"host_system":	1.2194851639522508,
			"remote_total":	0.24313832434981034,
			"remote_user":	0,
			"remote_system":	0.24313832434981034
		},
		"sender_tcp_congestion":	"cubic",
		"receiver_tcp_congestion":	"cubic"
	}
}
