{
	"start":	{
		"connected":	[{
				"socket":	5,
				"local_host":	"10.0.5.10",
				"local_port":	49528,
				"remote_host":	"10.0.6.10",
				"remote_port":	5204
			}],
		"version":	"iperf 3.7",
		"system_info":	"Linux a-VirtualBox 5.11.0-40-generic #44~20.04.2-Ubuntu SMP Tue Oct 26 18:07:44 UTC 2021 x86_64",
		"timestamp":	{
			"time":	"Sun, 21 Nov 2021 18:06:00 GMT",
			"timesecs":	1637517960
		},
		"connecting_to":	{
			"host":	"10.0.6.10",
			"port":	5204
		},
		"cookie":	"maya3sjofxgyplq6kjlb3t2rkiyuhyvie2sa",
		"tcp_mss_default":	1448,
		"target_bitrate":	1000000000,
		"sock_bufsize":	0,
		"sndbuf_actual":	87380,
		"rcvbuf_actual":	87380,
		"test_start":	{
			"protocol":	"TCP",
			"num_streams":	1,
			"blksize":	131072,
			"omit":	0,
			"duration":	10,
			"bytes":	0,
			"blocks":	0,
			"reverse":	0,
			"tos":	0
		}
	},
	"intervals":	[{
			"streams":	[{
					"socket":	5,
					"start":	0,
					"end":	1.000258,
					"seconds":	1.0002579689025879,
					"bytes":	79640,
					"bits_per_second":	636955.68524088128,
					"retransmits":	0,
					"snd_cwnd":	15928,
					"rtt":	178365,
					"rttvar":	155709,
					"pmtu":	1500,
					"omitted":	false,
					"sender":	true
				}],
			"sum":	{
				"start":	0,
				"end":	1.000258,
				"seconds":	1.0002579689025879,
				"bytes":	79640,
				"bits_per_second":	636955.68524088128,
				"retransmits":	0,
				"omitted":	false,
				"sender":	true
			}
		}, {
			"streams":	[{
					"socket":	5,
					"start":	1.000258,
					"end":	2.001109,
					"seconds":	1.000851035118103,
					"bytes":	130320,
					"bits_per_second":	1041673.4992705235,
					"retransmits":	1,
					"snd_cwnd":	33304,
					"rtt":	262386,
					"rttvar":	232588,
					"pmtu":	1500,
					"omitted":	false,
					"sender":	true
				}],
			"sum":	{
				"start":	1.000258,
				"end":	2.001109,
				"seconds":	1.000851035118103,
				"bytes":	130320,
				"bits_per_second":	1041673.4992705235,
				"retransmits":	1,
				"omitted":	false,
				"sender":	true
			}
		}, {
			"streams":	[{
					"socket":	5,
					"start":	2.001109,
					"end":	3.00019,
					"seconds":	0.999081015586853,
					"bytes":	131072,
					"bits_per_second":	1049540.5113709162,
					"retransmits":	0,
					"snd_cwnd":	68056,
					"rtt":	448397,
					"rttvar":	453256,
					"pmtu":	1500,
					"omitted":	false,
					"sender":	true
				}],
			"sum":	{
				"start":	2.001109,
				"end":	3.00019,
				"seconds":	0.999081015586853,
				"bytes":	131072,
				"bits_per_second":	1049540.5113709162,
				"retransmits":	0,
				"omitted":	false,
				"sender":	true
			}
		}, {
			"streams":	[{
					"socket":	5,
					"start":	3.00019,
					"end":	4.000266,
					"seconds":	1.0000760555267334,
					"bytes":	262144,
					"bits_per_second":	2096992.512129934,
					"retransmits":	0,
					"snd_cwnd":	107152,
					"rtt":	524363,
					"rttvar":	491873,
					"pmtu":	1500,
					"omitted":	false,
					"sender":	true
				}],
			"sum":	{
				"start":	3.00019,
				"end":	4.000266,
				"seconds":	1.0000760555267334,
				"bytes":	262144,
				"bits_per_second":	2096992.512129934,
				"retransmits":	0,
				"omitted":	false,
				"sender":	true
			}
		}, {
			"streams":	[{
					"socket":	5,
					"start":	4.000266,
					"end":	5.00888,
					"seconds":	1.00861394405365,
					"bytes":	524288,
					"bits_per_second":	4158483.0595767549,
					"retransmits":	0,
					"snd_cwnd":	215752,
					"rtt":	648928,
					"rttvar":	492590,
					"pmtu":	1500,
					"omitted":	false,
					"sender":	true
				}],
			"sum":	{
				"start":	4.000266,
				"end":	5.00888,
				"seconds":	1.00861394405365,
				"bytes":	524288,
				"bits_per_second":	4158483.0595767549,
				"retransmits":	0,
				"omitted":	false,
				"sender":	true
			}
		}, {
			"streams":	[{
					"socket":	5,
					"start":	5.00888,
					"end":	6.000186,
					"seconds":	0.99130600690841675,
					"bytes":	0,
					"bits_per_second":	0,
					"retransmits":	0,
					"snd_cwnd":	221544,
					"rtt":	700501,
					"rttvar":	472587,
					"pmtu":	1500,
					"omitted":	false,
					"sender":	true
				}],
			"sum":	{
				"start":	5.00888,
				"end":	6.000186,
				"seconds":	0.99130600690841675,
				"bytes":	0,
				"bits_per_second":	0,
				"retransmits":	0,
				"omitted":	false,
				"sender":	true
			}
		}, {
			"streams":	[{
					"socket":	5,
					"start":	6.000186,
					"end":	7.000178,
					"seconds":	0.9999920129776001,
					"bytes":	0,
					"bits_per_second":	0,
					"retransmits":	0,
					"snd_cwnd":	221544,
					"rtt":	700501,
					"rttvar":	472587,
					"pmtu":	1500,
					"omitted":	false,
					"sender":	true
				}],
			"sum":	{
				"start":	6.000186,
				"end":	7.000178,
				"seconds":	0.9999920129776001,
				"bytes":	0,
				"bits_per_second":	0,
				"retransmits":	0,
				"omitted":	false,
				"sender":	true
			}
		}, {
			"streams":	[{
					"socket":	5,
					"start":	7.000178,
					"end":	8.001989,
					"seconds":	1.0018110275268555,
					"bytes":	0,
					"bits_per_second":	0,
					"retransmits":	0,
					"snd_cwnd":	221544,
					"rtt":	700501,
					"rttvar":	472587,
					"pmtu":	1500,
					"omitted":	false,
					"sender":	true
				}],
			"sum":	{
				"start":	7.000178,
				"end":	8.001989,
				"seconds":	1.0018110275268555,
				"bytes":	0,
				"bits_per_second":	0,
				"retransmits":	0,
				"omitted":	false,
				"sender":	true
			}
		}, {
			"streams":	[{
					"socket":	5,
					"start":	8.001989,
					"end":	9.000339,
					"seconds":	0.99835002422332764,
					"bytes":	0,
					"bits_per_second":	0,
					"retransmits":	0,
					"snd_cwnd":	221544,
					"rtt":	700501,
					"rttvar":	472587,
					"pmtu":	1500,
					"omitted":	false,
					"sender":	true
				}],
			"sum":	{
				"start":	8.001989,
				"end":	9.000339,
				"seconds":	0.99835002422332764,
				"bytes":	0,
				"bits_per_second":	0,
				"retransmits":	0,
				"omitted":	false,
				"sender":	true
			}
		}, {
			"streams":	[{
					"socket":	5,
					"start":	9.000339,
					"end":	10.001208,
					"seconds":	1.0008690357208252,
					"bytes":	0,
					"bits_per_second":	0,
					"retransmits":	1,
					"snd_cwnd":	1448,
					"rtt":	700501,
					"rttvar":	472587,
					"pmtu":	1500,
					"omitted":	false,
					"sender":	true
				}],
			"sum":	{
				"start":	9.000339,
				"end":	10.001208,
				"seconds":	1.0008690357208252,
				"bytes":	0,
				"bits_per_second":	0,
				"retransmits":	1,
				"omitted":	false,
				"sender":	true
			}
		}],
	"end":	{
		"streams":	[{
				"sender":	{
					"socket":	5,
					"start":	0,
					"end":	10.001208,
					"seconds":	10.001208,
					"bytes":	1127464,
					"bits_per_second":	901862.25503959123,
					"retransmits":	2,
					"max_snd_cwnd":	221544,
					"max_rtt":	700501,
					"min_rtt":	178365,
					"mean_rtt":	556494,
					"sender":	true
				},
				"receiver":	{
					"socket":	5,
					"start":	0,
					"end":	10.455143,
					"seconds":	10.001208,
					"bytes":	428608,
					"bits_per_second":	327959.55062498909,
					"sender":	true
				}
			}],
		"sum_sent":	{
			"start":	0,
			"end":	10.001208,
			"seconds":	10.001208,
			"bytes":	1127464,
			"bits_per_second":	901862.25503959123,
			"retransmits":	2,
			"sender":	true
		},
		"sum_received":	{
			"start":	0,
			"end":	10.455143,
			"seconds":	10.455143,
			"bytes":	428608,
			"bits_per_second":	327959.55062498909,
			"sender":	true
		},
		"cpu_utilization_percent":	{
			"host_total":	5.090706026021139,
			"host_user":	1.0358833893984647,
			"host_system":	4.0548135015262918,
			"remote_total":	0.048965962492894491,
			"remote_user":	0.048965962492894491,
			"remote_system":	0
		},
		"sender_tcp_congestion":	"cubic",
		"receiver_tcp_congestion":	"cubic"
	}
}
