{
	"start":	{
		"connected":	[{
				"socket":	5,
				"local_host":	"10.0.1.10",
				"local_port":	44926,
				"remote_host":	"10.0.6.10",
				"remote_port":	5200
			}],
		"version":	"iperf 3.7",
		"system_info":	"Linux a-VirtualBox 5.11.0-40-generic #44~20.04.2-Ubuntu SMP Tue Oct 26 18:07:44 UTC 2021 x86_64",
		"timestamp":	{
			"time":	"Sun, 21 Nov 2021 18:06:00 GMT",
			"timesecs":	1637517960
		},
		"connecting_to":	{
			"host":	"10.0.6.10",
			"port":	5200
		},
		"cookie":	"zzc4ogvhjlos25qpwl3cnlfnptzg57uu32pl",
		"tcp_mss_default":	1448,
		"target_bitrate":	1000000000,
		"sock_bufsize":	0,
		"sndbuf_actual":	87380,
		"rcvbuf_actual":	87380,
		"test_start":	{
			"protocol":	"TCP",
			"num_streams":	1,
			"blksize":	131072,
			"omit":	0,
			"duration":	10,
			"bytes":	0,
			"blocks":	0,
			"reverse":	0,
			"tos":	0
		}
	},
	"intervals":	[{
			"streams":	[{
					"socket":	5,
					"start":	0,
					"end":	1.000281,
					"seconds":	1.0002809762954712,
					"bytes":	79640,
					"bits_per_second":	636941.03466764546,
					"retransmits":	0,
					"snd_cwnd":	15928,
					"rtt":	308128,
					"rttvar":	197246,
					"pmtu":	1500,
					"omitted":	false,
					"sender":	true
				}],
			"sum":	{
				"start":	0,
				"end":	1.000281,
				"seconds":	1.0002809762954712,
				"bytes":	79640,
				"bits_per_second":	636941.03466764546,
				"retransmits":	0,
				"omitted":	false,
				"sender":	true
			}
		}, {
			"streams":	[{
					"socket":	5,
					"start":	1.000281,
					"end":	2.000183,
					"seconds":	0.99990200996398926,
					"bytes":	108600,
					"bits_per_second":	868885.14208636223,
					"retransmits":	0,
					"snd_cwnd":	33304,
					"rtt":	489543,
					"rttvar":	424839,
					"pmtu":	1500,
					"omitted":	false,
					"sender":	true
				}],
			"sum":	{
				"start":	1.000281,
				"end":	2.000183,
				"seconds":	0.99990200996398926,
				"bytes":	108600,
				"bits_per_second":	868885.14208636223,
				"retransmits":	0,
				"omitted":	false,
				"sender":	true
			}
		}, {
			"streams":	[{
					"socket":	5,
					"start":	2.000183,
					"end":	3.000206,
					"seconds":	1.0000230073928833,
					"bytes":	131072,
					"bits_per_second":	1048551.8755550405,
					"retransmits":	0,
					"snd_cwnd":	68056,
					"rtt":	620974,
					"rttvar":	466438,
					"pmtu":	1500,
					"omitted":	false,
					"sender":	true
				}],
			"sum":	{
				"start":	2.000183,
				"end":	3.000206,
				"seconds":	1.0000230073928833,
				"bytes":	131072,
				"bits_per_second":	1048551.8755550405,
				"retransmits":	0,
				"omitted":	false,
				"sender":	true
			}
		}, {
			"streams":	[{
					"socket":	5,
					"start":	3.000206,
					"end":	4.000095,
					"seconds":	0.99988901615142822,
					"bytes":	524288,
					"bits_per_second":	4194769.5516687157,
					"retransmits":	0,
					"snd_cwnd":	160728,
					"rtt":	718421,
					"rttvar":	336096,
					"pmtu":	1500,
					"omitted":	false,
					"sender":	true
				}],
			"sum":	{
				"start":	3.000206,
				"end":	4.000095,
				"seconds":	0.99988901615142822,
				"bytes":	524288,
				"bits_per_second":	4194769.5516687157,
				"retransmits":	0,
				"omitted":	false,
				"sender":	true
			}
		}, {
			"streams":	[{
					"socket":	5,
					"start":	4.000095,
					"end":	5.000194,
					"seconds":	1.0000989437103271,
					"bytes":	655360,
					"bits_per_second":	5242361.3013219722,
					"retransmits":	0,
					"snd_cwnd":	321456,
					"rtt":	753663,
					"rttvar":	189385,
					"pmtu":	1500,
					"omitted":	false,
					"sender":	true
				}],
			"sum":	{
				"start":	4.000095,
				"end":	5.000194,
				"seconds":	1.0000989437103271,
				"bytes":	655360,
				"bits_per_second":	5242361.3013219722,
				"retransmits":	0,
				"omitted":	false,
				"sender":	true
			}
		}, {
			"streams":	[{
					"socket":	5,
					"start":	5.000194,
					"end":	6.000222,
					"seconds":	1.0000280141830444,
					"bytes":	655360,
					"bits_per_second":	5242733.1291144677,
					"retransmits":	0,
					"snd_cwnd":	447432,
					"rtt":	765120,
					"rttvar":	164951,
					"pmtu":	1500,
					"omitted":	false,
					"sender":	true
				}],
			"sum":	{
				"start":	5.000194,
				"end":	6.000222,
				"seconds":	1.0000280141830444,
				"bytes":	655360,
				"bits_per_second":	5242733.1291144677,
				"retransmits":	0,
				"omitted":	false,
				"sender":	true
			}
		}, {
			"streams":	[{
					"socket":	5,
					"start":	6.000222,
					"end":	7.002244,
					"seconds":	1.0020220279693604,
					"bytes":	0,
					"bits_per_second":	0,
					"retransmits":	0,
					"snd_cwnd":	447432,
					"rtt":	765120,
					"rttvar":	164951,
					"pmtu":	1500,
					"omitted":	false,
					"sender":	true
				}],
			"sum":	{
				"start":	6.000222,
				"end":	7.002244,
				"seconds":	1.0020220279693604,
				"bytes":	0,
				"bits_per_second":	0,
				"retransmits":	0,
				"omitted":	false,
				"sender":	true
			}
		}, {
			"streams":	[{
					"socket":	5,
					"start":	7.002244,
					"end":	8.001904,
					"seconds":	0.99966001510620117,
					"bytes":	0,
					"bits_per_second":	0,
					"retransmits":	0,
					"snd_cwnd":	447432,
					"rtt":	765120,
					"rttvar":	164951,
					"pmtu":	1500,
					"omitted":	false,
					"sender":	true
				}],
			"sum":	{
				"start":	7.002244,
				"end":	8.001904,
				"seconds":	0.99966001510620117,
				"bytes":	0,
				"bits_per_second":	0,
				"retransmits":	0,
				"omitted":	false,
				"sender":	true
			}
		}, {
			"streams":	[{
					"socket":	5,
					"start":	8.001904,
					"end":	9.000486,
					"seconds":	0.99858200550079346,
					"bytes":	0,
					"bits_per_second":	0,
					"retransmits":	0,
					"snd_cwnd":	447432,
					"rtt":	765120,
					"rttvar":	164951,
					"pmtu":	1500,
					"omitted":	false,
					"sender":	true
				}],
			"sum":	{
				"start":	8.001904,
				"end":	9.000486,
				"seconds":	0.99858200550079346,
				"bytes":	0,
				"bits_per_second":	0,
				"retransmits":	0,
				"omitted":	false,
				"sender":	true
			}
		}, {
			"streams":	[{
					"socket":	5,
					"start":	9.000486,
					"end":	10.007004,
					"seconds":	1.0065180063247681,
					"bytes":	0,
					"bits_per_second":	0,
					"retransmits":	1,
					"snd_cwnd":	1448,
					"rtt":	765120,
					"rttvar":	164951,
					"pmtu":	1500,
					"omitted":	false,
					"sender":	true
				}],
			"sum":	{
				"start":	9.000486,
				"end":	10.007004,
				"seconds":	1.0065180063247681,
				"bytes":	0,
				"bits_per_second":	0,
				"retransmits":	1,
				"omitted":	false,
				"sender":	true
			}
		}],
	"end":	{
		"streams":	[{
				"sender":	{
					"socket":	5,
					"start":	0,
					"end":	10.007004,
					"seconds":	10.007004,
					"bytes":	2154320,
					"bits_per_second":	1722249.736284706,
					"retransmits":	1,
					"max_snd_cwnd":	447432,
					"max_rtt":	765120,
					"min_rtt":	308128,
					"mean_rtt":	671632,
					"sender":	true
				},
				"receiver":	{
					"socket":	5,
					"start":	0,
					"end":	10.851451,
					"seconds":	10.007004,
					"bytes":	880384,
					"bits_per_second":	649044.26145406719,
					"sender":	true
				}
			}],
		"sum_sent":	{
			"start":	0,
			"end":	10.007004,
			"seconds":	10.007004,
			"bytes":	2154320,
			"bits_per_second":	1722249.736284706,
			"retransmits":	1,
			"sender":	true
		},
		"sum_received":	{
			"start":	0,
			"end":	10.851451,
			"seconds":	10.851451,
			"bytes":	880384,
			"bits_per_second":	649044.26145406719,
			"sender":	true
		},
		"cpu_utilization_percent":	{
			"host_total":	4.9701483453039614,
			"host_user":	1.1375565227824374,
			"host_system":	3.8325918225215236,
			"remote_total":	0.063337270237966189,
			"remote_user":	0.063345812014127756,
			"remote_system":	0
		},
		"sender_tcp_congestion":	"cubic",
		"receiver_tcp_congestion":	"cubic"
	}
}
