{
	"start":	{
		"connected":	[{
				"socket":	5,
				"local_host":	"10.0.2.11",
				"local_port":	50826,
				"remote_host":	"10.0.6.10",
				"remote_port":	5201
			}],
		"version":	"iperf 3.7",
		"system_info":	"Linux a-VirtualBox 5.11.0-40-generic #44~20.04.2-Ubuntu SMP Tue Oct 26 18:07:44 UTC 2021 x86_64",
		"timestamp":	{
			"time":	"Sun, 21 Nov 2021 18:06:00 GMT",
			"timesecs":	1637517960
		},
		"connecting_to":	{
			"host":	"10.0.6.10",
			"port":	5201
		},
		"cookie":	"um7ssolqjpci65yrzcfaz5jc4fttxdmhctrf",
		"tcp_mss_default":	1448,
		"target_bitrate":	1000000000,
		"sock_bufsize":	0,
		"sndbuf_actual":	87380,
		"rcvbuf_actual":	87380,
		"test_start":	{
			"protocol":	"TCP",
			"num_streams":	1,
			"blksize":	131072,
			"omit":	0,
			"duration":	10,
			"bytes":	0,
			"blocks":	0,
			"reverse":	0,
			"tos":	0
		}
	},
	"intervals":	[{
			"streams":	[{
					"socket":	5,
					"start":	0,
					"end":	1.000121,
					"seconds":	1.000120997428894,
					"bytes":	79640,
					"bits_per_second":	637042.919444652,
					"retransmits":	0,
					"snd_cwnd":	15928,
					"rtt":	250729,
					"rttvar":	182820,
					"pmtu":	1500,
					"omitted":	false,
					"sender":	true
				}],
			"sum":	{
				"start":	0,
				"end":	1.000121,
				"seconds":	1.000120997428894,
				"bytes":	79640,
				"bits_per_second":	637042.919444652,
				"retransmits":	0,
				"omitted":	false,
				"sender":	true
			}
		}, {
			"streams":	[{
					"socket":	5,
					"start":	1.000121,
					"end":	2.000136,
					"seconds":	1.0000150203704834,
					"bytes":	130320,
					"bits_per_second":	1042544.3405977589,
					"retransmits":	1,
					"snd_cwnd":	33304,
					"rtt":	317807,
					"rttvar":	218476,
					"pmtu":	1500,
					"omitted":	false,
					"sender":	true
				}],
			"sum":	{
				"start":	1.000121,
				"end":	2.000136,
				"seconds":	1.0000150203704834,
				"bytes":	130320,
				"bits_per_second":	1042544.3405977589,
				"retransmits":	1,
				"omitted":	false,
				"sender":	true
			}
		}, {
			"streams":	[{
					"socket":	5,
					"start":	2.000136,
					"end":	3.000164,
					"seconds":	1.0000280141830444,
					"bytes":	131072,
					"bits_per_second":	1048546.6258228936,
					"retransmits":	0,
					"snd_cwnd":	66608,
					"rtt":	410113,
					"rttvar":	348469,
					"pmtu":	1500,
					"omitted":	false,
					"sender":	true
				}],
			"sum":	{
				"start":	2.000136,
				"end":	3.000164,
				"seconds":	1.0000280141830444,
				"bytes":	131072,
				"bits_per_second":	1048546.6258228936,
				"retransmits":	0,
				"omitted":	false,
				"sender":	true
			}
		}, {
			"streams":	[{
					"socket":	5,
					"start":	3.000164,
					"end":	4.000132,
					"seconds":	0.99996799230575562,
					"bytes":	393216,
					"bits_per_second":	3145828.6907228781,
					"retransmits":	0,
					"snd_cwnd":	134664,
					"rtt":	503705,
					"rttvar":	375840,
					"pmtu":	1500,
					"omitted":	false,
					"sender":	true
				}],
			"sum":	{
				"start":	3.000164,
				"end":	4.000132,
				"seconds":	0.99996799230575562,
				"bytes":	393216,
				"bits_per_second":	3145828.6907228781,
				"retransmits":	0,
				"omitted":	false,
				"sender":	true
			}
		}, {
			"streams":	[{
					"socket":	5,
					"start":	4.000132,
					"end":	5.003058,
					"seconds":	1.0029259920120239,
					"bytes":	655360,
					"bits_per_second":	5227584.1305917054,
					"retransmits":	0,
					"snd_cwnd":	270776,
					"rtt":	633140,
					"rttvar":	435763,
					"pmtu":	1500,
					"omitted":	false,
					"sender":	true
				}],
			"sum":	{
				"start":	4.000132,
				"end":	5.003058,
				"seconds":	1.0029259920120239,
				"bytes":	655360,
				"bits_per_second":	5227584.1305917054,
				"retransmits":	0,
				"omitted":	false,
				"sender":	true
			}
		}, {
			"streams":	[{
					"socket":	5,
					"start":	5.003058,
					"end":	6.000118,
					"seconds":	0.99706000089645386,
					"bytes":	1310720,
					"bits_per_second":	10516679.026911402,
					"retransmits":	0,
					"snd_cwnd":	556032,
					"rtt":	749842,
					"rttvar":	361364,
					"pmtu":	1500,
					"omitted":	false,
					"sender":	true
				}],
			"sum":	{
				"start":	5.003058,
				"end":	6.000118,
				"seconds":	0.99706000089645386,
				"bytes":	1310720,
				"bits_per_second":	10516679.026911402,
				"retransmits":	0,
				"omitted":	false,
				"sender":	true
			}
		}, {
			"streams":	[{
					"socket":	5,
					"start":	6.000118,
					"end":	7.000188,
					"seconds":	1.0000699758529663,
					"bytes":	4849664,
					"bits_per_second":	38794597.3149624,
					"retransmits":	0,
					"snd_cwnd":	1563840,
					"rtt":	730593,
					"rttvar":	155627,
					"pmtu":	1500,
					"omitted":	false,
					"sender":	true
				}],
			"sum":	{
				"start":	6.000118,
				"end":	7.000188,
				"seconds":	1.0000699758529663,
				"bytes":	4849664,
				"bits_per_second":	38794597.3149624,
				"retransmits":	0,
				"omitted":	false,
				"sender":	true
			}
		}, {
			"streams":	[{
					"socket":	5,
					"start":	7.000188,
					"end":	8.000397,
					"seconds":	1.0002089738845825,
					"bytes":	7340032,
					"bits_per_second":	58707987.563782774,
					"retransmits":	0,
					"snd_cwnd":	4229608,
					"rtt":	747116,
					"rttvar":	103553,
					"pmtu":	1500,
					"omitted":	false,
					"sender":	true
				}],
			"sum":	{
				"start":	7.000188,
				"end":	8.000397,
				"seconds":	1.0002089738845825,
				"bytes":	7340032,
				"bits_per_second":	58707987.563782774,
				"retransmits":	0,
				"omitted":	false,
				"sender":	true
			}
		}, {
			"streams":	[{
					"socket":	5,
					"start":	8.000397,
					"end":	9.00008,
					"seconds":	0.99968302249908447,
					"bytes":	2752512,
					"bits_per_second":	22027078.088164859,
					"retransmits":	0,
					"snd_cwnd":	6912752,
					"rtt":	683718,
					"rttvar":	109273,
					"pmtu":	1500,
					"omitted":	false,
					"sender":	true
				}],
			"sum":	{
				"start":	8.000397,
				"end":	9.00008,
				"seconds":	0.99968302249908447,
				"bytes":	2752512,
				"bits_per_second":	22027078.088164859,
				"retransmits":	0,
				"omitted":	false,
				"sender":	true
			}
		}, {
			"streams":	[{
					"socket":	5,
					"start":	9.00008,
					"end":	10.008026,
					"seconds":	1.0079460144042969,
					"bytes":	12189696,
					"bits_per_second":	96748800.636543572,
					"retransmits":	0,
					"snd_cwnd":	18936944,
					"rtt":	720967,
					"rttvar":	171871,
					"pmtu":	1500,
					"omitted":	false,
					"sender":	true
				}],
			"sum":	{
				"start":	9.00008,
				"end":	10.008026,
				"seconds":	1.0079460144042969,
				"bytes":	12189696,
				"bits_per_second":	96748800.636543572,
				"retransmits":	0,
				"omitted":	false,
				"sender":	true
			}
		}],
	"end":	{
		"streams":	[{
				"sender":	{
					"socket":	5,
					"start":	0,
					"end":	10.008026,
					"seconds":	10.008026,
					"bytes":	29832232,
					"bits_per_second":	23846646.281694315,
					"retransmits":	1,
					"max_snd_cwnd":	18936944,
					"max_rtt":	749842,
					"min_rtt":	250729,
					"mean_rtt":	574773,
					"sender":	true
				},
				"receiver":	{
					"socket":	5,
					"start":	0,
					"end":	10.511042,
					"seconds":	10.008026,
					"bytes":	23107184,
					"bits_per_second":	17586978.721995402,
					"sender":	true
				}
			}],
		"sum_sent":	{
			"start":	0,
			"end":	10.008026,
			"seconds":	10.008026,
			"bytes":	29832232,
			"bits_per_second":	23846646.281694315,
			"retransmits":	1,
			"sender":	true
		},
		"sum_received":	{
			"start":	0,
			"end":	10.511042,
			"seconds":	10.511042,
			"bytes":	23107184,
			"bits_per_second":	17586978.721995402,
			"sender":	true
		},
		"cpu_utilization_percent":	{
			"host_total":	3.4982104892235308,
			"host_user":	1.465179499118153,
			"host_system":	2.0330400486261393,
			"remote_total":	0.59710608779696217,
			"remote_user":	0.59711493210972855,
			"remote_system":	0
		},
		"sender_tcp_congestion":	"cubic",
		"receiver_tcp_congestion":	"cubic"
	}
}
