{
	"start":	{
		"connected":	[{
				"socket":	5,
				"local_host":	"10.0.4.13",
				"local_port":	53936,
				"remote_host":	"10.0.6.10",
				"remote_port":	5203
			}],
		"version":	"iperf 3.7",
		"system_info":	"Linux a-VirtualBox 5.11.0-40-generic #44~20.04.2-Ubuntu SMP Tue Oct 26 18:07:44 UTC 2021 x86_64",
		"timestamp":	{
			"time":	"Sun, 21 Nov 2021 18:06:22 GMT",
			"timesecs":	1637517982
		},
		"connecting_to":	{
			"host":	"10.0.6.10",
			"port":	5203
		},
		"cookie":	"6s7y3ny3mgexfjozyhdyf5ve3or3mwvwc4dj",
		"sock_bufsize":	0,
		"sndbuf_actual":	212992,
		"rcvbuf_actual":	212992,
		"test_start":	{
			"protocol":	"UDP",
			"num_streams":	1,
			"blksize":	1448,
			"omit":	0,
			"duration":	10,
			"bytes":	0,
			"blocks":	0,
			"reverse":	0,
			"tos":	0
		}
	},
	"intervals":	[{
			"streams":	[{
					"socket":	5,
					"start":	0,
					"end":	1.000008,
					"seconds":	1.0000079870224,
					"bytes":	12134240,
					"bits_per_second":	97073144.674619049,
					"packets":	8380,
					"omitted":	false,
					"sender":	true
				}],
			"sum":	{
				"start":	0,
				"end":	1.000008,
				"seconds":	1.0000079870224,
				"bytes":	12134240,
				"bits_per_second":	97073144.674619049,
				"packets":	8380,
				"omitted":	false,
				"sender":	true
			}
		}, {
			"streams":	[{
					"socket":	5,
					"start":	1.000008,
					"end":	2.00007,
					"seconds":	1.0000619888305664,
					"bytes":	8679312,
					"bits_per_second":	69430192.1035855,
					"packets":	5994,
					"omitted":	false,
					"sender":	true
				}],
			"sum":	{
				"start":	1.000008,
				"end":	2.00007,
				"seconds":	1.0000619888305664,
				"bytes":	8679312,
				"bits_per_second":	69430192.1035855,
				"packets":	5994,
				"omitted":	false,
				"sender":	true
			}
		}, {
			"streams":	[{
					"socket":	5,
					"start":	2.00007,
					"end":	3.000043,
					"seconds":	0.99997299909591675,
					"bytes":	9307744,
					"bits_per_second":	74463962.594311669,
					"packets":	6428,
					"omitted":	false,
					"sender":	true
				}],
			"sum":	{
				"start":	2.00007,
				"end":	3.000043,
				"seconds":	0.99997299909591675,
				"bytes":	9307744,
				"bits_per_second":	74463962.594311669,
				"packets":	6428,
				"omitted":	false,
				"sender":	true
			}
		}, {
			"streams":	[{
					"socket":	5,
					"start":	3.000043,
					"end":	4.00007,
					"seconds":	1.0000269412994385,
					"bytes":	10925160,
					"bits_per_second":	87398925.359381288,
					"packets":	7545,
					"omitted":	false,
					"sender":	true
				}],
			"sum":	{
				"start":	3.000043,
				"end":	4.00007,
				"seconds":	1.0000269412994385,
				"bytes":	10925160,
				"bits_per_second":	87398925.359381288,
				"packets":	7545,
				"omitted":	false,
				"sender":	true
			}
		}, {
			"streams":	[{
					"socket":	5,
					"start":	4.00007,
					"end":	5.000006,
					"seconds":	0.99993598461151123,
					"bytes":	12898784,
					"bits_per_second":	103196878.18824805,
					"packets":	8908,
					"omitted":	false,
					"sender":	true
				}],
			"sum":	{
				"start":	4.00007,
				"end":	5.000006,
				"seconds":	0.99993598461151123,
				"bytes":	12898784,
				"bits_per_second":	103196878.18824805,
				"packets":	8908,
				"omitted":	false,
				"sender":	true
			}
		}, {
			"streams":	[{
					"socket":	5,
					"start":	5.000006,
					"end":	6.000045,
					"seconds":	1.0000389814376831,
					"bytes":	9953552,
					"bits_per_second":	79625312.090858728,
					"packets":	6874,
					"omitted":	false,
					"sender":	true
				}],
			"sum":	{
				"start":	5.000006,
				"end":	6.000045,
				"seconds":	1.0000389814376831,
				"bytes":	9953552,
				"bits_per_second":	79625312.090858728,
				"packets":	6874,
				"omitted":	false,
				"sender":	true
			}
		}, {
			"streams":	[{
					"socket":	5,
					"start":	6.000045,
					"end":	7.006454,
					"seconds":	1.0064090490341187,
					"bytes":	12668552,
					"bits_per_second":	100703005.49986823,
					"packets":	8749,
					"omitted":	false,
					"sender":	true
				}],
			"sum":	{
				"start":	6.000045,
				"end":	7.006454,
				"seconds":	1.0064090490341187,
				"bytes":	12668552,
				"bits_per_second":	100703005.49986823,
				"packets":	8749,
				"omitted":	false,
				"sender":	true
			}
		}, {
			"streams":	[{
					"socket":	5,
					"start":	7.006454,
					"end":	8.043756,
					"seconds":	1.0373020172119141,
					"bytes":	13560520,
					"bits_per_second":	104583003.02122848,
					"packets":	9365,
					"omitted":	false,
					"sender":	true
				}],
			"sum":	{
				"start":	7.006454,
				"end":	8.043756,
				"seconds":	1.0373020172119141,
				"bytes":	13560520,
				"bits_per_second":	104583003.02122848,
				"packets":	9365,
				"omitted":	false,
				"sender":	true
			}
		}, {
			"streams":	[{
					"socket":	5,
					"start":	8.043756,
					"end":	9.00007,
					"seconds":	0.95631402730941772,
					"bytes":	12148720,
					"bits_per_second":	101629545.55151999,
					"packets":	8390,
					"omitted":	false,
					"sender":	true
				}],
			"sum":	{
				"start":	8.043756,
				"end":	9.00007,
				"seconds":	0.95631402730941772,
				"bytes":	12148720,
				"bits_per_second":	101629545.55151999,
				"packets":	8390,
				"omitted":	false,
				"sender":	true
			}
		}, {
			"streams":	[{
					"socket":	5,
					"start":	9.00007,
					"end":	10.000056,
					"seconds":	0.99998599290847778,
					"bytes":	9860880,
					"bits_per_second":	78888144.993466944,
					"packets":	6810,
					"omitted":	false,
					"sender":	true
				}],
			"sum":	{
				"start":	9.00007,
				"end":	10.000056,
				"seconds":	0.99998599290847778,
				"bytes":	9860880,
				"bits_per_second":	78888144.993466944,
				"packets":	6810,
				"omitted":	false,
				"sender":	true
			}
		}],
	"end":	{
		"streams":	[{
				"udp":	{
					"socket":	5,
					"start":	0,
					"end":	10.000056,
					"seconds":	10.000056,
					"bytes":	112137464,
					"bits_per_second":	89709468.826974556,
					"jitter_ms":	0.00070954427738079584,
					"lost_packets":	3498,
					"packets":	77443,
					"lost_percent":	4.5168704724765307,
					"out_of_order":	0,
					"sender":	true
				}
			}],
		"sum":	{
			"start":	0,
			"end":	10.11791,
			"seconds":	10.11791,
			"bytes":	112137464,
			"bits_per_second":	89709468.826974556,
			"jitter_ms":	0.00070954427738079584,
			"lost_packets":	3498,
			"packets":	77443,
			"lost_percent":	4.5168704724765307,
			"sender":	true
		},
		"cpu_utilization_percent":	{
			"host_total":	11.414444844436559,
			"host_user":	0.76982214513283276,
			"host_system":	10.644622699303726,
			"remote_total":	6.0939654337530174,
			"remote_user":	0.99365444888025334,
			"remote_system":	5.1003109848727641
		}
	}
}
