{
	"start":	{
		"connected":	[{
				"socket":	5,
				"local_host":	"10.0.2.11",
				"local_port":	43368,
				"remote_host":	"10.0.6.10",
				"remote_port":	5201
			}],
		"version":	"iperf 3.7",
		"system_info":	"Linux a-VirtualBox 5.11.0-40-generic #44~20.04.2-Ubuntu SMP Tue Oct 26 18:07:44 UTC 2021 x86_64",
		"timestamp":	{
			"time":	"Sun, 21 Nov 2021 18:06:22 GMT",
			"timesecs":	1637517982
		},
		"connecting_to":	{
			"host":	"10.0.6.10",
			"port":	5201
		},
		"cookie":	"2s3tun3b4263tvd7qvubflrfsduqnfy4iskh",
		"sock_bufsize":	0,
		"sndbuf_actual":	212992,
		"rcvbuf_actual":	212992,
		"test_start":	{
			"protocol":	"UDP",
			"num_streams":	1,
			"blksize":	1448,
			"omit":	0,
			"duration":	10,
			"bytes":	0,
			"blocks":	0,
			"reverse":	0,
			"tos":	0
		}
	},
	"intervals":	[{
			"streams":	[{
					"socket":	5,
					"start":	0,
					"end":	1.000116,
					"seconds":	1.0001159906387329,
					"bytes":	10705064,
					"bits_per_second":	85630579.654370815,
					"packets":	7393,
					"omitted":	false,
					"sender":	true
				}],
			"sum":	{
				"start":	0,
				"end":	1.000116,
				"seconds":	1.0001159906387329,
				"bytes":	10705064,
				"bits_per_second":	85630579.654370815,
				"packets":	7393,
				"omitted":	false,
				"sender":	true
			}
		}, {
			"streams":	[{
					"socket":	5,
					"start":	1.000116,
					"end":	2.000019,
					"seconds":	0.99990302324295044,
					"bytes":	9364216,
					"bits_per_second":	74920993.59499377,
					"packets":	6467,
					"omitted":	false,
					"sender":	true
				}],
			"sum":	{
				"start":	1.000116,
				"end":	2.000019,
				"seconds":	0.99990302324295044,
				"bytes":	9364216,
				"bits_per_second":	74920993.59499377,
				"packets":	6467,
				"omitted":	false,
				"sender":	true
			}
		}, {
			"streams":	[{
					"socket":	5,
					"start":	2.000019,
					"end":	3.001433,
					"seconds":	1.0014139413833618,
					"bytes":	11421824,
					"bits_per_second":	91245576.103898,
					"packets":	7888,
					"omitted":	false,
					"sender":	true
				}],
			"sum":	{
				"start":	2.000019,
				"end":	3.001433,
				"seconds":	1.0014139413833618,
				"bytes":	11421824,
				"bits_per_second":	91245576.103898,
				"packets":	7888,
				"omitted":	false,
				"sender":	true
			}
		}, {
			"streams":	[{
					"socket":	5,
					"start":	3.001433,
					"end":	4.000985,
					"seconds":	0.99955201148986816,
					"bytes":	11171320,
					"bits_per_second":	89410614.92817165,
					"packets":	7715,
					"omitted":	false,
					"sender":	true
				}],
			"sum":	{
				"start":	3.001433,
				"end":	4.000985,
				"seconds":	0.99955201148986816,
				"bytes":	11171320,
				"bits_per_second":	89410614.92817165,
				"packets":	7715,
				"omitted":	false,
				"sender":	true
			}
		}, {
			"streams":	[{
					"socket":	5,
					"start":	4.000985,
					"end":	5.000057,
					"seconds":	0.99907201528549194,
					"bytes":	11595584,
					"bits_per_second":	92850836.1566827,
					"packets":	8008,
					"omitted":	false,
					"sender":	true
				}],
			"sum":	{
				"start":	4.000985,
				"end":	5.000057,
				"seconds":	0.99907201528549194,
				"bytes":	11595584,
				"bits_per_second":	92850836.1566827,
				"packets":	8008,
				"omitted":	false,
				"sender":	true
			}
		}, {
			"streams":	[{
					"socket":	5,
					"start":	5.000057,
					"end":	6.000034,
					"seconds":	0.9999769926071167,
					"bytes":	10884616,
					"bits_per_second":	87078931.45918794,
					"packets":	7517,
					"omitted":	false,
					"sender":	true
				}],
			"sum":	{
				"start":	5.000057,
				"end":	6.000034,
				"seconds":	0.9999769926071167,
				"bytes":	10884616,
				"bits_per_second":	87078931.45918794,
				"packets":	7517,
				"omitted":	false,
				"sender":	true
			}
		}, {
			"streams":	[{
					"socket":	5,
					"start":	6.000034,
					"end":	7.0001,
					"seconds":	1.0000660419464111,
					"bytes":	14139720,
					"bits_per_second":	113110289.97629084,
					"packets":	9765,
					"omitted":	false,
					"sender":	true
				}],
			"sum":	{
				"start":	6.000034,
				"end":	7.0001,
				"seconds":	1.0000660419464111,
				"bytes":	14139720,
				"bits_per_second":	113110289.97629084,
				"packets":	9765,
				"omitted":	false,
				"sender":	true
			}
		}, {
			"streams":	[{
					"socket":	5,
					"start":	7.0001,
					"end":	8.000008,
					"seconds":	0.9999079704284668,
					"bytes":	11757760,
					"bits_per_second":	94070737.289646581,
					"packets":	8120,
					"omitted":	false,
					"sender":	true
				}],
			"sum":	{
				"start":	7.0001,
				"end":	8.000008,
				"seconds":	0.9999079704284668,
				"bytes":	11757760,
				"bits_per_second":	94070737.289646581,
				"packets":	8120,
				"omitted":	false,
				"sender":	true
			}
		}, {
			"streams":	[{
					"socket":	5,
					"start":	8.000008,
					"end":	9.000058,
					"seconds":	1.0000499486923218,
					"bytes":	15883112,
					"bits_per_second":	127058549.5915996,
					"packets":	10969,
					"omitted":	false,
					"sender":	true
				}],
			"sum":	{
				"start":	8.000008,
				"end":	9.000058,
				"seconds":	1.0000499486923218,
				"bytes":	15883112,
				"bits_per_second":	127058549.5915996,
				"packets":	10969,
				"omitted":	false,
				"sender":	true
			}
		}, {
			"streams":	[{
					"socket":	5,
					"start":	9.000058,
					"end":	10.007758,
					"seconds":	1.0076999664306641,
					"bytes":	10528408,
					"bits_per_second":	83583672.5273875,
					"packets":	7271,
					"omitted":	false,
					"sender":	true
				}],
			"sum":	{
				"start":	9.000058,
				"end":	10.007758,
				"seconds":	1.0076999664306641,
				"bytes":	10528408,
				"bits_per_second":	83583672.5273875,
				"packets":	7271,
				"omitted":	false,
				"sender":	true
			}
		}],
	"end":	{
		"streams":	[{
				"udp":	{
					"socket":	5,
					"start":	0,
					"end":	10.007758,
					"seconds":	10.007758,
					"bytes":	117451624,
					"bits_per_second":	93888460.532319024,
					"jitter_ms":	0.0026711015547502956,
					"lost_packets":	8057,
					"packets":	81113,
					"lost_percent":	9.93305635348218,
					"out_of_order":	0,
					"sender":	true
				}
			}],
		"sum":	{
			"start":	0,
			"end":	10.189423,
			"seconds":	10.189423,
			"bytes":	117451624,
			"bits_per_second":	93888460.532319024,
			"jitter_ms":	0.0026711015547502956,
			"lost_packets":	8057,
			"packets":	81113,
			"lost_percent":	9.93305635348218,
			"sender":	true
		},
		"cpu_utilization_percent":	{
			"host_total":	11.404896108266717,
			"host_user":	0.97437080320441227,
			"host_system":	10.430525305062305,
			"remote_total":	6.0864504592375841,
			"remote_user":	1.1359273580195306,
			"remote_system":	4.95051381196224
		}
	}
}
