{
	"start":	{
		"connected":	[{
				"socket":	5,
				"local_host":	"10.0.1.10",
				"local_port":	48852,
				"remote_host":	"10.0.6.10",
				"remote_port":	5200
			}],
		"version":	"iperf 3.7",
		"system_info":	"Linux a-VirtualBox 5.11.0-40-generic #44~20.04.2-Ubuntu SMP Tue Oct 26 18:07:44 UTC 2021 x86_64",
		"timestamp":	{
			"time":	"Sun, 21 Nov 2021 18:06:22 GMT",
			"timesecs":	1637517982
		},
		"connecting_to":	{
			"host":	"10.0.6.10",
			"port":	5200
		},
		"cookie":	"tfxmvw37ltkspdtgwvpybegihoa4sasabzde",
		"sock_bufsize":	0,
		"sndbuf_actual":	212992,
		"rcvbuf_actual":	212992,
		"test_start":	{
			"protocol":	"UDP",
			"num_streams":	1,
			"blksize":	1448,
			"omit":	0,
			"duration":	10,
			"bytes":	0,
			"blocks":	0,
			"reverse":	0,
			"tos":	0
		}
	},
	"intervals":	[{
			"streams":	[{
					"socket":	5,
					"start":	0,
					"end":	1.000568,
					"seconds":	1.0005680322647095,
					"bytes":	9099232,
					"bits_per_second":	72752530.215498343,
					"packets":	6284,
					"omitted":	false,
					"sender":	true
				}],
			"sum":	{
				"start":	0,
				"end":	1.000568,
				"seconds":	1.0005680322647095,
				"bytes":	9099232,
				"bits_per_second":	72752530.215498343,
				"packets":	6284,
				"omitted":	false,
				"sender":	true
			}
		}, {
			"streams":	[{
					"socket":	5,
					"start":	1.000568,
					"end":	2.000074,
					"seconds":	0.99950599670410156,
					"bytes":	8030608,
					"bits_per_second":	64276616.860578328,
					"packets":	5546,
					"omitted":	false,
					"sender":	true
				}],
			"sum":	{
				"start":	1.000568,
				"end":	2.000074,
				"seconds":	0.99950599670410156,
				"bytes":	8030608,
				"bits_per_second":	64276616.860578328,
				"packets":	5546,
				"omitted":	false,
				"sender":	true
			}
		}, {
			"streams":	[{
					"socket":	5,
					"start":	2.000074,
					"end":	3.009851,
					"seconds":	1.0097769498825073,
					"bytes":	10266320,
					"bits_per_second":	81335348.375258818,
					"packets":	7090,
					"omitted":	false,
					"sender":	true
				}],
			"sum":	{
				"start":	2.000074,
				"end":	3.009851,
				"seconds":	1.0097769498825073,
				"bytes":	10266320,
				"bits_per_second":	81335348.375258818,
				"packets":	7090,
				"omitted":	false,
				"sender":	true
			}
		}, {
			"streams":	[{
					"socket":	5,
					"start":	3.009851,
					"end":	4.000073,
					"seconds":	0.99022197723388672,
					"bytes":	10681896,
					"bits_per_second":	86299001.602360725,
					"packets":	7377,
					"omitted":	false,
					"sender":	true
				}],
			"sum":	{
				"start":	3.009851,
				"end":	4.000073,
				"seconds":	0.99022197723388672,
				"bytes":	10681896,
				"bits_per_second":	86299001.602360725,
				"packets":	7377,
				"omitted":	false,
				"sender":	true
			}
		}, {
			"streams":	[{
					"socket":	5,
					"start":	4.000073,
					"end":	5.000097,
					"seconds":	1.0000239610671997,
					"bytes":	10616736,
					"bits_per_second":	84931852.942164257,
					"packets":	7332,
					"omitted":	false,
					"sender":	true
				}],
			"sum":	{
				"start":	4.000073,
				"end":	5.000097,
				"seconds":	1.0000239610671997,
				"bytes":	10616736,
				"bits_per_second":	84931852.942164257,
				"packets":	7332,
				"omitted":	false,
				"sender":	true
			}
		}, {
			"streams":	[{
					"socket":	5,
					"start":	5.000097,
					"end":	6.000035,
					"seconds":	0.99993801116943359,
					"bytes":	15186624,
					"bits_per_second":	121500523.67537585,
					"packets":	10488,
					"omitted":	false,
					"sender":	true
				}],
			"sum":	{
				"start":	5.000097,
				"end":	6.000035,
				"seconds":	0.99993801116943359,
				"bytes":	15186624,
				"bits_per_second":	121500523.67537585,
				"packets":	10488,
				"omitted":	false,
				"sender":	true
			}
		}, {
			"streams":	[{
					"socket":	5,
					"start":	6.000035,
					"end":	7.000036,
					"seconds":	1.0000009536743164,
					"bytes":	13365040,
					"bits_per_second":	106920218.03293416,
					"packets":	9230,
					"omitted":	false,
					"sender":	true
				}],
			"sum":	{
				"start":	6.000035,
				"end":	7.000036,
				"seconds":	1.0000009536743164,
				"bytes":	13365040,
				"bits_per_second":	106920218.03293416,
				"packets":	9230,
				"omitted":	false,
				"sender":	true
			}
		}, {
			"streams":	[{
					"socket":	5,
					"start":	7.000036,
					"end":	8.000057,
					"seconds":	1.0000209808349609,
					"bytes":	12623664,
					"bits_per_second":	100987193.20436621,
					"packets":	8718,
					"omitted":	false,
					"sender":	true
				}],
			"sum":	{
				"start":	7.000036,
				"end":	8.000057,
				"seconds":	1.0000209808349609,
				"bytes":	12623664,
				"bits_per_second":	100987193.20436621,
				"packets":	8718,
				"omitted":	false,
				"sender":	true
			}
		}, {
			"streams":	[{
					"socket":	5,
					"start":	8.000057,
					"end":	9.000007,
					"seconds":	0.99994999170303345,
					"bytes":	13515632,
					"bits_per_second":	108130463.42032586,
					"packets":	9334,
					"omitted":	false,
					"sender":	true
				}],
			"sum":	{
				"start":	8.000057,
				"end":	9.000007,
				"seconds":	0.99994999170303345,
				"bytes":	13515632,
				"bits_per_second":	108130463.42032586,
				"packets":	9334,
				"omitted":	false,
				"sender":	true
			}
		}, {
			"streams":	[{
					"socket":	5,
					"start":	9.000007,
					"end":	10.000012,
					"seconds":	1.0000050067901611,
					"bytes":	53361696,
					"bits_per_second":	426891430.64418519,
					"packets":	36852,
					"omitted":	false,
					"sender":	true
				}],
			"sum":	{
				"start":	9.000007,
				"end":	10.000012,
				"seconds":	1.0000050067901611,
				"bytes":	53361696,
				"bits_per_second":	426891430.64418519,
				"packets":	36852,
				"omitted":	false,
				"sender":	true
			}
		}],
	"end":	{
		"streams":	[{
				"udp":	{
					"socket":	5,
					"start":	0,
					"end":	10.000012,
					"seconds":	10.000012,
					"bytes":	156747448,
					"bits_per_second":	125397807.92263049,
					"jitter_ms":	0.00073356216856432785,
					"lost_packets":	7878,
					"packets":	108251,
					"lost_percent":	7.2775309235018613,
					"out_of_order":	0,
					"sender":	true
				}
			}],
		"sum":	{
			"start":	0,
			"end":	10.11474,
			"seconds":	10.11474,
			"bytes":	156747448,
			"bits_per_second":	125397807.92263049,
			"jitter_ms":	0.00073356216856432785,
			"lost_packets":	7878,
			"packets":	108251,
			"lost_percent":	7.2775309235018613,
			"sender":	true
		},
		"cpu_utilization_percent":	{
			"host_total":	12.429554483195412,
			"host_user":	1.0080819616663663,
			"host_system":	11.421472521529045,
			"remote_total":	6.7058517832844586,
			"remote_user":	1.26478862363478,
			"remote_system":	5.4410454893278768
		}
	}
}
