{
	"start":	{
		"connected":	[{
				"socket":	5,
				"local_host":	"10.0.3.12",
				"local_port":	55198,
				"remote_host":	"10.0.6.10",
				"remote_port":	5202
			}],
		"version":	"iperf 3.7",
		"system_info":	"Linux a-VirtualBox 5.11.0-40-generic #44~20.04.2-Ubuntu SMP Tue Oct 26 18:07:44 UTC 2021 x86_64",
		"timestamp":	{
			"time":	"Sun, 21 Nov 2021 18:06:22 GMT",
			"timesecs":	1637517982
		},
		"connecting_to":	{
			"host":	"10.0.6.10",
			"port":	5202
		},
		"cookie":	"7jlucccvbxxvaqwzbtyi6764lovnnseec24b",
		"sock_bufsize":	0,
		"sndbuf_actual":	212992,
		"rcvbuf_actual":	212992,
		"test_start":	{
			"protocol":	"UDP",
			"num_streams":	1,
			"blksize":	1448,
			"omit":	0,
			"duration":	10,
			"bytes":	0,
			"blocks":	0,
			"reverse":	0,
			"tos":	0
		}
	},
	"intervals":	[{
			"streams":	[{
					"socket":	5,
					"start":	0,
					"end":	1.000093,
					"seconds":	1.0000929832458496,
					"bytes":	15308256,
					"bits_per_second":	122454661.76807939,
					"packets":	10572,
					"omitted":	false,
					"sender":	true
				}],
			"sum":	{
				"start":	0,
				"end":	1.000093,
				"seconds":	1.0000929832458496,
				"bytes":	15308256,
				"bits_per_second":	122454661.76807939,
				"packets":	10572,
				"omitted":	false,
				"sender":	true
			}
		}, {
			"streams":	[{
					"socket":	5,
					"start":	1.000093,
					"end":	2.000184,
					"seconds":	1.0000909566879272,
					"bytes":	9010904,
					"bits_per_second":	72080675.780467451,
					"packets":	6223,
					"omitted":	false,
					"sender":	true
				}],
			"sum":	{
				"start":	1.000093,
				"end":	2.000184,
				"seconds":	1.0000909566879272,
				"bytes":	9010904,
				"bits_per_second":	72080675.780467451,
				"packets":	6223,
				"omitted":	false,
				"sender":	true
			}
		}, {
			"streams":	[{
					"socket":	5,
					"start":	2.000184,
					"end":	3.000014,
					"seconds":	0.99983000755310059,
					"bytes":	9988304,
					"bits_per_second":	79920017.799381956,
					"packets":	6898,
					"omitted":	false,
					"sender":	true
				}],
			"sum":	{
				"start":	2.000184,
				"end":	3.000014,
				"seconds":	0.99983000755310059,
				"bytes":	9988304,
				"bits_per_second":	79920017.799381956,
				"packets":	6898,
				"omitted":	false,
				"sender":	true
			}
		}, {
			"streams":	[{
					"socket":	5,
					"start":	3.000014,
					"end":	4.000053,
					"seconds":	1.0000389814376831,
					"bytes":	12696064,
					"bits_per_second":	101564552.86771157,
					"packets":	8768,
					"omitted":	false,
					"sender":	true
				}],
			"sum":	{
				"start":	3.000014,
				"end":	4.000053,
				"seconds":	1.0000389814376831,
				"bytes":	12696064,
				"bits_per_second":	101564552.86771157,
				"packets":	8768,
				"omitted":	false,
				"sender":	true
			}
		}, {
			"streams":	[{
					"socket":	5,
					"start":	4.000053,
					"end":	5.000047,
					"seconds":	0.99999397993087769,
					"bytes":	13221688,
					"bits_per_second":	105774140.76763877,
					"packets":	9131,
					"omitted":	false,
					"sender":	true
				}],
			"sum":	{
				"start":	4.000053,
				"end":	5.000047,
				"seconds":	0.99999397993087769,
				"bytes":	13221688,
				"bits_per_second":	105774140.76763877,
				"packets":	9131,
				"omitted":	false,
				"sender":	true
			}
		}, {
			"streams":	[{
					"socket":	5,
					"start":	5.000047,
					"end":	6.000079,
					"seconds":	1.0000319480895996,
					"bytes":	11361008,
					"bits_per_second":	90885160.3927525,
					"packets":	7846,
					"omitted":	false,
					"sender":	true
				}],
			"sum":	{
				"start":	5.000047,
				"end":	6.000079,
				"seconds":	1.0000319480895996,
				"bytes":	11361008,
				"bits_per_second":	90885160.3927525,
				"packets":	7846,
				"omitted":	false,
				"sender":	true
			}
		}, {
			"streams":	[{
					"socket":	5,
					"start":	6.000079,
					"end":	7.000032,
					"seconds":	0.99995297193527222,
					"bytes":	12772808,
					"bits_per_second":	102187269.66953237,
					"packets":	8821,
					"omitted":	false,
					"sender":	true
				}],
			"sum":	{
				"start":	6.000079,
				"end":	7.000032,
				"seconds":	0.99995297193527222,
				"bytes":	12772808,
				"bits_per_second":	102187269.66953237,
				"packets":	8821,
				"omitted":	false,
				"sender":	true
			}
		}, {
			"streams":	[{
					"socket":	5,
					"start":	7.000032,
					"end":	8.000016,
					"seconds":	0.9999840259552002,
					"bytes":	12150168,
					"bits_per_second":	97202896.723426938,
					"packets":	8391,
					"omitted":	false,
					"sender":	true
				}],
			"sum":	{
				"start":	7.000032,
				"end":	8.000016,
				"seconds":	0.9999840259552002,
				"bytes":	12150168,
				"bits_per_second":	97202896.723426938,
				"packets":	8391,
				"omitted":	false,
				"sender":	true
			}
		}, {
			"streams":	[{
					"socket":	5,
					"start":	8.000016,
					"end":	9.0001,
					"seconds":	1.0000840425491333,
					"bytes":	12729368,
					"bits_per_second":	101826386.25093044,
					"packets":	8791,
					"omitted":	false,
					"sender":	true
				}],
			"sum":	{
				"start":	8.000016,
				"end":	9.0001,
				"seconds":	1.0000840425491333,
				"bytes":	12729368,
				"bits_per_second":	101826386.25093044,
				"packets":	8791,
				"omitted":	false,
				"sender":	true
			}
		}, {
			"streams":	[{
					"socket":	5,
					"start":	9.0001,
					"end":	10.0018,
					"seconds":	1.0017000436782837,
					"bytes":	11039552,
					"bits_per_second":	88166529.049652919,
					"packets":	7624,
					"omitted":	false,
					"sender":	true
				}],
			"sum":	{
				"start":	9.0001,
				"end":	10.0018,
				"seconds":	1.0017000436782837,
				"bytes":	11039552,
				"bits_per_second":	88166529.049652919,
				"packets":	7624,
				"omitted":	false,
				"sender":	true
			}
		}],
	"end":	{
		"streams":	[{
				"udp":	{
					"socket":	5,
					"start":	0,
					"end":	10.0018,
					"seconds":	10.0018,
					"bytes":	120278120,
					"bits_per_second":	96205179.067767814,
					"jitter_ms":	0.036676461813030727,
					"lost_packets":	4676,
					"packets":	83065,
					"lost_percent":	5.6293264311081685,
					"out_of_order":	0,
					"sender":	true
				}
			}],
		"sum":	{
			"start":	0,
			"end":	10.151856,
			"seconds":	10.151856,
			"bytes":	120278120,
			"bits_per_second":	96205179.067767814,
			"jitter_ms":	0.036676461813030727,
			"lost_packets":	4676,
			"packets":	83065,
			"lost_percent":	5.6293264311081685,
			"sender":	true
		},
		"cpu_utilization_percent":	{
			"host_total":	11.410174220654188,
			"host_user":	1.46356948266049,
			"host_system":	9.946604737993697,
			"remote_total":	6.3393363433395109,
			"remote_user":	1.5858808025991027,
			"remote_system":	4.7534555407404078
		}
	}
}
