{
	"start":	{
		"connected":	[{
				"socket":	5,
				"local_host":	"10.0.5.10",
				"local_port":	45999,
				"remote_host":	"10.0.6.10",
				"remote_port":	5204
			}],
		"version":	"iperf 3.7",
		"system_info":	"Linux a-VirtualBox 5.11.0-40-generic #44~20.04.2-Ubuntu SMP Tue Oct 26 18:07:44 UTC 2021 x86_64",
		"timestamp":	{
			"time":	"Sun, 21 Nov 2021 18:06:22 GMT",
			"timesecs":	1637517982
		},
		"connecting_to":	{
			"host":	"10.0.6.10",
			"port":	5204
		},
		"cookie":	"o6joqegpdvohdsczjnzqfjmz7pdqwsbxfagb",
		"sock_bufsize":	0,
		"sndbuf_actual":	212992,
		"rcvbuf_actual":	212992,
		"test_start":	{
			"protocol":	"UDP",
			"num_streams":	1,
			"blksize":	1448,
			"omit":	0,
			"duration":	10,
			"bytes":	0,
			"blocks":	0,
			"reverse":	0,
			"tos":	0
		}
	},
	"intervals":	[{
			"streams":	[{
					"socket":	5,
					"start":	0,
					"end":	1.000515,
					"seconds":	1.0005149841308594,
					"bytes":	11644816,
					"bits_per_second":	93110577.530156821,
					"packets":	8042,
					"omitted":	false,
					"sender":	true
				}],
			"sum":	{
				"start":	0,
				"end":	1.000515,
				"seconds":	1.0005149841308594,
				"bytes":	11644816,
				"bits_per_second":	93110577.530156821,
				"packets":	8042,
				"omitted":	false,
				"sender":	true
			}
		}, {
			"streams":	[{
					"socket":	5,
					"start":	1.000515,
					"end":	2.000517,
					"seconds":	1.0000020265579224,
					"bytes":	9050000,
					"bits_per_second":	72399853.277503759,
					"packets":	6250,
					"omitted":	false,
					"sender":	true
				}],
			"sum":	{
				"start":	1.000515,
				"end":	2.000517,
				"seconds":	1.0000020265579224,
				"bytes":	9050000,
				"bits_per_second":	72399853.277503759,
				"packets":	6250,
				"omitted":	false,
				"sender":	true
			}
		}, {
			"streams":	[{
					"socket":	5,
					"start":	2.000517,
					"end":	3.000012,
					"seconds":	0.99949502944946289,
					"bytes":	9914456,
					"bits_per_second":	79355720.301769048,
					"packets":	6847,
					"omitted":	false,
					"sender":	true
				}],
			"sum":	{
				"start":	2.000517,
				"end":	3.000012,
				"seconds":	0.99949502944946289,
				"bytes":	9914456,
				"bits_per_second":	79355720.301769048,
				"packets":	6847,
				"omitted":	false,
				"sender":	true
			}
		}, {
			"streams":	[{
					"socket":	5,
					"start":	3.000012,
					"end":	4.001427,
					"seconds":	1.0014150142669678,
					"bytes":	11681016,
					"bits_per_second":	93316084.409223378,
					"packets":	8067,
					"omitted":	false,
					"sender":	true
				}],
			"sum":	{
				"start":	3.000012,
				"end":	4.001427,
				"seconds":	1.0014150142669678,
				"bytes":	11681016,
				"bits_per_second":	93316084.409223378,
				"packets":	8067,
				"omitted":	false,
				"sender":	true
			}
		}, {
			"streams":	[{
					"socket":	5,
					"start":	4.001427,
					"end":	5.002936,
					"seconds":	1.0015089511871338,
					"bytes":	12827832,
					"bits_per_second":	102468036.73432647,
					"packets":	8859,
					"omitted":	false,
					"sender":	true
				}],
			"sum":	{
				"start":	4.001427,
				"end":	5.002936,
				"seconds":	1.0015089511871338,
				"bytes":	12827832,
				"bits_per_second":	102468036.73432647,
				"packets":	8859,
				"omitted":	false,
				"sender":	true
			}
		}, {
			"streams":	[{
					"socket":	5,
					"start":	5.002936,
					"end":	6.000075,
					"seconds":	0.99713897705078125,
					"bytes":	11324808,
					"bits_per_second":	90858412.0018669,
					"packets":	7821,
					"omitted":	false,
					"sender":	true
				}],
			"sum":	{
				"start":	5.002936,
				"end":	6.000075,
				"seconds":	0.99713897705078125,
				"bytes":	11324808,
				"bits_per_second":	90858412.0018669,
				"packets":	7821,
				"omitted":	false,
				"sender":	true
			}
		}, {
			"streams":	[{
					"socket":	5,
					"start":	6.000075,
					"end":	7.000243,
					"seconds":	1.0001679658889771,
					"bytes":	11883736,
					"bits_per_second":	95053922.1834597,
					"packets":	8207,
					"omitted":	false,
					"sender":	true
				}],
			"sum":	{
				"start":	6.000075,
				"end":	7.000243,
				"seconds":	1.0001679658889771,
				"bytes":	11883736,
				"bits_per_second":	95053922.1834597,
				"packets":	8207,
				"omitted":	false,
				"sender":	true
			}
		}, {
			"streams":	[{
					"socket":	5,
					"start":	7.000243,
					"end":	8.018489,
					"seconds":	1.018246054649353,
					"bytes":	10875928,
					"bits_per_second":	85448329.1172311,
					"packets":	7511,
					"omitted":	false,
					"sender":	true
				}],
			"sum":	{
				"start":	7.000243,
				"end":	8.018489,
				"seconds":	1.018246054649353,
				"bytes":	10875928,
				"bits_per_second":	85448329.1172311,
				"packets":	7511,
				"omitted":	false,
				"sender":	true
			}
		}, {
			"streams":	[{
					"socket":	5,
					"start":	8.018489,
					"end":	9.000048,
					"seconds":	0.98155897855758667,
					"bytes":	11718664,
					"bits_per_second":	95510625.492688984,
					"packets":	8093,
					"omitted":	false,
					"sender":	true
				}],
			"sum":	{
				"start":	8.018489,
				"end":	9.000048,
				"seconds":	0.98155897855758667,
				"bytes":	11718664,
				"bits_per_second":	95510625.492688984,
				"packets":	8093,
				"omitted":	false,
				"sender":	true
			}
		}, {
			"streams":	[{
					"socket":	5,
					"start":	9.000048,
					"end":	10.000071,
					"seconds":	1.0000230073928833,
					"bytes":	13561968,
					"bits_per_second":	108493247.85322146,
					"packets":	9366,
					"omitted":	false,
					"sender":	true
				}],
			"sum":	{
				"start":	9.000048,
				"end":	10.000071,
				"seconds":	1.0000230073928833,
				"bytes":	13561968,
				"bits_per_second":	108493247.85322146,
				"packets":	9366,
				"omitted":	false,
				"sender":	true
			}
		}],
	"end":	{
		"streams":	[{
				"udp":	{
					"socket":	5,
					"start":	0,
					"end":	10.000071,
					"seconds":	10.000071,
					"bytes":	114483224,
					"bits_per_second":	91585928.939904526,
					"jitter_ms":	0.0012009087093619939,
					"lost_packets":	4779,
					"packets":	79063,
					"lost_percent":	6.0445467538545214,
					"out_of_order":	0,
					"sender":	true
				}
			}],
		"sum":	{
			"start":	0,
			"end":	10.128372,
			"seconds":	10.128372,
			"bytes":	114483224,
			"bits_per_second":	91585928.939904526,
			"jitter_ms":	0.0012009087093619939,
			"lost_packets":	4779,
			"packets":	79063,
			"lost_percent":	6.0445467538545214,
			"sender":	true
		},
		"cpu_utilization_percent":	{
			"host_total":	11.40758178671892,
			"host_user":	0.86318396498319538,
			"host_system":	10.54438826224289,
			"remote_total":	6.2095386713893186,
			"remote_user":	1.4143069779799811,
			"remote_system":	4.7952316934093373
		}
	}
}
