{
	"start":	{
		"connected":	[{
				"socket":	5,
				"local_host":	"10.0.1.10",
				"local_port":	55964,
				"remote_host":	"10.0.6.10",
				"remote_port":	5200
			}],
		"version":	"iperf 3.7",
		"system_info":	"Linux ubuntu 5.11.0-40-generic #44~20.04.2-Ubuntu SMP Tue Oct 26 18:07:44 UTC 2021 x86_64",
		"timestamp":	{
			"time":	"Sun, 21 Nov 2021 04:41:25 GMT",
			"timesecs":	1637469685
		},
		"connecting_to":	{
			"host":	"10.0.6.10",
			"port":	5200
		},
		"cookie":	"ilslxuvn63ibl4kgdqaqnv6jdnntbmqoolfn",
		"tcp_mss_default":	1448,
		"target_bitrate":	1000000000,
		"sock_bufsize":	0,
		"sndbuf_actual":	87380,
		"rcvbuf_actual":	87380,
		"test_start":	{
			"protocol":	"TCP",
			"num_streams":	1,
			"blksize":	131072,
			"omit":	0,
			"duration":	10,
			"bytes":	0,
			"blocks":	0,
			"reverse":	0,
			"tos":	0
		}
	},
	"intervals":	[{
			"streams":	[{
					"socket":	5,
					"start":	0,
					"end":	1.00058,
					"seconds":	1.0005799531936646,
					"bytes":	79640,
					"bits_per_second":	636750.71438962151,
					"retransmits":	0,
					"snd_cwnd":	17376,
					"rtt":	223544,
					"rttvar":	174974,
					"pmtu":	1500,
					"omitted":	false,
					"sender":	true
				}],
			"sum":	{
				"start":	0,
				"end":	1.00058,
				"seconds":	1.0005799531936646,
				"bytes":	79640,
				"bits_per_second":	636750.71438962151,
				"retransmits":	0,
				"omitted":	false,
				"sender":	true
			}
		}, {
			"streams":	[{
					"socket":	5,
					"start":	1.00058,
					"end":	2.000337,
					"seconds":	0.99975699186325073,
					"bytes":	130320,
					"bits_per_second":	1042813.4121442623,
					"retransmits":	1,
					"snd_cwnd":	36200,
					"rtt":	294939,
					"rttvar":	222184,
					"pmtu":	1500,
					"omitted":	false,
					"sender":	true
				}],
			"sum":	{
				"start":	1.00058,
				"end":	2.000337,
				"seconds":	0.99975699186325073,
				"bytes":	130320,
				"bits_per_second":	1042813.4121442623,
				"retransmits":	1,
				"omitted":	false,
				"sender":	true
			}
		}, {
			"streams":	[{
					"socket":	5,
					"start":	2.000337,
					"end":	3.000261,
					"seconds":	0.99992400407791138,
					"bytes":	131072,
					"bits_per_second":	1048655.6935563853,
					"retransmits":	0,
					"snd_cwnd":	69504,
					"rtt":	389362,
					"rttvar":	355484,
					"pmtu":	1500,
					"omitted":	false,
					"sender":	true
				}],
			"sum":	{
				"start":	2.000337,
				"end":	3.000261,
				"seconds":	0.99992400407791138,
				"bytes":	131072,
				"bits_per_second":	1048655.6935563853,
				"retransmits":	0,
				"omitted":	false,
				"sender":	true
			}
		}, {
			"streams":	[{
					"socket":	5,
					"start":	3.000261,
					"end":	4.000178,
					"seconds":	0.99991697072982788,
					"bytes":	262144,
					"bits_per_second":	2097326.1394586721,
					"retransmits":	0,
					"snd_cwnd":	111496,
					"rtt":	549352,
					"rttvar":	391127,
					"pmtu":	1500,
					"omitted":	false,
					"sender":	true
				}],
			"sum":	{
				"start":	3.000261,
				"end":	4.000178,
				"seconds":	0.99991697072982788,
				"bytes":	262144,
				"bits_per_second":	2097326.1394586721,
				"retransmits":	0,
				"omitted":	false,
				"sender":	true
			}
		}, {
			"streams":	[{
					"socket":	5,
					"start":	4.000178,
					"end":	5.000109,
					"seconds":	0.9999309778213501,
					"bytes":	786432,
					"bits_per_second":	6291890.2799749505,
					"retransmits":	0,
					"snd_cwnd":	289600,
					"rtt":	637336,
					"rttvar":	222338,
					"pmtu":	1500,
					"omitted":	false,
					"sender":	true
				}],
			"sum":	{
				"start":	4.000178,
				"end":	5.000109,
				"seconds":	0.9999309778213501,
				"bytes":	786432,
				"bits_per_second":	6291890.2799749505,
				"retransmits":	0,
				"omitted":	false,
				"sender":	true
			}
		}, {
			"streams":	[{
					"socket":	5,
					"start":	5.000109,
					"end":	6.000498,
					"seconds":	1.0003889799118042,
					"bytes":	1966080,
					"bits_per_second":	15722524.253902378,
					"retransmits":	0,
					"snd_cwnd":	708072,
					"rtt":	696066,
					"rttvar":	179466,
					"pmtu":	1500,
					"omitted":	false,
					"sender":	true
				}],
			"sum":	{
				"start":	5.000109,
				"end":	6.000498,
				"seconds":	1.0003889799118042,
				"bytes":	1966080,
				"bits_per_second":	15722524.253902378,
				"retransmits":	0,
				"omitted":	false,
				"sender":	true
			}
		}, {
			"streams":	[{
					"socket":	5,
					"start":	6.000498,
					"end":	7.000371,
					"seconds":	0.99987298250198364,
					"bytes":	6291456,
					"bits_per_second":	50338041.812126018,
					"retransmits":	0,
					"snd_cwnd":	2035888,
					"rtt":	700744,
					"rttvar":	120173,
					"pmtu":	1500,
					"omitted":	false,
					"sender":	true
				}],
			"sum":	{
				"start":	6.000498,
				"end":	7.000371,
				"seconds":	0.99987298250198364,
				"bytes":	6291456,
				"bits_per_second":	50338041.812126018,
				"retransmits":	0,
				"omitted":	false,
				"sender":	true
			}
		}, {
			"streams":	[{
					"socket":	5,
					"start":	7.000371,
					"end":	8.000407,
					"seconds":	1.0000360012054443,
					"bytes":	6291456,
					"bits_per_second":	50329836.065231837,
					"retransmits":	0,
					"snd_cwnd":	5435792,
					"rtt":	661445,
					"rttvar":	69520,
					"pmtu":	1500,
					"omitted":	false,
					"sender":	true
				}],
			"sum":	{
				"start":	7.000371,
				"end":	8.000407,
				"seconds":	1.0000360012054443,
				"bytes":	6291456,
				"bits_per_second":	50329836.065231837,
				"retransmits":	0,
				"omitted":	false,
				"sender":	true
			}
		}, {
			"streams":	[{
					"socket":	5,
					"start":	8.000407,
					"end":	9.000452,
					"seconds":	1.0000449419021606,
					"bytes":	9961472,
					"bits_per_second":	79688194.6609522,
					"retransmits":	0,
					"snd_cwnd":	15096848,
					"rtt":	633811,
					"rttvar":	42088,
					"pmtu":	1500,
					"omitted":	false,
					"sender":	true
				}],
			"sum":	{
				"start":	8.000407,
				"end":	9.000452,
				"seconds":	1.0000449419021606,
				"bytes":	9961472,
				"bits_per_second":	79688194.6609522,
				"retransmits":	0,
				"omitted":	false,
				"sender":	true
			}
		}, {
			"streams":	[{
					"socket":	5,
					"start":	9.000452,
					"end":	10.000507,
					"seconds":	1.0000549554824829,
					"bytes":	131072,
					"bits_per_second":	1048518.3781666356,
					"retransmits":	64,
					"snd_cwnd":	78192,
					"rtt":	645916,
					"rttvar":	66601,
					"pmtu":	1500,
					"omitted":	false,
					"sender":	true
				}],
			"sum":	{
				"start":	9.000452,
				"end":	10.000507,
				"seconds":	1.0000549554824829,
				"bytes":	131072,
				"bits_per_second":	1048518.3781666356,
				"retransmits":	64,
				"omitted":	false,
				"sender":	true
			}
		}],
	"end":	{
		"streams":	[{
				"sender":	{
					"socket":	5,
					"start":	0,
					"end":	10.000507,
					"seconds":	10.000507,
					"bytes":	26031144,
					"bits_per_second":	20823859.430326883,
					"retransmits":	65,
					"max_snd_cwnd":	15096848,
					"max_rtt":	700744,
					"min_rtt":	223544,
					"mean_rtt":	543251,
					"sender":	true
				},
				"receiver":	{
					"socket":	5,
					"start":	0,
					"end":	10.456529,
					"seconds":	10.000507,
					"bytes":	15190968,
					"bits_per_second":	11622187.821599308,
					"sender":	true
				}
			}],
		"sum_sent":	{
			"start":	0,
			"end":	10.000507,
			"seconds":	10.000507,
			"bytes":	26031144,
			"bits_per_second":	20823859.430326883,
			"retransmits":	65,
			"sender":	true
		},
		"sum_received":	{
			"start":	0,
			"end":	10.456529,
			"seconds":	10.456529,
			"bytes":	15190968,
			"bits_per_second":	11622187.821599308,
			"sender":	true
		},
		"cpu_utilization_percent":	{
			"host_total":	4.62619299863793,
			"host_user":	0.90344695120692,
			"host_system":	3.722746047431011,
			"remote_total":	0.37525820836565177,
			"remote_user":	0,
			"remote_system":	0.37525820836565177
		},
		"sender_tcp_congestion":	"cubic",
		"receiver_tcp_congestion":	"cubic"
	}
}
