{
	"start":	{
		"connected":	[{
				"socket":	5,
				"local_host":	"10.0.2.11",
				"local_port":	48956,
				"remote_host":	"10.0.6.10",
				"remote_port":	5201
			}],
		"version":	"iperf 3.7",
		"system_info":	"Linux ubuntu 5.11.0-40-generic #44~20.04.2-Ubuntu SMP Tue Oct 26 18:07:44 UTC 2021 x86_64",
		"timestamp":	{
			"time":	"Sun, 21 Nov 2021 04:41:25 GMT",
			"timesecs":	1637469685
		},
		"connecting_to":	{
			"host":	"10.0.6.10",
			"port":	5201
		},
		"cookie":	"zs6dwc72wb6rczvwextmxrxtda3zuu35xrzf",
		"tcp_mss_default":	1448,
		"target_bitrate":	1000000000,
		"sock_bufsize":	0,
		"sndbuf_actual":	87380,
		"rcvbuf_actual":	87380,
		"test_start":	{
			"protocol":	"TCP",
			"num_streams":	1,
			"blksize":	131072,
			"omit":	0,
			"duration":	10,
			"bytes":	0,
			"blocks":	0,
			"reverse":	0,
			"tos":	0
		}
	},
	"intervals":	[{
			"streams":	[{
					"socket":	5,
					"start":	0,
					"end":	1.000614,
					"seconds":	1.0006140470504761,
					"bytes":	79640,
					"bits_per_second":	636729.01842428406,
					"retransmits":	0,
					"snd_cwnd":	17376,
					"rtt":	331632,
					"rttvar":	185513,
					"pmtu":	1500,
					"omitted":	false,
					"sender":	true
				}],
			"sum":	{
				"start":	0,
				"end":	1.000614,
				"seconds":	1.0006140470504761,
				"bytes":	79640,
				"bits_per_second":	636729.01842428406,
				"retransmits":	0,
				"omitted":	false,
				"sender":	true
			}
		}, {
			"streams":	[{
					"socket":	5,
					"start":	1.000614,
					"end":	2.000072,
					"seconds":	0.99945801496505737,
					"bytes":	130320,
					"bits_per_second":	1043125.3583337861,
					"retransmits":	0,
					"snd_cwnd":	37648,
					"rtt":	499893,
					"rttvar":	395502,
					"pmtu":	1500,
					"omitted":	false,
					"sender":	true
				}],
			"sum":	{
				"start":	1.000614,
				"end":	2.000072,
				"seconds":	0.99945801496505737,
				"bytes":	130320,
				"bits_per_second":	1043125.3583337861,
				"retransmits":	0,
				"omitted":	false,
				"sender":	true
			}
		}, {
			"streams":	[{
					"socket":	5,
					"start":	2.000072,
					"end":	3.000284,
					"seconds":	1.0002119541168213,
					"bytes":	0,
					"bits_per_second":	0,
					"retransmits":	0,
					"snd_cwnd":	37648,
					"rtt":	499893,
					"rttvar":	395502,
					"pmtu":	1500,
					"omitted":	false,
					"sender":	true
				}],
			"sum":	{
				"start":	2.000072,
				"end":	3.000284,
				"seconds":	1.0002119541168213,
				"bytes":	0,
				"bits_per_second":	0,
				"retransmits":	0,
				"omitted":	false,
				"sender":	true
			}
		}, {
			"streams":	[{
					"socket":	5,
					"start":	3.000284,
					"end":	4.000271,
					"seconds":	0.999987006187439,
					"bytes":	0,
					"bits_per_second":	0,
					"retransmits":	0,
					"snd_cwnd":	37648,
					"rtt":	499893,
					"rttvar":	395502,
					"pmtu":	1500,
					"omitted":	false,
					"sender":	true
				}],
			"sum":	{
				"start":	3.000284,
				"end":	4.000271,
				"seconds":	0.999987006187439,
				"bytes":	0,
				"bits_per_second":	0,
				"retransmits":	0,
				"omitted":	false,
				"sender":	true
			}
		}, {
			"streams":	[{
					"socket":	5,
					"start":	4.000271,
					"end":	5.000475,
					"seconds":	1.0002039670944214,
					"bytes":	0,
					"bits_per_second":	0,
					"retransmits":	1,
					"snd_cwnd":	1448,
					"rtt":	499893,
					"rttvar":	395502,
					"pmtu":	1500,
					"omitted":	false,
					"sender":	true
				}],
			"sum":	{
				"start":	4.000271,
				"end":	5.000475,
				"seconds":	1.0002039670944214,
				"bytes":	0,
				"bits_per_second":	0,
				"retransmits":	1,
				"omitted":	false,
				"sender":	true
			}
		}, {
			"streams":	[{
					"socket":	5,
					"start":	5.000475,
					"end":	6.000196,
					"seconds":	0.9997209906578064,
					"bytes":	0,
					"bits_per_second":	0,
					"retransmits":	0,
					"snd_cwnd":	1448,
					"rtt":	499893,
					"rttvar":	395502,
					"pmtu":	1500,
					"omitted":	false,
					"sender":	true
				}],
			"sum":	{
				"start":	5.000475,
				"end":	6.000196,
				"seconds":	0.9997209906578064,
				"bytes":	0,
				"bits_per_second":	0,
				"retransmits":	0,
				"omitted":	false,
				"sender":	true
			}
		}, {
			"streams":	[{
					"socket":	5,
					"start":	6.000196,
					"end":	7.000368,
					"seconds":	1.0001720190048218,
					"bytes":	0,
					"bits_per_second":	0,
					"retransmits":	0,
					"snd_cwnd":	1448,
					"rtt":	499893,
					"rttvar":	395502,
					"pmtu":	1500,
					"omitted":	false,
					"sender":	true
				}],
			"sum":	{
				"start":	6.000196,
				"end":	7.000368,
				"seconds":	1.0001720190048218,
				"bytes":	0,
				"bits_per_second":	0,
				"retransmits":	0,
				"omitted":	false,
				"sender":	true
			}
		}, {
			"streams":	[{
					"socket":	5,
					"start":	7.000368,
					"end":	8.000403,
					"seconds":	1.0000350475311279,
					"bytes":	0,
					"bits_per_second":	0,
					"retransmits":	0,
					"snd_cwnd":	1448,
					"rtt":	499893,
					"rttvar":	395502,
					"pmtu":	1500,
					"omitted":	false,
					"sender":	true
				}],
			"sum":	{
				"start":	7.000368,
				"end":	8.000403,
				"seconds":	1.0000350475311279,
				"bytes":	0,
				"bits_per_second":	0,
				"retransmits":	0,
				"omitted":	false,
				"sender":	true
			}
		}, {
			"streams":	[{
					"socket":	5,
					"start":	8.000403,
					"end":	9.000496,
					"seconds":	1.0000929832458496,
					"bytes":	0,
					"bits_per_second":	0,
					"retransmits":	0,
					"snd_cwnd":	1448,
					"rtt":	499893,
					"rttvar":	395502,
					"pmtu":	1500,
					"omitted":	false,
					"sender":	true
				}],
			"sum":	{
				"start":	8.000403,
				"end":	9.000496,
				"seconds":	1.0000929832458496,
				"bytes":	0,
				"bits_per_second":	0,
				"retransmits":	0,
				"omitted":	false,
				"sender":	true
			}
		}, {
			"streams":	[{
					"socket":	5,
					"start":	9.000496,
					"end":	10.000482,
					"seconds":	0.99998599290847778,
					"bytes":	0,
					"bits_per_second":	0,
					"retransmits":	1,
					"snd_cwnd":	1448,
					"rtt":	499893,
					"rttvar":	395502,
					"pmtu":	1500,
					"omitted":	false,
					"sender":	true
				}],
			"sum":	{
				"start":	9.000496,
				"end":	10.000482,
				"seconds":	0.99998599290847778,
				"bytes":	0,
				"bits_per_second":	0,
				"retransmits":	1,
				"omitted":	false,
				"sender":	true
			}
		}],
	"end":	{
		"streams":	[{
				"sender":	{
					"socket":	5,
					"start":	0,
					"end":	10.000482,
					"seconds":	10.000482,
					"bytes":	209960,
					"bits_per_second":	167959.90433261116,
					"retransmits":	2,
					"max_snd_cwnd":	37648,
					"max_rtt":	499893,
					"min_rtt":	331632,
					"mean_rtt":	483066,
					"sender":	true
				},
				"receiver":	{
					"socket":	5,
					"start":	0,
					"end":	10.812303,
					"seconds":	10.000482,
					"bytes":	62264,
					"bits_per_second":	46069.001210935356,
					"sender":	true
				}
			}],
		"sum_sent":	{
			"start":	0,
			"end":	10.000482,
			"seconds":	10.000482,
			"bytes":	209960,
			"bits_per_second":	167959.90433261116,
			"retransmits":	2,
			"sender":	true
		},
		"sum_received":	{
			"start":	0,
			"end":	10.812303,
			"seconds":	10.812303,
			"bytes":	62264,
			"bits_per_second":	46069.001210935356,
			"sender":	true
		},
		"cpu_utilization_percent":	{
			"host_total":	4.91973376572091,
			"host_user":	0.61015962533726287,
			"host_system":	4.3095566281964777,
			"remote_total":	0.04004125140223657,
			"remote_user":	0.011698696096757902,
			"remote_system":	0.028351125778809622
		},
		"sender_tcp_congestion":	"cubic",
		"receiver_tcp_congestion":	"cubic"
	}
}
