{
	"start":	{
		"connected":	[{
				"socket":	5,
				"local_host":	"10.0.4.13",
				"local_port":	47054,
				"remote_host":	"10.0.6.10",
				"remote_port":	5203
			}],
		"version":	"iperf 3.7",
		"system_info":	"Linux ubuntu 5.11.0-40-generic #44~20.04.2-Ubuntu SMP Tue Oct 26 18:07:44 UTC 2021 x86_64",
		"timestamp":	{
			"time":	"Sun, 21 Nov 2021 04:41:25 GMT",
			"timesecs":	1637469685
		},
		"connecting_to":	{
			"host":	"10.0.6.10",
			"port":	5203
		},
		"cookie":	"yk6a4bz3mxevywxlj67fvdeafgaabptew3sw",
		"tcp_mss_default":	1448,
		"target_bitrate":	1000000000,
		"sock_bufsize":	0,
		"sndbuf_actual":	87380,
		"rcvbuf_actual":	87380,
		"test_start":	{
			"protocol":	"TCP",
			"num_streams":	1,
			"blksize":	131072,
			"omit":	0,
			"duration":	10,
			"bytes":	0,
			"blocks":	0,
			"reverse":	0,
			"tos":	0
		}
	},
	"intervals":	[{
			"streams":	[{
					"socket":	5,
					"start":	0,
					"end":	1.000608,
					"seconds":	1.000607967376709,
					"bytes":	79640,
					"bits_per_second":	636732.88717691868,
					"retransmits":	0,
					"snd_cwnd":	17376,
					"rtt":	281385,
					"rttvar":	185740,
					"pmtu":	1500,
					"omitted":	false,
					"sender":	true
				}],
			"sum":	{
				"start":	0,
				"end":	1.000608,
				"seconds":	1.000607967376709,
				"bytes":	79640,
				"bits_per_second":	636732.88717691868,
				"retransmits":	0,
				"omitted":	false,
				"sender":	true
			}
		}, {
			"streams":	[{
					"socket":	5,
					"start":	1.000608,
					"end":	2.00017,
					"seconds":	0.99956202507019043,
					"bytes":	130320,
					"bits_per_second":	1043016.8152164347,
					"retransmits":	0,
					"snd_cwnd":	37648,
					"rtt":	461660,
					"rttvar":	416458,
					"pmtu":	1500,
					"omitted":	false,
					"sender":	true
				}],
			"sum":	{
				"start":	1.000608,
				"end":	2.00017,
				"seconds":	0.99956202507019043,
				"bytes":	130320,
				"bits_per_second":	1043016.8152164347,
				"retransmits":	0,
				"omitted":	false,
				"sender":	true
			}
		}, {
			"streams":	[{
					"socket":	5,
					"start":	2.00017,
					"end":	3.000573,
					"seconds":	1.0004030466079712,
					"bytes":	262144,
					"bits_per_second":	2096307.0905378927,
					"retransmits":	0,
					"snd_cwnd":	92672,
					"rtt":	544738,
					"rttvar":	275424,
					"pmtu":	1500,
					"omitted":	false,
					"sender":	true
				}],
			"sum":	{
				"start":	2.00017,
				"end":	3.000573,
				"seconds":	1.0004030466079712,
				"bytes":	262144,
				"bits_per_second":	2096307.0905378927,
				"retransmits":	0,
				"omitted":	false,
				"sender":	true
			}
		}, {
			"streams":	[{
					"socket":	5,
					"start":	3.000573,
					"end":	4.000183,
					"seconds":	0.99961000680923462,
					"bytes":	131072,
					"bits_per_second":	1048985.0970450619,
					"retransmits":	0,
					"snd_cwnd":	118736,
					"rtt":	607050,
					"rttvar":	331192,
					"pmtu":	1500,
					"omitted":	false,
					"sender":	true
				}],
			"sum":	{
				"start":	3.000573,
				"end":	4.000183,
				"seconds":	0.99961000680923462,
				"bytes":	131072,
				"bits_per_second":	1048985.0970450619,
				"retransmits":	0,
				"omitted":	false,
				"sender":	true
			}
		}, {
			"streams":	[{
					"socket":	5,
					"start":	4.000183,
					"end":	5.000218,
					"seconds":	1.0000350475311279,
					"bytes":	262144,
					"bits_per_second":	2097078.5025759032,
					"retransmits":	0,
					"snd_cwnd":	165072,
					"rtt":	662640,
					"rttvar":	359575,
					"pmtu":	1500,
					"omitted":	false,
					"sender":	true
				}],
			"sum":	{
				"start":	4.000183,
				"end":	5.000218,
				"seconds":	1.0000350475311279,
				"bytes":	262144,
				"bits_per_second":	2097078.5025759032,
				"retransmits":	0,
				"omitted":	false,
				"sender":	true
			}
		}, {
			"streams":	[{
					"socket":	5,
					"start":	5.000218,
					"end":	6.000196,
					"seconds":	0.99997800588607788,
					"bytes":	0,
					"bits_per_second":	0,
					"retransmits":	0,
					"snd_cwnd":	165072,
					"rtt":	662640,
					"rttvar":	359575,
					"pmtu":	1500,
					"omitted":	false,
					"sender":	true
				}],
			"sum":	{
				"start":	5.000218,
				"end":	6.000196,
				"seconds":	0.99997800588607788,
				"bytes":	0,
				"bits_per_second":	0,
				"retransmits":	0,
				"omitted":	false,
				"sender":	true
			}
		}, {
			"streams":	[{
					"socket":	5,
					"start":	6.000196,
					"end":	7.000364,
					"seconds":	1.0001679658889771,
					"bytes":	0,
					"bits_per_second":	0,
					"retransmits":	0,
					"snd_cwnd":	165072,
					"rtt":	662640,
					"rttvar":	359575,
					"pmtu":	1500,
					"omitted":	false,
					"sender":	true
				}],
			"sum":	{
				"start":	6.000196,
				"end":	7.000364,
				"seconds":	1.0001679658889771,
				"bytes":	0,
				"bits_per_second":	0,
				"retransmits":	0,
				"omitted":	false,
				"sender":	true
			}
		}, {
			"streams":	[{
					"socket":	5,
					"start":	7.000364,
					"end":	8.000377,
					"seconds":	1.000012993812561,
					"bytes":	0,
					"bits_per_second":	0,
					"retransmits":	1,
					"snd_cwnd":	1448,
					"rtt":	662640,
					"rttvar":	359575,
					"pmtu":	1500,
					"omitted":	false,
					"sender":	true
				}],
			"sum":	{
				"start":	7.000364,
				"end":	8.000377,
				"seconds":	1.000012993812561,
				"bytes":	0,
				"bits_per_second":	0,
				"retransmits":	1,
				"omitted":	false,
				"sender":	true
			}
		}, {
			"streams":	[{
					"socket":	5,
					"start":	8.000377,
					"end":	9.000408,
					"seconds":	1.0000309944152832,
					"bytes":	0,
					"bits_per_second":	0,
					"retransmits":	0,
					"snd_cwnd":	1448,
					"rtt":	662640,
					"rttvar":	359575,
					"pmtu":	1500,
					"omitted":	false,
					"sender":	true
				}],
			"sum":	{
				"start":	8.000377,
				"end":	9.000408,
				"seconds":	1.0000309944152832,
				"bytes":	0,
				"bits_per_second":	0,
				"retransmits":	0,
				"omitted":	false,
				"sender":	true
			}
		}, {
			"streams":	[{
					"socket":	5,
					"start":	9.000408,
					"end":	10.000527,
					"seconds":	1.0001189708709717,
					"bytes":	0,
					"bits_per_second":	0,
					"retransmits":	0,
					"snd_cwnd":	1448,
					"rtt":	662640,
					"rttvar":	359575,
					"pmtu":	1500,
					"omitted":	false,
					"sender":	true
				}],
			"sum":	{
				"start":	9.000408,
				"end":	10.000527,
				"seconds":	1.0001189708709717,
				"bytes":	0,
				"bits_per_second":	0,
				"retransmits":	0,
				"omitted":	false,
				"sender":	true
			}
		}],
	"end":	{
		"streams":	[{
				"sender":	{
					"socket":	5,
					"start":	0,
					"end":	10.000527,
					"seconds":	10.000527,
					"bytes":	865320,
					"bits_per_second":	692219.52003129432,
					"retransmits":	1,
					"max_snd_cwnd":	165072,
					"max_rtt":	662640,
					"min_rtt":	281385,
					"mean_rtt":	587067,
					"sender":	true
				},
				"receiver":	{
					"socket":	5,
					"start":	0,
					"end":	10.565427,
					"seconds":	10.000527,
					"bytes":	315664,
					"bits_per_second":	239016.55844103603,
					"sender":	true
				}
			}],
		"sum_sent":	{
			"start":	0,
			"end":	10.000527,
			"seconds":	10.000527,
			"bytes":	865320,
			"bits_per_second":	692219.52003129432,
			"retransmits":	1,
			"sender":	true
		},
		"sum_received":	{
			"start":	0,
			"end":	10.565427,
			"seconds":	10.565427,
			"bytes":	315664,
			"bits_per_second":	239016.55844103603,
			"sender":	true
		},
		"cpu_utilization_percent":	{
			"host_total":	4.7664675508757721,
			"host_user":	0.65806756437514768,
			"host_system":	4.1083999865006247,
			"remote_total":	0.070634392124172815,
			"remote_user":	0,
			"remote_system":	0.0706255859413871
		},
		"sender_tcp_congestion":	"cubic",
		"receiver_tcp_congestion":	"cubic"
	}
}
