{
	"start":	{
		"connected":	[{
				"socket":	5,
				"local_host":	"10.0.5.10",
				"local_port":	49182,
				"remote_host":	"10.0.6.10",
				"remote_port":	5204
			}],
		"version":	"iperf 3.7",
		"system_info":	"Linux ubuntu 5.11.0-40-generic #44~20.04.2-Ubuntu SMP Tue Oct 26 18:07:44 UTC 2021 x86_64",
		"timestamp":	{
			"time":	"Sun, 21 Nov 2021 04:41:25 GMT",
			"timesecs":	1637469685
		},
		"connecting_to":	{
			"host":	"10.0.6.10",
			"port":	5204
		},
		"cookie":	"qxi3oupkziacxqxlmdd2tscz3rnwxt5rt7sb",
		"tcp_mss_default":	1448,
		"target_bitrate":	1000000000,
		"sock_bufsize":	0,
		"sndbuf_actual":	87380,
		"rcvbuf_actual":	87380,
		"test_start":	{
			"protocol":	"TCP",
			"num_streams":	1,
			"blksize":	131072,
			"omit":	0,
			"duration":	10,
			"bytes":	0,
			"blocks":	0,
			"reverse":	0,
			"tos":	0
		}
	},
	"intervals":	[{
			"streams":	[{
					"socket":	5,
					"start":	0,
					"end":	1.000236,
					"seconds":	1.0002360343933105,
					"bytes":	166520,
					"bits_per_second":	1331845.6386227044,
					"retransmits":	0,
					"snd_cwnd":	28960,
					"rtt":	254454,
					"rttvar":	183535,
					"pmtu":	1500,
					"omitted":	false,
					"sender":	true
				}],
			"sum":	{
				"start":	0,
				"end":	1.000236,
				"seconds":	1.0002360343933105,
				"bytes":	166520,
				"bits_per_second":	1331845.6386227044,
				"retransmits":	0,
				"omitted":	false,
				"sender":	true
			}
		}, {
			"streams":	[{
					"socket":	5,
					"start":	1.000236,
					"end":	2.000807,
					"seconds":	1.0005710124969482,
					"bytes":	239672,
					"bits_per_second":	1916281.7791564274,
					"retransmits":	0,
					"snd_cwnd":	92672,
					"rtt":	507581,
					"rttvar":	147084,
					"pmtu":	1500,
					"omitted":	false,
					"sender":	true
				}],
			"sum":	{
				"start":	1.000236,
				"end":	2.000807,
				"seconds":	1.0005710124969482,
				"bytes":	239672,
				"bits_per_second":	1916281.7791564274,
				"retransmits":	0,
				"omitted":	false,
				"sender":	true
			}
		}, {
			"streams":	[{
					"socket":	5,
					"start":	2.000807,
					"end":	3.000801,
					"seconds":	0.99999397993087769,
					"bytes":	655360,
					"bits_per_second":	5242911.5626900094,
					"retransmits":	0,
					"snd_cwnd":	233128,
					"rtt":	587401,
					"rttvar":	59370,
					"pmtu":	1500,
					"omitted":	false,
					"sender":	true
				}],
			"sum":	{
				"start":	2.000807,
				"end":	3.000801,
				"seconds":	0.99999397993087769,
				"bytes":	655360,
				"bits_per_second":	5242911.5626900094,
				"retransmits":	0,
				"omitted":	false,
				"sender":	true
			}
		}, {
			"streams":	[{
					"socket":	5,
					"start":	3.000801,
					"end":	4.000313,
					"seconds":	0.99951201677322388,
					"bytes":	1835008,
					"bits_per_second":	14687231.122435533,
					"retransmits":	0,
					"snd_cwnd":	631328,
					"rtt":	611095,
					"rttvar":	64138,
					"pmtu":	1500,
					"omitted":	false,
					"sender":	true
				}],
			"sum":	{
				"start":	3.000801,
				"end":	4.000313,
				"seconds":	0.99951201677322388,
				"bytes":	1835008,
				"bits_per_second":	14687231.122435533,
				"retransmits":	0,
				"omitted":	false,
				"sender":	true
			}
		}, {
			"streams":	[{
					"socket":	5,
					"start":	4.000313,
					"end":	5.000618,
					"seconds":	1.0003050565719604,
					"bytes":	5898240,
					"bits_per_second":	47171530.01475957,
					"retransmits":	0,
					"snd_cwnd":	1878056,
					"rtt":	620160,
					"rttvar":	71013,
					"pmtu":	1500,
					"omitted":	false,
					"sender":	true
				}],
			"sum":	{
				"start":	4.000313,
				"end":	5.000618,
				"seconds":	1.0003050565719604,
				"bytes":	5898240,
				"bits_per_second":	47171530.01475957,
				"retransmits":	0,
				"omitted":	false,
				"sender":	true
			}
		}, {
			"streams":	[{
					"socket":	5,
					"start":	5.000618,
					"end":	6.000598,
					"seconds":	0.99997997283935547,
					"bytes":	7733248,
					"bits_per_second":	61867223.024814151,
					"retransmits":	0,
					"snd_cwnd":	5931008,
					"rtt":	614720,
					"rttvar":	59048,
					"pmtu":	1500,
					"omitted":	false,
					"sender":	true
				}],
			"sum":	{
				"start":	5.000618,
				"end":	6.000598,
				"seconds":	0.99997997283935547,
				"bytes":	7733248,
				"bits_per_second":	61867223.024814151,
				"retransmits":	0,
				"omitted":	false,
				"sender":	true
			}
		}, {
			"streams":	[{
					"socket":	5,
					"start":	6.000598,
					"end":	7.000543,
					"seconds":	0.99994498491287231,
					"bytes":	11403264,
					"bits_per_second":	91231131.0886256,
					"retransmits":	0,
					"snd_cwnd":	17064680,
					"rtt":	601254,
					"rttvar":	34408,
					"pmtu":	1500,
					"omitted":	false,
					"sender":	true
				}],
			"sum":	{
				"start":	6.000598,
				"end":	7.000543,
				"seconds":	0.99994498491287231,
				"bytes":	11403264,
				"bits_per_second":	91231131.0886256,
				"retransmits":	0,
				"omitted":	false,
				"sender":	true
			}
		}, {
			"streams":	[{
					"socket":	5,
					"start":	7.000543,
					"end":	8.000571,
					"seconds":	1.0000280141830444,
					"bytes":	14286848,
					"bits_per_second":	114291582.21469539,
					"retransmits":	0,
					"snd_cwnd":	17064680,
					"rtt":	649497,
					"rttvar":	124392,
					"pmtu":	1500,
					"omitted":	false,
					"sender":	true
				}],
			"sum":	{
				"start":	7.000543,
				"end":	8.000571,
				"seconds":	1.0000280141830444,
				"bytes":	14286848,
				"bits_per_second":	114291582.21469539,
				"retransmits":	0,
				"omitted":	false,
				"sender":	true
			}
		}, {
			"streams":	[{
					"socket":	5,
					"start":	8.000571,
					"end":	9.000617,
					"seconds":	1.0000460147857666,
					"bytes":	8388608,
					"bits_per_second":	67105776.142087117,
					"retransmits":	0,
					"snd_cwnd":	17064680,
					"rtt":	738921,
					"rttvar":	226717,
					"pmtu":	1500,
					"omitted":	false,
					"sender":	true
				}],
			"sum":	{
				"start":	8.000571,
				"end":	9.000617,
				"seconds":	1.0000460147857666,
				"bytes":	8388608,
				"bits_per_second":	67105776.142087117,
				"retransmits":	0,
				"omitted":	false,
				"sender":	true
			}
		}, {
			"streams":	[{
					"socket":	5,
					"start":	9.000617,
					"end":	10.000606,
					"seconds":	0.99998897314071655,
					"bytes":	5505024,
					"bits_per_second":	44040677.630354978,
					"retransmits":	0,
					"snd_cwnd":	17064680,
					"rtt":	731521,
					"rttvar":	188781,
					"pmtu":	1500,
					"omitted":	false,
					"sender":	true
				}],
			"sum":	{
				"start":	9.000617,
				"end":	10.000606,
				"seconds":	0.99998897314071655,
				"bytes":	5505024,
				"bits_per_second":	44040677.630354978,
				"retransmits":	0,
				"omitted":	false,
				"sender":	true
			}
		}],
	"end":	{
		"streams":	[{
				"sender":	{
					"socket":	5,
					"start":	0,
					"end":	10.000606,
					"seconds":	10.000606,
					"bytes":	56111792,
					"bits_per_second":	44886713.465164013,
					"retransmits":	0,
					"max_snd_cwnd":	17064680,
					"max_rtt":	738921,
					"min_rtt":	254454,
					"mean_rtt":	591660,
					"sender":	true
				},
				"receiver":	{
					"socket":	5,
					"start":	0,
					"end":	10.32243,
					"seconds":	10.000606,
					"bytes":	53761344,
					"bits_per_second":	41665649.658074692,
					"sender":	true
				}
			}],
		"sum_sent":	{
			"start":	0,
			"end":	10.000606,
			"seconds":	10.000606,
			"bytes":	56111792,
			"bits_per_second":	44886713.465164013,
			"retransmits":	0,
			"sender":	true
		},
		"sum_received":	{
			"start":	0,
			"end":	10.32243,
			"seconds":	10.32243,
			"bytes":	53761344,
			"bits_per_second":	41665649.658074692,
			"sender":	true
		},
		"cpu_utilization_percent":	{
			"host_total":	4.8715734560330768,
			"host_user":	0.82467971093934322,
			"host_system":	4.0468937450937332,
			"remote_total":	0.57844801282773828,
			"remote_user":	0.280171150258172,
			"remote_system":	0.29826778702454809
		},
		"sender_tcp_congestion":	"cubic",
		"receiver_tcp_congestion":	"cubic"
	}
}
