{
	"start":	{
		"connected":	[{
				"socket":	5,
				"local_host":	"10.0.4.13",
				"local_port":	57396,
				"remote_host":	"10.0.6.10",
				"remote_port":	5203
			}],
		"version":	"iperf 3.7",
		"system_info":	"Linux ubuntu 5.11.0-40-generic #44~20.04.2-Ubuntu SMP Tue Oct 26 18:07:44 UTC 2021 x86_64",
		"timestamp":	{
			"time":	"Sun, 21 Nov 2021 04:43:16 GMT",
			"timesecs":	1637469796
		},
		"connecting_to":	{
			"host":	"10.0.6.10",
			"port":	5203
		},
		"cookie":	"ertndegkhzm5g6ftbzo4znamtquovl76mgxi",
		"sock_bufsize":	0,
		"sndbuf_actual":	212992,
		"rcvbuf_actual":	212992,
		"test_start":	{
			"protocol":	"UDP",
			"num_streams":	1,
			"blksize":	1448,
			"omit":	0,
			"duration":	10,
			"bytes":	0,
			"blocks":	0,
			"reverse":	0,
			"tos":	0
		}
	},
	"intervals":	[{
			"streams":	[{
					"socket":	5,
					"start":	0,
					"end":	1.000009,
					"seconds":	1.0000089406967163,
					"bytes":	30775792,
					"bits_per_second":	246204134.76350078,
					"packets":	21254,
					"omitted":	false,
					"sender":	true
				}],
			"sum":	{
				"start":	0,
				"end":	1.000009,
				"seconds":	1.0000089406967163,
				"bytes":	30775792,
				"bits_per_second":	246204134.76350078,
				"packets":	21254,
				"omitted":	false,
				"sender":	true
			}
		}, {
			"streams":	[{
					"socket":	5,
					"start":	1.000009,
					"end":	2.000011,
					"seconds":	1.0000020265579224,
					"bytes":	48859864,
					"bits_per_second":	390878119.86284953,
					"packets":	33743,
					"omitted":	false,
					"sender":	true
				}],
			"sum":	{
				"start":	1.000009,
				"end":	2.000011,
				"seconds":	1.0000020265579224,
				"bytes":	48859864,
				"bits_per_second":	390878119.86284953,
				"packets":	33743,
				"omitted":	false,
				"sender":	true
			}
		}, {
			"streams":	[{
					"socket":	5,
					"start":	2.000011,
					"end":	3.000432,
					"seconds":	1.0004210472106934,
					"bytes":	51922384,
					"bits_per_second":	415204251.40807658,
					"packets":	35858,
					"omitted":	false,
					"sender":	true
				}],
			"sum":	{
				"start":	2.000011,
				"end":	3.000432,
				"seconds":	1.0004210472106934,
				"bytes":	51922384,
				"bits_per_second":	415204251.40807658,
				"packets":	35858,
				"omitted":	false,
				"sender":	true
			}
		}, {
			"streams":	[{
					"socket":	5,
					"start":	3.000432,
					"end":	4.000005,
					"seconds":	0.9995729923248291,
					"bytes":	49997992,
					"bits_per_second":	400154805.17306542,
					"packets":	34529,
					"omitted":	false,
					"sender":	true
				}],
			"sum":	{
				"start":	3.000432,
				"end":	4.000005,
				"seconds":	0.9995729923248291,
				"bytes":	49997992,
				"bits_per_second":	400154805.17306542,
				"packets":	34529,
				"omitted":	false,
				"sender":	true
			}
		}, {
			"streams":	[{
					"socket":	5,
					"start":	4.000005,
					"end":	5.000898,
					"seconds":	1.0008929967880249,
					"bytes":	60844960,
					"bits_per_second":	486325392.98612845,
					"packets":	42020,
					"omitted":	false,
					"sender":	true
				}],
			"sum":	{
				"start":	4.000005,
				"end":	5.000898,
				"seconds":	1.0008929967880249,
				"bytes":	60844960,
				"bits_per_second":	486325392.98612845,
				"packets":	42020,
				"omitted":	false,
				"sender":	true
			}
		}, {
			"streams":	[{
					"socket":	5,
					"start":	5.000898,
					"end":	6.000035,
					"seconds":	0.99913698434829712,
					"bytes":	68457096,
					"bits_per_second":	548129812.60744524,
					"packets":	47277,
					"omitted":	false,
					"sender":	true
				}],
			"sum":	{
				"start":	5.000898,
				"end":	6.000035,
				"seconds":	0.99913698434829712,
				"bytes":	68457096,
				"bits_per_second":	548129812.60744524,
				"packets":	47277,
				"omitted":	false,
				"sender":	true
			}
		}, {
			"streams":	[{
					"socket":	5,
					"start":	6.000035,
					"end":	7.00005,
					"seconds":	1.0000150203704834,
					"bytes":	48405192,
					"bits_per_second":	387235719.57602757,
					"packets":	33429,
					"omitted":	false,
					"sender":	true
				}],
			"sum":	{
				"start":	6.000035,
				"end":	7.00005,
				"seconds":	1.0000150203704834,
				"bytes":	48405192,
				"bits_per_second":	387235719.57602757,
				"packets":	33429,
				"omitted":	false,
				"sender":	true
			}
		}, {
			"streams":	[{
					"socket":	5,
					"start":	7.00005,
					"end":	8.000018,
					"seconds":	0.99996799230575562,
					"bytes":	34084472,
					"bits_per_second":	272684504.00222927,
					"packets":	23539,
					"omitted":	false,
					"sender":	true
				}],
			"sum":	{
				"start":	7.00005,
				"end":	8.000018,
				"seconds":	0.99996799230575562,
				"bytes":	34084472,
				"bits_per_second":	272684504.00222927,
				"packets":	23539,
				"omitted":	false,
				"sender":	true
			}
		}, {
			"streams":	[{
					"socket":	5,
					"start":	8.000018,
					"end":	9.000025,
					"seconds":	1.0000070333480835,
					"bytes":	46253464,
					"bits_per_second":	370025109.48460537,
					"packets":	31943,
					"omitted":	false,
					"sender":	true
				}],
			"sum":	{
				"start":	8.000018,
				"end":	9.000025,
				"seconds":	1.0000070333480835,
				"bytes":	46253464,
				"bits_per_second":	370025109.48460537,
				"packets":	31943,
				"omitted":	false,
				"sender":	true
			}
		}, {
			"streams":	[{
					"socket":	5,
					"start":	9.000025,
					"end":	10.000019,
					"seconds":	0.99999397993087769,
					"bytes":	54612768,
					"bits_per_second":	436904774.19694054,
					"packets":	37716,
					"omitted":	false,
					"sender":	true
				}],
			"sum":	{
				"start":	9.000025,
				"end":	10.000019,
				"seconds":	0.99999397993087769,
				"bytes":	54612768,
				"bits_per_second":	436904774.19694054,
				"packets":	37716,
				"omitted":	false,
				"sender":	true
			}
		}],
	"end":	{
		"streams":	[{
				"udp":	{
					"socket":	5,
					"start":	0,
					"end":	10.000019,
					"seconds":	10.000019,
					"bytes":	494213984,
					"bits_per_second":	395370435.99617159,
					"jitter_ms":	0.0024415072241381,
					"lost_packets":	3690,
					"packets":	341308,
					"lost_percent":	1.0811349279829363,
					"out_of_order":	0,
					"sender":	true
				}
			}],
		"sum":	{
			"start":	0,
			"end":	10.40907,
			"seconds":	10.40907,
			"bytes":	494213984,
			"bits_per_second":	395370435.99617159,
			"jitter_ms":	0.0024415072241381,
			"lost_packets":	3690,
			"packets":	341308,
			"lost_percent":	1.0811349279829363,
			"sender":	true
		},
		"cpu_utilization_percent":	{
			"host_total":	26.962325455096043,
			"host_user":	2.0623436728080309,
			"host_system":	24.899981782288009,
			"remote_total":	11.392650294029005,
			"remote_user":	1.5351076747467012,
			"remote_system":	9.8575335195978084
		}
	}
}
