{
	"start":	{
		"connected":	[{
				"socket":	5,
				"local_host":	"10.0.3.12",
				"local_port":	48168,
				"remote_host":	"10.0.6.10",
				"remote_port":	5202
			}],
		"version":	"iperf 3.7",
		"system_info":	"Linux ubuntu 5.11.0-40-generic #44~20.04.2-Ubuntu SMP Tue Oct 26 18:07:44 UTC 2021 x86_64",
		"timestamp":	{
			"time":	"Sun, 21 Nov 2021 04:43:16 GMT",
			"timesecs":	1637469796
		},
		"connecting_to":	{
			"host":	"10.0.6.10",
			"port":	5202
		},
		"cookie":	"lmppr2v2uwz47f6ucoz224g4wa353oeqnkjn",
		"sock_bufsize":	0,
		"sndbuf_actual":	212992,
		"rcvbuf_actual":	212992,
		"test_start":	{
			"protocol":	"UDP",
			"num_streams":	1,
			"blksize":	1448,
			"omit":	0,
			"duration":	10,
			"bytes":	0,
			"blocks":	0,
			"reverse":	0,
			"tos":	0
		}
	},
	"intervals":	[{
			"streams":	[{
					"socket":	5,
					"start":	0,
					"end":	1.000045,
					"seconds":	1.0000449419021606,
					"bytes":	27706032,
					"bits_per_second":	221638295.15342417,
					"packets":	19134,
					"omitted":	false,
					"sender":	true
				}],
			"sum":	{
				"start":	0,
				"end":	1.000045,
				"seconds":	1.0000449419021606,
				"bytes":	27706032,
				"bits_per_second":	221638295.15342417,
				"packets":	19134,
				"omitted":	false,
				"sender":	true
			}
		}, {
			"streams":	[{
					"socket":	5,
					"start":	1.000045,
					"end":	2.000415,
					"seconds":	1.0003700256347656,
					"bytes":	45626480,
					"bits_per_second":	364876826.22076637,
					"packets":	31510,
					"omitted":	false,
					"sender":	true
				}],
			"sum":	{
				"start":	1.000045,
				"end":	2.000415,
				"seconds":	1.0003700256347656,
				"bytes":	45626480,
				"bits_per_second":	364876826.22076637,
				"packets":	31510,
				"omitted":	false,
				"sender":	true
			}
		}, {
			"streams":	[{
					"socket":	5,
					"start":	2.000415,
					"end":	3.000009,
					"seconds":	0.99959397315979,
					"bytes":	49524496,
					"bits_per_second":	396356899.53951544,
					"packets":	34202,
					"omitted":	false,
					"sender":	true
				}],
			"sum":	{
				"start":	2.000415,
				"end":	3.000009,
				"seconds":	0.99959397315979,
				"bytes":	49524496,
				"bits_per_second":	396356899.53951544,
				"packets":	34202,
				"omitted":	false,
				"sender":	true
			}
		}, {
			"streams":	[{
					"socket":	5,
					"start":	3.000009,
					"end":	4.000042,
					"seconds":	1.0000330209732056,
					"bytes":	57284328,
					"bits_per_second":	458259491.82559925,
					"packets":	39561,
					"omitted":	false,
					"sender":	true
				}],
			"sum":	{
				"start":	3.000009,
				"end":	4.000042,
				"seconds":	1.0000330209732056,
				"bytes":	57284328,
				"bits_per_second":	458259491.82559925,
				"packets":	39561,
				"omitted":	false,
				"sender":	true
			}
		}, {
			"streams":	[{
					"socket":	5,
					"start":	4.000042,
					"end":	5.000207,
					"seconds":	1.0001649856567383,
					"bytes":	35429664,
					"bits_per_second":	283390556.62290215,
					"packets":	24468,
					"omitted":	false,
					"sender":	true
				}],
			"sum":	{
				"start":	4.000042,
				"end":	5.000207,
				"seconds":	1.0001649856567383,
				"bytes":	35429664,
				"bits_per_second":	283390556.62290215,
				"packets":	24468,
				"omitted":	false,
				"sender":	true
			}
		}, {
			"streams":	[{
					"socket":	5,
					"start":	5.000207,
					"end":	6.000056,
					"seconds":	0.99984902143478394,
					"bytes":	8688000,
					"bits_per_second":	69514495.19874683,
					"packets":	6000,
					"omitted":	false,
					"sender":	true
				}],
			"sum":	{
				"start":	5.000207,
				"end":	6.000056,
				"seconds":	0.99984902143478394,
				"bytes":	8688000,
				"bits_per_second":	69514495.19874683,
				"packets":	6000,
				"omitted":	false,
				"sender":	true
			}
		}, {
			"streams":	[{
					"socket":	5,
					"start":	6.000056,
					"end":	7.000007,
					"seconds":	0.99995100498199463,
					"bytes":	9879704,
					"bits_per_second":	79041504.639943,
					"packets":	6823,
					"omitted":	false,
					"sender":	true
				}],
			"sum":	{
				"start":	6.000056,
				"end":	7.000007,
				"seconds":	0.99995100498199463,
				"bytes":	9879704,
				"bits_per_second":	79041504.639943,
				"packets":	6823,
				"omitted":	false,
				"sender":	true
			}
		}, {
			"streams":	[{
					"socket":	5,
					"start":	7.000007,
					"end":	8.000164,
					"seconds":	1.0001569986343384,
					"bytes":	36525800,
					"bits_per_second":	292160531.19559473,
					"packets":	25225,
					"omitted":	false,
					"sender":	true
				}],
			"sum":	{
				"start":	7.000007,
				"end":	8.000164,
				"seconds":	1.0001569986343384,
				"bytes":	36525800,
				"bits_per_second":	292160531.19559473,
				"packets":	25225,
				"omitted":	false,
				"sender":	true
			}
		}, {
			"streams":	[{
					"socket":	5,
					"start":	8.000164,
					"end":	9.000303,
					"seconds":	1.0001389980316162,
					"bytes":	53845328,
					"bits_per_second":	430702757.16454244,
					"packets":	37186,
					"omitted":	false,
					"sender":	true
				}],
			"sum":	{
				"start":	8.000164,
				"end":	9.000303,
				"seconds":	1.0001389980316162,
				"bytes":	53845328,
				"bits_per_second":	430702757.16454244,
				"packets":	37186,
				"omitted":	false,
				"sender":	true
			}
		}, {
			"streams":	[{
					"socket":	5,
					"start":	9.000303,
					"end":	10.000015,
					"seconds":	0.99971199035644531,
					"bytes":	71347304,
					"bits_per_second":	570942869.0522058,
					"packets":	49273,
					"omitted":	false,
					"sender":	true
				}],
			"sum":	{
				"start":	9.000303,
				"end":	10.000015,
				"seconds":	0.99971199035644531,
				"bytes":	71347304,
				"bits_per_second":	570942869.0522058,
				"packets":	49273,
				"omitted":	false,
				"sender":	true
			}
		}],
	"end":	{
		"streams":	[{
				"udp":	{
					"socket":	5,
					"start":	0,
					"end":	10.000015,
					"seconds":	10.000015,
					"bytes":	395857136,
					"bits_per_second":	316685233.77214938,
					"jitter_ms":	0.0018529057582127382,
					"lost_packets":	13028,
					"packets":	273382,
					"lost_percent":	4.7654929732023321,
					"out_of_order":	0,
					"sender":	true
				}
			}],
		"sum":	{
			"start":	0,
			"end":	10.358257,
			"seconds":	10.358257,
			"bytes":	395857136,
			"bits_per_second":	316685233.77214938,
			"jitter_ms":	0.0018529057582127382,
			"lost_packets":	13028,
			"packets":	273382,
			"lost_percent":	4.7654929732023321,
			"sender":	true
		},
		"cpu_utilization_percent":	{
			"host_total":	25.707889584096804,
			"host_user":	1.5720840317993552,
			"host_system":	24.135805552297452,
			"remote_total":	9.9560563837513989,
			"remote_user":	1.6839889079406785,
			"remote_system":	8.27206747581072
		}
	}
}
