{
	"start":	{
		"connected":	[{
				"socket":	5,
				"local_host":	"10.0.2.11",
				"local_port":	58839,
				"remote_host":	"10.0.6.10",
				"remote_port":	5201
			}],
		"version":	"iperf 3.7",
		"system_info":	"Linux ubuntu 5.11.0-40-generic #44~20.04.2-Ubuntu SMP Tue Oct 26 18:07:44 UTC 2021 x86_64",
		"timestamp":	{
			"time":	"Sun, 21 Nov 2021 04:43:16 GMT",
			"timesecs":	1637469796
		},
		"connecting_to":	{
			"host":	"10.0.6.10",
			"port":	5201
		},
		"cookie":	"5ws4qxlmlkwtv5bdrdvlpq6hesvtyn7iifix",
		"sock_bufsize":	0,
		"sndbuf_actual":	212992,
		"rcvbuf_actual":	212992,
		"test_start":	{
			"protocol":	"UDP",
			"num_streams":	1,
			"blksize":	1448,
			"omit":	0,
			"duration":	10,
			"bytes":	0,
			"blocks":	0,
			"reverse":	0,
			"tos":	0
		}
	},
	"intervals":	[{
			"streams":	[{
					"socket":	5,
					"start":	0,
					"end":	1.000199,
					"seconds":	1.0001989603042603,
					"bytes":	29420464,
					"bits_per_second":	235316893.27931556,
					"packets":	20318,
					"omitted":	false,
					"sender":	true
				}],
			"sum":	{
				"start":	0,
				"end":	1.000199,
				"seconds":	1.0001989603042603,
				"bytes":	29420464,
				"bits_per_second":	235316893.27931556,
				"packets":	20318,
				"omitted":	false,
				"sender":	true
			}
		}, {
			"streams":	[{
					"socket":	5,
					"start":	1.000199,
					"end":	2.000008,
					"seconds":	0.99980902671813965,
					"bytes":	46443152,
					"bits_per_second":	371616184.76239651,
					"packets":	32074,
					"omitted":	false,
					"sender":	true
				}],
			"sum":	{
				"start":	1.000199,
				"end":	2.000008,
				"seconds":	0.99980902671813965,
				"bytes":	46443152,
				"bits_per_second":	371616184.76239651,
				"packets":	32074,
				"omitted":	false,
				"sender":	true
			}
		}, {
			"streams":	[{
					"socket":	5,
					"start":	2.000008,
					"end":	3.002538,
					"seconds":	1.0025299787521362,
					"bytes":	56460416,
					"bits_per_second":	450543462.612676,
					"packets":	38992,
					"omitted":	false,
					"sender":	true
				}],
			"sum":	{
				"start":	2.000008,
				"end":	3.002538,
				"seconds":	1.0025299787521362,
				"bytes":	56460416,
				"bits_per_second":	450543462.612676,
				"packets":	38992,
				"omitted":	false,
				"sender":	true
			}
		}, {
			"streams":	[{
					"socket":	5,
					"start":	3.002538,
					"end":	4.016283,
					"seconds":	1.0137449502944946,
					"bytes":	50772672,
					"bits_per_second":	400674129.99887556,
					"packets":	35064,
					"omitted":	false,
					"sender":	true
				}],
			"sum":	{
				"start":	3.002538,
				"end":	4.016283,
				"seconds":	1.0137449502944946,
				"bytes":	50772672,
				"bits_per_second":	400674129.99887556,
				"packets":	35064,
				"omitted":	false,
				"sender":	true
			}
		}, {
			"streams":	[{
					"socket":	5,
					"start":	4.016283,
					"end":	5.003935,
					"seconds":	0.9876520037651062,
					"bytes":	51315672,
					"bits_per_second":	415657918.41154963,
					"packets":	35439,
					"omitted":	false,
					"sender":	true
				}],
			"sum":	{
				"start":	4.016283,
				"end":	5.003935,
				"seconds":	0.9876520037651062,
				"bytes":	51315672,
				"bits_per_second":	415657918.41154963,
				"packets":	35439,
				"omitted":	false,
				"sender":	true
			}
		}, {
			"streams":	[{
					"socket":	5,
					"start":	5.003935,
					"end":	6.003879,
					"seconds":	0.99994397163391113,
					"bytes":	66078032,
					"bits_per_second":	528653875.61287713,
					"packets":	45634,
					"omitted":	false,
					"sender":	true
				}],
			"sum":	{
				"start":	5.003935,
				"end":	6.003879,
				"seconds":	0.99994397163391113,
				"bytes":	66078032,
				"bits_per_second":	528653875.61287713,
				"packets":	45634,
				"omitted":	false,
				"sender":	true
			}
		}, {
			"streams":	[{
					"socket":	5,
					"start":	6.003879,
					"end":	7.000874,
					"seconds":	0.99699497222900391,
					"bytes":	56182400,
					"bits_per_second":	450813908.31403494,
					"packets":	38800,
					"omitted":	false,
					"sender":	true
				}],
			"sum":	{
				"start":	6.003879,
				"end":	7.000874,
				"seconds":	0.99699497222900391,
				"bytes":	56182400,
				"bits_per_second":	450813908.31403494,
				"packets":	38800,
				"omitted":	false,
				"sender":	true
			}
		}, {
			"streams":	[{
					"socket":	5,
					"start":	7.000874,
					"end":	8.00826,
					"seconds":	1.0073859691619873,
					"bytes":	49808304,
					"bits_per_second":	395544949.20300674,
					"packets":	34398,
					"omitted":	false,
					"sender":	true
				}],
			"sum":	{
				"start":	7.000874,
				"end":	8.00826,
				"seconds":	1.0073859691619873,
				"bytes":	49808304,
				"bits_per_second":	395544949.20300674,
				"packets":	34398,
				"omitted":	false,
				"sender":	true
			}
		}, {
			"streams":	[{
					"socket":	5,
					"start":	8.00826,
					"end":	9.000081,
					"seconds":	0.99182099103927612,
					"bytes":	55446816,
					"bits_per_second":	447232446.18487251,
					"packets":	38292,
					"omitted":	false,
					"sender":	true
				}],
			"sum":	{
				"start":	8.00826,
				"end":	9.000081,
				"seconds":	0.99182099103927612,
				"bytes":	55446816,
				"bits_per_second":	447232446.18487251,
				"packets":	38292,
				"omitted":	false,
				"sender":	true
			}
		}, {
			"streams":	[{
					"socket":	5,
					"start":	9.000081,
					"end":	10.0001,
					"seconds":	1.0000189542770386,
					"bytes":	47306160,
					"bits_per_second":	378442106.90346271,
					"packets":	32670,
					"omitted":	false,
					"sender":	true
				}],
			"sum":	{
				"start":	9.000081,
				"end":	10.0001,
				"seconds":	1.0000189542770386,
				"bytes":	47306160,
				"bits_per_second":	378442106.90346271,
				"packets":	32670,
				"omitted":	false,
				"sender":	true
			}
		}],
	"end":	{
		"streams":	[{
				"udp":	{
					"socket":	5,
					"start":	0,
					"end":	10.0001,
					"seconds":	10.0001,
					"bytes":	509234088,
					"bits_per_second":	407383196.56803435,
					"jitter_ms":	0.0023949140973331248,
					"lost_packets":	12512,
					"packets":	351681,
					"lost_percent":	3.5577696833209642,
					"out_of_order":	0,
					"sender":	true
				}
			}],
		"sum":	{
			"start":	0,
			"end":	10.230477,
			"seconds":	10.230477,
			"bytes":	509234088,
			"bits_per_second":	407383196.56803435,
			"jitter_ms":	0.0023949140973331248,
			"lost_packets":	12512,
			"packets":	351681,
			"lost_percent":	3.5577696833209642,
			"sender":	true
		},
		"cpu_utilization_percent":	{
			"host_total":	26.832095094050558,
			"host_user":	1.8032434450596539,
			"host_system":	25.02884218245034,
			"remote_total":	9.5854423757624936,
			"remote_user":	1.8976365378325664,
			"remote_system":	7.6877965909545907
		}
	}
}
