{
	"start":	{
		"connected":	[{
				"socket":	5,
				"local_host":	"10.0.5.10",
				"local_port":	43800,
				"remote_host":	"10.0.6.10",
				"remote_port":	5204
			}],
		"version":	"iperf 3.7",
		"system_info":	"Linux ubuntu 5.11.0-40-generic #44~20.04.2-Ubuntu SMP Tue Oct 26 18:07:44 UTC 2021 x86_64",
		"timestamp":	{
			"time":	"Sun, 21 Nov 2021 04:43:16 GMT",
			"timesecs":	1637469796
		},
		"connecting_to":	{
			"host":	"10.0.6.10",
			"port":	5204
		},
		"cookie":	"v273wbcl62pobbd42smtmwcbcmjr4qustvj5",
		"sock_bufsize":	0,
		"sndbuf_actual":	212992,
		"rcvbuf_actual":	212992,
		"test_start":	{
			"protocol":	"UDP",
			"num_streams":	1,
			"blksize":	1448,
			"omit":	0,
			"duration":	10,
			"bytes":	0,
			"blocks":	0,
			"reverse":	0,
			"tos":	0
		}
	},
	"intervals":	[{
			"streams":	[{
					"socket":	5,
					"start":	0,
					"end":	1.001866,
					"seconds":	1.0018659830093384,
					"bytes":	38537072,
					"bits_per_second":	307722371.28359151,
					"packets":	26614,
					"omitted":	false,
					"sender":	true
				}],
			"sum":	{
				"start":	0,
				"end":	1.001866,
				"seconds":	1.0018659830093384,
				"bytes":	38537072,
				"bits_per_second":	307722371.28359151,
				"packets":	26614,
				"omitted":	false,
				"sender":	true
			}
		}, {
			"streams":	[{
					"socket":	5,
					"start":	1.001866,
					"end":	2.000016,
					"seconds":	0.99814999103546143,
					"bytes":	53493464,
					"bits_per_second":	428740886.48345864,
					"packets":	36943,
					"omitted":	false,
					"sender":	true
				}],
			"sum":	{
				"start":	1.001866,
				"end":	2.000016,
				"seconds":	0.99814999103546143,
				"bytes":	53493464,
				"bits_per_second":	428740886.48345864,
				"packets":	36943,
				"omitted":	false,
				"sender":	true
			}
		}, {
			"streams":	[{
					"socket":	5,
					"start":	2.000016,
					"end":	3.000009,
					"seconds":	0.99999302625656128,
					"bytes":	54609872,
					"bits_per_second":	436882022.70313931,
					"packets":	37714,
					"omitted":	false,
					"sender":	true
				}],
			"sum":	{
				"start":	2.000016,
				"end":	3.000009,
				"seconds":	0.99999302625656128,
				"bytes":	54609872,
				"bits_per_second":	436882022.70313931,
				"packets":	37714,
				"omitted":	false,
				"sender":	true
			}
		}, {
			"streams":	[{
					"socket":	5,
					"start":	3.000009,
					"end":	4.000158,
					"seconds":	1.0001490116119385,
					"bytes":	54547608,
					"bits_per_second":	436315847.87219429,
					"packets":	37671,
					"omitted":	false,
					"sender":	true
				}],
			"sum":	{
				"start":	3.000009,
				"end":	4.000158,
				"seconds":	1.0001490116119385,
				"bytes":	54547608,
				"bits_per_second":	436315847.87219429,
				"packets":	37671,
				"omitted":	false,
				"sender":	true
			}
		}, {
			"streams":	[{
					"socket":	5,
					"start":	4.000158,
					"end":	5.000016,
					"seconds":	0.999858021736145,
					"bytes":	51637128,
					"bits_per_second":	413155683.12659216,
					"packets":	35661,
					"omitted":	false,
					"sender":	true
				}],
			"sum":	{
				"start":	4.000158,
				"end":	5.000016,
				"seconds":	0.999858021736145,
				"bytes":	51637128,
				"bits_per_second":	413155683.12659216,
				"packets":	35661,
				"omitted":	false,
				"sender":	true
			}
		}, {
			"streams":	[{
					"socket":	5,
					"start":	5.000016,
					"end":	6.000002,
					"seconds":	0.99998599290847778,
					"bytes":	65946264,
					"bits_per_second":	527577501.82635313,
					"packets":	45543,
					"omitted":	false,
					"sender":	true
				}],
			"sum":	{
				"start":	5.000016,
				"end":	6.000002,
				"seconds":	0.99998599290847778,
				"bytes":	65946264,
				"bits_per_second":	527577501.82635313,
				"packets":	45543,
				"omitted":	false,
				"sender":	true
			}
		}, {
			"streams":	[{
					"socket":	5,
					"start":	6.000002,
					"end":	7.000084,
					"seconds":	1.0000820159912109,
					"bytes":	60662512,
					"bits_per_second":	485260296.89575475,
					"packets":	41894,
					"omitted":	false,
					"sender":	true
				}],
			"sum":	{
				"start":	6.000002,
				"end":	7.000084,
				"seconds":	1.0000820159912109,
				"bytes":	60662512,
				"bits_per_second":	485260296.89575475,
				"packets":	41894,
				"omitted":	false,
				"sender":	true
			}
		}, {
			"streams":	[{
					"socket":	5,
					"start":	7.000084,
					"end":	8.00349,
					"seconds":	1.0034060478210449,
					"bytes":	49205936,
					"bits_per_second":	392311257.09759134,
					"packets":	33982,
					"omitted":	false,
					"sender":	true
				}],
			"sum":	{
				"start":	7.000084,
				"end":	8.00349,
				"seconds":	1.0034060478210449,
				"bytes":	49205936,
				"bits_per_second":	392311257.09759134,
				"packets":	33982,
				"omitted":	false,
				"sender":	true
			}
		}, {
			"streams":	[{
					"socket":	5,
					"start":	8.00349,
					"end":	9.000059,
					"seconds":	0.99656897783279419,
					"bytes":	50029848,
					"bits_per_second":	401616739.9374463,
					"packets":	34551,
					"omitted":	false,
					"sender":	true
				}],
			"sum":	{
				"start":	8.00349,
				"end":	9.000059,
				"seconds":	0.99656897783279419,
				"bytes":	50029848,
				"bits_per_second":	401616739.9374463,
				"packets":	34551,
				"omitted":	false,
				"sender":	true
			}
		}, {
			"streams":	[{
					"socket":	5,
					"start":	9.000059,
					"end":	10.000084,
					"seconds":	1.0000250339508057,
					"bytes":	53331288,
					"bits_per_second":	426639623.52465296,
					"packets":	36831,
					"omitted":	false,
					"sender":	true
				}],
			"sum":	{
				"start":	9.000059,
				"end":	10.000084,
				"seconds":	1.0000250339508057,
				"bytes":	53331288,
				"bits_per_second":	426639623.52465296,
				"packets":	36831,
				"omitted":	false,
				"sender":	true
			}
		}],
	"end":	{
		"streams":	[{
				"udp":	{
					"socket":	5,
					"start":	0,
					"end":	10.000084,
					"seconds":	10.000084,
					"bytes":	532000992,
					"bits_per_second":	425597218.58336395,
					"jitter_ms":	0.011516986191536736,
					"lost_packets":	8728,
					"packets":	367404,
					"lost_percent":	2.3755865477784672,
					"out_of_order":	0,
					"sender":	true
				}
			}],
		"sum":	{
			"start":	0,
			"end":	10.11065,
			"seconds":	10.11065,
			"bytes":	532000992,
			"bits_per_second":	425597218.58336395,
			"jitter_ms":	0.011516986191536736,
			"lost_packets":	8728,
			"packets":	367404,
			"lost_percent":	2.3755865477784672,
			"sender":	true
		},
		"cpu_utilization_percent":	{
			"host_total":	28.44387211583679,
			"host_user":	2.2890026885676837,
			"host_system":	26.154869427269105,
			"remote_total":	11.236625320546496,
			"remote_user":	2.2715681982697671,
			"remote_system":	8.965057122276729
		}
	}
}
